Workbook
Name BERLAKU: #REF!
Name BERLAKU: #REF!
Name H: #REF!

Sheet Home
A1: HOME
B2: SISTEM | H2: ALAT BANTU PENGHITUNGAN ANGKA PDRB MENURUT LAPANGAN USAHA
B3: INFORMASI
B4: RILIS
B5: ANGKA PDRB | K5: LAPANGAN USAHA | O5: : | P5: =mid(ADHB!C5,3,9)&" "&mid(ADHB!C7,3,100) -> Pertanian Tanaman Pangan
B6: MELALUI LEMBAR KERJA | K6: WILAYAH | O6: : | P6: Provinsi Sulawesi Tenggara
B7: BERBASIS | K7: TAHUN | O7: : | P7: =IFERROR(__xludf.DUMMYFUNCTION("IMPORTRANGE(""https://docs.google.com/spreadsheets/d/14EziMEzuXiAhzZqRuQw8kN9sLyynoE6QsPgaj062Fa0/edit#gid=214337323"",""'LK PDRB Lapus'!E3:E4"")"),2026.0) -> 2026
B8: ONLINE | K8: TRIWULAN | O8: : | P8: =IFERROR(__xludf.DUMMYFUNCTION("""COMPUTED_VALUE"""),"I") -> I
B11: INPUT DATA | K11: OUTPUT | T11: MONEV
B15: 1 | C15: Lembar Kerja Penghitungan PDRB Atas Dasar Harga Berlaku | K15: 1 | L15: Rekap Angka PDRB Lapangan Usaha | T15: 1 | U15: MONEV Pemasukan Data
B16: =B15+1 -> 2 | C16: Lembar Kerja Penghitungan PDRB Atas Dasar Harga Konstan | K16: =K15+1 -> 2 | T16: =T15+1 -> 2

Sheet Produksi dan Harga
A1: Home | B1: PRODUKSI PADI DAN PALAWIJA Sulawesi Tenggara | CE1: =sum(CE7:CE11)/sum(BZ7:BZ11)*100-100 -> -8.1692569 | CF1: =CE5/BZ5*100-100 -> -9.9184949 | CG1: =CE6/BZ6*100-100 -> -36.609168
B2: Komoditas | C2: 2010 (ATAP) | H2: 2011 (ATAP) | M2: 2012 (ATAP) | R2: 2013 (ATAP) | W2: 2014 (ATAP) | AB2: 2015 (ATAP) | AG2: 2016 (PPD Luas Panen Des) | AL2: 2017 | AQ2: 2018 | AV2: 2019 | BA2: 2020 | BF2: 2021 | BK2: 2022 | BP2: 2023 | BU2: 2024 | BZ2: 2025 | CE2: 2026 | CJ2: 2027
C3: triw.1 | D3: triw.2 | E3: triw.3 | F3: triw.4 | G3: Total | H3: triw.1 | I3: triw.2 | J3: triw.3 | K3: triw.4 | L3: Total | M3: triw.1 | N3: triw.2 | O3: triw.3 | P3: triw.4 | Q3: Total | R3: triw.1 | S3: triw.2 | T3: triw.3 | U3: triw.4 | V3: Total | W3: triw.1 | X3: triw.2 | Y3: triw.3 | Z3: triw.4 | AA3: Total | AB3: triw.1 | AC3: triw.2 | AD3: triw.3 | AE3: triw.4 | AF3: Total | AG3: triw.1 | AH3: triw.2 | AI3: triw.3 | AJ3: triw.4 | AK3: Total | AL3: triw.1 | AM3: triw.2 | AN3: triw.3 | AO3: triw.4 | AP3: Total | AQ3: triw.1 | AR3: triw.2 | AS3: triw.3 | AT3: triw.4 | AU3: Total | AV3: triw.1 | AW3: triw.2 | AX3: triw.3 | AY3: triw.4 | AZ3: Total | BA3: triw.1 | BB3: triw.2 | BC3: triw.3 | BD3: triw.4 | BE3: Total | BF3: triw.1 | BG3: triw.2 | BH3: triw.3 | BI3: triw.4 | BJ3: Total | BK3: triw.1 | BL3: triw.2 | BM3: triw.3 | BN3: triw.4 | BO3: Total | BP3: triw.1 | BQ3: triw.2 | BR3: triw.3 | BS3: triw.4 | BT3: Total | BU3: triw.1 | BV3: triw.2 | BW3: triw.3 | BX3: triw.4 | BY3: Total | BZ3: triw.1 | CA3: triw.2 | CB3: triw.3 | CC3: triw.4 | CD3: Total | CE3: triw.1 | CF3: triw.2 | CG3: triw.3 | CH3: triw.4 | CI3: Total | CJ3: triw.1 | CK3: triw.2 | CL3: triw.3 | CM3: triw.4 | CN3: Total
B4: -1 | C4: -10 | D4: -11 | E4: -12 | F4: -13 | G4: -14 | H4: -15 | I4: -16 | J4: -17 | K4: -18 | L4: -19 | M4: -20 | N4: -21 | O4: -22 | P4: -23 | Q4: -24 | R4: -25 | S4: -26 | T4: -27 | U4: -28 | V4: -29 | W4: -30 | X4: -31 | Y4: -32 | Z4: -33 | AA4: -34 | AB4: -35 | AC4: -36 | AD4: -37 | AE4: -38 | AF4: -39 | AG4: -40 | AH4: -41 | AI4: -42 | AJ4: -43 | AK4: -44 | AL4: -45 | AM4: -46 | AN4: -47 | AO4: -48 | AP4: -49 | AQ4: -50 | AR4: -51 | AS4: -52 | AT4: -53 | AU4: -54 | AV4: -55 | AW4: -56 | AX4: -57 | AY4: -58 | AZ4: -59 | BA4: -60 | BB4: -61 | BC4: -62 | BD4: -63 | BE4: -64 | BF4: -65 | BG4: -66 | BH4: -67 | BI4: -68 | BJ4: -69 | BK4: -65 | BL4: -66 | BM4: -67 | BN4: -68 | BO4: -69 | BP4: -65 | BQ4: -66 | BR4: -67 | BS4: -68 | BT4: -69 | BU4: -70 | BV4: -71 | BW4: -72 | BX4: -73 | BY4: -74 | BZ4: -75 | CA4: -76 | CB4: -77 | CC4: -78 | CD4: -79 | CE4: -75 | CF4: -76 | CG4: -77 | CH4: -78 | CI4: -79 | CJ4: -75 | CK4: -76 | CL4: -77 | CM4: -78 | CN4: -79
B5: Padi | C5: 31335 | D5: 176966 | E5: 125255 | F5: 121088 | G5: 454644 | H5: 82863 | I5: 162059 | J5: 121411 | K5: 125234 | L5: 491567 | M5: 77915 | N5: 186829 | O5: 132843 | P5: 118704 | Q5: 516291 | R5: 103437 | S5: 216142 | T5: 98738 | U5: 143044 | V5: 561361 | W5: 136549 | X5: 206959 | Y5: 183311 | Z5: 130798 | AA5: 657617 | AB5: 79720 | AC5: 256936 | AD5: 178940 | AE5: 145124 | AF5: 660720 | AG5: 58408 | AH5: 260888 | AI5: 138448 | AJ5: 237585 | AK5: 695329 | AL5: 83634 | AM5: 241329 | AN5: 141362 | AO5: 245076 | AP5: 711401 | AQ5: 99781.5 | AR5: 164109.1 | AS5: 116509.5 | AT5: 158476.1 | AU5: =SUM(AQ5:AT5) -> 538876.2 | AV5: 70489.5 | AW5: 182707.5 | AX5: 96714.1 | AY5: 169795.8 | AZ5: =SUM(AV5:AY5) -> 519706.9 | BA5: 55718.12 | BB5: 170258.17 | BC5: 103885.19 | BD5: 202912.01 | BE5: =SUM(BA5:BD5) -> 532773.49 | BF5: 55836 | BG5: 206451 | BH5: 79675 | BI5: 188066 | BJ5: =SUM(BF5:BI5) -> 530028 | BK5: 58297.77 | BL5: 179912.58 | BM5: 83404.77 | BN5: 157342.91 | BO5: =SUM(BK5:BN5) -> 478958.03 | BP5: 84612 | BQ5: 152272 | BR5: 114579 | BS5: 127944 | BT5: =SUM(BP5:BS5) -> 479407 | BU5: 60961.21 | BV5: 192874.86 | BW5: 125113.65 | BX5: 172745.33 | BY5: =SUM(BU5:BX5) -> 551695.05 | BZ5: 93185.61 | CA5: 237001.82 | CB5: 140977.19 | CC5: 209655.58 | CD5: =SUM(BZ5:CC5) -> 680820.2 | CE5: 83943 | CI5: =SUM(CE5:CH5) -> 83943 | CN5: =SUM(CJ5:CM5) -> 0
B6: Jagung | C6: 40409 | D6: 16838 | E6: 12821 | F6: 4772 | G6: 74840 | H6: 23521 | I6: 27023 | J6: 13916 | K6: 3537 | L6: 67997 | M6: 41584 | N6: 18711 | O6: 14357 | P6: 3795 | Q6: 78447 | R6: 39135 | S6: 13145 | T6: 13240 | U6: 2058 | V6: 67578 | W6: 37444 | X6: 9110 | Y6: 11746 | Z6: 2300 | AA6: 60600 | AB6: 31691 | AC6: 14166 | AD6: 16923 | AE6: 5361 | AF6: 68141 | AG6: 42393 | AH6: 27404 | AI6: 14888 | AJ6: 5405 | AK6: 90090 | AL6: 55837 | AM6: 40604 | AN6: 21562 | AO6: 54075 | AP6: 172078 | AQ6: 80123 | AR6: 49935 | AS6: 46541 | AT6: 42039 | AU6: =SUM(AQ6:AT6) -> 218638 | AV6: 86256.8 | AW6: 96678.1 | AX6: 48633.4 | AY6: 52882.2 | AZ6: =SUM(AV6:AY6) -> 284450.5 | BA6: 44148 | BB6: 49015 | BC6: 34757 | BD6: 30114 | BE6: =SUM(BA6:BD6) -> 158034 | BF6: 51638 | BG6: 32851 | BH6: 33050 | BI6: 33022 | BJ6: =SUM(BF6:BI6) -> 150561 | BK6: 55811 | BL6: 37005 | BM6: 17617 | BN6: 10681.65 | BO6: =SUM(BK6:BN6) -> 121114.65 | BP6: 21003 | BQ6: 17366 | BR6: 15337 | BS6: 15806 | BT6: =SUM(BP6:BS6) -> 69512 | BU6: 32353.41 | BV6: 38110.49 | BW6: 30655.56 | BX6: 23877.28 | BY6: =SUM(BU6:BX6) -> 124996.74 | BZ6: 35837.99 | CA6: 15538.93 | CB6: 16205.92 | CC6: 17077.59 | CD6: =SUM(BZ6:CC6) -> 84660.43 | CE6: 22718 | CI6: =SUM(CE6:CH6) -> 22718 | CN6: =SUM(CJ6:CM6) -> 0
B7: Ubi Kayu | C7: 38628 | D7: 37883 | E7: 47222 | F7: 39617 | G7: 163350 | H7: 36621 | I7: 34279 | J7: 53530 | K7: 40420 | L7: 164850 | M7: 32322 | N7: 39374 | O7: 56658 | P7: 47365 | Q7: 175719 | R7: 36532 | S7: 39124 | T7: 56616 | U7: 48408 | V7: 180680 | W7: 30649 | X7: 36268 | Y7: 64255 | Z7: 43914 | AA7: 175086 | AB7: 33774 | AC7: 41852 | AD7: 61011 | AE7: 38458 | AF7: 175095 | AG7: 22062 | AH7: 27661 | AI7: 53586 | AJ7: 58209 | AK7: 161518 | AL7: 59967 | AM7: 56023 | AN7: 63857 | AO7: 63054 | AP7: 242901 | AQ7: 47507 | AR7: 35829 | AS7: 55336 | AT7: 76658 | AU7: =SUM(AQ7:AT7) -> 215330 | AV7: 29489.7 | AW7: 32513.4 | AX7: 51597.1 | AY7: 35577.8 | AZ7: =SUM(AV7:AY7) -> 149178 | BA7: 22110 | BB7: 36493 | BC7: 59633 | BD7: 39006 | BE7: =SUM(BA7:BD7) -> 157242 | BF7: 31896 | BG7: 32473 | BH7: 37274 | BI7: 35059 | BJ7: =SUM(BF7:BI7) -> 136702 | BK7: 30979 | BL7: 24186 | BM7: 33609 | BN7: 32661.84 | BO7: =SUM(BK7:BN7) -> 121435.84 | BP7: 24004 | BQ7: 27117 | BR7: 32592 | BS7: 28549 | BT7: =SUM(BP7:BS7) -> 112262 | BU7: 22853.457 | BV7: 25288.86 | BW7: 37069.48 | BX7: 27239.176 | BY7: =SUM(BU7:BX7) -> 112450.97 | BZ7: 22734.893 | CA7: 18639.836 | CB7: 36997.79 | CC7: 29451.302 | CD7: =SUM(BZ7:CC7) -> 107823.82 | CE7: 20706.116 | CI7: =SUM(CE7:CH7) -> 20706.116 | CN7: =SUM(CJ7:CM7) -> 0
B8: Ubi Jalar | C8: 3108 | D8: 7557 | E8: 8236 | F8: 6403 | G8: 25304 | H8: 4399 | I8: 8007 | J8: 8036 | K8: 6034 | L8: 26476 | M8: 5299 | N8: 10663 | O8: 8637 | P8: 4812 | Q8: 29411 | R8: 3895 | S8: 5750 | T8: 8951 | U8: 5517 | V8: 24113 | W8: 5161 | X8: 5279 | Y8: 9476 | Z8: 4998 | AA8: 24914 | AB8: 4601 | AC8: 7298 | AD8: 9881 | AE8: 3960 | AF8: 25740 | AG8: 2025 | AH8: 5990 | AI8: 9447 | AJ8: 6513 | AK8: 23975 | AL8: 6057 | AM8: 5055 | AN8: 7505 | AO8: 6136 | AP8: 24753 | AQ8: 4210 | AR8: 5459 | AS8: 6763 | AT8: 3661 | AU8: =SUM(AQ8:AT8) -> 20093 | AV8: 3439.7 | AW8: 5462.4 | AX8: 5762.2 | AY8: 2963.2 | AZ8: =SUM(AV8:AY8) -> 17627.5 | BA8: 1239 | BB8: 4504 | BC8: 7123 | BD8: 4492 | BE8: =SUM(BA8:BD8) -> 17358 | BF8: 1925 | BG8: 4421 | BH8: 6073 | BI8: 3050 | BJ8: =SUM(BF8:BI8) -> 15469 | BK8: 2197 | BL8: 3140 | BM8: 4122 | BN8: 3094.21 | BO8: =SUM(BK8:BN8) -> 12553.21 | BP8: 2231 | BQ8: 3616 | BR8: 7421 | BS8: 6726 | BT8: =SUM(BP8:BS8) -> 19994 | BU8: 5377.9203 | BV8: 2690.5723 | BW8: 3319.5651 | BX8: 2491.1737 | BY8: =SUM(BU8:BX8) -> 13879.231 | BZ8: 2192.3961 | CA8: 2864.6668 | CB8: 2802.8372 | CC8: 1877.5071 | CD8: =SUM(BZ8:CC8) -> 9737.4072 | CE8: 2239.9569 | CI8: =SUM(CE8:CH8) -> 2239.9569 | CN8: =SUM(CJ8:CM8) -> 0
B9: Kacang Tanah | C9: 1683 | D9: 1134 | E9: 1523 | F9: 602 | G9: 4942 | H9: 1374 | I9: 1271 | J9: 1408 | K9: 487 | L9: 4540 | M9: 2069 | N9: 997 | O9: 1790 | P9: 343 | Q9: 5199 | R9: 2266 | S9: 1067 | T9: 1195 | U9: 414 | V9: 4942 | W9: 2701 | X9: 580 | Y9: 1083 | Z9: 288 | AA9: 4652 | AB9: 1935 | AC9: 526 | AD9: 813 | AE9: 197 | AF9: 3471 | AG9: 877 | AH9: 795 | AI9: 1005 | AJ9: 346 | AK9: 3023 | AL9: 1168 | AM9: 343 | AN9: 919 | AO9: 187 | AP9: 2617 | AQ9: 1030 | AR9: 321 | AS9: 436 | AT9: 163 | AU9: =SUM(AQ9:AT9) -> 1950 | AV9: 1577.7 | AW9: 629.2 | AX9: 759.2 | AY9: 311.7 | AZ9: =SUM(AV9:AY9) -> 3277.8 | BA9: 932 | BB9: 735 | BC9: 1449 | BD9: 286 | BE9: =SUM(BA9:BD9) -> 3402 | BF9: 1467 | BG9: 428 | BH9: 1113 | BI9: 97 | BJ9: =SUM(BF9:BI9) -> 3105 | BK9: 960 | BL9: 387 | BM9: 604 | BN9: 106.79 | BO9: =SUM(BK9:BN9) -> 2057.79 | BP9: 796 | BQ9: 468 | BR9: 493 | BS9: 210 | BT9: =SUM(BP9:BS9) -> 1967 | BU9: 1205.5425 | BV9: 309.37227 | BW9: 730.02755 | BX9: 230.88634 | BY9: =SUM(BU9:BX9) -> 2475.8286 | BZ9: 864.42407 | CA9: 332.30896 | CB9: 453.19892 | CC9: 195.65627 | CD9: =SUM(BZ9:CC9) -> 1845.5882 | CE9: 748.15303 | CI9: =SUM(CE9:CH9) -> 748.15303 | CN9: =SUM(CJ9:CM9) -> 0
B10: Kedelai | C10: 1382 | D10: 887 | E10: 822 | F10: 112 | G10: 3203 | H10: 371 | I10: 2352 | J10: 2449 | K10: 941 | L10: 6113 | M10: 1234 | N10: 834 | O10: 487 | P10: 1155 | Q10: 3710 | R10: 1299 | S10: 860 | T10: 557 | U10: 879 | V10: 3595 | W10: 1073 | X10: 492 | Y10: 1057 | Z10: 3069 | AA10: 5691 | AB10: 3198 | AC10: 1210 | AD10: 2763 | AE10: 5628 | AF10: 12799 | AG10: 5963 | AH10: 4789 | AI10: 1983 | AJ10: 3401 | AK10: 16136 | AL10: 2217 | AM10: 1026 | AN10: 450 | AO10: 362 | AP10: 4055 | AQ10: 1902 | AR10: 2692 | AS10: 730 | AT10: 3930 | AU10: =SUM(AQ10:AT10) -> 9254 | AV10: 856.6 | AW10: 261.1 | AX10: 115 | AY10: 260.7 | AZ10: =SUM(AV10:AY10) -> 1493.4 | BA10: 124 | BB10: 282 | BC10: 74 | BD10: 341 | BE10: =SUM(BA10:BD10) -> 821 | BF10: 112 | BG10: 176 | BH10: 81 | BI10: 205 | BJ10: =SUM(BF10:BI10) -> 574 | BK10: 4896 | BL10: 4612 | BM10: 672 | BN10: 177.16 | BO10: =SUM(BK10:BN10) -> 10357.16 | BP10: 1049 | BQ10: 2225 | BR10: 538 | BS10: 835 | BT10: =SUM(BP10:BS10) -> 4647 | BU10: 202.81953 | BV10: 111.71221 | BW10: 37.864714 | BX10: 232.4052 | BY10: =SUM(BU10:BX10) -> 584.80165 | BZ10: 167.60963 | CA10: 83.404192 | CB10: 25.501822 | CC10: 241.53526 | CD10: =SUM(BZ10:CC10) -> 518.0509 | CE10: 138.51224 | CI10: =SUM(CE10:CH10) -> 138.51224 | CN10: =SUM(CJ10:CM10) -> 0
B11: Kacang Hijau | C11: 284 | D11: 203 | E11: 185 | F11: 228 | G11: 900 | H11: 318 | I11: 442 | J11: 443 | K11: 324 | L11: 1527 | M11: 250 | N11: 301 | O11: 283 | P11: 242 | Q11: 1076 | R11: 197 | S11: 293 | T11: 264 | U11: 329 | V11: 1083 | W11: 425 | X11: 286 | Y11: 256 | Z11: 225 | AA11: 1192 | AB11: 239 | AC11: 240 | AD11: 314 | AE11: 243 | AF11: 1036 | AG11: 172 | AH11: 155 | AI11: 287 | AJ11: 392 | AK11: 1006 | AL11: 236 | AM11: 168 | AN11: 179 | AO11: 99 | AP11: 682 | AQ11: 241 | AR11: 72 | AS11: 120 | AT11: 195 | AU11: =SUM(AQ11:AT11) -> 628 | AV11: 104.2 | AW11: 137.5 | AX11: 84.4 | AY11: 203.3 | AZ11: =SUM(AV11:AY11) -> 529.4 | BA11: 61 | BB11: 49 | BC11: 155 | BD11: 523 | BE11: =SUM(BA11:BD11) -> 788 | BF11: 131 | BG11: 40 | BH11: 50 | BI11: 74 | BJ11: =SUM(BF11:BI11) -> 295 | BK11: 85 | BL11: 76 | BM11: 65 | BN11: 75.1 | BO11: =SUM(BK11:BN11) -> 301.1 | BP11: 81 | BQ11: 91 | BR11: 163 | BS11: 146 | BT11: =SUM(BP11:BS11) -> 481 | BU11: 104.2 | BV11: 65.6 | BW11: 77.1 | BX11: 65.9 | BY11: =SUM(BU11:BX11) -> 312.8 | BZ11: 40.4 | CA11: 18.4 | CB11: 35.9 | CC11: 48.75 | CD11: =SUM(BZ11:CC11) -> 143.45 | CE11: 43 | CI11: =SUM(CE11:CH11) -> 43 | CN11: =SUM(CJ11:CM11) -> 0
BA12: =sum(BA5:BA11) -> 124332.12 | BB12: =sum(BB5:BB11) -> 261336.17 | BC12: =sum(BC5:BC11) -> 207076.19 | BD12: =sum(BD5:BD11) -> 277674.01 | BE12: =sum(BE5:BE11) -> 870418.49 | BF12: =sum(BF5:BF11) -> 143005 | BG12: =sum(BG5:BG11) -> 276840 | BH12: =sum(BH5:BH11) -> 157316 | ... CN12: =sum(CN5:CN11) -> 0
AV13: =AV5/AQ5*100-100 -> -29.356143 | AW13: =AW5/AR5*100-100 -> 11.332949 | AX13: =AX5/AS5*100-100 -> -16.990374 | AY13: =AY5/AT5*100-100 -> 7.1428436 | BP13: =BP12/BK12*100-100 -> -12.693537 | BS13: =BS12/BR12*100-100 -> 5.3137217 | BU13: =BU12/BP12*100-100 -> -8.0114825 | CE13: =CE12/CC12*100-100 -> -49.511588
CE14: =CE12/BZ12*100-100 -> -15.795419
B16: HARGA | C16: 2010 | H16: 2011 | M16: 2012 | R16: 2013 | W16: 2014 | AB16: 2015 | AG16: 2016 | AL16: 2017 | AQ16: 2018 | AV16: 2019 | BA16: 2020 | BF16: 2021 | BK16: 2022 | BP16: 2023 | BU16: 2024 | BZ16: 2025 | CE16: 2026 | CJ16: 2027
C17: triw.1 | D17: triw.2 | E17: triw.3 | F17: triw.4 | G17: Total | H17: triw.1 | I17: triw.2 | J17: triw.3 | K17: triw.4 | L17: Total | M17: triw.1 | N17: triw.2 | O17: triw.3 | P17: triw.4 | Q17: Total | R17: triw.1 | S17: triw.2 | T17: triw.3 | U17: triw.4 | V17: Total | W17: triw.1 | X17: triw.2 | Y17: triw.3 | Z17: triw.4 | AA17: Total | AB17: triw.1 | AC17: triw.2 | AD17: triw.3 | AE17: triw.4 | AF17: Total | AG17: triw.1 | AH17: triw.2 | AI17: triw.3 | AJ17: triw.4 | AK17: Total | AL17: triw.1 | AM17: triw.2 | AN17: triw.3 | AO17: triw.4 | AP17: Total | AQ17: triw.1 | AR17: triw.2 | AS17: triw.3 | AT17: triw.4 | AU17: Total | AV17: triw.1 | AW17: triw.2 | AX17: triw.3 | AY17: triw.4 | AZ17: Total | BA17: triw.1 | BB17: triw.2 | BC17: triw.3 | BD17: triw.4 | BE17: Total | BF17: triw.1 | BG17: triw.2 | BH17: triw.3 | BI17: triw.4 | BJ17: Total | BK17: triw.1 | BL17: triw.2 | BM17: triw.3 | BN17: triw.4 | BO17: Total | BP17: triw.1 | BQ17: triw.2 | BR17: triw.3 | BS17: triw.4 | BT17: Total | BU17: triw.1 | BV17: triw.2 | BW17: triw.3 | BX17: triw.4 | BY17: Total | BZ17: triw.1 | CA17: triw.2 | CB17: triw.3 | CC17: triw.4 | CD17: Total | CE17: triw.1 | CF17: triw.2 | CG17: triw.3 | CH17: triw.4 | CI17: Total | CJ17: triw.1 | CK17: triw.2 | CL17: triw.3 | CM17: triw.4 | CN17: Total
B18: -1 | C18: -10 | D18: -11 | E18: -12 | F18: -13 | G18: -14 | H18: -15 | I18: -16 | J18: -17 | K18: -18 | L18: -19 | M18: -20 | N18: -21 | O18: -22 | P18: -23 | Q18: -24 | R18: -25 | S18: -26 | T18: -27 | U18: -28 | V18: -29 | W18: -30 | X18: -31 | Y18: -32 | Z18: -33 | AA18: -34 | AB18: -35 | AC18: -36 | AD18: -37 | AE18: -38 | AF18: -39 | AG18: -40 | AH18: -41 | AI18: -42 | AJ18: -43 | AK18: -44 | AL18: -45 | AM18: -46 | AN18: -47 | AO18: -48 | AP18: -49 | AQ18: -50 | AR18: -51 | AS18: -52 | AT18: -53 | AU18: -54 | AV18: -55 | AW18: -56 | AX18: -57 | AY18: -58 | AZ18: -59 | BA18: -60 | BB18: -61 | BC18: -62 | BD18: -63 | BE18: -64 | BF18: -65 | BG18: -66 | BH18: -67 | BI18: -68 | BJ18: -69 | BK18: -65 | BL18: -66 | BM18: -67 | BN18: -68 | BO18: -69 | BP18: -65 | BQ18: -66 | BR18: -67 | BS18: -68 | BT18: -69 | BU18: -70 | BV18: -71 | BW18: -72 | BX18: -73 | BY18: -74 | BZ18: -75 | CA18: -76 | CB18: -77 | CC18: -78 | CD18: -79 | CE18: -75 | CF18: -76 | CG18: -77 | CH18: -78 | CI18: -79 | CJ18: -75 | CK18: -76 | CL18: -77 | CM18: -78 | CN18: -79
B19: Padi | C19: 3645300 | D19: 3645300 | E19: 3645300 | F19: 3645300 | G19: =AVERAGE(C19:F19) -> 3645300 | H19: =H32/F32*F19 -> 3618543.1 | I19: =I32/H32*H19 -> 3488557.9 | J19: =J32/I32*I19 -> 3927326.7 | K19: =K32/J32*J19 -> 4228593.8 | L19: =AVERAGE(H19:K19) -> 3815755.4 | M19: =M32/K32*K19 -> 4276261.2 | N19: =N32/M32*M19 -> 4037237.4 | O19: =O32/N32*N19 -> 4109133.1 | P19: =P32/O32*O19 -> 4289593.9 | Q19: =AVERAGE(M19:P19) -> 4178056.4 | R19: =R32/P32*P19 -> 4387978.8 | S19: =S32/R32*R19 -> 4036438 | T19: =T32/S32*S19 -> 4192582.9 | U19: =U32/T32*T19 -> 4416431.1 | V19: =AVERAGE(R19:U19) -> 4258357.7 | W19: =W32/U32*U19 -> 4596485.9 | X19: =X32/W32*W19 -> 4351877.8 | Y19: =Y32/X32*X19 -> 4447830.5 | Z19: =Z32/Y32*Y19 -> 4894171.8 | AA19: =AVERAGE(W19:Z19) -> 4572591.5 | AB19: =AB32/Z32*Z19 -> 5120964.4 | AC19: =AC32/AB32*AB19 -> 4598806.8 | AD19: =AD32/AC32*AC19 -> 4891642.9 | AE19: =AE32/AD32*AD19 -> 5348607.2 | AF19: =AVERAGE(AB19:AE19) -> 4990005.3 | AG19: =AG32/AE32*AE19 -> 5358102.4 | AH19: =AH32/AG32*AG19 -> 4679210.5 | AI19: =AI32/AH32*AH19 -> 4745986.7 | AJ19: =AJ32/AI32*AI19 -> 4852252.9 | AK19: =AVERAGE(AG19:AJ19) -> 4908888.1 | AL19: =AL32/AJ32*AJ19 -> 4878453.2 | AM19: =AM32/AL32*AL19 -> 4720617.1 | AN19: =AN32/AM32*AM19 -> 4836338.4 | AO19: =AO32/AN32*AN19 -> 5191473.9 | AP19: =AVERAGE(AL19:AO19) -> 4906720.7 | AQ19: =AQ32/AO32*AO19 -> 5450331.9 | AR19: =AR32/AQ32*AQ19 -> 4876716.2 | AS19: =AS32/AR32*AR19 -> 5066160.3 | AT19: =AT32/AS32*AS19 -> 5418405.8 | AU19: =AVERAGE(AQ19:AT19) -> 5202903.5 | AV19: =AV32/AT32*AT19 -> 5340851.2 | AW19: =AW32/AV32*AV19 -> 4837898.4 | AX19: =AX32/AW32*AW19 -> 4991943.5 | AY19: =AY32/AX32*AX19 -> 5179794.8 | AZ19: =AVERAGE(AV19:AY19) -> 5087622 | BA19: =BA32/AY32*AY19 -> 5232768.1 | BB19: =BB32/BA32*BA19 -> 5074440.3 | BC19: =BC32/BB32*BB19 -> 5102735.8 | BD19: =BD32/BC32*BC19 -> 5152173.5 | BE19: =AVERAGE(BA19:BD19) -> 5140529.4 | BF19: =BF32/BD32*BD19 -> 5086362.5 | BG19: =BG32/BF32*BF19 -> 4914681.7 | BH19: =BH32/BG32*BG19 -> 4930896 | BI19: =BI32/BH32*BH19 -> 5095423.5 | BJ19: =AVERAGE(BF19:BI19) -> 5006840.9 | BK19: =BK32/BI32*BI19 -> 5210504.6 | BL19: =BL32/BK32*BK19 -> 5063417.9 | BM19: =BM32/BL32*BL19 -> 5242566.2 | BN19: =BN32/BM32*BM19 -> 5546986.1 | BO19: =AVERAGE(BK19:BN19) -> 5265868.7 | BP19: =BP32/BN32*BN19 -> 5808436.8 | BQ19: =BQ32/BP32*BP19 -> 5745635.7 | BR19: =BR32/BQ32*BQ19 -> 5763153.9 | BS19: =BS32/BR32*BR19 -> 5942632.7 | BT19: =AVERAGE(BP19:BS19) -> 5814964.8 | BU19: =BU32/BS32*BS19 -> 6114374.8 | BV19: =BV32/BU32*BU19 -> 5914434.8 | BW19: =BW32/BV32*BV19 -> 5981267.9 | BX19: =BX32/BW32*BW19 -> 5983660.4 | BZ19: =BZ32/BX32*BX19 -> 6044693.7 | CA19: =CA32/BZ32*BZ19 -> 6163774.2 | CB19: =CB32/CA32*CA19 -> 6351769.3 | CC19: =CC32/CB32*CB19 -> 6391785.4 | CE19: =CE32/CC32*CC19 -> 6435888.8 | CF19: =CF32/CE32*CE19 -> 0 | CG19: =CG32/CF32*CF19 -> #DIV/0! | CH19: =CH32/CG32*CG19 -> #DIV/0! | CJ19: =CJ32/CH32*CH19 -> #DIV/0! | CK19: =CK32/CJ32*CJ19 -> #DIV/0! | CL19: =CL32/CK32*CK19 -> #DIV/0! | CM19: =CM32/CL32*CL19 -> #DIV/0!
B20: Jagung | C20: 2135342.2 | D20: 2135342.2 | E20: 2135342.2 | F20: 2135342.2 | G20: =AVERAGE(C20:F20) -> 2135342.2 | H20: =H33/F33*F20 -> 2165669.3 | I20: =I33/H33*H20 -> 2211018.7 | J20: =J33/I33*I20 -> 2235318.9 | K20: =K33/J33*J20 -> 2259108.6 | L20: =AVERAGE(H20:K20) -> 2217778.9 | M20: =M33/K33*K20 -> 2258149.1 | N20: =N33/M33*M20 -> 2260506.3 | O20: =O33/N33*N20 -> 2296260.6 | P20: =P33/O33*O20 -> 2347026.4 | Q20: =AVERAGE(M20:P20) -> 2290485.6 | R20: =R33/P33*P20 -> 2376407 | S20: =S33/R33*R20 -> 2388882.7 | T20: =T33/S33*S20 -> 2454755.1 | U20: =U33/T33*T20 -> 2478607.4 | V20: =AVERAGE(R20:U20) -> 2424663 | W20: =W33/U33*U20 -> 2495439.5 | X20: =X33/W33*W20 -> 2508332.7 | Y20: =Y33/X33*X20 -> 2523962.2 | Z20: =Z33/Y33*Y20 -> 2552679 | AA20: =AVERAGE(W20:Z20) -> 2520103.4 | AB20: =AB33/Z33*Z20 -> 2576357.1 | AC20: =AC33/AB33*AB20 -> 2567310.7 | AD20: =AD33/AC33*AC20 -> 2589196.5 | AE20: =AE33/AD33*AD20 -> 2732792.9 | AF20: =AVERAGE(AB20:AE20) -> 2616414.3 | AG20: =AG33/AE33*AE20 -> 2797973.4 | AH20: =AH33/AG33*AG20 -> 2769553.8 | AI20: =AI33/AH33*AH20 -> 2795722.7 | AJ20: =AJ33/AI33*AI20 -> 2837537.3 | AK20: =AVERAGE(AG20:AJ20) -> 2800196.8 | AL20: =AL33/AJ33*AJ20 -> 2835809.3 | AM20: =AM33/AL33*AL20 -> 2876841.7 | AN20: =AN33/AM33*AM20 -> 2916248.7 | AO20: =AO33/AN33*AN20 -> 2936282.3 | AP20: =AVERAGE(AL20:AO20) -> 2891295.5 | AQ20: =AQ33/AO33*AO20 -> 2890187.3 | AR20: =AR33/AQ33*AQ20 -> 2908122.1 | AS20: =AS33/AR33*AR20 -> 2972101.5 | AT20: =AT33/AS33*AS20 -> 3103180.5 | AU20: =AVERAGE(AQ20:AT20) -> 2968397.9 | AV20: =AV33/AT33*AT20 -> 3187741 | AW20: =AW33/AV33*AV20 -> 3207449.7 | AX20: =AX33/AW33*AW20 -> 3242675.6 | AY20: =AY33/AX33*AX20 -> 3267582.5 | AZ20: =AVERAGE(AV20:AY20) -> 3226362.2 | BA20: =BA33/AY33*AY20 -> 3239412 | BB20: =BB33/BA33*BA20 -> 3108038.3 | BC20: =BC33/BB33*BB20 -> 3023588.2 | BD20: =BD33/BC33*BC20 -> 3076318.4 | BE20: =AVERAGE(BA20:BD20) -> 3111839.2 | BF20: =BF33/BD33*BD20 -> 3147094.1 | BG20: =BG33/BF33*BF20 -> 3290173.7 | BH20: =BH33/BG33*BG20 -> 3400677.9 | BI20: =BI33/BH33*BH20 -> 3422131.8 | BJ20: =AVERAGE(BF20:BI20) -> 3315019.4 | BK20: =BK33/BI33*BI20 -> 3422422.6 | BL20: =BL33/BK33*BK20 -> 3448737.7 | BM20: =BM33/BL33*BL20 -> 3397360.7 | BN20: =BN33/BM33*BM20 -> 3361020.8 | BO20: =AVERAGE(BK20:BN20) -> 3407385.5 | BP20: =BP33/BN33*BN20 -> 3412397.8 | BQ20: =BQ33/BP33*BP20 -> 3484242.2 | BR20: =BR33/BQ33*BQ20 -> 3511810.4 | BS20: =BS33/BR33*BR20 -> 3641506.1 | BT20: =AVERAGE(BP20:BS20) -> 3512489.1 | BU20: =BU33/BS33*BS20 -> 3731815.5 | BV20: =BV33/BU33*BU20 -> 3537014.7 | BW20: =BW33/BV33*BV20 -> 3503413.1 | BX20: =BX33/BW33*BW20 -> 3513222.6 | BZ20: =BZ33/BX33*BX20 -> 3537112.6 | CA20: =CA33/BZ33*BZ20 -> 3480165 | CB20: =CB33/CA33*CA20 -> 3562296.9 | CC20: =CC33/CB33*CB20 -> 3734355.9 | CE20: =CE33/CC33*CC20 -> 3809043 | CF20: =CF33/CE33*CE20 -> 0 | CG20: =CG33/CF33*CF20 -> #DIV/0! | CH20: =CH33/CG33*CG20 -> #DIV/0! | CJ20: =CJ33/CH33*CH20 -> #DIV/0! | CK20: =CK33/CJ33*CJ20 -> #DIV/0! | CL20: =CL33/CK33*CK20 -> #DIV/0! | CM20: =CM33/CL33*CL20 -> #DIV/0!
B21: Ubi Kayu | C21: 1009000 | D21: 1009000 | E21: 1009000 | F21: 1009000 | G21: =AVERAGE(C21:F21) -> 1009000 | H21: =H34/F34*F21 -> 1015553.3 | I21: =I34/H34*H21 -> 1018455.3 | J21: =J34/I34*I21 -> 1046577 | K21: =K34/J34*J21 -> 1063305.4 | L21: =AVERAGE(H21:K21) -> 1035972.8 | M21: =M34/K34*K21 -> 1079575.3 | N21: =N34/M34*M21 -> 1100895.2 | O21: =O34/N34*N21 -> 1119569.7 | P21: =P34/O34*O21 -> 1127732.4 | Q21: =AVERAGE(M21:P21) -> 1106943.2 | R21: =R34/P34*P21 -> 1136779.2 | S21: =S34/R34*R21 -> 1143789.6 | T21: =T34/S34*S21 -> 1174652 | U21: =U34/T34*T21 -> 1173290.3 | V21: =AVERAGE(R21:U21) -> 1157127.8 | W21: =W34/U34*U21 -> 1178978.5 | X21: =X34/W34*W21 -> 1197253.4 | Y21: =Y34/X34*X21 -> 1227506.1 | Z21: =Z34/Y34*Y21 -> 1264631.4 | AA21: =AVERAGE(W21:Z21) -> 1217092.4 | AB21: =AB34/Z34*Z21 -> 1293866.1 | AC21: =AC34/AB34*AB21 -> 1331884.7 | AD21: =AD34/AC34*AC21 -> 1353605.6 | AE21: =AE34/AD34*AD21 -> 1374646.1 | AF21: =AVERAGE(AB21:AE21) -> 1338500.6 | AG21: =AG34/AE34*AE21 -> 1368659.9 | AH21: =AH34/AG34*AG21 -> 1367114.7 | AI21: =AI34/AH34*AH21 -> 1369107.9 | AJ21: =AJ34/AI34*AI21 -> 1354049 | AK21: =AVERAGE(AG21:AJ21) -> 1364732.9 | AL21: =AL34/AJ34*AJ21 -> 1359024.3 | AM21: =AM34/AL34*AL21 -> 1363161 | AN21: =AN34/AM34*AM21 -> 1371675.6 | AO21: =AO34/AN34*AN21 -> 1389947.4 | AP21: =AVERAGE(AL21:AO21) -> 1370952.1 | AQ21: =AQ34/AO34*AO21 -> 1426240.6 | AR21: =AR34/AQ34*AQ21 -> 1458785.5 | AS21: =AS34/AR34*AR21 -> 1486462.4 | AT21: =AT34/AS34*AS21 -> 1514456.2 | AU21: =AVERAGE(AQ21:AT21) -> 1471486.2 | AV21: =AV34/AT34*AT21 -> 1548585.5 | AW21: =AW34/AV34*AV21 -> 1587709.4 | AX21: =AX34/AW34*AW21 -> 1612461 | AY21: =AY34/AX34*AX21 -> 1621093.1 | AZ21: =AVERAGE(AV21:AY21) -> 1592462.3 | BA21: =BA34/AY34*AY21 -> 1639807.1 | BB21: =BB34/BA34*BA21 -> 1659554 | BC21: =BC34/BB34*BB21 -> 1649355.7 | BD21: =BD34/BC34*BC21 -> 1626461.5 | BE21: =AVERAGE(BA21:BD21) -> 1643794.6 | BF21: =BF34/BD34*BD21 -> 1608108.9 | BG21: =BG34/BF34*BF21 -> 1610436.4 | BH21: =BH34/BG34*BG21 -> 1616529.3 | BI21: =BI34/BH34*BH21 -> 1624202.5 | BJ21: =AVERAGE(BF21:BI21) -> 1614819.3 | BK21: =BK34/BI34*BI21 -> 1658804.9 | BL21: =BL34/BK34*BK21 -> 1708093.9 | BM21: =BM34/BL34*BL21 -> 1748673.3 | BN21: =BN34/BM34*BM21 -> 1777771.6 | BO21: =AVERAGE(BK21:BN21) -> 1723335.9 | BP21: =BP34/BN34*BN21 -> 1860118 | BQ21: =BQ34/BP34*BP21 -> 1892185.6 | BR21: =BR34/BQ34*BQ21 -> 1910792.8 | BS21: =BS34/BR34*BR21 -> 1945334.7 | BT21: =AVERAGE(BP21:BS21) -> 1902107.8 | BU21: =BU34/BS34*BS21 -> 1989299.3 | BV21: =BV34/BU34*BU21 -> 1982336.7 | BW21: =BW34/BV34*BV21 -> 1963504.5 | BX21: =BX34/BW34*BW21 -> 1960755.6 | BZ21: =BZ34/BX34*BX21 -> 1967814.3 | CA21: =CA34/BZ34*BZ21 -> 1976866.3 | CB21: =CB34/CA34*CA21 -> 1972714.9 | CC21: =CC34/CB34*CB21 -> 1987312.9 | CE21: =CE34/CC34*CC21 -> 2008974.7 | CF21: =CF34/CE34*CE21 -> 0 | CG21: =CG34/CF34*CF21 -> #DIV/0! | CH21: =CH34/CG34*CG21 -> #DIV/0! | CJ21: =CJ34/CH34*CH21 -> #DIV/0! | CK21: =CK34/CJ34*CJ21 -> #DIV/0! | CL21: =CL34/CK34*CK21 -> #DIV/0! | CM21: =CM34/CL34*CL21 -> #DIV/0!
B22: Ubi Jalar | C22: 1405000 | D22: 1405000 | E22: 1405000 | F22: 1405000 | G22: =AVERAGE(C22:F22) -> 1405000 | H22: =H35/F35*F22 -> 1427971.5 | I22: =I35/H35*H22 -> 1460482.5 | J22: =J35/I35*I22 -> 1487536.7 | K22: =K35/J35*J22 -> 1510960.1 | L22: =AVERAGE(H22:K22) -> 1471737.7 | M22: =M35/K35*K22 -> 1521796.3 | N22: =N35/M35*M22 -> 1532293.5 | O22: =O35/N35*N22 -> 1552295 | P22: =P35/O35*O22 -> 1564726.7 | Q22: =AVERAGE(M22:P22) -> 1542777.9 | R22: =R35/P35*P22 -> 1596257.5 | S22: =S35/R35*R22 -> 1614431.7 | T22: =T35/S35*S22 -> 1652739.4 | U22: =U35/T35*T22 -> 1653279.4 | V22: =AVERAGE(R22:U22) -> 1629177 | W22: =W35/U35*U22 -> 1676955.6 | X22: =X35/W35*W22 -> 1700426 | Y22: =Y35/X35*X22 -> 1747059.3 | Z22: =Z35/Y35*Y22 -> 1786791.7 | AA22: =AVERAGE(W22:Z22) -> 1727808.1 | AB22: =AB35/Z35*Z22 -> 1859646.1 | AC22: =AC35/AB35*AB22 -> 1870663.3 | AD22: =AD35/AC35*AC22 -> 1890803.8 | AE22: =AE35/AD35*AD22 -> 1921777.8 | AF22: =AVERAGE(AB22:AE22) -> 1885722.7 | AG22: =AG35/AE35*AE22 -> 1950237.4 | AH22: =AH35/AG35*AG22 -> 1936931.1 | AI22: =AI35/AH35*AH22 -> 1931717.8 | AJ22: =AJ35/AI35*AI22 -> 1906400.5 | AK22: =AVERAGE(AG22:AJ22) -> 1931321.7 | AL22: =AL35/AJ35*AJ22 -> 1923969 | AM22: =AM35/AL35*AL22 -> 1949633.5 | AN22: =AN35/AM35*AM22 -> 1961033.7 | AO22: =AO35/AN35*AN22 -> 1977476.3 | AP22: =AVERAGE(AL22:AO22) -> 1953028.1 | AQ22: =AQ35/AO35*AO22 -> 2007265.6 | AR22: =AR35/AQ35*AQ22 -> 2046469.7 | AS22: =AS35/AR35*AR22 -> 2044978.5 | AT22: =AT35/AS35*AS22 -> 2074773.9 | AU22: =AVERAGE(AQ22:AT22) -> 2043371.9 | AV22: =AV35/AT35*AT22 -> 2109406.6 | AW22: =AW35/AV35*AV22 -> 2129681.7 | AX22: =AX35/AW35*AW22 -> 2120720.9 | AY22: =AY35/AX35*AX22 -> 2144726.9 | AZ22: =AVERAGE(AV22:AY22) -> 2126134 | BA22: =BA35/AY35*AY22 -> 2191002.5 | BB22: =BB35/BA35*BA22 -> 2216846.1 | BC22: =BC35/BB35*BB22 -> 2183164.8 | BD22: =BD35/BC35*BC22 -> 2119757.5 | BE22: =AVERAGE(BA22:BD22) -> 2177692.7 | BF22: =BF35/BD35*BD22 -> 2053059.8 | BG22: =BG35/BF35*BF22 -> 2078888.6 | BH22: =BH35/BG35*BG22 -> 2125670.2 | BI22: =BI35/BH35*BH22 -> 2196823.4 | BJ22: =AVERAGE(BF22:BI22) -> 2113610.5 | BK22: =BK35/BI35*BI22 -> 2234107.8 | BL22: =BL35/BK35*BK22 -> 2262960.6 | BM22: =BM35/BL35*BL22 -> 2282925.1 | BN22: =BN35/BM35*BM22 -> 2326409.4 | BO22: =AVERAGE(BK22:BN22) -> 2276600.7 | BP22: =BP35/BN35*BN22 -> 2365381.2 | BQ22: =BQ35/BP35*BP22 -> 2377277.8 | BR22: =BR35/BQ35*BQ22 -> 2400797.6 | BS22: =BS35/BR35*BR22 -> 2478330.9 | BT22: =AVERAGE(BP22:BS22) -> 2405446.9 | BU22: =BU35/BS35*BS22 -> 2571020.5 | BV22: =BV35/BU35*BU22 -> 2610871.3 | BW22: =BW35/BV35*BV22 -> 2608260.4 | BX22: =BX35/BW35*BW22 -> 2585046.9 | BZ22: =BZ35/BX35*BX22 -> 2558938 | CA22: =CA35/BZ35*BZ22 -> 2538466.4 | CB22: =CB35/CA35*CA22 -> 2608782 | CC22: =CC35/CB35*CB22 -> 2664609.9 | CE22: =CE35/CC35*CC22 -> 2692321.8 | CF22: =CF35/CE35*CE22 -> 0 | CG22: =CG35/CF35*CF22 -> #DIV/0! | CH22: =CH35/CG35*CG22 -> #DIV/0! | CJ22: =CJ35/CH35*CH22 -> #DIV/0! | CK22: =CK35/CJ35*CJ22 -> #DIV/0! | CL22: =CL35/CK35*CK22 -> #DIV/0! | CM22: =CM35/CL35*CL22 -> #DIV/0!
B23: Kacang Tanah | C23: 7695000 | D23: 7695000 | E23: 7695000 | F23: 7695000 | G23: =AVERAGE(C23:F23) -> 7695000 | H23: =H36/F36*F23 -> 7876263.1 | I23: =I36/H36*H23 -> 8024407.7 | J23: =J36/I36*I23 -> 8271268.5 | K23: =K36/J36*J23 -> 8309578.9 | L23: =AVERAGE(H23:K23) -> 8120379.6 | M23: =M36/K36*K23 -> 8336718.9 | N23: =N36/M36*M23 -> 8463815.3 | O23: =O36/N36*N23 -> 8665923.8 | P23: =P36/O36*O23 -> 8710975.4 | Q23: =AVERAGE(M23:P23) -> 8544358.4 | R23: =R36/P36*P23 -> 8842543.9 | S23: =S36/R36*R23 -> 8860757.3 | T23: =T36/S36*S23 -> 9145143 | U23: =U36/T36*T23 -> 9147458.7 | V23: =AVERAGE(R23:U23) -> 8998975.8 | W23: =W36/U36*U23 -> 9177908.5 | X23: =X36/W36*W23 -> 9229518.2 | Y23: =Y36/X36*X23 -> 9427099.8 | Z23: =Z36/Y36*Y23 -> 9628120.4 | AA23: =AVERAGE(W23:Z23) -> 9365661.7 | AB23: =AB36/Z36*Z23 -> 9764364.4 | AC23: =AC36/AB36*AB23 -> 9881246 | AD23: =AD36/AC36*AC23 -> 10398081 | AE23: =AE36/AD36*AD23 -> 10657479 | AF23: =AVERAGE(AB23:AE23) -> 10175293 | AG23: =AG36/AE36*AE23 -> 10733654 | AH23: =AH36/AG36*AG23 -> 10718169 | AI23: =AI36/AH36*AH23 -> 10917769 | AJ23: =AJ36/AI36*AI23 -> 10905606 | AK23: =AVERAGE(AG23:AJ23) -> 10818800 | AL23: =AL36/AJ36*AJ23 -> 10932088 | AM23: =AM36/AL36*AL23 -> 11118289 | AN23: =AN36/AM36*AM23 -> 11289543 | AO23: =AO36/AN36*AN23 -> 11338261 | AP23: =AVERAGE(AL23:AO23) -> 11169545 | AQ23: =AQ36/AO36*AO23 -> 11428784 | AR23: =AR36/AQ36*AQ23 -> 11480371 | AS23: =AS36/AR36*AR23 -> 11549944 | AT23: =AT36/AS36*AS23 -> 11512046 | AU23: =AVERAGE(AQ23:AT23) -> 11492786 | AV23: =AV36/AT36*AT23 -> 11409413 | AW23: =AW36/AV36*AV23 -> 11564782 | AX23: =AX36/AW36*AW23 -> 11783219 | AY23: =AY36/AX36*AX23 -> 11944407 | AZ23: =AVERAGE(AV23:AY23) -> 11675456 | BA23: =BA36/AY36*AY23 -> 12067856 | BB23: =BB36/BA36*BA23 -> 12174591 | BC23: =BC36/BB36*BB23 -> 12183130 | BD23: =BD36/BC36*BC23 -> 12091395 | BE23: =AVERAGE(BA23:BD23) -> 12129243 | BF23: =BF36/BD36*BD23 -> 12139807 | BG23: =BG36/BF36*BF23 -> 12298632 | BH23: =BH36/BG36*BG23 -> 12434932 | BI23: =BI36/BH36*BH23 -> 12493440 | BJ23: =AVERAGE(BF23:BI23) -> 12341703 | BK23: =BK36/BI36*BI23 -> 12802275 | BL23: =BL36/BK36*BK23 -> 13059880 | BM23: =BM36/BL36*BL23 -> 13151934 | BN23: =BN36/BM36*BM23 -> 13206128 | BO23: =AVERAGE(BK23:BN23) -> 13055054 | BP23: =BP36/BN36*BN23 -> 13560984 | BQ23: =BQ36/BP36*BP23 -> 13667886 | BR23: =BR36/BQ36*BQ23 -> 13765879 | BS23: =BS36/BR36*BR23 -> 13913612 | BT23: =AVERAGE(BP23:BS23) -> 13727090 | BU23: =BU36/BS36*BS23 -> 14058314 | BV23: =BV36/BU36*BU23 -> 14210144 | BW23: =BW36/BV36*BV23 -> 14335193 | BX23: =BX36/BW36*BW23 -> 14315124 | BZ23: =BZ36/BX36*BX23 -> 14433939 | CA23: =CA36/BZ36*BZ23 -> 14507552 | CB23: =CB36/CA36*CA23 -> 14590245 | CC23: =CC36/CB36*CB23 -> 14744902 | CE23: =CE36/CC36*CC23 -> 15583887 | CF23: =CF36/CE36*CE23 -> 0 | CG23: =CG36/CF36*CF23 -> #DIV/0! | CH23: =CH36/CG36*CG23 -> #DIV/0! | CJ23: =CJ36/CH36*CH23 -> #DIV/0! | CK23: =CK36/CJ36*CJ23 -> #DIV/0! | CL23: =CL36/CK36*CK23 -> #DIV/0! | CM23: =CM36/CL36*CL23 -> #DIV/0!
B24: Kedelai | C24: 5645000 | D24: 5645000 | E24: 5645000 | F24: 5645000 | G24: =AVERAGE(C24:F24) -> 5645000 | H24: =H37/F37*F24 -> 5831633.9 | I24: =I37/H37*H24 -> 5911106.4 | J24: =J37/I37*I24 -> 5895145.4 | K24: =K37/J37*J24 -> 5876576.7 | L24: =AVERAGE(H24:K24) -> 5878615.6 | M24: =M37/K37*K24 -> 5895217.9 | N24: =N37/M37*M24 -> 5928474.8 | O24: =O37/N37*N24 -> 6037454.9 | P24: =P37/O37*O24 -> 6119574.6 | Q24: =AVERAGE(M24:P24) -> 5995180.5 | R24: =R37/P37*P24 -> 6185392.8 | S24: =S37/R37*R24 -> 6190941.2 | T24: =T37/S37*S24 -> 6302783.2 | U24: =U37/T37*T24 -> 6501443.6 | V24: =AVERAGE(R24:U24) -> 6295140.2 | W24: =W37/U37*U24 -> 6559336 | X24: =X37/W37*W24 -> 6577326.8 | Y24: =Y37/X37*X24 -> 6593257.8 | Z24: =Z37/Y37*Y24 -> 6635834.4 | AA24: =AVERAGE(W24:Z24) -> 6591438.8 | AB24: =AB37/Z37*Z24 -> 6637012.5 | AC24: =AC37/AB37*AB24 -> 6650298.7 | AD24: =AD37/AC37*AC24 -> 6657602.7 | AE24: =AE37/AD37*AD24 -> 6603950.8 | AF24: =AVERAGE(AB24:AE24) -> 6637216.2 | AG24: =AG37/AE37*AE24 -> 6678025.8 | AH24: =AH37/AG37*AG24 -> 6722456.5 | AI24: =AI37/AH37*AH24 -> 6785146.9 | AJ24: =AJ37/AI37*AI24 -> 6807115.6 | AK24: =AVERAGE(AG24:AJ24) -> 6748186.2 | AL24: =AL37/AJ37*AJ24 -> 6884002.2 | AM24: =AM37/AL37*AL24 -> 6928440.6 | AN24: =AN37/AM37*AM24 -> 6958035.9 | AO24: =AO37/AN37*AN24 -> 6962211.7 | AP24: =AVERAGE(AL24:AO24) -> 6933172.6 | AQ24: =AQ37/AO37*AO24 -> 7657214.7 | AR24: =AR37/AQ37*AQ24 -> 7704730.7 | AS24: =AS37/AR37*AR24 -> 7874236.8 | AT24: =AT37/AS37*AS24 -> 8221515.4 | AU24: =AVERAGE(AQ24:AT24) -> 7864424.4 | AV24: =AV37/AT37*AT24 -> 7023978.3 | AW24: =AW37/AV37*AV24 -> 7063236.6 | AX24: =AX37/AW37*AW24 -> 7132016.1 | AY24: =AY37/AX37*AX24 -> 7135601.5 | AZ24: =AVERAGE(AV24:AY24) -> 7088708.1 | BA24: =BA37/AY37*AY24 -> 7249391.2 | BB24: =BB37/BA37*BA24 -> 7301560.7 | BC24: =BC37/BB37*BB24 -> 7323586.1 | BD24: =BD37/BC37*BC24 -> 7381207 | BE24: =AVERAGE(BA24:BD24) -> 7313936.3 | BF24: =BF37/BD37*BD24 -> 7474272.8 | BG24: =BG37/BF37*BF24 -> 7591530.7 | BH24: =BH37/BG37*BG24 -> 7649371.4 | BI24: =BI37/BH37*BH24 -> 7634619.8 | BJ24: =AVERAGE(BF24:BI24) -> 7587448.7 | BK24: =BK37/BI37*BI24 -> 7702261.4 | BL24: =BL37/BK37*BK24 -> 7726607.6 | BM24: =BM37/BL37*BL24 -> 7772533.5 | BN24: =BN37/BM37*BM24 -> 7932997.3 | BO24: =AVERAGE(BK24:BN24) -> 7783599.9 | BP24: =BP37/BN37*BN24 -> 8072434.8 | BQ24: =BQ37/BP37*BP24 -> 8029275.5 | BR24: =BR37/BQ37*BQ24 -> 8120573.9 | BS24: =BS37/BR37*BR24 -> 8150453.3 | BT24: =AVERAGE(BP24:BS24) -> 8093184.4 | BU24: =BU37/BS37*BS24 -> 8213211.8 | BV24: =BV37/BU37*BU24 -> 8263312.4 | BW24: =BW37/BV37*BV24 -> 8136057.4 | BX24: =BX37/BW37*BW24 -> 8015643.8 | BZ24: =BZ37/BX37*BX24 -> 7997207.8 | CA24: =CA37/BZ37*BZ24 -> 8008403.9 | CB24: =CB37/CA37*CA24 -> 8008403.9 | CC24: =CC37/CB37*CB24 -> 7999594.6 | CE24: =CE37/CC37*CC24 -> 8075590.8 | CF24: =CF37/CE37*CE24 -> 0 | CG24: =CG37/CF37*CF24 -> #DIV/0! | CH24: =CH37/CG37*CG24 -> #DIV/0! | CJ24: =CJ37/CH37*CH24 -> #DIV/0! | CK24: =CK37/CJ37*CJ24 -> #DIV/0! | CL24: =CL37/CK37*CK24 -> #DIV/0! | CM24: =CM37/CL37*CL24 -> #DIV/0!
B25: Kacang Hijau | C25: 8947000 | D25: 8947000 | E25: 8947000 | F25: 8947000 | G25: =AVERAGE(C25:F25) -> 8947000 | H25: =H38/F38*F25 -> 9580915.8 | I25: =I38/H38*H25 -> 9770208.1 | J25: =J38/I38*I25 -> 9818312 | K25: =K38/J38*J25 -> 9571898.6 | L25: =AVERAGE(H25:K25) -> 9685333.6 | M25: =M38/K38*K25 -> 9403592.4 | N25: =N38/M38*M25 -> 9357985 | O25: =O38/N38*N25 -> 9394592.1 | P25: =P38/O38*O25 -> 9412868.2 | Q25: =AVERAGE(M25:P25) -> 9392259.4 | R25: =R38/P38*P25 -> 9582942.3 | S25: =S38/R38*R25 -> 9789994.8 | T25: =T38/S38*S25 -> 10133416 | U25: =U38/T38*T25 -> 10378468 | V25: =AVERAGE(R25:U25) -> 9971205.3 | W25: =W38/U38*U25 -> 10635853 | X25: =X38/W38*W25 -> 10877699 | Y25: =Y38/X38*X25 -> 11050550 | Z25: =Z38/Y38*Y25 -> 11177379 | AA25: =AVERAGE(W25:Z25) -> 10935370 | AB25: =AB38/Z38*Z25 -> 11420377 | AC25: =AC38/AB38*AB25 -> 11581868 | AD25: =AD38/AC38*AC25 -> 11860406 | AE25: =AE38/AD38*AD25 -> 11932114 | AF25: =AVERAGE(AB25:AE25) -> 11698691 | AG25: =AG38/AE38*AE25 -> 11984107 | AH25: =AH38/AG38*AG25 -> 11988626 | AI25: =AI38/AH38*AH25 -> 12058974 | AJ25: =AJ38/AI38*AI25 -> 11829899 | AK25: =AVERAGE(AG25:AJ25) -> 11965402 | AL25: =AL38/AJ38*AJ25 -> 11893696 | AM25: =AM38/AL38*AL25 -> 12134179 | AN25: =AN38/AM38*AM25 -> 12227867 | AO25: =AO38/AN38*AN25 -> 12251726 | AP25: =AVERAGE(AL25:AO25) -> 12126867 | AQ25: =AQ38/AO38*AO25 -> 12478545 | AR25: =AR38/AQ38*AQ25 -> 12513152 | AS25: =AS38/AR38*AR25 -> 12501463 | AT25: =AT38/AS38*AS25 -> 12292359 | AU25: =AVERAGE(AQ25:AT25) -> 12446380 | AV25: =AV38/AT38*AT25 -> 12490405 | AW25: =AW38/AV38*AV25 -> 12746727 | AX25: =AX38/AW38*AW25 -> 12844269 | AY25: =AY38/AX38*AX25 -> 12905363 | AZ25: =AVERAGE(AV25:AY25) -> 12746691 | BA25: =BA38/AY38*AY25 -> 12918023 | BB25: =BB38/BA38*BA25 -> 13343276 | BC25: =BC38/BB38*BB25 -> 13375343 | BD25: =BD38/BC38*BC25 -> 13355044 | BE25: =AVERAGE(BA25:BD25) -> 13247921 | BF25: =BF38/BD38*BD25 -> 13498317 | BG25: =BG38/BF38*BF25 -> 13813302 | BH25: =BH38/BG38*BG25 -> 13826818 | BI25: =BI38/BH38*BH25 -> 13834491 | BJ25: =AVERAGE(BF25:BI25) -> 13743232 | BK25: =BK38/BI38*BI25 -> 13920143 | BL25: =BL38/BK38*BK25 -> 14191677 | BM25: =BM38/BL38*BL25 -> 14290648 | BN25: =BN38/BM38*BM25 -> 14495356 | BO25: =AVERAGE(BK25:BN25) -> 14224456 | BP25: =BP38/BN38*BN25 -> 14865860 | BQ25: =BQ38/BP38*BP25 -> 14925919 | BR25: =BR38/BQ38*BQ25 -> 14904772 | BS25: =BS38/BR38*BR25 -> 14780424 | BT25: =AVERAGE(BP25:BS25) -> 14869244 | BU25: =BU38/BS38*BS25 -> 14795205 | BV25: =BV38/BU38*BU25 -> 14881017 | BW25: =BW38/BV38*BV25 -> 14924172 | BX25: =BX38/BW38*BW25 -> 14767468 | BZ25: =BZ38/BX38*BX25 -> 14726119 | CA25: =CA38/BZ38*BZ25 -> 15269513 | CB25: =CB38/CA38*CA25 -> 15229812 | CC25: =CC38/CB38*CB25 -> 15575529 | CE25: =CE38/CC38*CC25 -> 16324712 | CF25: =CF38/CE38*CE25 -> 0 | CG25: =CG38/CF38*CF25 -> #DIV/0! | CH25: =CH38/CG38*CG25 -> #DIV/0! | CJ25: =CJ38/CH38*CH25 -> #DIV/0! | CK25: =CK38/CJ38*CJ25 -> #DIV/0! | CL25: =CL38/CK38*CK25 -> #DIV/0! | CM25: =CM38/CL38*CL25 -> #DIV/0!
W28: IHP
B29: IHP (2010=100) | C29: 2010 | H29: 2011 | M29: 2012 | R29: 2013 | W29: 2014 | AB29: 2015 | AG29: 2016 | AL29: 2017 | AQ29: 2018 | AV29: 2019 | BA29: 2020 | BF29: 2021 | BK29: 2022 | BP29: 2023 | BU29: 2024 | BZ29: 2025 | CE29: 2026 | CJ29: 2027
C30: triw.1 | D30: triw.2 | E30: triw.3 | F30: triw.4 | H30: triw.1 | I30: triw.2 | J30: triw.3 | K30: triw.4 | M30: triw.1 | N30: triw.2 | O30: triw.3 | P30: triw.4 | R30: triw.1 | S30: triw.2 | T30: triw.3 | U30: triw.4 | W30: triw.1 | X30: triw.2 | Y30: triw.3 | Z30: triw.4 | AB30: triw.1 | AC30: triw.2 | AD30: triw.3 | AE30: triw.4 | AG30: triw.1 | AH30: triw.2 | AI30: triw.3 | AJ30: triw.4 | AL30: triw.1 | AM30: triw.2 | AN30: triw.3 | AO30: triw.4 | AQ30: triw.1 | AR30: triw.2 | AS30: triw.3 | AT30: triw.4 | AV30: triw.1 | AW30: triw.2 | AX30: triw.3 | AY30: triw.4 | BA30: triw.1 | BB30: triw.2 | BC30: triw.3 | BD30: triw.4 | BF30: triw.1 | BG30: triw.2 | BH30: triw.3 | BI30: triw.4 | BJ30: Total | BK30: triw.1 | BL30: triw.2 | BM30: triw.3 | BN30: triw.4 | BO30: Total | BP30: triw.1 | BQ30: triw.2 | BR30: triw.3 | BS30: triw.4 | BT30: Total | BU30: triw.1 | BV30: triw.2 | BW30: triw.3 | BX30: triw.4 | BY30: Total | BZ30: triw.1 | CA30: triw.2 | CB30: triw.3 | CC30: triw.4 | CD30: Total | CE30: triw.1 | CF30: triw.2 | CG30: triw.3 | CH30: triw.4 | CI30: Total | CJ30: triw.1 | CK30: triw.2 | CL30: triw.3 | CM30: triw.4 | CN30: Total
B31: -1 | C31: -10 | D31: -11 | E31: -12 | F31: -13 | G31: -14 | H31: -15 | I31: -16 | J31: -17 | K31: -18 | L31: -19 | M31: -20 | N31: -21 | O31: -22 | P31: -23 | Q31: -24 | R31: -25 | S31: -26 | T31: -27 | U31: -28 | V31: -29 | W31: -30 | X31: -31 | Y31: -32 | Z31: -33 | AA31: -34 | AB31: -35 | AC31: -36 | AD31: -37 | AE31: -38 | AF31: -39 | AG31: -40 | AH31: -41 | AI31: -42 | AJ31: -43 | AK31: -44 | AL31: -45 | AM31: -46 | AN31: -47 | AO31: -48 | AP31: -49 | AQ31: -50 | AR31: -51 | AS31: -52 | AT31: -53 | AU31: -54 | AV31: -55 | AW31: -56 | AX31: -57 | AY31: -58 | AZ31: -59 | BA31: -60 | BB31: -61 | BC31: -62 | BD31: -63 | BE31: -64 | BF31: -65 | BG31: -66 | BH31: -67 | BI31: -68 | BJ31: -69 | BK31: -65 | BL31: -66 | BM31: -67 | BN31: -68 | BO31: -69 | BP31: -65 | BQ31: -66 | BR31: -67 | BS31: -68 | BT31: -69 | BU31: -70 | BV31: -71 | BW31: -72 | BX31: -73 | BY31: -74 | BZ31: -75 | CA31: -76 | CB31: -77 | CC31: -78 | CD31: -79 | CE31: -75 | CF31: -76 | CG31: -77 | CH31: -78 | CI31: -79 | CJ31: -75 | CK31: -76 | CL31: -77 | CM31: -78 | CN31: -79
B32: Padi | C32: 97.046987 | D32: 91.504442 | E32: 101.16269 | F32: 110.28588 | G32: 100 | H32: 109.47637 | I32: 105.54376 | J32: 118.81839 | K32: 127.93301 | L32: 115.44288 | M32: 129.37515 | N32: 122.14366 | O32: 124.31881 | P32: 129.77852 | Q32: 126.40404 | R32: 132.75508 | S32: 122.11947 | T32: 126.84352 | U32: 133.61589 | V32: 128.83349 | W32: 139.06331 | X32: 131.66287 | Y32: 134.56585 | Z32: 148.06958 | AA32: 138.34041 | AB32: 154.93103 | AC32: 139.13353 | AD32: 147.99307 | AE32: 161.81819 | AF32: 150.96896 | AG32: 162.10546 | AH32: 141.56609 | AI32: 143.58635 | AJ32: 146.80136 | AL32: 147.59403 | AM32: 142.81881 | AN32: 146.31988 | AO32: 157.06424 | AQ32: 164.8958 | AR32: 147.54148 | AS32: 153.27297 | AT32: 163.9299 | AV32: 161.58354 | AW32: 146.36707 | AX32: 151.02759 | AY32: 156.7109 | BA32: 158.31357 | BB32: 153.52347 | BC32: 154.37953 | BD32: 155.87524 | BF32: 153.88417 | BG32: 148.69009 | BH32: 149.18065 | BI32: 154.1583 | BK32: 157.64 | BL32: 153.19 | BM32: 158.61 | BN32: 167.82 | BP32: 175.73 | BQ32: 173.83 | BR32: 174.36 | BS32: 179.79 | BU32: =BS32+(BS32*2.89/100) -> 184.98593 | BV32: =BU32+(BU32*-3.27/100) -> 178.93689 | BW32: =BV32+(BV32*1.13/100) -> 180.95888 | BX32: =BW32+(BW32*0.04/100) -> 181.03126 | BZ32: =BX32+(BX32*1.02/100) -> 182.87778 | CA32: =BZ32+(BZ32*1.97/100) -> 186.48047 | CB32: =CA32+(CA32*3.05/100) -> 192.16813 | CC32: =CB32+(CB32*0.63/100) -> 193.37879 | CE32: =CC32+(CC32*0.69/100) -> 194.7131
B33: Jagung | C33: 98.166894 | D33: 98.948663 | E33: 100.64151 | F33: 102.24293 | G33: 100 | H33: 103.69503 | I33: 105.86642 | J33: 107.02994 | K33: 108.16902 | L33: 106.19011 | M33: 108.12309 | N33: 108.23595 | O33: 109.94791 | P33: 112.37864 | Q33: 109.6714 | R33: 113.78542 | S33: 114.38278 | T33: 117.53683 | U33: 118.67891 | V33: 116.09599 | W33: 119.48486 | X33: 120.1022 | Y33: 120.85056 | Z33: 122.22555 | AA33: 120.66579 | AB33: 123.35929 | AC33: 122.92614 | AD33: 123.97406 | AE33: 130.84964 | AF33: 125.27728 | AG33: 133.97057 | AH33: 132.6098 | AI33: 133.8628 | AJ33: 135.86494 | AL33: 135.7822 | AM33: 137.74688 | AN33: 139.63374 | AO33: 140.59298 | AQ33: 138.38589 | AR33: 139.24463 | AS33: 142.30805 | AT33: 148.58428 | AV33: 152.63314 | AW33: 153.57682 | AX33: 155.26348 | AY33: 156.45605 | BA33: 155.10721 | BB33: 148.81688 | BC33: 144.77329 | BD33: 147.29808 | BF33: 150.68692 | BG33: 157.53775 | BH33: 162.82884 | BI33: 163.85608 | BK33: 163.87 | BL33: 165.13 | BM33: 162.67 | BN33: 160.93 | BP33: 163.39 | BQ33: 166.83 | BR33: 168.15 | BS33: 174.36 | BU33: =BS33+(BS33*2.48/100) -> 178.68413 | BV33: =BU33+(BU33*-5.22/100) -> 169.35682 | BW33: =BV33+(BV33*-0.95/100) -> 167.74793 | BX33: =BW33+(BW33*0.28/100) -> 168.21762 | BZ33: =BX33+(BX33*0.68/100) -> 169.3615 | CA33: =BZ33+(BZ33*-1.61/100) -> 166.63478 | CB33: =CA33+(CA33*2.36/100) -> 170.56736 | CC33: =CB33+(CB33*4.83/100) -> 178.80577 | CE33: =CC33+(CC33*2/100) -> 182.38188
B34: Ubi Kayu | C34: 97.63822 | D34: 99.036761 | E34: 101.37909 | F34: 101.94593 | G34: 100 | H34: 102.60805 | I34: 102.90126 | J34: 105.74258 | K34: 107.43276 | L34: 104.67116 | M34: 109.07661 | N34: 111.23071 | O34: 113.11752 | P34: 113.94225 | Q34: 111.84177 | R34: 114.8563 | S34: 115.56461 | T34: 118.68284 | U34: 118.54526 | V34: 116.91225 | W34: 119.11998 | X34: 120.96641 | Y34: 124.02304 | Z34: 127.77406 | AA34: 122.97087 | AB34: 130.72783 | AC34: 134.5691 | AD34: 136.7637 | AE34: 138.88957 | AF34: 135.23755 | AG34: 138.28474 | AH34: 138.12862 | AI34: 138.33 | AJ34: 136.80851 | AL34: 137.31119 | AM34: 137.72915 | AN34: 138.58944 | AO34: 140.43555 | AQ34: 144.1025 | AR34: 147.39073 | AS34: 150.18711 | AT34: 153.0155 | AV34: 156.46381 | AW34: 160.41676 | AX34: 162.91758 | AY34: 163.78973 | BA34: 165.68053 | BB34: 167.67569 | BC34: 166.64529 | BD34: 164.33214 | BF34: 162.47785 | BG34: 162.71301 | BH34: 163.32862 | BI34: 164.1039 | BK34: 167.6 | BL34: 172.58 | BM34: 176.68 | BN34: 179.62 | BP34: 187.94 | BQ34: 191.18 | BR34: 193.06 | BS34: 196.55 | BU34: =BS34+(BS34*2.26/100) -> 200.99203 | BV34: =BU34+(BU34*-0.35/100) -> 200.28856 | BW34: =BV34+(BV34*-0.95/100) -> 198.38582 | BX34: =BW34+(BW34*-0.14/100) -> 198.10808 | BZ34: =BX34+(BX34*0.36/100) -> 198.82127 | CA34: =BZ34+(BZ34*0.46/100) -> 199.73584 | CB34: =CA34+(CA34*-0.21/100) -> 199.3164 | CC34: =CB34+(CB34*0.74/100) -> 200.79134 | CE34: =CC34+(CC34*1.09/100) -> 202.97996
B35: Ubi Jalar | C35: 97.346001 | D35: 98.484423 | E35: 101.42212 | F35: 102.74746 | G35: 100 | H35: 104.42736 | I35: 106.80488 | J35: 108.78336 | K35: 110.4963 | L35: 107.62798 | M35: 111.28876 | N35: 112.05641 | O35: 113.51912 | P35: 114.42825 | Q35: 112.82314 | R35: 116.73409 | S35: 118.06317 | T35: 120.8646 | U35: 120.9041 | V35: 119.14149 | W35: 122.63553 | X35: 124.35192 | Y35: 127.7622 | Z35: 130.66783 | AA35: 126.35437 | AB35: 135.99566 | AC35: 136.80135 | AD35: 138.27422 | AE35: 140.53935 | AF35: 137.90265 | AG35: 142.62059 | AH35: 141.64751 | AI35: 141.26626 | AJ35: 139.41481 | AL35: 140.69959 | AM35: 142.57643 | AN35: 143.41012 | AO35: 144.61257 | AQ35: 146.79106 | AR35: 149.65805 | AS35: 149.549 | AT35: 151.72793 | AV35: 154.26061 | AW35: 155.74333 | AX35: 155.08802 | AY35: 156.84358 | BA35: 160.22771 | BB35: 162.11765 | BC35: 159.65454 | BD35: 155.01758 | BF35: 150.13998 | BG35: 152.02884 | BH35: 155.44997 | BI35: 160.65339 | BK35: 163.38 | BL35: 165.49 | BM35: 166.95 | BN35: 170.13 | BP35: 172.98 | BQ35: 173.85 | BR35: 175.57 | BS35: 181.24 | BU35: =BS35+(BS35*3.74/100) -> 188.01838 | BV35: =BU35+(BU35*1.55/100) -> 190.93266 | BW35: =BV35+(BV35*-0.1/100) -> 190.74173 | BX35: =BW35+(BW35*-0.89/100) -> 189.04413 | BZ35: =BX35+(BX35*-1.01/100) -> 187.13478 | CA35: =BZ35+(BZ35*-0.8/100) -> 185.6377 | CB35: =CA35+(CA35*2.77/100) -> 190.77987 | CC35: =CB35+(CB35*2.14/100) -> 194.86256 | CE35: =CC35+(CC35*1.04/100) -> 196.88913
B36: Kacang Tanah | C36: 96.928804 | D36: 98.127742 | E36: 101.28979 | F36: 103.65366 | G36: 100 | H36: 106.09533 | I36: 108.09087 | J36: 111.41615 | K36: 111.9322 | L36: 109.38364 | M36: 112.29779 | N36: 114.00981 | O36: 116.73226 | P36: 117.33912 | Q36: 115.09474 | R36: 119.11138 | S36: 119.35672 | T36: 123.18747 | U36: 123.21866 | V36: 121.21856 | W36: 123.62883 | X36: 124.32403 | Y36: 126.9855 | Z36: 129.6933 | AA36: 126.15792 | AB36: 131.52855 | AC36: 133.10297 | AD36: 140.06488 | AE36: 143.55904 | AF36: 137.06386 | AG36: 144.58514 | AH36: 144.37654 | AI36: 147.0652 | AJ36: 146.90137 | AL36: 147.25809 | AM36: 149.76626 | AN36: 152.07309 | AO36: 152.72935 | AQ36: 153.94871 | AR36: 154.64361 | AS36: 155.58077 | AT36: 155.07027 | AV36: 153.68779 | AW36: 155.78065 | AX36: 158.72305 | AY36: 160.89429 | BA36: 162.55718 | BB36: 163.99492 | BC36: 164.10995 | BD36: 162.87425 | BF36: 163.52638 | BG36: 165.6658 | BH36: 167.50179 | BI36: 168.28991 | BK36: 172.45 | BL36: 175.92 | BM36: 177.16 | BN36: 177.89 | BP36: 182.67 | BQ36: 184.11 | BR36: 185.43 | BS36: 187.42 | BU36: =BS36+(BS36*1.04/100) -> 189.36917 | BV36: =BU36+(BU36*1.08/100) -> 191.41436 | BW36: =BV36+(BV36*0.88/100) -> 193.0988 | BX36: =BW36+(BW36*-0.14/100) -> 192.82846 | BZ36: =BX36+(BX36*0.83/100) -> 194.42894 | CA36: =BZ36+(BZ36*0.51/100) -> 195.42053 | CB36: =CA36+(CA36*0.57/100) -> 196.53442 | CC36: =CB36+(CB36*1.06/100) -> 198.61769 | CE36: =CC36+(CC36*5.69/100) -> 209.91904
B37: Kedelai | C37: 99.010899 | D37: 98.595838 | E37: 100.37335 | F37: 102.01991 | G37: 100 | H37: 105.39287 | I37: 106.82915 | J37: 106.54069 | K37: 106.2051 | L37: 106.24195 | M37: 106.542 | N37: 107.14304 | O37: 109.11259 | P37: 110.59671 | Q37: 108.34859 | R37: 111.78622 | S37: 111.88649 | T37: 113.90777 | U37: 117.49808 | V37: 113.76964 | W37: 118.54435 | X37: 118.86949 | Y37: 119.15741 | Z37: 119.92688 | AA37: 119.12453 | AB37: 119.94817 | AC37: 120.18828 | AD37: 120.32029 | AE37: 119.35066 | AF37: 119.95185 | AG37: 120.68939 | AH37: 121.49236 | AI37: 122.62534 | AJ37: 123.02238 | AL37: 124.41192 | AM37: 125.21504 | AN37: 125.7499 | AO37: 125.82537 | AQ37: 138.38589 | AR37: 139.24463 | AS37: 142.30805 | AT37: 148.58428 | AV37: 126.94165 | AW37: 127.65115 | AX37: 128.89418 | AY37: 128.95897 | BA37: 131.01545 | BB37: 131.95829 | BC37: 132.35635 | BD37: 133.39771 | BF37: 135.07965 | BG37: 137.19881 | BH37: 138.24414 | BI37: 137.97754 | BK37: 139.2 | BL37: 139.64 | BM37: 140.47 | BN37: 143.37 | BP37: 145.89 | BQ37: 145.11 | BR37: 146.76 | BS37: 147.3 | BU37: =BS37+(BS37*0.77/100) -> 148.43421 | BV37: =BU37+(BU37*0.61/100) -> 149.33966 | BW37: =BV37+(BV37*-1.54/100) -> 147.03983 | BX37: =BW37+(BW37*-1.48/100) -> 144.86364 | BZ37: =BX37+(BX37*-0.23/100) -> 144.53045 | CA37: =BZ37+(BZ37*0.14/100) -> 144.73279 | CB37: =CA37+(CA37*0/100) -> 144.73279 | CC37: =CB37+(CB37*-0.11/100) -> 144.57359 | CE37: =CC37+(CC37*0.95/100) -> 145.94704
B38: Kacang Hijau | C38: 94.390885 | D38: 97.503925 | E38: 102.33628 | F38: 105.76891 | G38: 100 | H38: 113.26288 | I38: 115.50064 | J38: 116.06931 | K38: 113.15628 | L38: 114.49728 | M38: 111.16661 | N38: 110.62746 | O38: 111.06021 | P38: 111.27627 | Q38: 111.03264 | R38: 113.28684 | S38: 115.73455 | T38: 119.79438 | U38: 122.69132 | V38: 117.87677 | W38: 125.73405 | X38: 128.59308 | Y38: 130.63649 | Z38: 132.13582 | AA38: 129.27486 | AB38: 135.00847 | AC38: 136.91758 | AD38: 140.21037 | AE38: 141.05808 | AF38: 138.29862 | AG38: 141.67273 | AH38: 141.72615 | AI38: 142.55779 | AJ38: 139.84973 | AL38: 140.60391 | AM38: 143.44684 | AN38: 144.55439 | AO38: 144.83644 | AQ38: 147.51783 | AR38: 147.92695 | AS38: 147.78876 | AT38: 145.3168 | AV38: 147.65804 | AW38: 150.6882 | AX38: 151.84133 | AY38: 152.56356 | BA38: 152.71322 | BB38: 157.74043 | BC38: 158.11952 | BD38: 157.87955 | BF38: 159.57329 | BG38: 163.29695 | BH38: 163.45674 | BI38: 163.54745 | BK38: 164.56 | BL38: 167.77 | BM38: 168.94 | BN38: 171.36 | BP38: 175.74 | BQ38: 176.45 | BR38: 176.2 | BS38: 174.73 | BU38: =BS38+(BS38*0.1/100) -> 174.90473 | BV38: =BU38+(BU38*0.58/100) -> 175.91918 | BW38: =BV38+(BV38*0.29/100) -> 176.42934 | BX38: =BW38+(BW38*-1.05/100) -> 174.57683 | BZ38: =BX38+(BX38*-0.28/100) -> 174.08802 | CA38: =BZ38+(BZ38*3.69/100) -> 180.51187 | CB38: =CA38+(CA38*-0.26/100) -> 180.04254 | CC38: =CB38+(CB38*2.27/100) -> 184.1295 | CE38: =CC38+(CC38*4.81/100) -> 192.98613
BU39: =BU32/BS32*100-100 -> 2.89
BU40: =BU32/BP32*100-100 -> 5.267132
B41: Y-on Y
C42: 2010 | H42: 2011 | M42: 2012 | R42: 2013 | W42: 2014 | AB42: 2015 | AG42: 2016 | AL42: 2017 | AQ42: 2018 | AV42: 2019 | BA42: 2020 | BF42: 2021 | BK42: 2022 | BP42: 2023 | BU42: 2024 | BZ42: 2025 | CE42: 2026 | CJ42: 2027
C43: triw.1 | D43: triw.2 | E43: triw.3 | F43: triw.4 | H43: triw.1 | I43: triw.2 | J43: triw.3 | K43: triw.4 | M43: triw.1 | N43: triw.2 | O43: triw.3 | P43: triw.4 | R43: triw.1 | S43: triw.2 | T43: triw.3 | U43: triw.4 | W43: triw.1 | X43: triw.2 | Y43: triw.3 | Z43: triw.4 | AB43: triw.1 | AC43: triw.2 | AD43: triw.3 | AE43: triw.4 | AG43: triw.1 | AH43: triw.2 | AI43: triw.3 | AJ43: triw.4 | AL43: triw.1 | AM43: triw.2 | AN43: triw.3 | AO43: triw.4 | AQ43: triw.1 | AR43: triw.2 | AS43: triw.3 | AT43: triw.4 | AV43: triw.1 | AW43: triw.2 | AX43: triw.3 | AY43: triw.4 | BA43: triw.1 | BB43: triw.2 | BC43: triw.3 | BD43: triw.4 | BF43: triw.1 | BG43: triw.2 | BH43: triw.3 | BI43: triw.4 | BK43: triw.1 | BL43: triw.2 | BM43: triw.3 | BN43: triw.4 | BP43: triw.1 | BQ43: triw.2 | BR43: triw.3 | BS43: triw.4 | BU43: triw.1 | BV43: triw.2 | BW43: triw.3 | BX43: triw.4 | BZ43: triw.1 | CA43: triw.2 | CB43: triw.3 | CC43: triw.4 | CE43: triw.1 | CF43: triw.2 | CG43: triw.3 | CH43: triw.4 | CJ43: triw.1 | CK43: triw.2 | CL43: triw.3 | CM43: triw.4
B45: Padi | C45: =IFERROR(C5/#REF!*100-100,"") | D45: =IFERROR(D5/#REF!*100-100,"") | E45: =IFERROR(E5/#REF!*100-100,"") | F45: =IFERROR(F5/#REF!*100-100,"") | G45: =IFERROR(G5/C5*100-100,"") -> 1350.9143 | H45: =IFERROR(H5/D5*100-100,"") -> -53.175751 | I45: =IFERROR(I5/E5*100-100,"") -> 29.383258 | J45: =IFERROR(J5/F5*100-100,"") -> 0.26674815 | K45: =IFERROR(K5/G5*100-100,"") -> -72.454492 | M45: =IFERROR(M5/H5*100-100,"") -> -5.971302 | N45: =IFERROR(N5/I5*100-100,"") -> 15.284557 | O45: =IFERROR(O5/J5*100-100,"") -> 9.4159508 | P45: =IFERROR(P5/K5*100-100,"") -> -5.2142389 | R45: =IFERROR(R5/M5*100-100,"") -> 32.756209 | S45: =IFERROR(S5/N5*100-100,"") -> 15.689748 | T45: =IFERROR(T5/O5*100-100,"") -> -25.673163 | U45: =IFERROR(U5/P5*100-100,"") -> 20.504785 | W45: =IFERROR(W5/R5*100-100,"") -> 32.011756 | X45: =IFERROR(X5/S5*100-100,"") -> -4.2485958 | Y45: =IFERROR(Y5/T5*100-100,"") -> 85.653953 | Z45: =IFERROR(Z5/U5*100-100,"") -> -8.5610022 | AB45: =IFERROR(AB5/W5*100-100,"") -> -41.618027 | AC45: =IFERROR(AC5/X5*100-100,"") -> 24.148261 | AD45: =IFERROR(AD5/Y5*100-100,"") -> -2.3844723 | AE45: =IFERROR(AE5/Z5*100-100,"") -> 10.952767 | AF45: =IFERROR(AF5/AA5*100-100,"") -> 0.4718552 | AG45: =IFERROR(AG5/AB5*100-100,"") -> -26.733567 | AH45: =IFERROR(AH5/AC5*100-100,"") -> 1.5381262 | AI45: =IFERROR(AI5/AD5*100-100,"") -> -22.628814 | ... CN45: =IFERROR(CN5/CI5*100-100,"") -> -100
B46: Jagung | C46: =IFERROR(C6/#REF!*100-100,"") | D46: =IFERROR(D6/#REF!*100-100,"") | E46: =IFERROR(E6/#REF!*100-100,"") | F46: =IFERROR(F6/#REF!*100-100,"") | G46: =IFERROR(G6/C6*100-100,"") -> 85.206266 | H46: =IFERROR(H6/D6*100-100,"") -> 39.689987 | I46: =IFERROR(I6/E6*100-100,"") -> 110.77139 | J46: =IFERROR(J6/F6*100-100,"") -> 191.61777 | K46: =IFERROR(K6/G6*100-100,"") -> -95.273918 | M46: =IFERROR(M6/H6*100-100,"") -> 76.795204 | N46: =IFERROR(N6/I6*100-100,"") -> -30.758983 | O46: =IFERROR(O6/J6*100-100,"") -> 3.1690141 | P46: =IFERROR(P6/K6*100-100,"") -> 7.2943172 | R46: =IFERROR(R6/M6*100-100,"") -> -5.8892843 | S46: =IFERROR(S6/N6*100-100,"") -> -29.747208 | T46: =IFERROR(T6/O6*100-100,"") -> -7.7801769 | U46: =IFERROR(U6/P6*100-100,"") -> -45.770751 | W46: =IFERROR(W6/R6*100-100,"") -> -4.3209403 | X46: =IFERROR(X6/S6*100-100,"") -> -30.696082 | Y46: =IFERROR(Y6/T6*100-100,"") -> -11.283988 | Z46: =IFERROR(Z6/U6*100-100,"") -> 11.758989 | AB46: =IFERROR(AB6/W6*100-100,"") -> -15.364277 | AC46: =IFERROR(AC6/X6*100-100,"") -> 55.499451 | AD46: =IFERROR(AD6/Y6*100-100,"") -> 44.074579 | AE46: =IFERROR(AE6/Z6*100-100,"") -> 133.08696 | AF46: =IFERROR(AF6/AA6*100-100,"") -> 12.443894 | AG46: =IFERROR(AG6/AB6*100-100,"") -> 33.76984 | AH46: =IFERROR(AH6/AC6*100-100,"") -> 93.449103 | AI46: =IFERROR(AI6/AD6*100-100,"") -> -12.025055 | ... CN46: =IFERROR(CN6/CI6*100-100,"") -> -100
B47: Kedelai | C47: =IFERROR(C10/#REF!*100-100,"") | D47: =IFERROR(D10/#REF!*100-100,"") | E47: =IFERROR(E10/#REF!*100-100,"") | F47: =IFERROR(F10/#REF!*100-100,"") | G47: =IFERROR(G10/C10*100-100,"") -> 131.76556 | H47: =IFERROR(H10/D10*100-100,"") -> -58.173619 | I47: =IFERROR(I10/E10*100-100,"") -> 186.13139 | J47: =IFERROR(J10/F10*100-100,"") -> 2086.6071 | K47: =IFERROR(K10/G10*100-100,"") -> -70.621293 | M47: =IFERROR(M10/H10*100-100,"") -> 232.61456 | N47: =IFERROR(N10/I10*100-100,"") -> -64.540816 | O47: =IFERROR(O10/J10*100-100,"") -> -80.114332 | P47: =IFERROR(P10/K10*100-100,"") -> 22.741764 | R47: =IFERROR(R10/M10*100-100,"") -> 5.267423 | S47: =IFERROR(S10/N10*100-100,"") -> 3.117506 | T47: =IFERROR(T10/O10*100-100,"") -> 14.373717 | U47: =IFERROR(U10/P10*100-100,"") -> -23.896104 | W47: =IFERROR(W10/R10*100-100,"") -> -17.397998 | X47: =IFERROR(X10/S10*100-100,"") -> -42.790698 | Y47: =IFERROR(Y10/T10*100-100,"") -> 89.766607 | Z47: =IFERROR(Z10/U10*100-100,"") -> 249.14676 | AB47: =IFERROR(AB10/W10*100-100,"") -> 198.04287 | AC47: =IFERROR(AC10/X10*100-100,"") -> 145.93496 | AD47: =IFERROR(AD10/Y10*100-100,"") -> 161.40019 | AE47: =IFERROR(AE10/Z10*100-100,"") -> 83.382209 | AF47: =IFERROR(AF10/AA10*100-100,"") -> 124.89896 | AG47: =IFERROR(AG10/AB10*100-100,"") -> 86.460288 | AH47: =IFERROR(AH10/AC10*100-100,"") -> 295.78512 | AI47: =IFERROR(AI10/AD10*100-100,"") -> -28.230185 | ... BG47: =IFERROR(BG10/BB10*100-100,"") -> -37.588652 | BH47: =IFERROR(BH7/BC7*100-100,"") -> -37.49434 | BI47: =IFERROR(BI10/BD10*100-100,"") -> -39.882698 | BJ47: =IFERROR(BJ10/BE10*100-100,"") -> -30.085262 | BK47: =IFERROR(BK10/BF10*100-100,"") -> 4271.4286 | BL47: =IFERROR(BL10/BG10*100-100,"") -> 2520.4545 | BM47: =IFERROR(BM7/BH7*100-100,"") -> -9.8325911 | BN47: =IFERROR(BN10/BI10*100-100,"") -> -13.580488 | BO47: =IFERROR(BO10/BJ10*100-100,"") -> 1704.3833 | BP47: =IFERROR(BP10/BK10*100-100,"") -> -78.574346 | BQ47: =IFERROR(BQ10/BL10*100-100,"") -> -51.756288 | BR47: =IFERROR(BR7/BM7*100-100,"") -> -3.0259752 | BS47: =IFERROR(BS10/BN10*100-100,"") -> 371.32536 | BT47: =IFERROR(BT10/BO10*100-100,"") -> -55.132488 | BU47: =IFERROR(BU10/BP10*100-100,"") -> -80.665441 | BV47: =IFERROR(BV10/BQ10*100-100,"") -> -94.979227 | BW47: =IFERROR(BW7/BR7*100-100,"") -> 13.737973 | BX47: =IFERROR(BX10/BS10*100-100,"") -> -72.167041 | BY47: =IFERROR(BY10/BT10*100-100,"") -> -87.415501 | BZ47: =IFERROR(BZ10/BU10*100-100,"") -> -17.360214 | CA47: =IFERROR(CA10/BV10*100-100,"") -> -25.340128 | CB47: =IFERROR(CB7/BW7*100-100,"") -> -0.19339457 | CC47: =IFERROR(CC10/BX10*100-100,"") -> 3.9285092 | CD47: =IFERROR(CD10/BY10*100-100,"") -> -11.414255 | CE47: =IFERROR(CE10/BZ10*100-100,"") -> -17.360214 | CF47: =IFERROR(CF10/CA10*100-100,"") -> -100 | CG47: =IFERROR(CG7/CB7*100-100,"") -> -100 | CH47: =IFERROR(CH10/CC10*100-100,"") -> -100 | CI47: =IFERROR(CI10/CD10*100-100,"") -> -73.262813 | CJ47: =IFERROR(CJ10/CE10*100-100,"") -> -100 | CK47: =IFERROR(CK10/CF10*100-100,"") | CL47: =IFERROR(CL7/CG7*100-100,"") | CM47: =IFERROR(CM10/CH10*100-100,"") | CN47: =IFERROR(CN10/CI10*100-100,"") -> -100
B48: Kacang Tanah | C48: =IFERROR(C9/#REF!*100-100,"") | D48: =IFERROR(D9/#REF!*100-100,"") | E48: =IFERROR(E9/#REF!*100-100,"") | F48: =IFERROR(F9/#REF!*100-100,"") | G48: =IFERROR(G9/C9*100-100,"") -> 193.64231 | H48: =IFERROR(H9/D9*100-100,"") -> 21.164021 | I48: =IFERROR(I9/E9*100-100,"") -> -16.54629 | J48: =IFERROR(J9/F9*100-100,"") -> 133.88704 | K48: =IFERROR(K9/G9*100-100,"") -> -90.14569 | M48: =IFERROR(M9/H9*100-100,"") -> 50.582242 | N48: =IFERROR(N9/I9*100-100,"") -> -21.557828 | O48: =IFERROR(O9/J9*100-100,"") -> 27.130682 | P48: =IFERROR(P9/K9*100-100,"") -> -29.568789 | R48: =IFERROR(R9/M9*100-100,"") -> 9.521508 | S48: =IFERROR(S9/N9*100-100,"") -> 7.0210632 | T48: =IFERROR(T9/O9*100-100,"") -> -33.240223 | U48: =IFERROR(U9/P9*100-100,"") -> 20.699708 | W48: =IFERROR(W9/R9*100-100,"") -> 19.196823 | X48: =IFERROR(X9/S9*100-100,"") -> -45.641987 | Y48: =IFERROR(Y9/T9*100-100,"") -> -9.3723849 | Z48: =IFERROR(Z9/U9*100-100,"") -> -30.434783 | AB48: =IFERROR(AB9/W9*100-100,"") -> -28.359867 | AC48: =IFERROR(AC9/X9*100-100,"") -> -9.3103448 | AD48: =IFERROR(AD9/Y9*100-100,"") -> -24.930748 | AE48: =IFERROR(AE9/Z9*100-100,"") -> -31.597222 | AF48: =IFERROR(AF9/AA9*100-100,"") -> -25.38693 | AG48: =IFERROR(AG9/AB9*100-100,"") -> -54.677003 | AH48: =IFERROR(AH9/AC9*100-100,"") -> 51.140684 | AI48: =IFERROR(AI9/AD9*100-100,"") -> 23.616236 | ... BG48: =IFERROR(BG9/BB9*100-100,"") -> -41.768707 | BH48: =IFERROR(BH8/BC8*100-100,"") -> -14.74098 | BI48: =IFERROR(BI9/BD9*100-100,"") -> -66.083916 | BJ48: =IFERROR(BJ9/BE9*100-100,"") -> -8.7301587 | BK48: =IFERROR(BK9/BF9*100-100,"") -> -34.560327 | BL48: =IFERROR(BL9/BG9*100-100,"") -> -9.5794393 | BM48: =IFERROR(BM8/BH8*100-100,"") -> -32.125803 | BN48: =IFERROR(BN9/BI9*100-100,"") -> 10.092784 | BO48: =IFERROR(BO9/BJ9*100-100,"") -> -33.72657 | BP48: =IFERROR(BP9/BK9*100-100,"") -> -17.083333 | BQ48: =IFERROR(BQ9/BL9*100-100,"") -> 20.930233 | BR48: =IFERROR(BR8/BM8*100-100,"") -> 80.033964 | BS48: =IFERROR(BS9/BN9*100-100,"") -> 96.647626 | BT48: =IFERROR(BT9/BO9*100-100,"") -> -4.4120148 | BU48: =IFERROR(BU9/BP9*100-100,"") -> 51.450057 | BV48: =IFERROR(BV9/BQ9*100-100,"") -> -33.894815 | BW48: =IFERROR(BW8/BR8*100-100,"") -> -55.267954 | BX48: =IFERROR(BX9/BS9*100-100,"") -> 9.9458757 | BY48: =IFERROR(BY9/BT9*100-100,"") -> 25.868257 | BZ48: =IFERROR(BZ9/BU9*100-100,"") -> -28.295842 | CA48: =IFERROR(CA9/BV9*100-100,"") -> 7.4139467 | CB48: =IFERROR(CB8/BW8*100-100,"") -> -15.566132 | CC48: =IFERROR(CC9/BX9*100-100,"") -> -15.258622 | CD48: =IFERROR(CD9/BY9*100-100,"") -> -25.455736 | CE48: =IFERROR(CE9/BZ9*100-100,"") -> -13.450695 | CF48: =IFERROR(CF9/CA9*100-100,"") -> -100 | CG48: =IFERROR(CG8/CB8*100-100,"") -> -100 | CH48: =IFERROR(CH9/CC9*100-100,"") -> -100 | CI48: =IFERROR(CI9/CD9*100-100,"") -> -59.462624 | CJ48: =IFERROR(CJ9/CE9*100-100,"") -> -100 | CK48: =IFERROR(CK9/CF9*100-100,"") | CL48: =IFERROR(CL8/CG8*100-100,"") | CM48: =IFERROR(CM9/CH9*100-100,"") | CN48: =IFERROR(CN9/CI9*100-100,"") -> -100
B49: Kacang Hijau | C49: =IFERROR(C11/#REF!*100-100,"") | D49: =IFERROR(D11/#REF!*100-100,"") | E49: =IFERROR(E11/#REF!*100-100,"") | F49: =IFERROR(F11/#REF!*100-100,"") | G49: =IFERROR(G11/C11*100-100,"") -> 216.90141 | H49: =IFERROR(H11/D11*100-100,"") -> 56.650246 | I49: =IFERROR(I11/E11*100-100,"") -> 138.91892 | J49: =IFERROR(J11/F11*100-100,"") -> 94.298246 | K49: =IFERROR(K11/G11*100-100,"") -> -64 | M49: =IFERROR(M11/H11*100-100,"") -> -21.383648 | N49: =IFERROR(N11/I11*100-100,"") -> -31.900452 | O49: =IFERROR(O11/J11*100-100,"") -> -36.117381 | P49: =IFERROR(P11/K11*100-100,"") -> -25.308642 | R49: =IFERROR(R11/M11*100-100,"") -> -21.2 | S49: =IFERROR(S11/N11*100-100,"") -> -2.6578073 | T49: =IFERROR(T11/O11*100-100,"") -> -6.7137809 | U49: =IFERROR(U11/P11*100-100,"") -> 35.950413 | W49: =IFERROR(W11/R11*100-100,"") -> 115.73604 | X49: =IFERROR(X11/S11*100-100,"") -> -2.3890785 | Y49: =IFERROR(Y11/T11*100-100,"") -> -3.030303 | Z49: =IFERROR(Z11/U11*100-100,"") -> -31.610942 | AB49: =IFERROR(AB11/W11*100-100,"") -> -43.764706 | AC49: =IFERROR(AC11/X11*100-100,"") -> -16.083916 | AD49: =IFERROR(AD11/Y11*100-100,"") -> 22.65625 | AE49: =IFERROR(AE11/Z11*100-100,"") -> 8 | AF49: =IFERROR(AF11/AA11*100-100,"") -> -13.087248 | AG49: =IFERROR(AG11/AB11*100-100,"") -> -28.033473 | AH49: =IFERROR(AH11/AC11*100-100,"") -> -35.416667 | AI49: =IFERROR(AI11/AD11*100-100,"") -> -8.5987261 | ... BG49: =IFERROR(BG11/BB11*100-100,"") -> -18.367347 | BH49: =IFERROR(BH9/BC9*100-100,"") -> -23.188406 | BI49: =IFERROR(BI11/BD11*100-100,"") -> -85.85086 | BJ49: =IFERROR(BJ11/BE11*100-100,"") -> -62.563452 | BK49: =IFERROR(BK11/BF11*100-100,"") -> -35.114504 | BL49: =IFERROR(BL11/BG11*100-100,"") -> 90 | BM49: =IFERROR(BM9/BH9*100-100,"") -> -45.732255 | BN49: =IFERROR(BN11/BI11*100-100,"") -> 1.4864865 | BO49: =IFERROR(BO11/BJ11*100-100,"") -> 2.0677966 | BP49: =IFERROR(BP11/BK11*100-100,"") -> -4.7058824 | BQ49: =IFERROR(BQ11/BL11*100-100,"") -> 19.736842 | BR49: =IFERROR(BR9/BM9*100-100,"") -> -18.377483 | BS49: =IFERROR(BS11/BN11*100-100,"") -> 94.407457 | BT49: =IFERROR(BT11/BO11*100-100,"") -> 59.747592 | BU49: =IFERROR(BU11/BP11*100-100,"") -> 28.641975 | BV49: =IFERROR(BV11/BQ11*100-100,"") -> -27.912088 | BW49: =IFERROR(BW9/BR9*100-100,"") -> 48.07861 | BX49: =IFERROR(BX11/BS11*100-100,"") -> -54.863014 | BY49: =IFERROR(BY11/BT11*100-100,"") -> -34.968815 | BZ49: =IFERROR(BZ11/BU11*100-100,"") -> -61.228407 | CA49: =IFERROR(CA11/BV11*100-100,"") -> -71.95122 | CB49: =IFERROR(CB9/BW9*100-100,"") -> -37.920299 | CC49: =IFERROR(CC11/BX11*100-100,"") -> -26.024279 | CD49: =IFERROR(CD11/BY11*100-100,"") -> -54.140026 | CE49: =IFERROR(CE11/BZ11*100-100,"") -> 6.4356436 | CF49: =IFERROR(CF11/CA11*100-100,"") -> -100 | CG49: =IFERROR(CG9/CB9*100-100,"") -> -100 | CH49: =IFERROR(CH11/CC11*100-100,"") -> -100 | CI49: =IFERROR(CI11/CD11*100-100,"") -> -70.024399 | CJ49: =IFERROR(CJ11/CE11*100-100,"") -> -100 | CK49: =IFERROR(CK11/CF11*100-100,"") | CL49: =IFERROR(CL9/CG9*100-100,"") | CM49: =IFERROR(CM11/CH11*100-100,"") | CN49: =IFERROR(CN11/CI11*100-100,"") -> -100
B50: Ubi Kayu | C50: =IFERROR(C7/#REF!*100-100,"") | D50: =IFERROR(D7/#REF!*100-100,"") | E50: =IFERROR(E7/#REF!*100-100,"") | F50: =IFERROR(F7/#REF!*100-100,"") | G50: =IFERROR(G7/C7*100-100,"") -> 322.87978 | H50: =IFERROR(H7/D7*100-100,"") -> -3.3313096 | I50: =IFERROR(I7/E7*100-100,"") -> -27.408835 | J50: =IFERROR(J7/F7*100-100,"") -> 35.118762 | K50: =IFERROR(K7/G7*100-100,"") -> -75.255586 | M50: =IFERROR(M7/H7*100-100,"") -> -11.739166 | N50: =IFERROR(N7/I7*100-100,"") -> 14.863327 | O50: =IFERROR(O7/J7*100-100,"") -> 5.8434523 | P50: =IFERROR(P7/K7*100-100,"") -> 17.182088 | R50: =IFERROR(R7/M7*100-100,"") -> 13.025184 | S50: =IFERROR(S7/N7*100-100,"") -> -0.63493676 | T50: =IFERROR(T7/O7*100-100,"") -> -0.074128984 | U50: =IFERROR(U7/P7*100-100,"") -> 2.2020479 | W50: =IFERROR(W7/R7*100-100,"") -> -16.10369 | X50: =IFERROR(X7/S7*100-100,"") -> -7.2998671 | Y50: =IFERROR(Y7/T7*100-100,"") -> 13.492652 | Z50: =IFERROR(Z7/U7*100-100,"") -> -9.2835895 | AB50: =IFERROR(AB7/W7*100-100,"") -> 10.196091 | AC50: =IFERROR(AC7/X7*100-100,"") -> 15.396493 | AD50: =IFERROR(AD7/Y7*100-100,"") -> -5.0486343 | AE50: =IFERROR(AE7/Z7*100-100,"") -> -12.424284 | AF50: =IFERROR(AF7/AA7*100-100,"") -> 0.005140331 | AG50: =IFERROR(AG7/AB7*100-100,"") -> -34.677563 | AH50: =IFERROR(AH7/AC7*100-100,"") -> -33.907579 | AI50: =IFERROR(AI7/AD7*100-100,"") -> -12.169937 | ... BG50: =IFERROR(BG7/BB7*100-100,"") -> -11.015811 | BH50: =IFERROR(BH10/BC10*100-100,"") -> 9.4594595 | BI50: =IFERROR(BI7/BD7*100-100,"") -> -10.118956 | BJ50: =IFERROR(BJ7/BE7*100-100,"") -> -13.062668 | BK50: =IFERROR(BK7/BF7*100-100,"") -> -2.8749686 | BL50: =IFERROR(BL7/BG7*100-100,"") -> -25.519662 | BM50: =IFERROR(BM10/BH10*100-100,"") -> 729.62963 | BN50: =IFERROR(BN7/BI7*100-100,"") -> -6.8375025 | BO50: =IFERROR(BO7/BJ7*100-100,"") -> -11.167474 | BP50: =IFERROR(BP7/BK7*100-100,"") -> -22.515252 | BQ50: =IFERROR(BQ7/BL7*100-100,"") -> 12.118581 | BR50: =IFERROR(BR10/BM10*100-100,"") -> -19.940476 | BS50: =IFERROR(BS7/BN7*100-100,"") -> -12.592187 | BT50: =IFERROR(BT7/BO7*100-100,"") -> -7.5544749 | BU50: =IFERROR(BU7/BP7*100-100,"") -> -4.7931305 | BV50: =IFERROR(BV7/BQ7*100-100,"") -> -6.741675 | BW50: =IFERROR(BW10/BR10*100-100,"") -> -92.961949 | BX50: =IFERROR(BX7/BS7*100-100,"") -> -4.5879851 | BY50: =IFERROR(BY7/BT7*100-100,"") -> 0.16833229 | BZ50: =IFERROR(BZ7/BU7*100-100,"") -> -0.51880092 | CA50: =IFERROR(CA7/BV7*100-100,"") -> -26.292302 | CB50: =IFERROR(CB10/BW10*100-100,"") -> -32.650166 | CC50: =IFERROR(CC7/BX7*100-100,"") -> 8.1211206 | CD50: =IFERROR(CD7/BY7*100-100,"") -> -4.1148168 | CE50: =IFERROR(CE7/BZ7*100-100,"") -> -8.9236249 | CF50: =IFERROR(CF7/CA7*100-100,"") -> -100 | CG50: =IFERROR(CG10/CB10*100-100,"") -> -100 | CH50: =IFERROR(CH7/CC7*100-100,"") -> -100 | CI50: =IFERROR(CI7/CD7*100-100,"") -> -80.796343 | CJ50: =IFERROR(CJ7/CE7*100-100,"") -> -100 | CK50: =IFERROR(CK7/CF7*100-100,"") | CL50: =IFERROR(CL10/CG10*100-100,"") | CM50: =IFERROR(CM7/CH7*100-100,"") | CN50: =IFERROR(CN7/CI7*100-100,"") -> -100
B51: Ubi Jalar | C51: =IFERROR(C8/#REF!*100-100,"") | D51: =IFERROR(D8/#REF!*100-100,"") | E51: =IFERROR(E8/#REF!*100-100,"") | F51: =IFERROR(F8/#REF!*100-100,"") | G51: =IFERROR(G8/C8*100-100,"") -> 714.15701 | H51: =IFERROR(H8/D8*100-100,"") -> -41.78907 | I51: =IFERROR(I8/E8*100-100,"") -> -2.780476 | J51: =IFERROR(J8/F8*100-100,"") -> 25.50367 | K51: =IFERROR(K8/G8*100-100,"") -> -76.153968 | M51: =IFERROR(M8/H8*100-100,"") -> 20.459195 | N51: =IFERROR(N8/I8*100-100,"") -> 33.170975 | O51: =IFERROR(O8/J8*100-100,"") -> 7.4788452 | P51: =IFERROR(P8/K8*100-100,"") -> -20.251906 | R51: =IFERROR(R8/M8*100-100,"") -> -26.495565 | S51: =IFERROR(S8/N8*100-100,"") -> -46.075213 | T51: =IFERROR(T8/O8*100-100,"") -> 3.6355216 | U51: =IFERROR(U8/P8*100-100,"") -> 14.650873 | W51: =IFERROR(W8/R8*100-100,"") -> 32.503209 | X51: =IFERROR(X8/S8*100-100,"") -> -8.1913043 | Y51: =IFERROR(Y8/T8*100-100,"") -> 5.8652665 | Z51: =IFERROR(Z8/U8*100-100,"") -> -9.4072866 | AB51: =IFERROR(AB8/W8*100-100,"") -> -10.85061 | AC51: =IFERROR(AC8/X8*100-100,"") -> 38.24588 | AD51: =IFERROR(AD8/Y8*100-100,"") -> 4.2739553 | AE51: =IFERROR(AE8/Z8*100-100,"") -> -20.768307 | AF51: =IFERROR(AF8/AA8*100-100,"") -> 3.315405 | AG51: =IFERROR(AG8/AB8*100-100,"") -> -55.987829 | AH51: =IFERROR(AH8/AC8*100-100,"") -> -17.922719 | AI51: =IFERROR(AI8/AD8*100-100,"") -> -4.392268 | ... BG51: =IFERROR(BG8/BB8*100-100,"") -> -1.8428064 | BH51: =IFERROR(BH11/BC11*100-100,"") -> -67.741935 | BI51: =IFERROR(BI8/BD8*100-100,"") -> -32.101514 | BJ51: =IFERROR(BJ8/BE8*100-100,"") -> -10.88259 | BK51: =IFERROR(BK8/BF8*100-100,"") -> 14.12987 | BL51: =IFERROR(BL8/BG8*100-100,"") -> -28.975345 | BM51: =IFERROR(BM11/BH11*100-100,"") -> 30 | BN51: =IFERROR(BN8/BI8*100-100,"") -> 1.4495082 | BO51: =IFERROR(BO8/BJ8*100-100,"") -> -18.849247 | BP51: =IFERROR(BP8/BK8*100-100,"") -> 1.5475649 | BQ51: =IFERROR(BQ8/BL8*100-100,"") -> 15.159236 | BR51: =IFERROR(BR11/BM11*100-100,"") -> 150.76923 | BS51: =IFERROR(BS8/BN8*100-100,"") -> 117.37374 | BT51: =IFERROR(BT8/BO8*100-100,"") -> 59.274002 | BU51: =IFERROR(BU8/BP8*100-100,"") -> 141.05425 | BV51: =IFERROR(BV8/BQ8*100-100,"") -> -25.592579 | BW51: =IFERROR(BW11/BR11*100-100,"") -> -52.699387 | BX51: =IFERROR(BX8/BS8*100-100,"") -> -62.962033 | BY51: =IFERROR(BY8/BT8*100-100,"") -> -30.583018 | BZ51: =IFERROR(BZ8/BU8*100-100,"") -> -59.233384 | CA51: =IFERROR(CA8/BV8*100-100,"") -> 6.4705346 | CB51: =IFERROR(CB11/BW11*100-100,"") -> -53.437095 | CC51: =IFERROR(CC8/BX8*100-100,"") -> -24.633633 | CD51: =IFERROR(CD8/BY8*100-100,"") -> -29.841885 | CE51: =IFERROR(CE8/BZ8*100-100,"") -> 2.1693545 | CF51: =IFERROR(CF8/CA8*100-100,"") -> -100 | CG51: =IFERROR(CG11/CB11*100-100,"") -> -100 | CH51: =IFERROR(CH8/CC8*100-100,"") -> -100 | CI51: =IFERROR(CI8/CD8*100-100,"") -> -76.996372 | CJ51: =IFERROR(CJ8/CE8*100-100,"") -> -100 | CK51: =IFERROR(CK8/CF8*100-100,"") | CL51: =IFERROR(CL11/CG11*100-100,"") | CM51: =IFERROR(CM8/CH8*100-100,"") | CN51: =IFERROR(CN8/CI8*100-100,"") -> -100
BH52: =IFERROR(BH12/BC12*100-100,"") -> -24.029895 | BM52: =IFERROR(BM12/BH12*100-100,"") -> -10.947539 | BR52: =IFERROR(BR12/BM12*100-100,"") -> 22.148901 | BW52: =IFERROR(BW12/BR12*100-100,"") -> 15.123769 | CB52: =IFERROR(CB12/BW12*100-100,"") -> 0.25131069 | CG52: =IFERROR(CG12/CB12*100-100,"") -> -100 | CL52: =IFERROR(CL12/CG12*100-100,"")
B54: Q to Q
C55: 2010 | H55: 2011 | M55: 2012 | R55: 2013 | W55: 2014 | AB55: 2015 | AG55: 2016 | AL55: 2017 | AQ55: 2018 | AV55: 2019 | BA55: 2020 | BF55: 2021 | BK55: 2022 | BP55: 2023 | BU55: 2024 | BZ55: 2025 | CE55: 2026 | CJ55: 2027
C56: triw.1 | D56: triw.2 | E56: triw.3 | F56: triw.4 | H56: triw.1 | I56: triw.2 | J56: triw.3 | K56: triw.4 | M56: triw.1 | N56: triw.2 | O56: triw.3 | P56: triw.4 | R56: triw.1 | S56: triw.2 | T56: triw.3 | U56: triw.4 | W56: triw.1 | X56: triw.2 | Y56: triw.3 | Z56: triw.4 | AB56: triw.1 | AC56: triw.2 | AD56: triw.3 | AE56: triw.4 | AG56: triw.1 | AH56: triw.2 | AI56: triw.3 | AJ56: triw.4 | AL56: triw.1 | AM56: triw.2 | AN56: triw.3 | AO56: triw.4 | AQ56: triw.1 | AR56: triw.2 | AS56: triw.3 | AT56: triw.4 | AV56: triw.1 | AW56: triw.2 | AX56: triw.3 | AY56: triw.4 | BA56: triw.1 | BB56: triw.2 | BC56: triw.3 | BD56: triw.4 | BF56: triw.1 | BG56: triw.2 | BH56: triw.3 | BI56: triw.4 | BK56: triw.1 | BL56: triw.2 | BM56: triw.3 | BN56: triw.4 | BP56: triw.1 | BQ56: triw.2 | BR56: triw.3 | BS56: triw.4 | BU56: triw.1 | BV56: triw.2 | BW56: triw.3 | BX56: triw.4 | BZ56: triw.1 | CA56: triw.2 | CB56: triw.3 | CC56: triw.4 | CE56: triw.1 | CF56: triw.2 | CG56: triw.3 | CH56: triw.4 | CJ56: triw.1 | CK56: triw.2 | CL56: triw.3 | CM56: triw.4
B58: Padi | C58: =IFERROR(C5/#REF!*100-100,"") | D58: =IFERROR(D5/C5*100-100,"") -> 464.75507 | E58: =IFERROR(E5/D5*100-100,"") -> -29.220867 | F58: =IFERROR(F5/E5*100-100,"") -> -3.3268133 | G58: =IFERROR(G5/F5*100-100,"") -> 275.46578 | H58: =IFERROR(H5/G5*100-100,"") -> -81.774091 | I58: =IFERROR(I5/H5*100-100,"") -> 95.574623 | J58: =IFERROR(J5/I5*100-100,"") -> -25.082223 | K58: =IFERROR(K5/J5*100-100,"") -> 3.1488086 | M58: =IFERROR(M5/K5*100-100,"") -> -37.784467 | N58: =IFERROR(N5/M5*100-100,"") -> 139.78566 | O58: =IFERROR(O5/N5*100-100,"") -> -28.895942 | P58: =IFERROR(P5/O5*100-100,"") -> -10.643391 | R58: =IFERROR(R5/P5*100-100,"") -> -12.861403 | S58: =IFERROR(S5/R5*100-100,"") -> 108.96004 | T58: =IFERROR(T5/S5*100-100,"") -> -54.317995 | U58: =IFERROR(U5/T5*100-100,"") -> 44.872288 | W58: =IFERROR(W5/U5*100-100,"") -> -4.5405609 | X58: =IFERROR(X5/W5*100-100,"") -> 51.563907 | Y58: =IFERROR(Y5/X5*100-100,"") -> -11.426418 | Z58: =IFERROR(Z5/Y5*100-100,"") -> -28.646944 | AB58: =IFERROR(AB5/Z5*100-100,"") -> -39.051056 | AC58: =IFERROR(AC5/AB5*100-100,"") -> 222.29804 | AD58: =IFERROR(AD5/AC5*100-100,"") -> -30.356198 | AE58: =IFERROR(AE5/AD5*100-100,"") -> -18.897955 | AG58: =IFERROR(AG5/AE5*100-100,"") -> -59.753039 | AH58: =IFERROR(AH5/AG5*100-100,"") -> 346.66484 | AI58: =IFERROR(AI5/AH5*100-100,"") -> -46.932017 | AJ58: =IFERROR(AJ5/AI5*100-100,"") -> 71.605946 | AL58: =IFERROR(AL5/AJ5*100-100,"") -> -64.798283 | AM58: =IFERROR(AM5/AL5*100-100,"") -> 188.5537 | AN58: =IFERROR(AN5/AM5*100-100,"") -> -41.423534 | AO58: =IFERROR(AO5/AN5*100-100,"") -> 73.367666 | AQ58: =IFERROR(AQ5/AO5*100-100,"") -> -59.285487 | AR58: =IFERROR(AR5/AQ5*100-100,"") -> 64.468464 | AS58: =IFERROR(AS5/AR5*100-100,"") -> -29.004851 | AT58: =IFERROR(AT5/AS5*100-100,"") -> 36.019895 | AV58: =IFERROR(AV5/AT5*100-100,"") -> -55.520422 | AW58: =IFERROR(AW5/AV5*100-100,"") -> 159.19818 | AX58: =IFERROR(AX5/AW5*100-100,"") -> -47.066158 | AY58: =IFERROR(AY5/AX5*100-100,"") -> 75.56468 | BA58: =IFERROR(BA5/AY5*100-100,"") -> -67.185219 | BB58: =IFERROR(BB5/BA5*100-100,"") -> 205.57056 | BC58: =IFERROR(BC5/BB5*100-100,"") -> -38.983727 | BD58: =IFERROR(BD5/BC5*100-100,"") -> 95.323328 | BF58: =IFERROR(BF5/BD5*100-100,"") -> -72.482654 | BG58: =IFERROR(BG5/BF5*100-100,"") -> 269.74533 | BH58: =IFERROR(BH5/BG5*100-100,"") -> -61.407307 | BI58: =IFERROR(BI5/BH5*100-100,"") -> 136.04142 | BK58: =IFERROR(BK5/BI5*100-100,"") -> -69.00143 | BL58: =IFERROR(BL5/BK5*100-100,"") -> 208.60971 | BM58: =IFERROR(BM5/BL5*100-100,"") -> -53.641502 | BN58: =IFERROR(BN5/BM5*100-100,"") -> 88.649774 | BP58: =IFERROR(BP5/BN5*100-100,"") -> -46.22446 | BQ58: =IFERROR(BQ5/BP5*100-100,"") -> 79.965017 | BR58: =IFERROR(BR5/BQ5*100-100,"") -> -24.75373 | BS58: =IFERROR(BS5/BR5*100-100,"") -> 11.664441 | BU58: =IFERROR(BU5/BS5*100-100,"") -> -52.353209 | BV58: =IFERROR(BV5/BU5*100-100,"") -> 216.38949 | BW58: =IFERROR(BW5/BV5*100-100,"") -> -35.132215 | BX58: =IFERROR(BX5/BW5*100-100,"") -> 38.07073 | BZ58: =IFERROR(BZ5/BX5*100-100,"") -> -46.056076 | CA58: =IFERROR(CA5/BZ5*100-100,"") -> 154.33307 | CB58: =IFERROR(CB5/CA5*100-100,"") -> -40.51641 | CC58: =IFERROR(CC5/CB5*100-100,"") -> 48.715959 | CE58: =IFERROR(CE5/CC5*100-100,"") -> -59.961476 | CF58: =IFERROR(CF5/CE5*100-100,"") -> -100 | CG58: =IFERROR(CG5/CF5*100-100,"") | CH58: =IFERROR(CH5/CG5*100-100,"") | CJ58: =IFERROR(CJ5/CH5*100-100,"") | CK58: =IFERROR(CK5/CJ5*100-100,"") | CL58: =IFERROR(CL5/CK5*100-100,"") | CM58: =IFERROR(CM5/CL5*100-100,"")
B59: Jagung | C59: =IFERROR(C6/#REF!*100-100,"") | D59: =IFERROR(D6/C6*100-100,"") -> -58.331065 | E59: =IFERROR(E6/D6*100-100,"") -> -23.856753 | F59: =IFERROR(F6/E6*100-100,"") -> -62.779814 | G59: =IFERROR(G6/F6*100-100,"") -> 1468.3152 | H59: =IFERROR(H6/G6*100-100,"") -> -68.571619 | I59: =IFERROR(I6/H6*100-100,"") -> 14.888823 | J59: =IFERROR(J6/I6*100-100,"") -> -48.503127 | K59: =IFERROR(K6/J6*100-100,"") -> -74.583214 | M59: =IFERROR(M6/K6*100-100,"") -> 1075.6856 | N59: =IFERROR(N6/M6*100-100,"") -> -55.004329 | O59: =IFERROR(O6/N6*100-100,"") -> -23.269734 | P59: =IFERROR(P6/O6*100-100,"") -> -73.566901 | R59: =IFERROR(R6/P6*100-100,"") -> 931.2253 | S59: =IFERROR(S6/R6*100-100,"") -> -66.411141 | T59: =IFERROR(T6/S6*100-100,"") -> 0.72270825 | U59: =IFERROR(U6/T6*100-100,"") -> -84.456193 | W59: =IFERROR(W6/U6*100-100,"") -> 1719.4363 | X59: =IFERROR(X6/W6*100-100,"") -> -75.670334 | Y59: =IFERROR(Y6/X6*100-100,"") -> 28.935236 | Z59: =IFERROR(Z6/Y6*100-100,"") -> -80.418866 | AB59: =IFERROR(AB6/Z6*100-100,"") -> 1277.8696 | AC59: =IFERROR(AC6/AB6*100-100,"") -> -55.299612 | AD59: =IFERROR(AD6/AC6*100-100,"") -> 19.462092 | AE59: =IFERROR(AE6/AD6*100-100,"") -> -68.32122 | AG59: =IFERROR(AG6/AE6*100-100,"") -> 690.76665 | AH59: =IFERROR(AH6/AG6*100-100,"") -> -35.357252 | AI59: =IFERROR(AI6/AH6*100-100,"") -> -45.672165 | AJ59: =IFERROR(AJ6/AI6*100-100,"") -> -63.695594 | AL59: =IFERROR(AL6/AJ6*100-100,"") -> 933.06198 | AM59: =IFERROR(AM6/AL6*100-100,"") -> -27.281193 | AN59: =IFERROR(AN6/AM6*100-100,"") -> -46.896857 | AO59: =IFERROR(AO6/AN6*100-100,"") -> 150.78842 | AQ59: =IFERROR(AQ6/AO6*100-100,"") -> 48.170134 | AR59: =IFERROR(AR6/AQ6*100-100,"") -> -37.677071 | AS59: =IFERROR(AS6/AR6*100-100,"") -> -6.7968359 | AT59: =IFERROR(AT6/AS6*100-100,"") -> -9.6731914 | AV59: =IFERROR(AV6/AT6*100-100,"") -> 105.18281 | AW59: =IFERROR(AW6/AV6*100-100,"") -> 12.081714 | AX59: =IFERROR(AX6/AW6*100-100,"") -> -49.695536 | AY59: =IFERROR(AY6/AX6*100-100,"") -> 8.7363828 | BA59: =IFERROR(BA6/AY6*100-100,"") -> -16.516333 | BB59: =IFERROR(BB6/BA6*100-100,"") -> 11.024282 | BC59: =IFERROR(BC6/BB6*100-100,"") -> -29.089054 | BD59: =IFERROR(BD6/BC6*100-100,"") -> -13.35846 | BF59: =IFERROR(BF6/BD6*100-100,"") -> 71.475061 | BG59: =IFERROR(BG6/BF6*100-100,"") -> -36.382122 | BH59: =IFERROR(BH6/BG6*100-100,"") -> 0.60576543 | BI59: =IFERROR(BI6/BH6*100-100,"") -> -0.084720121 | BK59: =IFERROR(BK6/BI6*100-100,"") -> 69.011568 | BL59: =IFERROR(BL6/BK6*100-100,"") -> -33.695866 | BM59: =IFERROR(BM6/BL6*100-100,"") -> -52.39292 | BN59: =IFERROR(BN6/BM6*100-100,"") -> -39.367372 | BP59: =IFERROR(BP6/BN6*100-100,"") -> 96.626926 | BQ59: =IFERROR(BQ6/BP6*100-100,"") -> -17.316574 | BR59: =IFERROR(BR6/BQ6*100-100,"") -> -11.68375 | BS59: =IFERROR(BS6/BR6*100-100,"") -> 3.0579644 | BU59: =IFERROR(BU6/BS6*100-100,"") -> 104.69069 | BV59: =IFERROR(BV6/BU6*100-100,"") -> 17.794353 | BW59: =IFERROR(BW6/BV6*100-100,"") -> -19.56136 | BX59: =IFERROR(BX6/BW6*100-100,"") -> -22.111095 | BZ59: =IFERROR(BZ6/BX6*100-100,"") -> 50.092431 | CA59: =IFERROR(CA6/BZ6*100-100,"") -> -56.641179 | CB59: =IFERROR(CB6/CA6*100-100,"") -> 4.2923805 | CC59: =IFERROR(CC6/CB6*100-100,"") -> 5.3787135 | CE59: =IFERROR(CE6/CC6*100-100,"") -> 33.028138 | CF59: =IFERROR(CF6/CE6*100-100,"") -> -100 | CG59: =IFERROR(CG6/CF6*100-100,"") | CH59: =IFERROR(CH6/CG6*100-100,"") | CJ59: =IFERROR(CJ6/CH6*100-100,"") | CK59: =IFERROR(CK6/CJ6*100-100,"") | CL59: =IFERROR(CL6/CK6*100-100,"") | CM59: =IFERROR(CM6/CL6*100-100,"")
B60: Kedelai | C60: =IFERROR(C10/#REF!*100-100,"") | D60: =IFERROR(D10/C10*100-100,"") -> -35.817656 | E60: =IFERROR(E10/D10*100-100,"") -> -7.3280722 | F60: =IFERROR(F10/E10*100-100,"") -> -86.374696 | G60: =IFERROR(G10/F10*100-100,"") -> 2759.8214 | H60: =IFERROR(H10/G10*100-100,"") -> -88.417109 | I60: =IFERROR(I10/H10*100-100,"") -> 533.96226 | J60: =IFERROR(J10/I10*100-100,"") -> 4.1241497 | K60: =IFERROR(K10/J10*100-100,"") -> -61.576154 | M60: =IFERROR(M10/K10*100-100,"") -> 31.137088 | N60: =IFERROR(N10/M10*100-100,"") -> -32.414911 | O60: =IFERROR(O10/N10*100-100,"") -> -41.606715 | P60: =IFERROR(P10/O10*100-100,"") -> 137.16632 | R60: =IFERROR(R10/P10*100-100,"") -> 12.467532 | S60: =IFERROR(S10/R10*100-100,"") -> -33.795227 | T60: =IFERROR(T10/S10*100-100,"") -> -35.232558 | U60: =IFERROR(U10/T10*100-100,"") -> 57.809695 | W60: =IFERROR(W10/U10*100-100,"") -> 22.070535 | X60: =IFERROR(X10/W10*100-100,"") -> -54.147251 | Y60: =IFERROR(Y10/X10*100-100,"") -> 114.8374 | Z60: =IFERROR(Z10/Y10*100-100,"") -> 190.35005 | AB60: =IFERROR(AB10/Z10*100-100,"") -> 4.2033236 | AC60: =IFERROR(AC10/AB10*100-100,"") -> -62.163852 | AD60: =IFERROR(AD10/AC10*100-100,"") -> 128.34711 | AE60: =IFERROR(AE10/AD10*100-100,"") -> 103.69164 | AG60: =IFERROR(AG10/AE10*100-100,"") -> 5.952381 | AH60: =IFERROR(AH10/AG10*100-100,"") -> -19.688076 | AI60: =IFERROR(AI10/AH10*100-100,"") -> -58.592608 | AJ60: =IFERROR(AJ10/AI10*100-100,"") -> 71.507816 | AL60: =IFERROR(AL10/AJ10*100-100,"") -> -34.81329 | AM60: =IFERROR(AM10/AL10*100-100,"") -> -53.721245 | AN60: =IFERROR(AN10/AM10*100-100,"") -> -56.140351 | AO60: =IFERROR(AO10/AN10*100-100,"") -> -19.555556 | AQ60: =IFERROR(AQ10/AO10*100-100,"") -> 425.41436 | AR60: =IFERROR(AR10/AQ10*100-100,"") -> 41.535226 | AS60: =IFERROR(AS10/AR10*100-100,"") -> -72.882615 | AT60: =IFERROR(AT10/AS10*100-100,"") -> 438.35616 | AV60: =IFERROR(AV10/AT10*100-100,"") -> -78.203562 | AW60: =IFERROR(AW10/AV10*100-100,"") -> -69.519029 | AX60: =IFERROR(AX10/AW10*100-100,"") -> -55.955573 | AY60: =IFERROR(AY10/AX10*100-100,"") -> 126.69565 | BA60: =IFERROR(BA10/AY10*100-100,"") -> -52.43575 | BB60: =IFERROR(BB10/BA10*100-100,"") -> 127.41935 | BC60: =IFERROR(BC10/BB10*100-100,"") -> -73.758865 | BD60: =IFERROR(BD10/BC10*100-100,"") -> 360.81081 | BF60: =IFERROR(BF10/BD10*100-100,"") -> -67.155425 | BG60: =IFERROR(BG10/BF10*100-100,"") -> 57.142857 | BH60: =IFERROR(BH7/BG7*100-100,"") -> 14.78459 | BI60: =IFERROR(BI10/BH10*100-100,"") -> 153.08642 | BK60: =IFERROR(BK10/BI10*100-100,"") -> 2288.2927 | BL60: =IFERROR(BL10/BK10*100-100,"") -> -5.8006536 | BM60: =IFERROR(BM7/BL7*100-100,"") -> 38.960556 | BN60: =IFERROR(BN10/BM10*100-100,"") -> -73.636905 | BP60: =IFERROR(BP10/BN10*100-100,"") -> 492.12012 | BQ60: =IFERROR(BQ10/BP10*100-100,"") -> 112.10677 | BR60: =IFERROR(BR7/BQ7*100-100,"") -> 20.190287 | BS60: =IFERROR(BS10/BR10*100-100,"") -> 55.204461 | BU60: =IFERROR(BU10/BS10*100-100,"") -> -75.710236 | BV60: =IFERROR(BV10/BU10*100-100,"") -> -44.920389 | BW60: =IFERROR(BW7/BV7*100-100,"") -> 46.584228 | BX60: =IFERROR(BX10/BW10*100-100,"") -> 513.77779 | BZ60: =IFERROR(BZ10/BX10*100-100,"") -> -27.880434 | CA60: =IFERROR(CA10/BZ10*100-100,"") -> -50.23902 | CB60: =IFERROR(CB7/CA7*100-100,"") -> 98.487738 | CC60: =IFERROR(CC10/CB10*100-100,"") -> 847.12945 | CE60: =IFERROR(CE10/CC10*100-100,"") -> -42.653411 | CF60: =IFERROR(CF10/CE10*100-100,"") -> -100 | CG60: =IFERROR(CG7/CF7*100-100,"") | CH60: =IFERROR(CH10/CG10*100-100,"") | CJ60: =IFERROR(CJ10/CH10*100-100,"") | CK60: =IFERROR(CK10/CJ10*100-100,"") | CL60: =IFERROR(CL7/CK7*100-100,"") | CM60: =IFERROR(CM10/CL10*100-100,"")
B61: Kacang Tanah | C61: =IFERROR(C9/#REF!*100-100,"") | D61: =IFERROR(D9/C9*100-100,"") -> -32.620321 | E61: =IFERROR(E9/D9*100-100,"") -> 34.303351 | F61: =IFERROR(F9/E9*100-100,"") -> -60.472751 | G61: =IFERROR(G9/F9*100-100,"") -> 720.93023 | H61: =IFERROR(H9/G9*100-100,"") -> -72.197491 | I61: =IFERROR(I9/H9*100-100,"") -> -7.496361 | J61: =IFERROR(J9/I9*100-100,"") -> 10.778914 | K61: =IFERROR(K9/J9*100-100,"") -> -65.411932 | M61: =IFERROR(M9/K9*100-100,"") -> 324.846 | N61: =IFERROR(N9/M9*100-100,"") -> -51.81247 | O61: =IFERROR(O9/N9*100-100,"") -> 79.538616 | P61: =IFERROR(P9/O9*100-100,"") -> -80.837989 | R61: =IFERROR(R9/P9*100-100,"") -> 560.6414 | S61: =IFERROR(S9/R9*100-100,"") -> -52.912621 | T61: =IFERROR(T9/S9*100-100,"") -> 11.996251 | U61: =IFERROR(U9/T9*100-100,"") -> -65.355649 | W61: =IFERROR(W9/U9*100-100,"") -> 552.41546 | X61: =IFERROR(X9/W9*100-100,"") -> -78.526472 | Y61: =IFERROR(Y9/X9*100-100,"") -> 86.724138 | Z61: =IFERROR(Z9/Y9*100-100,"") -> -73.407202 | AB61: =IFERROR(AB9/Z9*100-100,"") -> 571.875 | AC61: =IFERROR(AC9/AB9*100-100,"") -> -72.816537 | AD61: =IFERROR(AD9/AC9*100-100,"") -> 54.562738 | AE61: =IFERROR(AE9/AD9*100-100,"") -> -75.768758 | AG61: =IFERROR(AG9/AE9*100-100,"") -> 345.17766 | AH61: =IFERROR(AH9/AG9*100-100,"") -> -9.350057 | AI61: =IFERROR(AI9/AH9*100-100,"") -> 26.415094 | AJ61: =IFERROR(AJ9/AI9*100-100,"") -> -65.572139 | AL61: =IFERROR(AL9/AJ9*100-100,"") -> 237.57225 | AM61: =IFERROR(AM9/AL9*100-100,"") -> -70.633562 | AN61: =IFERROR(AN9/AM9*100-100,"") -> 167.93003 | AO61: =IFERROR(AO9/AN9*100-100,"") -> -79.651795 | AQ61: =IFERROR(AQ9/AO9*100-100,"") -> 450.80214 | AR61: =IFERROR(AR9/AQ9*100-100,"") -> -68.834951 | AS61: =IFERROR(AS9/AR9*100-100,"") -> 35.825545 | AT61: =IFERROR(AT9/AS9*100-100,"") -> -62.614679 | AV61: =IFERROR(AV9/AT9*100-100,"") -> 867.91411 | AW61: =IFERROR(AW9/AV9*100-100,"") -> -60.119161 | AX61: =IFERROR(AX9/AW9*100-100,"") -> 20.661157 | AY61: =IFERROR(AY9/AX9*100-100,"") -> -58.943625 | BA61: =IFERROR(BA9/AY9*100-100,"") -> 199.00545 | BB61: =IFERROR(BB9/BA9*100-100,"") -> -21.137339 | BC61: =IFERROR(BC9/BB9*100-100,"") -> 97.142857 | BD61: =IFERROR(BD9/BC9*100-100,"") -> -80.26225 | BF61: =IFERROR(BF9/BD9*100-100,"") -> 412.93706 | BG61: =IFERROR(BG9/BF9*100-100,"") -> -70.824813 | BH61: =IFERROR(BH8/BG8*100-100,"") -> 37.367112 | BI61: =IFERROR(BI9/BH9*100-100,"") -> -91.284816 | BK61: =IFERROR(BK9/BI9*100-100,"") -> 889.69072 | BL61: =IFERROR(BL9/BK9*100-100,"") -> -59.6875 | BM61: =IFERROR(BM8/BL8*100-100,"") -> 31.273885 | BN61: =IFERROR(BN9/BM9*100-100,"") -> -82.319536 | BP61: =IFERROR(BP9/BN9*100-100,"") -> 645.38815 | BQ61: =IFERROR(BQ9/BP9*100-100,"") -> -41.20603 | BR61: =IFERROR(BR8/BQ8*100-100,"") -> 105.22677 | BS61: =IFERROR(BS9/BR9*100-100,"") -> -57.403651 | BU61: =IFERROR(BU9/BS9*100-100,"") -> 474.06784 | BV61: =IFERROR(BV9/BU9*100-100,"") -> -74.337506 | BW61: =IFERROR(BW8/BV8*100-100,"") -> 23.377657 | BX61: =IFERROR(BX9/BW9*100-100,"") -> -68.372928 | BZ61: =IFERROR(BZ9/BX9*100-100,"") -> 274.39377 | CA61: =IFERROR(CA9/BZ9*100-100,"") -> -61.557183 | CB61: =IFERROR(CB8/CA8*100-100,"") -> -2.1583499 | CC61: =IFERROR(CC9/CB9*100-100,"") -> -56.827729 | CE61: =IFERROR(CE9/CC9*100-100,"") -> 282.38133 | CF61: =IFERROR(CF9/CE9*100-100,"") -> -100 | CG61: =IFERROR(CG8/CF8*100-100,"") | CH61: =IFERROR(CH9/CG9*100-100,"") | CJ61: =IFERROR(CJ9/CH9*100-100,"") | CK61: =IFERROR(CK9/CJ9*100-100,"") | CL61: =IFERROR(CL8/CK8*100-100,"") | CM61: =IFERROR(CM9/CL9*100-100,"")
B62: Kacang Hijau | C62: =IFERROR(C11/#REF!*100-100,"") | D62: =IFERROR(D11/C11*100-100,"") -> -28.521127 | E62: =IFERROR(E11/D11*100-100,"") -> -8.8669951 | F62: =IFERROR(F11/E11*100-100,"") -> 23.243243 | G62: =IFERROR(G11/F11*100-100,"") -> 294.73684 | H62: =IFERROR(H11/G11*100-100,"") -> -64.666667 | I62: =IFERROR(I11/H11*100-100,"") -> 38.993711 | J62: =IFERROR(J11/I11*100-100,"") -> 0.22624434 | K62: =IFERROR(K11/J11*100-100,"") -> -26.862302 | M62: =IFERROR(M11/K11*100-100,"") -> -22.839506 | N62: =IFERROR(N11/M11*100-100,"") -> 20.4 | O62: =IFERROR(O11/N11*100-100,"") -> -5.9800664 | P62: =IFERROR(P11/O11*100-100,"") -> -14.487633 | R62: =IFERROR(R11/P11*100-100,"") -> -18.595041 | S62: =IFERROR(S11/R11*100-100,"") -> 48.730964 | T62: =IFERROR(T11/S11*100-100,"") -> -9.8976109 | U62: =IFERROR(U11/T11*100-100,"") -> 24.621212 | W62: =IFERROR(W11/U11*100-100,"") -> 29.179331 | X62: =IFERROR(X11/W11*100-100,"") -> -32.705882 | Y62: =IFERROR(Y11/X11*100-100,"") -> -10.48951 | Z62: =IFERROR(Z11/Y11*100-100,"") -> -12.109375 | AB62: =IFERROR(AB11/Z11*100-100,"") -> 6.2222222 | AC62: =IFERROR(AC11/AB11*100-100,"") -> 0.41841004 | AD62: =IFERROR(AD11/AC11*100-100,"") -> 30.833333 | AE62: =IFERROR(AE11/AD11*100-100,"") -> -22.611465 | AG62: =IFERROR(AG11/AE11*100-100,"") -> -29.218107 | AH62: =IFERROR(AH11/AG11*100-100,"") -> -9.8837209 | AI62: =IFERROR(AI11/AH11*100-100,"") -> 85.16129 | AJ62: =IFERROR(AJ11/AI11*100-100,"") -> 36.585366 | AL62: =IFERROR(AL11/AJ11*100-100,"") -> -39.795918 | AM62: =IFERROR(AM11/AL11*100-100,"") -> -28.813559 | AN62: =IFERROR(AN11/AM11*100-100,"") -> 6.547619 | AO62: =IFERROR(AO11/AN11*100-100,"") -> -44.692737 | AQ62: =IFERROR(AQ11/AO11*100-100,"") -> 143.43434 | AR62: =IFERROR(AR11/AQ11*100-100,"") -> -70.124481 | AS62: =IFERROR(AS11/AR11*100-100,"") -> 66.666667 | AT62: =IFERROR(AT11/AS11*100-100,"") -> 62.5 | AV62: =IFERROR(AV11/AT11*100-100,"") -> -46.564103 | AW62: =IFERROR(AW11/AV11*100-100,"") -> 31.957774 | AX62: =IFERROR(AX11/AW11*100-100,"") -> -38.618182 | AY62: =IFERROR(AY11/AX11*100-100,"") -> 140.87678 | BA62: =IFERROR(BA11/AY11*100-100,"") -> -69.995081 | BB62: =IFERROR(BB11/BA11*100-100,"") -> -19.672131 | BC62: =IFERROR(BC11/BB11*100-100,"") -> 216.32653 | BD62: =IFERROR(BD11/BC11*100-100,"") -> 237.41935 | BF62: =IFERROR(BF11/BD11*100-100,"") -> -74.952199 | BG62: =IFERROR(BG11/BF11*100-100,"") -> -69.465649 | BH62: =IFERROR(BH9/BG9*100-100,"") -> 160.04673 | BI62: =IFERROR(BI11/BH11*100-100,"") -> 48 | BK62: =IFERROR(BK11/BI11*100-100,"") -> 14.864865 | BL62: =IFERROR(BL11/BK11*100-100,"") -> -10.588235 | BM62: =IFERROR(BM9/BL9*100-100,"") -> 56.072351 | BN62: =IFERROR(BN11/BM11*100-100,"") -> 15.538462 | BP62: =IFERROR(BP11/BN11*100-100,"") -> 7.8561917 | BQ62: =IFERROR(BQ11/BP11*100-100,"") -> 12.345679 | BR62: =IFERROR(BR9/BQ9*100-100,"") -> 5.3418803 | BS62: =IFERROR(BS11/BR11*100-100,"") -> -10.429448 | BU62: =IFERROR(BU11/BS11*100-100,"") -> -28.630137 | BV62: =IFERROR(BV11/BU11*100-100,"") -> -37.044146 | BW62: =IFERROR(BW9/BV9*100-100,"") -> 135.97059 | BX62: =IFERROR(BX11/BW11*100-100,"") -> -14.526589 | BZ62: =IFERROR(BZ11/BX11*100-100,"") -> -38.694992 | CA62: =IFERROR(CA11/BZ11*100-100,"") -> -54.455446 | CB62: =IFERROR(CB9/CA9*100-100,"") -> 36.378783 | CC62: =IFERROR(CC11/CB11*100-100,"") -> 35.793872 | CE62: =IFERROR(CE11/CC11*100-100,"") -> -11.794872 | CF62: =IFERROR(CF11/CE11*100-100,"") -> -100 | CG62: =IFERROR(CG9/CF9*100-100,"") | CH62: =IFERROR(CH11/CG11*100-100,"") | CJ62: =IFERROR(CJ11/CH11*100-100,"") | CK62: =IFERROR(CK11/CJ11*100-100,"") | CL62: =IFERROR(CL9/CK9*100-100,"") | CM62: =IFERROR(CM11/CL11*100-100,"")
B63: Ubi Kayu | C63: =IFERROR(C7/#REF!*100-100,"") | D63: =IFERROR(D7/C7*100-100,"") -> -1.9286528 | E63: =IFERROR(E7/D7*100-100,"") -> 24.652219 | F63: =IFERROR(F7/E7*100-100,"") -> -16.104782 | G63: =IFERROR(G7/F7*100-100,"") -> 312.32299 | H63: =IFERROR(H7/G7*100-100,"") -> -77.581267 | I63: =IFERROR(I7/H7*100-100,"") -> -6.3952377 | J63: =IFERROR(J7/I7*100-100,"") -> 56.159748 | K63: =IFERROR(K7/J7*100-100,"") -> -24.49094 | M63: =IFERROR(M7/K7*100-100,"") -> -20.034636 | N63: =IFERROR(N7/M7*100-100,"") -> 21.817957 | O63: =IFERROR(O7/N7*100-100,"") -> 43.896988 | P63: =IFERROR(P7/O7*100-100,"") -> -16.40192 | R63: =IFERROR(R7/P7*100-100,"") -> -22.871318 | S63: =IFERROR(S7/R7*100-100,"") -> 7.0951495 | T63: =IFERROR(T7/S7*100-100,"") -> 44.70913 | U63: =IFERROR(U7/T7*100-100,"") -> -14.497668 | W63: =IFERROR(W7/U7*100-100,"") -> -36.686085 | X63: =IFERROR(X7/W7*100-100,"") -> 18.333388 | Y63: =IFERROR(Y7/X7*100-100,"") -> 77.1672 | Z63: =IFERROR(Z7/Y7*100-100,"") -> -31.65668 | AB63: =IFERROR(AB7/Z7*100-100,"") -> -23.090586 | AC63: =IFERROR(AC7/AB7*100-100,"") -> 23.917807 | AD63: =IFERROR(AD7/AC7*100-100,"") -> 45.77798 | AE63: =IFERROR(AE7/AD7*100-100,"") -> -36.965465 | AG63: =IFERROR(AG7/AE7*100-100,"") -> -42.633522 | AH63: =IFERROR(AH7/AG7*100-100,"") -> 25.378479 | AI63: =IFERROR(AI7/AH7*100-100,"") -> 93.724016 | AJ63: =IFERROR(AJ7/AI7*100-100,"") -> 8.6272534 | AL63: =IFERROR(AL7/AJ7*100-100,"") -> 3.0201515 | AM63: =IFERROR(AM7/AL7*100-100,"") -> -6.5769507 | AN63: =IFERROR(AN7/AM7*100-100,"") -> 13.983542 | AO63: =IFERROR(AO7/AN7*100-100,"") -> -1.2574972 | AQ63: =IFERROR(AQ7/AO7*100-100,"") -> -24.656644 | AR63: =IFERROR(AR7/AQ7*100-100,"") -> -24.581641 | AS63: =IFERROR(AS7/AR7*100-100,"") -> 54.444724 | AT63: =IFERROR(AT7/AS7*100-100,"") -> 38.531878 | AV63: =IFERROR(AV7/AT7*100-100,"") -> -61.530825 | AW63: =IFERROR(AW7/AV7*100-100,"") -> 10.253411 | AX63: =IFERROR(AX7/AW7*100-100,"") -> 58.694877 | AY63: =IFERROR(AY7/AX7*100-100,"") -> -31.0469 | BA63: =IFERROR(BA7/AY7*100-100,"") -> -37.854505 | BB63: =IFERROR(BB7/BA7*100-100,"") -> 65.052013 | BC63: =IFERROR(BC7/BB7*100-100,"") -> 63.409421 | BD63: =IFERROR(BD7/BC7*100-100,"") -> -34.589908 | BF63: =IFERROR(BF7/BD7*100-100,"") -> -18.227965 | BG63: =IFERROR(BG7/BF7*100-100,"") -> 1.8090043 | BH63: =IFERROR(BH10/BG10*100-100,"") -> -53.977273 | BI63: =IFERROR(BI7/BH7*100-100,"") -> -5.94248 | BK63: =IFERROR(BK7/BI7*100-100,"") -> -11.637525 | BL63: =IFERROR(BL7/BK7*100-100,"") -> -21.927758 | BM63: =IFERROR(BM10/BL10*100-100,"") -> -85.429315 | BN63: =IFERROR(BN7/BM7*100-100,"") -> -2.8181737 | BP63: =IFERROR(BP7/BN7*100-100,"") -> -26.507508 | BQ63: =IFERROR(BQ7/BP7*100-100,"") -> 12.968672 | BR63: =IFERROR(BR10/BQ10*100-100,"") -> -75.820225 | BS63: =IFERROR(BS7/BR7*100-100,"") -> -12.404885 | BU63: =IFERROR(BU7/BS7*100-100,"") -> -19.950061 | BV63: =IFERROR(BV7/BU7*100-100,"") -> 10.656607 | BW63: =IFERROR(BW10/BV10*100-100,"") -> -66.105125 | BX63: =IFERROR(BX7/BW7*100-100,"") -> -26.518591 | BZ63: =IFERROR(BZ7/BX7*100-100,"") -> -16.536048 | CA63: =IFERROR(CA7/BZ7*100-100,"") -> -18.01221 | CB63: =IFERROR(CB10/CA10*100-100,"") -> -69.423813 | CC63: =IFERROR(CC7/CB7*100-100,"") -> -20.39713 | CE63: =IFERROR(CE7/CC7*100-100,"") -> -29.693716 | CF63: =IFERROR(CF7/CE7*100-100,"") -> -100 | CG63: =IFERROR(CG10/CF10*100-100,"") | CH63: =IFERROR(CH7/CG7*100-100,"") | CJ63: =IFERROR(CJ7/CH7*100-100,"") | CK63: =IFERROR(CK7/CJ7*100-100,"") | CL63: =IFERROR(CL10/CK10*100-100,"") | CM63: =IFERROR(CM7/CL7*100-100,"")
B64: Ubi Jalar | C64: =IFERROR(C8/#REF!*100-100,"") | D64: =IFERROR(D8/C8*100-100,"") -> 143.14672 | E64: =IFERROR(E8/D8*100-100,"") -> 8.985047 | F64: =IFERROR(F8/E8*100-100,"") -> -22.255949 | G64: =IFERROR(G8/F8*100-100,"") -> 295.18975 | H64: =IFERROR(H8/G8*100-100,"") -> -82.615397 | I64: =IFERROR(I8/H8*100-100,"") -> 82.018641 | J64: =IFERROR(J8/I8*100-100,"") -> 0.36218309 | K64: =IFERROR(K8/J8*100-100,"") -> -24.912892 | M64: =IFERROR(M8/K8*100-100,"") -> -12.180974 | N64: =IFERROR(N8/M8*100-100,"") -> 101.22665 | O64: =IFERROR(O8/N8*100-100,"") -> -19.000281 | P64: =IFERROR(P8/O8*100-100,"") -> -44.28621 | R64: =IFERROR(R8/P8*100-100,"") -> -19.056525 | S64: =IFERROR(S8/R8*100-100,"") -> 47.62516 | T64: =IFERROR(T8/S8*100-100,"") -> 55.669565 | U64: =IFERROR(U8/T8*100-100,"") -> -38.364429 | W64: =IFERROR(W8/U8*100-100,"") -> -6.4527823 | X64: =IFERROR(X8/W8*100-100,"") -> 2.2863786 | Y64: =IFERROR(Y8/X8*100-100,"") -> 79.503694 | Z64: =IFERROR(Z8/Y8*100-100,"") -> -47.256226 | AB64: =IFERROR(AB8/Z8*100-100,"") -> -7.9431773 | AC64: =IFERROR(AC8/AB8*100-100,"") -> 58.617692 | AD64: =IFERROR(AD8/AC8*100-100,"") -> 35.393258 | AE64: =IFERROR(AE8/AD8*100-100,"") -> -59.923085 | AG64: =IFERROR(AG8/AE8*100-100,"") -> -48.863636 | AH64: =IFERROR(AH8/AG8*100-100,"") -> 195.80247 | AI64: =IFERROR(AI8/AH8*100-100,"") -> 57.712855 | AJ64: =IFERROR(AJ8/AI8*100-100,"") -> -31.057479 | AL64: =IFERROR(AL8/AJ8*100-100,"") -> -7.0013819 | AM64: =IFERROR(AM8/AL8*100-100,"") -> -16.542843 | AN64: =IFERROR(AN8/AM8*100-100,"") -> 48.466864 | AO64: =IFERROR(AO8/AN8*100-100,"") -> -18.241173 | AQ64: =IFERROR(AQ8/AO8*100-100,"") -> -31.388527 | AR64: =IFERROR(AR8/AQ8*100-100,"") -> 29.667458 | AS64: =IFERROR(AS8/AR8*100-100,"") -> 23.887159 | AT64: =IFERROR(AT8/AS8*100-100,"") -> -45.867219 | AV64: =IFERROR(AV8/AT8*100-100,"") -> -6.0447965 | AW64: =IFERROR(AW8/AV8*100-100,"") -> 58.804547 | AX64: =IFERROR(AX8/AW8*100-100,"") -> 5.48843 | AY64: =IFERROR(AY8/AX8*100-100,"") -> -48.575197 | BA64: =IFERROR(BA8/AY8*100-100,"") -> -58.187095 | BB64: =IFERROR(BB8/BA8*100-100,"") -> 263.51897 | BC64: =IFERROR(BC8/BB8*100-100,"") -> 58.148313 | BD64: =IFERROR(BD8/BC8*100-100,"") -> -36.936684 | BF64: =IFERROR(BF8/BD8*100-100,"") -> -57.146037 | BG64: =IFERROR(BG8/BF8*100-100,"") -> 129.66234 | BH64: =IFERROR(BH11/BG11*100-100,"") -> 25 | BI64: =IFERROR(BI8/BH8*100-100,"") -> -49.777705 | BK64: =IFERROR(BK8/BI8*100-100,"") -> -27.967213 | BL64: =IFERROR(BL8/BK8*100-100,"") -> 42.922167 | BM64: =IFERROR(BM11/BL11*100-100,"") -> -14.473684 | BN64: =IFERROR(BN8/BM8*100-100,"") -> -24.934255 | BP64: =IFERROR(BP8/BN8*100-100,"") -> -27.897589 | BQ64: =IFERROR(BQ8/BP8*100-100,"") -> 62.079785 | BR64: =IFERROR(BR11/BQ11*100-100,"") -> 79.120879 | BS64: =IFERROR(BS8/BR8*100-100,"") -> -9.3653146 | BU64: =IFERROR(BU8/BS8*100-100,"") -> -20.042815 | BV64: =IFERROR(BV8/BU8*100-100,"") -> -49.970022 | BW64: =IFERROR(BW11/BV11*100-100,"") -> 17.530488 | BX64: =IFERROR(BX8/BW8*100-100,"") -> -24.954819 | BZ64: =IFERROR(BZ8/BX8*100-100,"") -> -11.993446 | CA64: =IFERROR(CA8/BZ8*100-100,"") -> 30.663741 | CB64: =IFERROR(CB11/CA11*100-100,"") -> 95.108696 | CC64: =IFERROR(CC8/CB8*100-100,"") -> -33.014052 | CE64: =IFERROR(CE8/CC8*100-100,"") -> 19.304846 | CF64: =IFERROR(CF8/CE8*100-100,"") -> -100 | CG64: =IFERROR(CG11/CF11*100-100,"") | CH64: =IFERROR(CH8/CG8*100-100,"") | CJ64: =IFERROR(CJ8/CH8*100-100,"") | CK64: =IFERROR(CK8/CJ8*100-100,"") | CL64: =IFERROR(CL11/CK11*100-100,"") | CM64: =IFERROR(CM8/CL8*100-100,"")
BH65: =IFERROR(BH12/BG12*100-100,"") -> -43.174397 | BM65: =IFERROR(BM12/BL12*100-100,"") -> -43.809334
C67: 2009 | D67: 2010
AV68: =AV19/1000000 -> 5.3408512 | AW68: =AW19/1000000 -> 4.8378984 | AX68: =AX19/1000000 -> 4.9919435 | AY68: =AY19/1000000 -> 5.1797948 | BA68: =BA19/1000000 -> 5.2327681 | BB68: =BB19/1000000 -> 5.0744403 | BC68: =BC19/1000000 -> 5.1027358 | BD68: =BD19/1000000 -> 5.1521735 | BF68: =BF19/1000000 -> 5.0863625 | BG68: =BG19/1000000 -> 4.9146817 | BH68: =BH19/1000000 -> 4.930896 | BI68: =BI19/1000000 -> 5.0954235 | BK68: =BK19/1000000 -> 5.2105046 | BL68: =BL19/1000000 -> 5.0634179 | BM68: =BM19/1000000 -> 5.2425662 | BN68: =BN19/1000000 -> 5.5469861 | BP68: =BP19/1000000 -> 5.8084368 | BQ68: =BQ19/1000000 -> 5.7456357 | BR68: =BR19/1000000 -> 5.7631539 | BS68: =BS19/1000000 -> 5.9426327 | BU68: =BU19/1000000 -> 6.1143748 | BV68: =BV19/1000000 -> 5.9144348 | BW68: =BW19/1000000 -> 5.9812679 | BX68: =BX19/1000000 -> 5.9836604 | BZ68: =BZ19/1000000 -> 6.0446937 | CA68: =CA19/1000000 -> 6.1637742 | CB68: =CB19/1000000 -> 6.3517693 | CC68: =CC19/1000000 -> 6.3917854 | CE68: =CE19/1000000 -> 6.4358888 | CF68: =CF19/1000000 -> 0 | CG68: =CG19/1000000 -> #DIV/0! | CH68: =CH19/1000000 -> #DIV/0! | CJ68: =CJ19/1000000 -> #DIV/0! | CK68: =CK19/1000000 -> #DIV/0! | CL68: =CL19/1000000 -> #DIV/0! | CM68: =CM19/1000000 -> #DIV/0!
AV69: =AV20/1000000 -> 3.1877411 | AW69: =AW20/1000000 -> 3.2074497 | AX69: =AX20/1000000 -> 3.2426756 | AY69: =AY20/1000000 -> 3.2675825 | BA69: =BA20/1000000 -> 3.239412 | BB69: =BB20/1000000 -> 3.1080383 | BC69: =BC20/1000000 -> 3.0235882 | BD69: =BD20/1000000 -> 3.0763184 | BF69: =BF20/1000000 -> 3.1470941 | BG69: =BG20/1000000 -> 3.2901737 | BH69: =BH20/1000000 -> 3.4006779 | BI69: =BI20/1000000 -> 3.4221318 | BK69: =BK20/1000000 -> 3.4224226 | BL69: =BL20/1000000 -> 3.4487377 | BM69: =BM20/1000000 -> 3.3973607 | BN69: =BN20/1000000 -> 3.3610208 | BP69: =BP20/1000000 -> 3.4123978 | BQ69: =BQ20/1000000 -> 3.4842422 | BR69: =BR20/1000000 -> 3.5118104 | BS69: =BS20/1000000 -> 3.6415061 | BU69: =BU20/1000000 -> 3.7318155 | BV69: =BV20/1000000 -> 3.5370147 | BW69: =BW20/1000000 -> 3.5034131 | BX69: =BX20/1000000 -> 3.5132226 | BZ69: =BZ20/1000000 -> 3.5371126 | CA69: =CA20/1000000 -> 3.480165 | CB69: =CB20/1000000 -> 3.5622969 | CC69: =CC20/1000000 -> 3.7343559 | CE69: =CE20/1000000 -> 3.809043 | CF69: =CF20/1000000 -> 0 | CG69: =CG20/1000000 -> #DIV/0! | CH69: =CH20/1000000 -> #DIV/0! | CJ69: =CJ20/1000000 -> #DIV/0! | CK69: =CK20/1000000 -> #DIV/0! | CL69: =CL20/1000000 -> #DIV/0! | CM69: =CM20/1000000 -> #DIV/0!
AV70: =AV21/1000000 -> 1.5485855 | AW70: =AW21/1000000 -> 1.5877094 | AX70: =AX21/1000000 -> 1.612461 | AY70: =AY21/1000000 -> 1.6210931 | BA70: =BA21/1000000 -> 1.6398071 | BB70: =BB21/1000000 -> 1.659554 | BC70: =BC21/1000000 -> 1.6493557 | BD70: =BD21/1000000 -> 1.6264615 | BF70: =BF21/1000000 -> 1.6081089 | BG70: =BG21/1000000 -> 1.6104364 | BH70: =BH21/1000000 -> 1.6165293 | BI70: =BI21/1000000 -> 1.6242025 | BK70: =BK21/1000000 -> 1.6588049 | BL70: =BL21/1000000 -> 1.7080939 | BM70: =BM21/1000000 -> 1.7486733 | BN70: =BN21/1000000 -> 1.7777717 | BP70: =BP21/1000000 -> 1.860118 | BQ70: =BQ21/1000000 -> 1.8921856 | BR70: =BR21/1000000 -> 1.9107928 | BS70: =BS21/1000000 -> 1.9453347 | BU70: =BU21/1000000 -> 1.9892993 | BV70: =BV21/1000000 -> 1.9823367 | BW70: =BW21/1000000 -> 1.9635045 | BX70: =BX21/1000000 -> 1.9607556 | BZ70: =BZ21/1000000 -> 1.9678143 | CA70: =CA21/1000000 -> 1.9768663 | CB70: =CB21/1000000 -> 1.9727149 | CC70: =CC21/1000000 -> 1.9873129 | CE70: =CE21/1000000 -> 2.0089747 | CF70: =CF21/1000000 -> 0 | CG70: =CG21/1000000 -> #DIV/0! | CH70: =CH21/1000000 -> #DIV/0! | CJ70: =CJ21/1000000 -> #DIV/0! | CK70: =CK21/1000000 -> #DIV/0! | CL70: =CL21/1000000 -> #DIV/0! | CM70: =CM21/1000000 -> #DIV/0!
AV71: =AV22/1000000 -> 2.1094066 | AW71: =AW22/1000000 -> 2.1296817 | AX71: =AX22/1000000 -> 2.1207209 | AY71: =AY22/1000000 -> 2.1447269 | BA71: =BA22/1000000 -> 2.1910025 | BB71: =BB22/1000000 -> 2.2168461 | BC71: =BC22/1000000 -> 2.1831648 | BD71: =BD22/1000000 -> 2.1197575 | BF71: =BF22/1000000 -> 2.0530598 | BG71: =BG22/1000000 -> 2.0788886 | BH71: =BH22/1000000 -> 2.1256702 | BI71: =BI22/1000000 -> 2.1968234 | BK71: =BK22/1000000 -> 2.2341078 | BL71: =BL22/1000000 -> 2.2629606 | BM71: =BM22/1000000 -> 2.2829251 | BN71: =BN22/1000000 -> 2.3264094 | BP71: =BP22/1000000 -> 2.3653812 | BQ71: =BQ22/1000000 -> 2.3772778 | BR71: =BR22/1000000 -> 2.4007976 | BS71: =BS22/1000000 -> 2.4783309 | BU71: =BU22/1000000 -> 2.5710205 | BV71: =BV22/1000000 -> 2.6108713 | BW71: =BW22/1000000 -> 2.6082604 | BX71: =BX22/1000000 -> 2.5850469 | BZ71: =BZ22/1000000 -> 2.558938 | CA71: =CA22/1000000 -> 2.5384664 | CB71: =CB22/1000000 -> 2.608782 | CC71: =CC22/1000000 -> 2.6646099 | CE71: =CE22/1000000 -> 2.6923218 | CF71: =CF22/1000000 -> 0 | CG71: =CG22/1000000 -> #DIV/0! | CH71: =CH22/1000000 -> #DIV/0! | CJ71: =CJ22/1000000 -> #DIV/0! | CK71: =CK22/1000000 -> #DIV/0! | CL71: =CL22/1000000 -> #DIV/0! | CM71: =CM22/1000000 -> #DIV/0!
AV72: =AV23/1000000 -> 11.409413 | AW72: =AW23/1000000 -> 11.564782 | AX72: =AX23/1000000 -> 11.783219 | AY72: =AY23/1000000 -> 11.944407 | BA72: =BA23/1000000 -> 12.067856 | BB72: =BB23/1000000 -> 12.174591 | BC72: =BC23/1000000 -> 12.18313 | BD72: =BD23/1000000 -> 12.091395 | BF72: =BF23/1000000 -> 12.139807 | BG72: =BG23/1000000 -> 12.298632 | BH72: =BH23/1000000 -> 12.434932 | BI72: =BI23/1000000 -> 12.49344 | BK72: =BK23/1000000 -> 12.802275 | BL72: =BL23/1000000 -> 13.05988 | BM72: =BM23/1000000 -> 13.151934 | BN72: =BN23/1000000 -> 13.206128 | BP72: =BP23/1000000 -> 13.560984 | BQ72: =BQ23/1000000 -> 13.667886 | BR72: =BR23/1000000 -> 13.765879 | BS72: =BS23/1000000 -> 13.913612 | BU72: =BU23/1000000 -> 14.058314 | BV72: =BV23/1000000 -> 14.210144 | BW72: =BW23/1000000 -> 14.335193 | BX72: =BX23/1000000 -> 14.315124 | BZ72: =BZ23/1000000 -> 14.433939 | CA72: =CA23/1000000 -> 14.507552 | CB72: =CB23/1000000 -> 14.590245 | CC72: =CC23/1000000 -> 14.744902 | CE72: =CE23/1000000 -> 15.583887 | CF72: =CF23/1000000 -> 0 | CG72: =CG23/1000000 -> #DIV/0! | CH72: =CH23/1000000 -> #DIV/0! | CJ72: =CJ23/1000000 -> #DIV/0! | CK72: =CK23/1000000 -> #DIV/0! | CL72: =CL23/1000000 -> #DIV/0! | CM72: =CM23/1000000 -> #DIV/0!
AV73: =AV24/1000000 -> 7.0239783 | AW73: =AW24/1000000 -> 7.0632366 | AX73: =AX24/1000000 -> 7.1320161 | AY73: =AY24/1000000 -> 7.1356015 | BA73: =BA24/1000000 -> 7.2493912 | BB73: =BB24/1000000 -> 7.3015607 | BC73: =BC24/1000000 -> 7.3235861 | BD73: =BD24/1000000 -> 7.381207 | BF73: =BF24/1000000 -> 7.4742728 | BG73: =BG24/1000000 -> 7.5915307 | BH73: =BH24/1000000 -> 7.6493714 | BI73: =BI24/1000000 -> 7.6346198 | BK73: =BK24/1000000 -> 7.7022614 | BL73: =BL24/1000000 -> 7.7266076 | BM73: =BM24/1000000 -> 7.7725335 | BN73: =BN24/1000000 -> 7.9329973 | BP73: =BP24/1000000 -> 8.0724348 | BQ73: =BQ24/1000000 -> 8.0292755 | BR73: =BR24/1000000 -> 8.1205739 | BS73: =BS24/1000000 -> 8.1504533 | BU73: =BU24/1000000 -> 8.2132118 | BV73: =BV24/1000000 -> 8.2633124 | BW73: =BW24/1000000 -> 8.1360574 | BX73: =BX24/1000000 -> 8.0156438 | BZ73: =BZ24/1000000 -> 7.9972078 | CA73: =CA24/1000000 -> 8.0084039 | CB73: =CB24/1000000 -> 8.0084039 | CC73: =CC24/1000000 -> 7.9995946 | CE73: =CE24/1000000 -> 8.0755908 | CF73: =CF24/1000000 -> 0 | CG73: =CG24/1000000 -> #DIV/0! | CH73: =CH24/1000000 -> #DIV/0! | CJ73: =CJ24/1000000 -> #DIV/0! | CK73: =CK24/1000000 -> #DIV/0! | CL73: =CL24/1000000 -> #DIV/0! | CM73: =CM24/1000000 -> #DIV/0!
AV74: =AV25/1000000 -> 12.490405 | AW74: =AW25/1000000 -> 12.746727 | AX74: =AX25/1000000 -> 12.844269 | AY74: =AY25/1000000 -> 12.905363 | BA74: =BA25/1000000 -> 12.918023 | BB74: =BB25/1000000 -> 13.343276 | BC74: =BC25/1000000 -> 13.375343 | BD74: =BD25/1000000 -> 13.355044 | BF74: =BF25/1000000 -> 13.498317 | BG74: =BG25/1000000 -> 13.813302 | BH74: =BH25/1000000 -> 13.826818 | BI74: =BI25/1000000 -> 13.834491 | BK74: =BK25/1000000 -> 13.920143 | BL74: =BL25/1000000 -> 14.191677 | BM74: =BM25/1000000 -> 14.290648 | BN74: =BN25/1000000 -> 14.495356 | BP74: =BP25/1000000 -> 14.86586 | BQ74: =BQ25/1000000 -> 14.925919 | BR74: =BR25/1000000 -> 14.904772 | BS74: =BS25/1000000 -> 14.780424 | BU74: =BU25/1000000 -> 14.795205 | BV74: =BV25/1000000 -> 14.881017 | BW74: =BW25/1000000 -> 14.924172 | BX74: =BX25/1000000 -> 14.767468 | BZ74: =BZ25/1000000 -> 14.726119 | CA74: =CA25/1000000 -> 15.269513 | CB74: =CB25/1000000 -> 15.229812 | CC74: =CC25/1000000 -> 15.575529 | CE74: =CE25/1000000 -> 16.324712 | CF74: =CF25/1000000 -> 0 | CG74: =CG25/1000000 -> #DIV/0! | CH74: =CH25/1000000 -> #DIV/0! | CJ74: =CJ25/1000000 -> #DIV/0! | CK74: =CK25/1000000 -> #DIV/0! | CL74: =CL25/1000000 -> #DIV/0! | CM74: =CM25/1000000 -> #DIV/0!
BP75: 684 | BQ75: 605 | BR75: 572.47
BP76: 807 | BQ76: 2423 | BR76: 599.97
BP77: 78 | BQ77: 107 | BR77: 143.67
BO83: 45495 | BP83: 84612 | BQ83: 152272 | BR83: 113972 | BS83: 122310 | BT83: 473166 | BU83: 59603 | BV83: 182225
BP84: 28429 | BQ84: 18136 | BR84: 12390 | BS84: 8609 | BT84: 67564 | BU84: 34918.3 | BV84: 40500.46
BP85: 24004 | BQ85: 27117 | BR85: 32552 | BS85: 28504 | BT85: 112177 | BU85: 22632.29 | BV85: 30365.63
BP86: 2231 | BQ86: 3616 | BR86: 7360 | BS86: 6681 | BT86: 19888 | BU86: 5235.39 | BV86: 2382.68
BP87: 796 | BQ87: 468 | BR87: 478 | BS87: 201 | BT87: 1943 | BU87: 1212.96 | BV87: 324.76
BP88: 1049 | BQ88: 2225 | BR88: 538 | BS88: 851 | BT88: 4663 | BU88: 182.98 | BV88: 251.31
BP89: 87 | BQ89: 118 | BR89: 192 | BS89: 130 | BT89: 527 | BU89: 77.6 | BV89: 51.45
BO92: 45496 | BP92: 84612 | BQ92: 152272 | BR92: 114579 | BS92: 127944 | BT92: =SUM(BP92:BS92) -> 479407 | BU92: 59603 | BV92: 179574
BP93: 21003 | BQ93: 17366 | BR93: 15337 | BS93: 15806 | BT93: =SUM(BP93:BS93) -> 69512 | BU93: 22216 | BV93: 23390
BP94: 24004 | BQ94: 27117 | BR94: 32592 | BS94: 28549 | BT94: =SUM(BP94:BS94) -> 112262 | BU94: 22853 | BV94: 23616
BP95: 2231 | BQ95: 3616 | BR95: 7421 | BS95: 6726 | BT95: =SUM(BP95:BS95) -> 19994 | BU95: 5378 | BV95: 2995
BP96: 796 | BQ96: 468 | BR96: 493 | BS96: 210 | BT96: =SUM(BP96:BS96) -> 1967 | BU96: 1204 | BV96: 309
BP97: 1049 | BQ97: 2225 | BR97: 538 | BS97: 835 | BT97: =SUM(BP97:BS97) -> 4647 | BU97: 199 | BV97: 166
BP98: 81 | BQ98: 91 | BR98: 163 | BS98: 146 | BT98: =SUM(BP98:BS98) -> 481 | BU98: 75 | BV98: 64

Sheet ADHK
A1: Home | B1: 1.1 Pertanian, Kehutanan & Perikanan | D1: 2010 | E1: 2012 | F1: 2014 | G1: 2016 | H1: 2018 | I1: 2020 | J1: 2022 | K1: 2024 | U1: 2010 | V1: 2012 | W1: 2014 | X1: 2016 | Y1: 2018 | Z1: 2020 | AA1: 2022 | AB1: 2024 | AL1: 2010 | AM1: 2012 | AN1: 2014 | AO1: 2016 | AP1: 2018 | AQ1: 2020 | AR1: 2022 | AS1: 2024 | BC1: 2010 | BD1: 2012 | BE1: 2014 | BF1: 2016 | BG1: 2018 | BH1: 2020 | BI1: 2022 | BJ1: 2024 | BT1: 2010 | BU1: 2012 | BV1: 2014 | BW1: 2016 | BX1: 2018 | BY1: 2020 | BZ1: 2022 | CA1: 2024 | CK1: 2010 | CL1: 2012 | CM1: 2014 | CN1: 2016 | CO1: 2018 | CP1: 2020 | CQ1: 2022 | CR1: 2024 | DB1: 2010 | DC1: 2012 | DD1: 2014 | DE1: 2016 | DF1: 2018 | DG1: 2020 | DH1: 2022 | DI1: 2024 | DS1: 2010 | DT1: 2012 | DU1: 2014 | DV1: 2016 | DW1: 2018 | DX1: 2020 | DY1: 2022 | DZ1: 2024 | EJ1: 2010 | EK1: 2012 | EL1: 2014 | EM1: 2016 | EN1: 2018 | EO1: 2020 | EP1: 2022 | EQ1: 2024 | FA1: 2010 | FB1: 2012 | FC1: 2014 | FD1: 2016 | FE1: 2018 | FF1: 2020 | FG1: 2022 | FH1: 2024 | FR1: 2010 | FS1: 2012 | FT1: 2014 | FU1: 2016 | FV1: 2018 | FW1: 2020 | FX1: 2022 | FY1: 2024 | GI1: 2010 | GJ1: 2012 | GK1: 2014 | GL1: 2016 | GM1: 2018 | GN1: 2020 | GO1: 2022 | GP1: 2024 | GZ1: 2010 | HA1: 2012 | HB1: 2014 | HC1: 2016 | HD1: 2018 | HE1: 2020 | HF1: 2022 | HG1: 2024 | HQ1: 2010 | HR1: 2012 | HS1: 2014 | HT1: 2016 | HU1: 2018 | HV1: 2020 | HW1: 2022 | HX1: 2024 | IH1: 2010 | II1: 2012 | IJ1: 2014 | IK1: 2016 | IL1: 2018 | IM1: 2020 | IN1: 2022 | IO1: 2024 | IY1: 2010 | IZ1: 2012 | JA1: 2014 | JB1: 2016 | JC1: 2018 | JD1: 2020 | JE1: 2022 | JF1: 2024 | JP1: 2010 | JQ1: 2012 | JR1: 2014 | JS1: 2016 | JT1: 2018 | JU1: 2020 | JV1: 2022 | JW1: 2024 | KG1: 2010 | KH1: 2012 | KI1: 2014 | KJ1: 2016 | KK1: 2018 | KL1: 2020 | KM1: 2022 | KN1: 2024
D2: 2011 | E2: 2013 | F2: 2015 | G2: 2017 | H2: 2019 | I2: 2021 | J2: 2023 | K2: 2025 | U2: 2011 | V2: 2013 | W2: 2015 | X2: 2017 | Y2: 2019 | Z2: 2021 | AA2: 2023 | AB2: 2025 | AL2: 2011 | AM2: 2013 | AN2: 2015 | AO2: 2017 | AP2: 2019 | AQ2: 2021 | AR2: 2023 | AS2: 2025 | BC2: 2011 | BD2: 2013 | BE2: 2015 | BF2: 2017 | BG2: 2019 | BH2: 2021 | BI2: 2023 | BJ2: 2025 | BT2: 2011 | BU2: 2013 | BV2: 2015 | BW2: 2017 | BX2: 2019 | BY2: 2021 | BZ2: 2023 | CA2: 2025 | CK2: 2011 | CL2: 2013 | CM2: 2015 | CN2: 2017 | CO2: 2019 | CP2: 2021 | CQ2: 2023 | CR2: 2025 | DB2: 2011 | DC2: 2013 | DD2: 2015 | DE2: 2017 | DF2: 2019 | DG2: 2021 | DH2: 2023 | DI2: 2025 | DS2: 2011 | DT2: 2013 | DU2: 2015 | DV2: 2017 | DW2: 2019 | DX2: 2021 | DY2: 2023 | DZ2: 2025 | EJ2: 2011 | EK2: 2013 | EL2: 2015 | EM2: 2017 | EN2: 2019 | EO2: 2021 | EP2: 2023 | EQ2: 2025 | FA2: 2011 | FB2: 2013 | FC2: 2015 | FD2: 2017 | FE2: 2019 | FF2: 2021 | FG2: 2023 | FH2: 2025 | FR2: 2011 | FS2: 2013 | FT2: 2015 | FU2: 2017 | FV2: 2019 | FW2: 2021 | FX2: 2023 | FY2: 2025 | GI2: 2011 | GJ2: 2013 | GK2: 2015 | GL2: 2017 | GM2: 2019 | GN2: 2021 | GO2: 2023 | GP2: 2025 | GZ2: 2011 | HA2: 2013 | HB2: 2015 | HC2: 2017 | HD2: 2019 | HE2: 2021 | HF2: 2023 | HG2: 2025 | HQ2: 2011 | HR2: 2013 | HS2: 2015 | HT2: 2017 | HU2: 2019 | HV2: 2021 | HW2: 2023 | HX2: 2025 | IH2: 2011 | II2: 2013 | IJ2: 2015 | IK2: 2017 | IL2: 2019 | IM2: 2021 | IN2: 2023 | IO2: 2025 | IY2: 2011 | IZ2: 2013 | JA2: 2015 | JB2: 2017 | JC2: 2019 | JD2: 2021 | JE2: 2023 | JF2: 2025 | JP2: 2011 | JQ2: 2013 | JR2: 2015 | JS2: 2017 | JT2: 2019 | JU2: 2021 | JV2: 2023 | JW2: 2025 | KG2: 2011 | KH2: 2013 | KI2: 2015 | KJ2: 2017 | KK2: 2019 | KL2: 2021 | KM2: 2023 | KN2: 2025
B4: Wilayah | C4: : Provinsi Sulawesi Tenggara | G4: Lembar Pengolahan Penghitungan | P4: ADHK | S4: Wilayah | T4: : Provinsi Sulawesi Tenggara | X4: Lembar Pengolahan Penghitungan | AG4: ADHK | AJ4: Wilayah | AK4: : Provinsi Sulawesi Tenggara | AO4: Lembar Pengolahan Penghitungan | AX4: ADHK | BA4: Wilayah | BB4: : Provinsi Sulawesi Tenggara | BF4: Lembar Pengolahan Penghitungan | BO4: ADHK | BR4: Wilayah | BS4: : Provinsi Sulawesi Tenggara | BW4: Lembar Pengolahan Penghitungan | CF4: ADHK | CI4: Wilayah | CJ4: : Provinsi Sulawesi Tenggara | CN4: Lembar Pengolahan Penghitungan | CW4: ADHK | CZ4: Wilayah | DA4: : Provinsi Sulawesi Tenggara | DE4: Lembar Pengolahan Penghitungan | DN4: ADHK | DQ4: Wilayah | DR4: : Provinsi Sulawesi Tenggara | DV4: Lembar Pengolahan Penghitungan | EE4: ADHK | EH4: Wilayah | EI4: : Provinsi Sulawesi Tenggara | EM4: Lembar Pengolahan Penghitungan | EV4: ADHK | EY4: Wilayah | EZ4: : Provinsi Sulawesi Tenggara | FD4: Lembar Pengolahan Penghitungan | FM4: ADHK | FP4: Wilayah | FQ4: : Provinsi Sulawesi Tenggara | FU4: Lembar Pengolahan Penghitungan | GD4: ADHK | GG4: Wilayah | GH4: : Provinsi Sulawesi Tenggara | GL4: Lembar Pengolahan Penghitungan | GU4: ADHK | GX4: Wilayah | GY4: : Provinsi Sulawesi Tenggara | HC4: Lembar Pengolahan Penghitungan | HL4: ADHK | HO4: Wilayah | HP4: : Provinsi Sulawesi Tenggara | HT4: Lembar Pengolahan Penghitungan | IC4: ADHK | IF4: Wilayah | IG4: : Provinsi Sulawesi Tenggara | IK4: Lembar Pengolahan Penghitungan | IT4: ADHK | IW4: Wilayah | IX4: : Provinsi Sulawesi Tenggara | JB4: Lembar Pengolahan Penghitungan | JK4: ADHK | JN4: Wilayah | JO4: : Provinsi Sulawesi Tenggara | JS4: Lembar Pengolahan Penghitungan | KB4: ADHK | KE4: Wilayah | KF4: : Provinsi Sulawesi Tenggara | KJ4: Lembar Pengolahan Penghitungan | KS4: ADHK
B5: Kategori | C5: : Pertanian, Kehutanan, dan Perikanan | G5: Nilai Tambah Bruto | S5: Kategori | T5: : Pertanian, Kehutanan, dan Perikanan | X5: Nilai Tambah Bruto | AJ5: Kategori | AK5: : Pertanian, Kehutanan, dan Perikanan | AO5: Nilai Tambah Bruto | BA5: Kategori | BB5: : Pertanian, Kehutanan, dan Perikanan | BF5: Nilai Tambah Bruto | BR5: Kategori | BS5: : Pertanian, Kehutanan, dan Perikanan | BW5: Nilai Tambah Bruto | CI5: Kategori | CJ5: : Pertanian, Kehutanan, dan Perikanan | CN5: Nilai Tambah Bruto | CZ5: Kategori | DA5: : Pertanian, Kehutanan, dan Perikanan | DE5: Nilai Tambah Bruto | DQ5: Kategori | DR5: : Pertanian, Kehutanan, dan Perikanan | DV5: Nilai Tambah Bruto | EH5: Kategori | EI5: : Pertanian, Kehutanan, dan Perikanan | EM5: Nilai Tambah Bruto | EY5: Kategori | EZ5: : Pertanian, Kehutanan, dan Perikanan | FD5: Nilai Tambah Bruto | FP5: Kategori | FQ5: : Pertanian, Kehutanan, dan Perikanan | FU5: Nilai Tambah Bruto | GG5: Kategori | GH5: : Pertanian, Kehutanan, dan Perikanan | GL5: Nilai Tambah Bruto | GX5: Kategori | GY5: : Pertanian, Kehutanan, dan Perikanan | HC5: Nilai Tambah Bruto | HO5: Kategori | HP5: : Pertanian, Kehutanan, dan Perikanan | HT5: Nilai Tambah Bruto | IF5: Kategori | IG5: : Pertanian, Kehutanan, dan Perikanan | IK5: Nilai Tambah Bruto | IW5: Kategori | IX5: : Pertanian, Kehutanan, dan Perikanan | JB5: Nilai Tambah Bruto | JN5: Kategori | JO5: : Pertanian, Kehutanan, dan Perikanan | JS5: Nilai Tambah Bruto | KE5: Kategori | KF5: : Pertanian, Kehutanan, dan Perikanan | KJ5: Nilai Tambah Bruto
B6: Subkategori | C6: : Pertanian, Peternakan, Perburuan dan Jasa Pertanian | G6: Atas Dasar Harga Konstan 2010=100 | P6: 2010 | S6: Subkategori | T6: : Pertanian, Peternakan, Perburuan dan Jasa Pertanian | X6: Atas Dasar Harga Konstan 2010=100 | AG6: =P6+1 -> 2011 | AJ6: Subkategori | AK6: : Pertanian, Peternakan, Perburuan dan Jasa Pertanian | AO6: Atas Dasar Harga Konstan 2010=100 | AX6: =AG6+1 -> 2012 | BA6: Subkategori | BB6: : Pertanian, Peternakan, Perburuan dan Jasa Pertanian | BF6: Atas Dasar Harga Konstan 2010=100 | BO6: =AX6+1 -> 2013 | BR6: Subkategori | BS6: : Pertanian, Peternakan, Perburuan dan Jasa Pertanian | BW6: Atas Dasar Harga Konstan 2010=100 | CF6: =BO6+1 -> 2014 | CI6: Subkategori | CJ6: : Pertanian, Peternakan, Perburuan dan Jasa Pertanian | CN6: Atas Dasar Harga Konstan 2010=100 | CW6: =CF6+1 -> 2015 | CZ6: Subkategori | DA6: : Pertanian, Peternakan, Perburuan dan Jasa Pertanian | DE6: Atas Dasar Harga Konstan 2010=100 | DN6: =CW6+1 -> 2016 | DQ6: Subkategori | DR6: : Pertanian, Peternakan, Perburuan dan Jasa Pertanian | DV6: Atas Dasar Harga Konstan 2010=100 | EE6: =DN6+1 -> 2017 | EH6: Subkategori | EI6: : Pertanian, Peternakan, Perburuan dan Jasa Pertanian | EM6: Atas Dasar Harga Konstan 2010=100 | EV6: =EE6+1 -> 2018 | EY6: Subkategori | EZ6: : Pertanian, Peternakan, Perburuan dan Jasa Pertanian | FD6: Atas Dasar Harga Konstan 2010=100 | FM6: =EV6+1 -> 2019 | FP6: Subkategori | FQ6: : Pertanian, Peternakan, Perburuan dan Jasa Pertanian | FU6: Atas Dasar Harga Konstan 2010=100 | GD6: =FM6+1 -> 2020 | GG6: Subkategori | GH6: : Pertanian, Peternakan, Perburuan dan Jasa Pertanian | GL6: Atas Dasar Harga Konstan 2010=100 | GU6: =GD6+1 -> 2021 | GX6: Subkategori | GY6: : Pertanian, Peternakan, Perburuan dan Jasa Pertanian | HC6: Atas Dasar Harga Konstan 2010=100 | HL6: =GU6+1 -> 2022 | HO6: Subkategori | HP6: : Pertanian, Peternakan, Perburuan dan Jasa Pertanian | HT6: Atas Dasar Harga Konstan 2010=100 | IC6: =HL6+1 -> 2023 | IF6: Subkategori | IG6: : Pertanian, Peternakan, Perburuan dan Jasa Pertanian | IK6: Atas Dasar Harga Konstan 2010=100 | IT6: =IC6+1 -> 2024 | IW6: Subkategori | IX6: : Pertanian, Peternakan, Perburuan dan Jasa Pertanian | JB6: Atas Dasar Harga Konstan 2010=100 | JK6: =IT6+1 -> 2025 | JN6: Subkategori | JO6: : Pertanian, Peternakan, Perburuan dan Jasa Pertanian | JS6: Atas Dasar Harga Konstan 2010=100 | KB6: =JK6+1 -> 2026 | KE6: Subkategori | KF6: : Pertanian, Peternakan, Perburuan dan Jasa Pertanian | KJ6: Atas Dasar Harga Konstan 2010=100 | KS6: =KB6+1 -> 2027
B7: Jenis Kegiatan | C7: : Tanaman Pangan | G7: ="Tahun "&P$6 -> Tahun 2010 | S7: Jenis Kegiatan | T7: : Tanaman Pangan | X7: ="Tahun "&AG$6 -> Tahun 2011 | AJ7: Jenis Kegiatan | AK7: : Tanaman Pangan | AO7: ="Tahun "&AX$6 -> Tahun 2012 | BA7: Jenis Kegiatan | BB7: : Tanaman Pangan | BF7: ="Tahun "&BO$6 -> Tahun 2013 | BR7: Jenis Kegiatan | BS7: : Tanaman Pangan | BW7: ="Tahun "&CF$6 -> Tahun 2014 | CI7: Jenis Kegiatan | CJ7: : Tanaman Pangan | CN7: ="Tahun "&CW$6 -> Tahun 2015 | CZ7: Jenis Kegiatan | DA7: : Tanaman Pangan | DE7: ="Tahun "&DN$6 -> Tahun 2016 | DQ7: Jenis Kegiatan | DR7: : Tanaman Pangan | DV7: ="Tahun "&EE$6 -> Tahun 2017 | EH7: Jenis Kegiatan | EI7: : Tanaman Pangan | EM7: ="Tahun "&EV$6 -> Tahun 2018 | EY7: Jenis Kegiatan | EZ7: : Tanaman Pangan | FD7: ="Tahun "&FM$6 -> Tahun 2019 | FP7: Jenis Kegiatan | FQ7: : Tanaman Pangan | FU7: ="Tahun "&GD$6 -> Tahun 2020 | GG7: Jenis Kegiatan | GH7: : Tanaman Pangan | GL7: ="Tahun "&GU$6 -> Tahun 2021 | GX7: Jenis Kegiatan | GY7: : Tanaman Pangan | HC7: ="Tahun "&HL$6 -> Tahun 2022 | HO7: Jenis Kegiatan | HP7: : Tanaman Pangan | HT7: ="Tahun "&IC$6 -> Tahun 2023 | IF7: Jenis Kegiatan | IG7: : Tanaman Pangan | IK7: ="Tahun "&IT$6 -> Tahun 2024 | IW7: Jenis Kegiatan | IX7: : Tanaman Pangan | JB7: ="Tahun "&JK$6 -> Tahun 2025 | JN7: Jenis Kegiatan | JO7: : Tanaman Pangan | JS7: ="Tahun "&KB$6 -> Tahun 2026 | KE7: Jenis Kegiatan | KF7: : Tanaman Pangan | KJ7: ="Tahun "&KS$6 -> Tahun 2027
B8: Metode Estimasi Output | C8: : Revaluasi | S8: Metode Estimasi Output | T8: : Revaluasi | AJ8: Metode Estimasi Output | AK8: : Revaluasi | BA8: Metode Estimasi Output | BB8: : Revaluasi | BR8: Metode Estimasi Output | BS8: : Revaluasi | CI8: Metode Estimasi Output | CJ8: : Revaluasi | CZ8: Metode Estimasi Output | DA8: : Revaluasi | DQ8: Metode Estimasi Output | DR8: : Revaluasi | EH8: Metode Estimasi Output | EI8: : Revaluasi | EY8: Metode Estimasi Output | EZ8: : Revaluasi | FP8: Metode Estimasi Output | FQ8: : Revaluasi | GG8: Metode Estimasi Output | GH8: : Revaluasi | GX8: Metode Estimasi Output | GY8: : Revaluasi | HO8: Metode Estimasi Output | HP8: : Revaluasi | IF8: Metode Estimasi Output | IG8: : Revaluasi | IW8: Metode Estimasi Output | IX8: : Revaluasi | JN8: Metode Estimasi Output | JO8: : Revaluasi | KE8: Metode Estimasi Output | KF8: : Revaluasi
A10: No. | B10: Subkategori/Jenis Kegiatan/Uraian Komoditi | C10: Output Utama | H10: Output Ikutan | J10: WIP | M10: Output ADH Produsen (Juta Rp) [(7)+(9)+(12)] | N10: Konsumsi Antara | P10: Nilai Tambah Bruto (Juta Rp) (13)-(15) | R10: No. | S10: Subkategori/Jenis Kegiatan/Uraian Komoditi | T10: Output Utama | Y10: Output Ikutan | AA10: WIP | AD10: Output ADH Produsen (Juta Rp) [(7)+(9)+(12)] | AE10: Konsumsi Antara | AG10: Nilai Tambah Bruto (Juta Rp) (13)-(15) | AI10: No. | AJ10: Subkategori/Jenis Kegiatan/Uraian Komoditi | AK10: Output Utama | AP10: Output Ikutan | AR10: WIP | AU10: Output ADH Produsen (Juta Rp) [(7)+(9)+(12)] | AV10: Konsumsi Antara | AX10: Nilai Tambah Bruto (Juta Rp) (13)-(15) | AZ10: No. | BA10: Subkategori/Jenis Kegiatan/Uraian Komoditi | BB10: Output Utama | BG10: Output Ikutan | BI10: WIP | BL10: Output ADH Produsen (Juta Rp) [(7)+(9)+(12)] | BM10: Konsumsi Antara | BO10: Nilai Tambah Bruto (Juta Rp) (13)-(15) | BQ10: No. | BR10: Subkategori/Jenis Kegiatan/Uraian Komoditi | BS10: Output Utama | BX10: Output Ikutan | BZ10: WIP | CC10: Output ADH Produsen (Juta Rp) [(7)+(9)+(12)] | CD10: Konsumsi Antara | CF10: Nilai Tambah Bruto (Juta Rp) (13)-(15) | CH10: No. | CI10: Subkategori/Jenis Kegiatan/Uraian Komoditi | CJ10: Output Utama | CO10: Output Ikutan | CQ10: WIP | CT10: Output ADH Produsen (Juta Rp) [(7)+(9)+(12)] | CU10: Konsumsi Antara | CW10: Nilai Tambah Bruto (Juta Rp) (13)-(15) | CY10: No. | CZ10: Subkategori/Jenis Kegiatan/Uraian Komoditi | DA10: Output Utama | DF10: Output Ikutan | DH10: WIP | DK10: Output ADH Produsen (Juta Rp) [(7)+(9)+(12)] | DL10: Konsumsi Antara | DN10: Nilai Tambah Bruto (Juta Rp) (13)-(15) | DP10: No. | DQ10: Subkategori/Jenis Kegiatan/Uraian Komoditi | DR10: Output Utama | DW10: Output Ikutan | DY10: WIP | EB10: Output ADH Produsen (Juta Rp) [(7)+(9)+(12)] | EC10: Konsumsi Antara | EE10: Nilai Tambah Bruto (Juta Rp) (13)-(15) | EG10: No. | EH10: Subkategori/Jenis Kegiatan/Uraian Komoditi | EI10: Output Utama | EN10: Output Ikutan | EP10: WIP | ES10: Output ADH Produsen (Juta Rp) [(7)+(9)+(12)] | ET10: Konsumsi Antara | EV10: Nilai Tambah Bruto (Juta Rp) (13)-(15) | EX10: No. | EY10: Subkategori/Jenis Kegiatan/Uraian Komoditi | EZ10: Output Utama | FE10: Output Ikutan | FG10: WIP | FJ10: Output ADH Produsen (Juta Rp) [(7)+(9)+(12)] | FK10: Konsumsi Antara | FM10: Nilai Tambah Bruto (Juta Rp) (13)-(15) | FO10: No. | FP10: Subkategori/Jenis Kegiatan/Uraian Komoditi | FQ10: Output Utama | FV10: Output Ikutan | FX10: WIP | GA10: Output ADH Produsen (Juta Rp) [(7)+(9)+(12)] | GB10: Konsumsi Antara | GD10: Nilai Tambah Bruto (Juta Rp) (13)-(15) | GF10: No. | GG10: Subkategori/Jenis Kegiatan/Uraian Komoditi | GH10: Output Utama | GM10: Output Ikutan | GO10: WIP | GR10: Output ADH Produsen (Juta Rp) [(7)+(9)+(12)] | GS10: Konsumsi Antara | GU10: Nilai Tambah Bruto (Juta Rp) (13)-(15) | GW10: No. | GX10: Subkategori/Jenis Kegiatan/Uraian Komoditi | GY10: Output Utama | HD10: Output Ikutan | HF10: WIP | HI10: Output ADH Produsen (Juta Rp) [(7)+(9)+(12)] | HJ10: Konsumsi Antara | HL10: Nilai Tambah Bruto (Juta Rp) (13)-(15) | HN10: No. | HO10: Subkategori/Jenis Kegiatan/Uraian Komoditi | HP10: Output Utama | HU10: Output Ikutan | HW10: WIP | HZ10: Output ADH Produsen (Juta Rp) [(7)+(9)+(12)] | IA10: Konsumsi Antara | IC10: Nilai Tambah Bruto (Juta Rp) (13)-(15) | IE10: No. | IF10: Subkategori/Jenis Kegiatan/Uraian Komoditi | IG10: Output Utama | IL10: Output Ikutan | IN10: WIP | IQ10: Output ADH Produsen (Juta Rp) [(7)+(9)+(12)] | IR10: Konsumsi Antara | IT10: Nilai Tambah Bruto (Juta Rp) (13)-(15) | IV10: No. | IW10: Subkategori/Jenis Kegiatan/Uraian Komoditi | IX10: Output Utama | JC10: Output Ikutan | JE10: WIP | JH10: Output ADH Produsen (Juta Rp) [(7)+(9)+(12)] | JI10: Konsumsi Antara | JK10: Nilai Tambah Bruto (Juta Rp) (13)-(15) | JM10: No. | JN10: Subkategori/Jenis Kegiatan/Uraian Komoditi | JO10: Output Utama | JT10: Output Ikutan | JV10: WIP | JY10: Output ADH Produsen (Juta Rp) [(7)+(9)+(12)] | JZ10: Konsumsi Antara | KB10: Nilai Tambah Bruto (Juta Rp) (13)-(15) | KD10: No. | KE10: Subkategori/Jenis Kegiatan/Uraian Komoditi | KF10: Output Utama | KK10: Output Ikutan | KM10: WIP | KP10: Output ADH Produsen (Juta Rp) [(7)+(9)+(12)] | KQ10: Konsumsi Antara | KS10: Nilai Tambah Bruto (Juta Rp) (13)-(15)
C11: Wujud/ Kegiatan | D11: Satuan/ Unit | E11: Kuantum | F11: Harga Produsen tahun 2010 (Rp/Unit) | G11: Nilai (Juta Rp) (5)x(6) | H11: Rasio Tahun 2010 | I11: Nilai (Juta Rp) (8)x(7) | J11: Deflator | K11: WIP Berlaku (Juta Rp) | L11: Nilai (Juta Rp) (11) / (10) x 100 | N11: Rasio Tahun 2010 | O11: Nilai (Juta Rp) ((13)-(12))x(14) | T11: Wujud/ Kegiatan | U11: Satuan/ Unit | V11: Kuantum | W11: Harga Produsen tahun 2010 (Rp/Unit) | X11: Nilai (Juta Rp) (5)x(6) | Y11: Rasio Tahun 2010 | Z11: Nilai (Juta Rp) (8)x(7) | AA11: Deflator | AB11: WIP Berlaku (Juta Rp) | AC11: Nilai (Juta Rp) (11) / (10) x 100 | AE11: Rasio Tahun 2010 | AF11: Nilai (Juta Rp) ((13)-(12))x(14) | AK11: Wujud/ Kegiatan | AL11: Satuan/ Unit | AM11: Kuantum | AN11: Harga Produsen tahun 2010 (Rp/Unit) | AO11: Nilai (Juta Rp) (5)x(6) | AP11: Rasio Tahun 2010 | AQ11: Nilai (Juta Rp) (8)x(7) | AR11: Deflator | AS11: WIP Berlaku (Juta Rp) | AT11: Nilai (Juta Rp) (11) / (10) x 100 | AV11: Rasio Tahun 2010 | AW11: Nilai (Juta Rp) ((13)-(12))x(14) | BB11: Wujud/ Kegiatan | BC11: Satuan/ Unit | BD11: Kuantum | BE11: Harga Produsen tahun 2010 (Rp/Unit) | BF11: Nilai (Juta Rp) (5)x(6) | BG11: Rasio Tahun 2010 | BH11: Nilai (Juta Rp) (8)x(7) | BI11: Deflator | BJ11: WIP Berlaku (Juta Rp) | BK11: Nilai (Juta Rp) (11) / (10) x 100 | BM11: Rasio Tahun 2010 | BN11: Nilai (Juta Rp) ((13)-(12))x(14) | BS11: Wujud/ Kegiatan | BT11: Satuan/ Unit | BU11: Kuantum | BV11: Harga Produsen tahun 2010 (Rp/Unit) | BW11: Nilai (Juta Rp) (5)x(6) | BX11: Rasio Tahun 2010 | BY11: Nilai (Juta Rp) (8)x(7) | BZ11: Deflator | CA11: WIP Berlaku (Juta Rp) | CB11: Nilai (Juta Rp) (11) / (10) x 100 | CD11: Rasio Tahun 2010 | CE11: Nilai (Juta Rp) ((13)-(12))x(14) | CJ11: Wujud/ Kegiatan | CK11: Satuan/ Unit | CL11: Kuantum | CM11: Harga Produsen tahun 2010 (Rp/Unit) | CN11: Nilai (Juta Rp) (5)x(6) | CO11: Rasio Tahun 2010 | CP11: Nilai (Juta Rp) (8)x(7) | CQ11: Deflator | CR11: WIP Berlaku (Juta Rp) | CS11: Nilai (Juta Rp) (11) / (10) x 100 | CU11: Rasio Tahun 2010 | CV11: Nilai (Juta Rp) ((13)-(12))x(14) | DA11: Wujud/ Kegiatan | DB11: Satuan/ Unit | DC11: Kuantum | DD11: Harga Produsen tahun 2010 (Rp/Unit) | DE11: Nilai (Juta Rp) (5)x(6) | DF11: Rasio Tahun 2010 | DG11: Nilai (Juta Rp) (8)x(7) | DH11: Deflator | DI11: WIP Berlaku (Juta Rp) | DJ11: Nilai (Juta Rp) (11) / (10) x 100 | DL11: Rasio Tahun 2010 | DM11: Nilai (Juta Rp) ((13)-(12))x(14) | DR11: Wujud/ Kegiatan | DS11: Satuan/ Unit | DT11: Kuantum | DU11: Harga Produsen tahun 2010 (Rp/Unit) | DV11: Nilai (Juta Rp) (5)x(6) | DW11: Rasio Tahun 2010 | DX11: Nilai (Juta Rp) (8)x(7) | DY11: Deflator | DZ11: WIP Berlaku (Juta Rp) | EA11: Nilai (Juta Rp) (11) / (10) x 100 | EC11: Rasio Tahun 2010 | ED11: Nilai (Juta Rp) ((13)-(12))x(14) | EI11: Wujud/ Kegiatan | EJ11: Satuan/ Unit | EK11: Kuantum | EL11: Harga Produsen tahun 2010 (Rp/Unit) | EM11: Nilai (Juta Rp) (5)x(6) | EN11: Rasio Tahun 2010 | EO11: Nilai (Juta Rp) (8)x(7) | EP11: Deflator | EQ11: WIP Berlaku (Juta Rp) | ER11: Nilai (Juta Rp) (11) / (10) x 100 | ET11: Rasio Tahun 2010 | EU11: Nilai (Juta Rp) ((13)-(12))x(14) | EZ11: Wujud/ Kegiatan | FA11: Satuan/ Unit | FB11: Kuantum | FC11: Harga Produsen tahun 2010 (Rp/Unit) | FD11: Nilai (Juta Rp) (5)x(6) | FE11: Rasio Tahun 2010 | FF11: Nilai (Juta Rp) (8)x(7) | FG11: Deflator | FH11: WIP Berlaku (Juta Rp) | FI11: Nilai (Juta Rp) (11) / (10) x 100 | FK11: Rasio Tahun 2010 | FL11: Nilai (Juta Rp) ((13)-(12))x(14) | FQ11: Wujud/ Kegiatan | FR11: Satuan/ Unit | FS11: Kuantum | FT11: Harga Produsen tahun 2010 (Rp/Unit) | FU11: Nilai (Juta Rp) (5)x(6) | FV11: Rasio Tahun 2010 | FW11: Nilai (Juta Rp) (8)x(7) | FX11: Deflator | FY11: WIP Berlaku (Juta Rp) | FZ11: Nilai (Juta Rp) (11) / (10) x 100 | GB11: Rasio Tahun 2010 | GC11: Nilai (Juta Rp) ((13)-(12))x(14) | GH11: Wujud/ Kegiatan | GI11: Satuan/ Unit | GJ11: Kuantum | GK11: Harga Produsen tahun 2010 (Rp/Unit) | GL11: Nilai (Juta Rp) (5)x(6) | GM11: Rasio Tahun 2010 | GN11: Nilai (Juta Rp) (8)x(7) | GO11: Deflator | GP11: WIP Berlaku (Juta Rp) | GQ11: Nilai (Juta Rp) (11) / (10) x 100 | GS11: Rasio Tahun 2010 | GT11: Nilai (Juta Rp) ((13)-(12))x(14) | GY11: Wujud/ Kegiatan | GZ11: Satuan/ Unit | HA11: Kuantum | HB11: Harga Produsen tahun 2010 (Rp/Unit) | HC11: Nilai (Juta Rp) (5)x(6) | HD11: Rasio Tahun 2010 | HE11: Nilai (Juta Rp) (8)x(7) | HF11: Deflator | HG11: WIP Berlaku (Juta Rp) | HH11: Nilai (Juta Rp) (11) / (10) x 100 | HJ11: Rasio Tahun 2010 | HK11: Nilai (Juta Rp) ((13)-(12))x(14) | HP11: Wujud/ Kegiatan | HQ11: Satuan/ Unit | HR11: Kuantum | HS11: Harga Produsen tahun 2010 (Rp/Unit) | HT11: Nilai (Juta Rp) (5)x(6) | HU11: Rasio Tahun 2010 | HV11: Nilai (Juta Rp) (8)x(7) | HW11: Deflator | HX11: WIP Berlaku (Juta Rp) | HY11: Nilai (Juta Rp) (11) / (10) x 100 | IA11: Rasio Tahun 2010 | IB11: Nilai (Juta Rp) ((13)-(12))x(14) | IG11: Wujud/ Kegiatan | IH11: Satuan/ Unit | II11: Kuantum | IJ11: Harga Produsen tahun 2010 (Rp/Unit) | IK11: Nilai (Juta Rp) (5)x(6) | IL11: Rasio Tahun 2010 | IM11: Nilai (Juta Rp) (8)x(7) | IN11: Deflator | IO11: WIP Berlaku (Juta Rp) | IP11: Nilai (Juta Rp) (11) / (10) x 100 | IR11: Rasio Tahun 2010 | IS11: Nilai (Juta Rp) ((13)-(12))x(14) | IX11: Wujud/ Kegiatan | IY11: Satuan/ Unit | IZ11: Kuantum | JA11: Harga Produsen tahun 2010 (Rp/Unit) | JB11: Nilai (Juta Rp) (5)x(6) | JC11: Rasio Tahun 2010 | JD11: Nilai (Juta Rp) (8)x(7) | JE11: Deflator | JF11: WIP Berlaku (Juta Rp) | JG11: Nilai (Juta Rp) (11) / (10) x 100 | JI11: Rasio Tahun 2010 | JJ11: Nilai (Juta Rp) ((13)-(12))x(14) | JO11: Wujud/ Kegiatan | JP11: Satuan/ Unit | JQ11: Kuantum | JR11: Harga Produsen tahun 2010 (Rp/Unit) | JS11: Nilai (Juta Rp) (5)x(6) | JT11: Rasio Tahun 2010 | JU11: Nilai (Juta Rp) (8)x(7) | JV11: Deflator | JW11: WIP Berlaku (Juta Rp) | JX11: Nilai (Juta Rp) (11) / (10) x 100 | JZ11: Rasio Tahun 2010 | KA11: Nilai (Juta Rp) ((13)-(12))x(14) | KF11: Wujud/ Kegiatan | KG11: Satuan/ Unit | KH11: Kuantum | KI11: Harga Produsen tahun 2010 (Rp/Unit) | KJ11: Nilai (Juta Rp) (5)x(6) | KK11: Rasio Tahun 2010 | KL11: Nilai (Juta Rp) (8)x(7) | KM11: Deflator | KN11: WIP Berlaku (Juta Rp) | KO11: Nilai (Juta Rp) (11) / (10) x 100 | KQ11: Rasio Tahun 2010 | KR11: Nilai (Juta Rp) ((13)-(12))x(14)
A12: -1 | B12: -2 | C12: -3 | D12: -4 | E12: -5 | F12: -6 | G12: -7 | H12: -8 | I12: -9 | J12: -10 | K12: -11 | L12: -12 | M12: -13 | N12: -14 | O12: -15 | P12: -16 | R12: -1 | S12: -2 | T12: -3 | U12: -4 | V12: -5 | W12: -6 | X12: -7 | Y12: -8 | Z12: -9 | AA12: -10 | AB12: -11 | AC12: -12 | AD12: -13 | AE12: -14 | AF12: -15 | AG12: -16 | AI12: -1 | AJ12: -2 | AK12: -3 | AL12: -4 | AM12: -5 | AN12: -6 | AO12: -7 | AP12: -8 | AQ12: -9 | AR12: -10 | AS12: -11 | AT12: -12 | AU12: -13 | AV12: -14 | AW12: -15 | AX12: -16 | AZ12: -1 | BA12: -2 | BB12: -3 | BC12: -4 | BD12: -5 | BE12: -6 | BF12: -7 | BG12: -8 | BH12: -9 | BI12: -10 | BJ12: -11 | BK12: -12 | BL12: -13 | BM12: -14 | BN12: -15 | BO12: -16 | BQ12: -1 | BR12: -2 | BS12: -3 | BT12: -4 | BU12: -5 | BV12: -6 | BW12: -7 | BX12: -8 | BY12: -9 | BZ12: -10 | CA12: -11 | CB12: -12 | CC12: -13 | CD12: -14 | CE12: -15 | CF12: -16 | CH12: -1 | CI12: -2 | CJ12: -3 | CK12: -4 | CL12: -5 | CM12: -6 | CN12: -7 | CO12: -8 | CP12: -9 | CQ12: -10 | CR12: -11 | CS12: -12 | CT12: -13 | CU12: -14 | CV12: -15 | CW12: -16 | CY12: -1 | CZ12: -2 | DA12: -3 | DB12: -4 | DC12: -5 | DD12: -6 | DE12: -7 | DF12: -8 | DG12: -9 | DH12: -10 | DI12: -11 | DJ12: -12 | DK12: -13 | DL12: -14 | DM12: -15 | DN12: -16 | DP12: -1 | DQ12: -2 | DR12: -3 | DS12: -4 | DT12: -5 | DU12: -6 | DV12: -7 | DW12: -8 | DX12: -9 | DY12: -10 | DZ12: -11 | EA12: -12 | EB12: -13 | EC12: -14 | ED12: -15 | EE12: -16 | EG12: -1 | EH12: -2 | EI12: -3 | EJ12: -4 | EK12: -5 | EL12: -6 | EM12: -7 | EN12: -8 | EO12: -9 | EP12: -10 | EQ12: -11 | ER12: -12 | ES12: -13 | ET12: -14 | EU12: -15 | EV12: -16 | EX12: -1 | EY12: -2 | EZ12: -3 | FA12: -4 | FB12: -5 | FC12: -6 | FD12: -7 | FE12: -8 | FF12: -9 | FG12: -10 | FH12: -11 | FI12: -12 | FJ12: -13 | FK12: -14 | FL12: -15 | FM12: -16 | FO12: -1 | FP12: -2 | FQ12: -3 | FR12: -4 | FS12: -5 | FT12: -6 | FU12: -7 | FV12: -8 | FW12: -9 | FX12: -10 | FY12: -11 | FZ12: -12 | GA12: -13 | GB12: -14 | GC12: -15 | GD12: -16 | GF12: -1 | GG12: -2 | GH12: -3 | GI12: -4 | GJ12: -5 | GK12: -6 | GL12: -7 | GM12: -8 | GN12: -9 | GO12: -10 | GP12: -11 | GQ12: -12 | GR12: -13 | GS12: -14 | GT12: -15 | GU12: -16 | GW12: -1 | GX12: -2 | GY12: -3 | GZ12: -4 | HA12: -5 | HB12: -6 | HC12: -7 | HD12: -8 | HE12: -9 | HF12: -10 | HG12: -11 | HH12: -12 | HI12: -13 | HJ12: -14 | HK12: -15 | HL12: -16 | HN12: -1 | HO12: -2 | HP12: -3 | HQ12: -4 | HR12: -5 | HS12: -6 | HT12: -7 | HU12: -8 | HV12: -9 | HW12: -10 | HX12: -11 | HY12: -12 | HZ12: -13 | IA12: -14 | IB12: -15 | IC12: -16 | IE12: -1 | IF12: -2 | IG12: -3 | IH12: -4 | II12: -5 | IJ12: -6 | IK12: -7 | IL12: -8 | IM12: -9 | IN12: -10 | IO12: -11 | IP12: -12 | IQ12: -13 | IR12: -14 | IS12: -15 | IT12: -16 | IV12: -1 | IW12: -2 | IX12: -3 | IY12: -4 | IZ12: -5 | JA12: -6 | JB12: -7 | JC12: -8 | JD12: -9 | JE12: -10 | JF12: -11 | JG12: -12 | JH12: -13 | JI12: -14 | JJ12: -15 | JK12: -16 | JM12: -1 | JN12: -2 | JO12: -3 | JP12: -4 | JQ12: -5 | JR12: -6 | JS12: -7 | JT12: -8 | JU12: -9 | JV12: -10 | JW12: -11 | JX12: -12 | JY12: -13 | JZ12: -14 | KA12: -15 | KB12: -16 | KD12: -1 | KE12: -2 | KF12: -3 | KG12: -4 | KH12: -5 | KI12: -6 | KJ12: -7 | KK12: -8 | KL12: -9 | KM12: -10 | KN12: -11 | KO12: -12 | KP12: -13 | KQ12: -14 | KR12: -15 | KS12: -16
A13: 1 | B13: Padi | C13: Gabah Kering | D13: Ton | E13: =E49+E85+E121+E157 -> 454644 | F13: =G13/E13*1000000 -> 3645300 | G13: =G49+G85+G121+G157 -> 1657313.8 | H13: 0.061282051 | I13: =IFERROR(+G13*H13,"") -> 101563.59 | L13: =L49+L85+L121+L157 -> 0 | M13: =IFERROR(+(IF(G13="","0",G13))+(IF(I13="","0",I13))+(IF(L13="","0",L13)),"") -> 1758877.4 | N13: 0.32474488 | O13: =IFERROR(+N13*(M13-L13),"") -> 571186.43 | P13: =IFERROR(+(IF(M13="","0",M13))-(IF(O13="","0",O13)),"") -> 1187690.9 | R13: 1 | S13: Padi | T13: Gabah Kering | U13: Ton | V13: =V49+V85+V121+V157 -> 491567 | W13: =X13/V13*1000000 -> 3645300 | X13: =X49+X85+X121+X157 -> 1791909.2 | Y13: 0.061282051 | Z13: =IFERROR(+X13*Y13,"") -> 109811.87 | AC13: =AC49+AC85+AC121+AC157 -> 0 | AD13: =IFERROR(+(IF(X13="","0",X13))+(IF(Z13="","0",Z13))+(IF(AC13="","0",AC13)),"") -> 1901721.1 | AE13: 0.32474488 | AF13: =IFERROR(+AE13*(AD13-AC13),"") -> 617574.19 | AG13: =IFERROR(+(IF(AD13="","0",AD13))-(IF(AF13="","0",AF13)),"") -> 1284146.9 | AI13: 1 | AJ13: Padi | AK13: Gabah Kering | AL13: Ton | AM13: =AM49+AM85+AM121+AM157 -> 516291 | AN13: =AO13/AM13*1000000 -> 3645300 | AO13: =AO49+AO85+AO121+AO157 -> 1882035.6 | AP13: 0.061282051 | AQ13: =IFERROR(+AO13*AP13,"") -> 115335 | AT13: =AT49+AT85+AT121+AT157 -> 0 | AU13: =IFERROR(+(IF(AO13="","0",AO13))+(IF(AQ13="","0",AQ13))+(IF(AT13="","0",AT13)),"") -> 1997370.6 | AV13: 0.32474488 | AW13: =IFERROR(+AV13*(AU13-AT13),"") -> 648635.88 | AX13: =IFERROR(+(IF(AU13="","0",AU13))-(IF(AW13="","0",AW13)),"") -> 1348734.7 | AZ13: 1 | BA13: Padi | BB13: Gabah Kering | BC13: Ton | BD13: =BD49+BD85+BD121+BD157 -> 561361 | BE13: =BF13/BD13*1000000 -> 3645300 | BF13: =BF49+BF85+BF121+BF157 -> 2046329.3 | BG13: 0.061282051 | BH13: =IFERROR(+BF13*BG13,"") -> 125403.25 | BK13: =BK49+BK85+BK121+BK157 -> 0 | BL13: =IFERROR(+(IF(BF13="","0",BF13))+(IF(BH13="","0",BH13))+(IF(BK13="","0",BK13)),"") -> 2171732.5 | BM13: 0.32474488 | BN13: =IFERROR(+BM13*(BL13-BK13),"") -> 705259.02 | BO13: =IFERROR(+(IF(BL13="","0",BL13))-(IF(BN13="","0",BN13)),"") -> 1466473.5 | BQ13: 1 | BR13: Padi | BS13: Gabah Kering | BT13: Ton | BU13: =BU49+BU85+BU121+BU157 -> 657617 | BV13: =BW13/BU13*1000000 -> 3645300 | BW13: =BW49+BW85+BW121+BW157 -> 2397211.2 | BX13: 0.061282051 | BY13: =IFERROR(+BW13*BX13,"") -> 146906.02 | CB13: =CB49+CB85+CB121+CB157 -> 0 | CC13: =IFERROR(+(IF(BW13="","0",BW13))+(IF(BY13="","0",BY13))+(IF(CB13="","0",CB13)),"") -> 2544117.3 | CD13: 0.32474488 | CE13: =IFERROR(+CD13*(CC13-CB13),"") -> 826189.07 | CF13: =IFERROR(+(IF(CC13="","0",CC13))-(IF(CE13="","0",CE13)),"") -> 1717928.2 | CH13: 1 | CI13: Padi | CJ13: Gabah Kering | CK13: Ton | CL13: =CL49+CL85+CL121+CL157 -> 660720 | CM13: =CN13/CL13*1000000 -> 3645300 | CN13: =CN49+CN85+CN121+CN157 -> 2408522.6 | CO13: 0.061282051 | CP13: =IFERROR(+CN13*CO13,"") -> 147599.21 | CS13: =CS49+CS85+CS121+CS157 -> 0 | CT13: =IFERROR(+(IF(CN13="","0",CN13))+(IF(CP13="","0",CP13))+(IF(CS13="","0",CS13)),"") -> 2556121.8 | CU13: 0.32474488 | CV13: =IFERROR(+CU13*(CT13-CS13),"") -> 830087.49 | CW13: =IFERROR(+(IF(CT13="","0",CT13))-(IF(CV13="","0",CV13)),"") -> 1726034.3 | CY13: 1 | CZ13: Padi | DA13: Gabah Kering | DB13: Ton | DC13: =DC49+DC85+DC121+DC157 -> 695329 | DD13: =DE13/DC13*1000000 -> 3645300 | DE13: =DE49+DE85+DE121+DE157 -> 2534682.8 | DF13: 0.061282051 | DG13: =IFERROR(+DE13*DF13,"") -> 155330.56 | DJ13: =DJ49+DJ85+DJ121+DJ157 -> 0 | DK13: =IFERROR(+(IF(DE13="","0",DE13))+(IF(DG13="","0",DG13))+(IF(DJ13="","0",DJ13)),"") -> 2690013.4 | DL13: 0.32474488 | DM13: =IFERROR(+DL13*(DK13-DJ13),"") -> 873568.08 | DN13: =IFERROR(+(IF(DK13="","0",DK13))-(IF(DM13="","0",DM13)),"") -> 1816445.3 | DP13: 1 | DQ13: Padi | DR13: Gabah Kering | DS13: Ton | DT13: =DT49+DT85+DT121+DT157 -> 711401 | DU13: =DV13/DT13*1000000 -> 3645300 | DV13: =DV49+DV85+DV121+DV157 -> 2593270.1 | DW13: 0.061282051 | DX13: =IFERROR(+DV13*DW13,"") -> 158920.91 | EA13: =EA49+EA85+EA121+EA157 -> 0 | EB13: =IFERROR(+(IF(DV13="","0",DV13))+(IF(DX13="","0",DX13))+(IF(EA13="","0",EA13)),"") -> 2752191 | EC13: 0.32474488 | ED13: =IFERROR(+EC13*(EB13-EA13),"") -> 893759.94 | EE13: =IFERROR(+(IF(EB13="","0",EB13))-(IF(ED13="","0",ED13)),"") -> 1858431 | EG13: 1 | EH13: Padi | EI13: Gabah Kering | EJ13: Ton | EK13: =EK49+EK85+EK121+EK157 -> 538876.2 | EL13: =EM13/EK13*1000000 -> 3645300 | EM13: =EM49+EM85+EM121+EM157 -> 1964365.4 | EN13: 0.061282051 | EO13: =IFERROR(+EM13*EN13,"") -> 120380.34 | ER13: =ER49+ER85+ER121+ER157 -> 0 | ES13: =IFERROR(+(IF(EM13="","0",EM13))+(IF(EO13="","0",EO13))+(IF(ER13="","0",ER13)),"") -> 2084745.8 | ET13: 0.32474488 | EU13: =IFERROR(+ET13*(ES13-ER13),"") -> 677010.52 | EV13: =IFERROR(+(IF(ES13="","0",ES13))-(IF(EU13="","0",EU13)),"") -> 1407735.2 | EX13: 1 | EY13: Padi | EZ13: Gabah Kering | FA13: Ton | FB13: =FB49+FB85+FB121+FB157 -> 519706.9 | FC13: =FD13/FB13*1000000 -> 3645300 | FD13: =FD49+FD85+FD121+FD157 -> 1894487.6 | FE13: 0.061282051 | FF13: =IFERROR(+FD13*FE13,"") -> 116098.08 | FI13: =FI49+FI85+FI121+FI157 -> 0 | FJ13: =IFERROR(+(IF(FD13="","0",FD13))+(IF(FF13="","0",FF13))+(IF(FI13="","0",FI13)),"") -> 2010585.6 | FK13: 0.32474488 | FL13: =IFERROR(+FK13*(FJ13-FI13),"") -> 652927.4 | FM13: =IFERROR(+(IF(FJ13="","0",FJ13))-(IF(FL13="","0",FL13)),"") -> 1357658.2 | FO13: 1 | FP13: Padi | FQ13: Gabah Kering | FR13: Ton | FS13: =FS49+FS85+FS121+FS157 -> 532773.49 | FT13: =FU13/FS13*1000000 -> 3645300 | FU13: =FU49+FU85+FU121+FU157 -> 1942119.2 | FV13: 0.061282051 | FW13: =IFERROR(+FU13*FV13,"") -> 119017.05 | FZ13: =FZ49+FZ85+FZ121+FZ157 -> 0 | GA13: =IFERROR(+(IF(FU13="","0",FU13))+(IF(FW13="","0",FW13))+(IF(FZ13="","0",FZ13)),"") -> 2061136.3 | GB13: 0.32474488 | GC13: =IFERROR(+GB13*(GA13-FZ13),"") -> 669343.45 | GD13: =IFERROR(+(IF(GA13="","0",GA13))-(IF(GC13="","0",GC13)),"") -> 1391792.8 | GF13: 1 | GG13: Padi | GH13: Gabah Kering | GI13: Ton | GJ13: =GJ49+GJ85+GJ121+GJ157 -> 530028 | GK13: =GL13/GJ13*1000000 -> 3645300 | GL13: =GL49+GL85+GL121+GL157 -> 1932111.1 | GM13: 0.061282051 | GN13: =IFERROR(+GL13*GM13,"") -> 118403.73 | GQ13: =GQ49+GQ85+GQ121+GQ157 -> 0 | GR13: =IFERROR(+(IF(GL13="","0",GL13))+(IF(GN13="","0",GN13))+(IF(GQ13="","0",GQ13)),"") -> 2050514.8 | GS13: 0.32474488 | GT13: =IFERROR(+GS13*(GR13-GQ13),"") -> 665894.19 | GU13: =IFERROR(+(IF(GR13="","0",GR13))-(IF(GT13="","0",GT13)),"") -> 1384620.6 | GW13: 1 | GX13: Padi | GY13: Gabah Kering | GZ13: Ton | HA13: =HA49+HA85+HA121+HA157 -> 478958.03 | HB13: =HC13/HA13*1000000 -> 3645300 | HC13: =HC49+HC85+HC121+HC157 -> 1745945.7 | HD13: 0.061282051 | HE13: =IFERROR(+HC13*HD13,"") -> 106995.13 | HH13: =HH49+HH85+HH121+HH157 -> 0 | HI13: =IFERROR(+(IF(HC13="","0",HC13))+(IF(HE13="","0",HE13))+(IF(HH13="","0",HH13)),"") -> 1852940.8 | HJ13: 0.32474488 | HK13: =IFERROR(+HJ13*(HI13-HH13),"") -> 601733.06 | HL13: =IFERROR(+(IF(HI13="","0",HI13))-(IF(HK13="","0",HK13)),"") -> 1251207.8 | HN13: 1 | HO13: Padi | HP13: Gabah Kering | HQ13: Ton | HR13: =HR49+HR85+HR121+HR157 -> 479407 | HS13: =HT13/HR13*1000000 -> 3645300 | HT13: =HT49+HT85+HT121+HT157 -> 1747582.3 | HU13: 0.061282051 | HV13: =IFERROR(+HT13*HU13,"") -> 107095.43 | HY13: =HY49+HY85+HY121+HY157 -> 0 | HZ13: =IFERROR(+(IF(HT13="","0",HT13))+(IF(HV13="","0",HV13))+(IF(HY13="","0",HY13)),"") -> 1854677.8 | IA13: 0.32474488 | IB13: =IFERROR(+IA13*(HZ13-HY13),"") -> 602297.12 | IC13: =IFERROR(+(IF(HZ13="","0",HZ13))-(IF(IB13="","0",IB13)),"") -> 1252380.6 | IE13: 1 | IF13: Padi | IG13: Gabah Kering | IH13: Ton | II13: =II49+II85+II121+II157 -> 551695.05 | IJ13: =IK13/II13*1000000 -> 3645300 | IK13: =IK49+IK85+IK121+IK157 -> 2011094 | IL13: 0.061282051 | IM13: =IFERROR(+IK13*IL13,"") -> 123243.96 | IP13: =IP49+IP85+IP121+IP157 -> 0 | IQ13: =IFERROR(+(IF(IK13="","0",IK13))+(IF(IM13="","0",IM13))+(IF(IP13="","0",IP13)),"") -> 2134337.9 | IR13: 0.32474488 | IS13: =IFERROR(+IR13*(IQ13-IP13),"") -> 693115.33 | IT13: =IFERROR(+(IF(IQ13="","0",IQ13))-(IF(IS13="","0",IS13)),"") -> 1441222.6 | IV13: 1 | IW13: Padi | IX13: Gabah Kering | IY13: Ton | IZ13: =IZ49+IZ85+IZ121+IZ157 -> 680820.2 | JA13: =JB13/IZ13*1000000 -> 3645300 | JB13: =JB49+JB85+JB121+JB157 -> 2481793.9 | JC13: 0.061282051 | JD13: =IFERROR(+JB13*JC13,"") -> 152089.42 | JG13: =JG49+JG85+JG121+JG157 -> 0 | JH13: =IFERROR(+(IF(JB13="","0",JB13))+(IF(JD13="","0",JD13))+(IF(JG13="","0",JG13)),"") -> 2633883.3 | JI13: 0.32474488 | JJ13: =IFERROR(+JI13*(JH13-JG13),"") -> 855340.13 | JK13: =IFERROR(+(IF(JH13="","0",JH13))-(IF(JJ13="","0",JJ13)),"") -> 1778543.2 | JM13: 1 | JN13: Padi | JO13: Gabah Kering | JP13: Ton | JQ13: =JQ49+JQ85+JQ121+JQ157 -> 83943 | JR13: =JS13/JQ13*1000000 -> 3645300 | JS13: =JS49+JS85+JS121+JS157 -> 305997.42 | JT13: 0.061282051 | JU13: =IFERROR(+JS13*JT13,"") -> 18752.149 | JX13: =JX49+JX85+JX121+JX157 -> 0 | JY13: =IFERROR(+(IF(JS13="","0",JS13))+(IF(JU13="","0",JU13))+(IF(JX13="","0",JX13)),"") -> 324749.57 | JZ13: 0.32474488 | KA13: =IFERROR(+JZ13*(JY13-JX13),"") -> 105460.76 | KB13: =IFERROR(+(IF(JY13="","0",JY13))-(IF(KA13="","0",KA13)),"") -> 219288.81 | KD13: 1 | KE13: Padi | KF13: Gabah Kering | KG13: Ton | KH13: =KH49+KH85+KH121+KH157 -> 0 | KI13: =KJ13/KH13*1000000 -> #DIV/0! | KJ13: =KJ49+KJ85+KJ121+KJ157 -> 0 | KK13: 0.061282051 | KL13: =IFERROR(+KJ13*KK13,"") -> 0 | KO13: =KO49+KO85+KO121+KO157 -> 0 | KP13: =IFERROR(+(IF(KJ13="","0",KJ13))+(IF(KL13="","0",KL13))+(IF(KO13="","0",KO13)),"") -> 0 | KQ13: 0.32474488 | KR13: =IFERROR(+KQ13*(KP13-KO13),"") -> 0 | KS13: =IFERROR(+(IF(KP13="","0",KP13))-(IF(KR13="","0",KR13)),"") -> 0
A14: =A13+1 -> 2 | B14: Jagung | C14: Biji Kering | D14: Ton | E14: =E50+E86+E122+E158 -> 74840 | F14: =G14/E14*1000000 -> 2135342.2 | G14: =G50+G86+G122+G158 -> 159809.01 | H14: 0.087308254 | I14: =IFERROR(+G14*H14,"") -> 13952.646 | L14: =L50+L86+L122+L158 -> 0 | M14: =IFERROR(+(IF(G14="","0",G14))+(IF(I14="","0",I14))+(IF(L14="","0",L14)),"") -> 173761.66 | N14: 0.28165806 | O14: =IFERROR(+N14*(M14-L14),"") -> 48941.372 | P14: =IFERROR(+(IF(M14="","0",M14))-(IF(O14="","0",O14)),"") -> 124820.29 | R14: =R13+1 -> 2 | S14: Jagung | T14: Biji Kering | U14: Ton | V14: =V50+V86+V122+V158 -> 67997 | W14: =X14/V14*1000000 -> 2135342.2 | X14: =X50+X86+X122+X158 -> 145196.87 | Y14: 0.087308254 | Z14: =IFERROR(+X14*Y14,"") -> 12676.885 | AC14: =AC50+AC86+AC122+AC158 -> 0 | AD14: =IFERROR(+(IF(X14="","0",X14))+(IF(Z14="","0",Z14))+(IF(AC14="","0",AC14)),"") -> 157873.75 | AE14: 0.28165806 | AF14: =IFERROR(+AE14*(AD14-AC14),"") -> 44466.415 | AG14: =IFERROR(+(IF(AD14="","0",AD14))-(IF(AF14="","0",AF14)),"") -> 113407.34 | AI14: =AI13+1 -> 2 | AJ14: Jagung | AK14: Biji Kering | AL14: Ton | AM14: =AM50+AM86+AM122+AM158 -> 78447 | AN14: =AO14/AM14*1000000 -> 2135342.2 | AO14: =AO50+AO86+AO122+AO158 -> 167511.19 | AP14: 0.087308254 | AQ14: =IFERROR(+AO14*AP14,"") -> 14625.11 | AT14: =AT50+AT86+AT122+AT158 -> 0 | AU14: =IFERROR(+(IF(AO14="","0",AO14))+(IF(AQ14="","0",AQ14))+(IF(AT14="","0",AT14)),"") -> 182136.3 | AV14: 0.28165806 | AW14: =IFERROR(+AV14*(AU14-AT14),"") -> 51300.158 | AX14: =IFERROR(+(IF(AU14="","0",AU14))-(IF(AW14="","0",AW14)),"") -> 130836.14 | AZ14: =AZ13+1 -> 2 | BA14: Jagung | BB14: Biji Kering | BC14: Ton | BD14: =BD50+BD86+BD122+BD158 -> 67578 | BE14: =BF14/BD14*1000000 -> 2135342.2 | BF14: =BF50+BF86+BF122+BF158 -> 144302.16 | BG14: 0.087308254 | BH14: =IFERROR(+BF14*BG14,"") -> 12598.769 | BK14: =BK50+BK86+BK122+BK158 -> 0 | BL14: =IFERROR(+(IF(BF14="","0",BF14))+(IF(BH14="","0",BH14))+(IF(BK14="","0",BK14)),"") -> 156900.93 | BM14: 0.28165806 | BN14: =IFERROR(+BM14*(BL14-BK14),"") -> 44192.411 | BO14: =IFERROR(+(IF(BL14="","0",BL14))-(IF(BN14="","0",BN14)),"") -> 112708.52 | BQ14: =BQ13+1 -> 2 | BR14: Jagung | BS14: Biji Kering | BT14: Ton | BU14: =BU50+BU86+BU122+BU158 -> 60600 | BV14: =BW14/BU14*1000000 -> 2135342.2 | BW14: =BW50+BW86+BW122+BW158 -> 129401.74 | BX14: 0.087308254 | BY14: =IFERROR(+BW14*BX14,"") -> 11297.84 | CB14: =CB50+CB86+CB122+CB158 -> 0 | CC14: =IFERROR(+(IF(BW14="","0",BW14))+(IF(BY14="","0",BY14))+(IF(CB14="","0",CB14)),"") -> 140699.58 | CD14: 0.28165806 | CE14: =IFERROR(+CD14*(CC14-CB14),"") -> 39629.171 | CF14: =IFERROR(+(IF(CC14="","0",CC14))-(IF(CE14="","0",CE14)),"") -> 101070.41 | CH14: =CH13+1 -> 2 | CI14: Jagung | CJ14: Biji Kering | CK14: Ton | CL14: =CL50+CL86+CL122+CL158 -> 68141 | CM14: =CN14/CL14*1000000 -> 2135342.2 | CN14: =CN50+CN86+CN122+CN158 -> 145504.35 | CO14: 0.087308254 | CP14: =IFERROR(+CN14*CO14,"") -> 12703.731 | CS14: =CS50+CS86+CS122+CS158 -> 0 | CT14: =IFERROR(+(IF(CN14="","0",CN14))+(IF(CP14="","0",CP14))+(IF(CS14="","0",CS14)),"") -> 158208.09 | CU14: 0.28165806 | CV14: =IFERROR(+CU14*(CT14-CS14),"") -> 44560.583 | CW14: =IFERROR(+(IF(CT14="","0",CT14))-(IF(CV14="","0",CV14)),"") -> 113647.5 | CY14: =CY13+1 -> 2 | CZ14: Jagung | DA14: Biji Kering | DB14: Ton | DC14: =DC50+DC86+DC122+DC158 -> 90090 | DD14: =DE14/DC14*1000000 -> 2135342.2 | DE14: =DE50+DE86+DE122+DE158 -> 192372.98 | DF14: 0.087308254 | DG14: =IFERROR(+DE14*DF14,"") -> 16795.749 | DJ14: =DJ50+DJ86+DJ122+DJ158 -> 0 | DK14: =IFERROR(+(IF(DE14="","0",DE14))+(IF(DG14="","0",DG14))+(IF(DJ14="","0",DJ14)),"") -> 209168.73 | DL14: 0.28165806 | DM14: =IFERROR(+DL14*(DK14-DJ14),"") -> 58914.059 | DN14: =IFERROR(+(IF(DK14="","0",DK14))-(IF(DM14="","0",DM14)),"") -> 150254.67 | DP14: =DP13+1 -> 2 | DQ14: Jagung | DR14: Biji Kering | DS14: Ton | DT14: =DT50+DT86+DT122+DT158 -> 172078 | DU14: =DV14/DT14*1000000 -> 2135342.2 | DV14: =DV50+DV86+DV122+DV158 -> 367445.42 | DW14: 0.087308254 | DX14: =IFERROR(+DV14*DW14,"") -> 32081.018 | EA14: =EA50+EA86+EA122+EA158 -> 0 | EB14: =IFERROR(+(IF(DV14="","0",DV14))+(IF(DX14="","0",DX14))+(IF(EA14="","0",EA14)),"") -> 399526.44 | EC14: 0.28165806 | ED14: =IFERROR(+EC14*(EB14-EA14),"") -> 112529.84 | EE14: =IFERROR(+(IF(EB14="","0",EB14))-(IF(ED14="","0",ED14)),"") -> 286996.59 | EG14: =EG13+1 -> 2 | EH14: Jagung | EI14: Biji Kering | EJ14: Ton | EK14: =EK50+EK86+EK122+EK158 -> 218638 | EL14: =EM14/EK14*1000000 -> 2135342.2 | EM14: =EM50+EM86+EM122+EM158 -> 466866.95 | EN14: 0.087308254 | EO14: =IFERROR(+EM14*EN14,"") -> 40761.339 | ER14: =ER50+ER86+ER122+ER158 -> 0 | ES14: =IFERROR(+(IF(EM14="","0",EM14))+(IF(EO14="","0",EO14))+(IF(ER14="","0",ER14)),"") -> 507628.29 | ET14: 0.28165806 | EU14: =IFERROR(+ET14*(ES14-ER14),"") -> 142977.6 | EV14: =IFERROR(+(IF(ES14="","0",ES14))-(IF(EU14="","0",EU14)),"") -> 364650.69 | EX14: =EX13+1 -> 2 | EY14: Jagung | EZ14: Biji Kering | FA14: Ton | FB14: =FB50+FB86+FB122+FB158 -> 284450.5 | FC14: =FD14/FB14*1000000 -> 2135342.2 | FD14: =FD50+FD86+FD122+FD158 -> 607399.16 | FE14: 0.087308254 | FF14: =IFERROR(+FD14*FE14,"") -> 53030.961 | FI14: =FI50+FI86+FI122+FI158 -> 0 | FJ14: =IFERROR(+(IF(FD14="","0",FD14))+(IF(FF14="","0",FF14))+(IF(FI14="","0",FI14)),"") -> 660430.12 | FK14: 0.28165806 | FL14: =IFERROR(+FK14*(FJ14-FI14),"") -> 186015.47 | FM14: =IFERROR(+(IF(FJ14="","0",FJ14))-(IF(FL14="","0",FL14)),"") -> 474414.65 | FO14: =FO13+1 -> 2 | FP14: Jagung | FQ14: Biji Kering | FR14: Ton | FS14: =FS50+FS86+FS122+FS158 -> 158034 | FT14: =FU14/FS14*1000000 -> 2135342.2 | FU14: =FU50+FU86+FU122+FU158 -> 337456.67 | FV14: 0.087308254 | FW14: =IFERROR(+FU14*FV14,"") -> 29462.753 | FZ14: =FZ50+FZ86+FZ122+FZ158 -> 0 | GA14: =IFERROR(+(IF(FU14="","0",FU14))+(IF(FW14="","0",FW14))+(IF(FZ14="","0",FZ14)),"") -> 366919.43 | GB14: 0.28165806 | GC14: =IFERROR(+GB14*(GA14-FZ14),"") -> 103345.81 | GD14: =IFERROR(+(IF(GA14="","0",GA14))-(IF(GC14="","0",GC14)),"") -> 263573.61 | GF14: =GF13+1 -> 2 | GG14: Jagung | GH14: Biji Kering | GI14: Ton | GJ14: =GJ50+GJ86+GJ122+GJ158 -> 150561 | GK14: =GL14/GJ14*1000000 -> 2135342.2 | GL14: =GL50+GL86+GL122+GL158 -> 321499.26 | GM14: 0.087308254 | GN14: =IFERROR(+GL14*GM14,"") -> 28069.539 | GQ14: =GQ50+GQ86+GQ122+GQ158 -> 0 | GR14: =IFERROR(+(IF(GL14="","0",GL14))+(IF(GN14="","0",GN14))+(IF(GQ14="","0",GQ14)),"") -> 349568.8 | GS14: 0.28165806 | GT14: =IFERROR(+GS14*(GR14-GQ14),"") -> 98458.871 | GU14: =IFERROR(+(IF(GR14="","0",GR14))-(IF(GT14="","0",GT14)),"") -> 251109.93 | GW14: =GW13+1 -> 2 | GX14: Jagung | GY14: Biji Kering | GZ14: Ton | HA14: =HA50+HA86+HA122+HA158 -> 121114.65 | HB14: =HC14/HA14*1000000 -> 2135342.2 | HC14: =HC50+HC86+HC122+HC158 -> 258621.23 | HD14: 0.087308254 | HE14: =IFERROR(+HC14*HD14,"") -> 22579.768 | HH14: =HH50+HH86+HH122+HH158 -> 0 | HI14: =IFERROR(+(IF(HC14="","0",HC14))+(IF(HE14="","0",HE14))+(IF(HH14="","0",HH14)),"") -> 281200.99 | HJ14: 0.28165806 | HK14: =IFERROR(+HJ14*(HI14-HH14),"") -> 79202.527 | HL14: =IFERROR(+(IF(HI14="","0",HI14))-(IF(HK14="","0",HK14)),"") -> 201998.47 | HN14: =HN13+1 -> 2 | HO14: Jagung | HP14: Biji Kering | HQ14: Ton | HR14: =HR50+HR86+HR122+HR158 -> 69512 | HS14: =HT14/HR14*1000000 -> 2135342.2 | HT14: =HT50+HT86+HT122+HT158 -> 148431.91 | HU14: 0.087308254 | HV14: =IFERROR(+HT14*HU14,"") -> 12959.331 | HY14: =HY50+HY86+HY122+HY158 -> 0 | HZ14: =IFERROR(+(IF(HT14="","0",HT14))+(IF(HV14="","0",HV14))+(IF(HY14="","0",HY14)),"") -> 161391.24 | IA14: 0.28165806 | IB14: =IFERROR(+IA14*(HZ14-HY14),"") -> 45457.144 | IC14: =IFERROR(+(IF(HZ14="","0",HZ14))-(IF(IB14="","0",IB14)),"") -> 115934.1 | IE14: =IE13+1 -> 2 | IF14: Jagung | IG14: Biji Kering | IH14: Ton | II14: =II50+II86+II122+II158 -> 124996.74 | IJ14: =IK14/II14*1000000 -> 2135342.2 | IK14: =IK50+IK86+IK122+IK158 -> 266910.82 | IL14: 0.087308254 | IM14: =IFERROR(+IK14*IL14,"") -> 23303.517 | IP14: =IP50+IP86+IP122+IP158 -> 0 | IQ14: =IFERROR(+(IF(IK14="","0",IK14))+(IF(IM14="","0",IM14))+(IF(IP14="","0",IP14)),"") -> 290214.33 | IR14: 0.28165806 | IS14: =IFERROR(+IR14*(IQ14-IP14),"") -> 81741.207 | IT14: =IFERROR(+(IF(IQ14="","0",IQ14))-(IF(IS14="","0",IS14)),"") -> 208473.13 | IV14: =IV13+1 -> 2 | IW14: Jagung | IX14: Biji Kering | IY14: Ton | IZ14: =IZ50+IZ86+IZ122+IZ158 -> 84660.43 | JA14: =JB14/IZ14*1000000 -> 2135342.2 | JB14: =JB50+JB86+JB122+JB158 -> 180778.99 | JC14: 0.087308254 | JD14: =IFERROR(+JB14*JC14,"") -> 15783.498 | JG14: =JG50+JG86+JG122+JG158 -> 0 | JH14: =IFERROR(+(IF(JB14="","0",JB14))+(IF(JD14="","0",JD14))+(IF(JG14="","0",JG14)),"") -> 196562.49 | JI14: 0.28165806 | JJ14: =IFERROR(+JI14*(JH14-JG14),"") -> 55363.41 | JK14: =IFERROR(+(IF(JH14="","0",JH14))-(IF(JJ14="","0",JJ14)),"") -> 141199.08 | JM14: =JM13+1 -> 2 | JN14: Jagung | JO14: Biji Kering | JP14: Ton | JQ14: =JQ50+JQ86+JQ122+JQ158 -> 22718 | JR14: =JS14/JQ14*1000000 -> 2135342.2 | JS14: =JS50+JS86+JS122+JS158 -> 48510.705 | JT14: 0.087308254 | JU14: =IFERROR(+JS14*JT14,"") -> 4235.3849 | JX14: =JX50+JX86+JX122+JX158 -> 0 | JY14: =IFERROR(+(IF(JS14="","0",JS14))+(IF(JU14="","0",JU14))+(IF(JX14="","0",JX14)),"") -> 52746.09 | JZ14: 0.28165806 | KA14: =IFERROR(+JZ14*(JY14-JX14),"") -> 14856.361 | KB14: =IFERROR(+(IF(JY14="","0",JY14))-(IF(KA14="","0",KA14)),"") -> 37889.728 | KD14: =KD13+1 -> 2 | KE14: Jagung | KF14: Biji Kering | KG14: Ton | KH14: =KH50+KH86+KH122+KH158 -> 0 | KI14: =KJ14/KH14*1000000 -> #DIV/0! | KJ14: =KJ50+KJ86+KJ122+KJ158 -> 0 | KK14: 0.087308254 | KL14: =IFERROR(+KJ14*KK14,"") -> 0 | KO14: =KO50+KO86+KO122+KO158 -> 0 | KP14: =IFERROR(+(IF(KJ14="","0",KJ14))+(IF(KL14="","0",KL14))+(IF(KO14="","0",KO14)),"") -> 0 | KQ14: 0.28165806 | KR14: =IFERROR(+KQ14*(KP14-KO14),"") -> 0 | KS14: =IFERROR(+(IF(KP14="","0",KP14))-(IF(KR14="","0",KR14)),"") -> 0
A15: =A14+1 -> 3 | B15: Ubi Kayu | C15: Umbi Segar | D15: Ton | E15: =E51+E87+E123+E159 -> 163350 | F15: =G15/E15*1000000 -> 1009000 | G15: =G51+G87+G123+G159 -> 164820.15 | H15: 0.032 | I15: =IFERROR(+G15*H15,"") -> 5274.2448 | L15: =L51+L87+L123+L159 -> 0 | M15: =IFERROR(+(IF(G15="","0",G15))+(IF(I15="","0",I15))+(IF(L15="","0",L15)),"") -> 170094.39 | N15: 0.27429935 | O15: =IFERROR(+N15*(M15-L15),"") -> 46656.782 | P15: =IFERROR(+(IF(M15="","0",M15))-(IF(O15="","0",O15)),"") -> 123437.61 | R15: =R14+1 -> 3 | S15: Ubi Kayu | T15: Umbi Segar | U15: Ton | V15: =V51+V87+V123+V159 -> 164850 | W15: =X15/V15*1000000 -> 1009000 | X15: =X51+X87+X123+X159 -> 166333.65 | Y15: 0.032 | Z15: =IFERROR(+X15*Y15,"") -> 5322.6768 | AC15: =AC51+AC87+AC123+AC159 -> 0 | AD15: =IFERROR(+(IF(X15="","0",X15))+(IF(Z15="","0",Z15))+(IF(AC15="","0",AC15)),"") -> 171656.33 | AE15: 0.27429935 | AF15: =IFERROR(+AE15*(AD15-AC15),"") -> 47085.219 | AG15: =IFERROR(+(IF(AD15="","0",AD15))-(IF(AF15="","0",AF15)),"") -> 124571.11 | AI15: =AI14+1 -> 3 | AJ15: Ubi Kayu | AK15: Umbi Segar | AL15: Ton | AM15: =AM51+AM87+AM123+AM159 -> 175719 | AN15: =AO15/AM15*1000000 -> 1009000 | AO15: =AO51+AO87+AO123+AO159 -> 177300.47 | AP15: 0.032 | AQ15: =IFERROR(+AO15*AP15,"") -> 5673.6151 | AT15: =AT51+AT87+AT123+AT159 -> 0 | AU15: =IFERROR(+(IF(AO15="","0",AO15))+(IF(AQ15="","0",AQ15))+(IF(AT15="","0",AT15)),"") -> 182974.09 | AV15: 0.27429935 | AW15: =IFERROR(+AV15*(AU15-AT15),"") -> 50189.673 | AX15: =IFERROR(+(IF(AU15="","0",AU15))-(IF(AW15="","0",AW15)),"") -> 132784.41 | AZ15: =AZ14+1 -> 3 | BA15: Ubi Kayu | BB15: Umbi Segar | BC15: Ton | BD15: =BD51+BD87+BD123+BD159 -> 180680 | BE15: =BF15/BD15*1000000 -> 1009000 | BF15: =BF51+BF87+BF123+BF159 -> 182306.12 | BG15: 0.032 | BH15: =IFERROR(+BF15*BG15,"") -> 5833.7958 | BK15: =BK51+BK87+BK123+BK159 -> 0 | BL15: =IFERROR(+(IF(BF15="","0",BF15))+(IF(BH15="","0",BH15))+(IF(BK15="","0",BK15)),"") -> 188139.92 | BM15: 0.27429935 | BN15: =IFERROR(+BM15*(BL15-BK15),"") -> 51606.657 | BO15: =IFERROR(+(IF(BL15="","0",BL15))-(IF(BN15="","0",BN15)),"") -> 136533.26 | BQ15: =BQ14+1 -> 3 | BR15: Ubi Kayu | BS15: Umbi Segar | BT15: Ton | BU15: =BU51+BU87+BU123+BU159 -> 175086 | BV15: =BW15/BU15*1000000 -> 1009000 | BW15: =BW51+BW87+BW123+BW159 -> 176661.77 | BX15: 0.032 | BY15: =IFERROR(+BW15*BX15,"") -> 5653.1768 | CB15: =CB51+CB87+CB123+CB159 -> 0 | CC15: =IFERROR(+(IF(BW15="","0",BW15))+(IF(BY15="","0",BY15))+(IF(CB15="","0",CB15)),"") -> 182314.95 | CD15: 0.27429935 | CE15: =IFERROR(+CD15*(CC15-CB15),"") -> 50008.873 | CF15: =IFERROR(+(IF(CC15="","0",CC15))-(IF(CE15="","0",CE15)),"") -> 132306.08 | CH15: =CH14+1 -> 3 | CI15: Ubi Kayu | CJ15: Umbi Segar | CK15: Ton | CL15: =CL51+CL87+CL123+CL159 -> 175095 | CM15: =CN15/CL15*1000000 -> 1009000 | CN15: =CN51+CN87+CN123+CN159 -> 176670.86 | CO15: 0.032 | CP15: =IFERROR(+CN15*CO15,"") -> 5653.4674 | CS15: =CS51+CS87+CS123+CS159 -> 0 | CT15: =IFERROR(+(IF(CN15="","0",CN15))+(IF(CP15="","0",CP15))+(IF(CS15="","0",CS15)),"") -> 182324.32 | CU15: 0.27429935 | CV15: =IFERROR(+CU15*(CT15-CS15),"") -> 50011.444 | CW15: =IFERROR(+(IF(CT15="","0",CT15))-(IF(CV15="","0",CV15)),"") -> 132312.88 | CY15: =CY14+1 -> 3 | CZ15: Ubi Kayu | DA15: Umbi Segar | DB15: Ton | DC15: =DC51+DC87+DC123+DC159 -> 161518 | DD15: =DE15/DC15*1000000 -> 1009000 | DE15: =DE51+DE87+DE123+DE159 -> 162971.66 | DF15: 0.032 | DG15: =IFERROR(+DE15*DF15,"") -> 5215.0932 | DJ15: =DJ51+DJ87+DJ123+DJ159 -> 0 | DK15: =IFERROR(+(IF(DE15="","0",DE15))+(IF(DG15="","0",DG15))+(IF(DJ15="","0",DJ15)),"") -> 168186.76 | DL15: 0.27429935 | DM15: =IFERROR(+DL15*(DK15-DJ15),"") -> 46133.518 | DN15: =IFERROR(+(IF(DK15="","0",DK15))-(IF(DM15="","0",DM15)),"") -> 122053.24 | DP15: =DP14+1 -> 3 | DQ15: Ubi Kayu | DR15: Umbi Segar | DS15: Ton | DT15: =DT51+DT87+DT123+DT159 -> 242901 | DU15: =DV15/DT15*1000000 -> 1009000 | DV15: =DV51+DV87+DV123+DV159 -> 245087.11 | DW15: 0.032 | DX15: =IFERROR(+DV15*DW15,"") -> 7842.7875 | EA15: =EA51+EA87+EA123+EA159 -> 0 | EB15: =IFERROR(+(IF(DV15="","0",DV15))+(IF(DX15="","0",DX15))+(IF(EA15="","0",EA15)),"") -> 252929.9 | EC15: 0.27429935 | ED15: =IFERROR(+EC15*(EB15-EA15),"") -> 69378.507 | EE15: =IFERROR(+(IF(EB15="","0",EB15))-(IF(ED15="","0",ED15)),"") -> 183551.39 | EG15: =EG14+1 -> 3 | EH15: Ubi Kayu | EI15: Umbi Segar | EJ15: Ton | EK15: =EK51+EK87+EK123+EK159 -> 215330 | EL15: =EM15/EK15*1000000 -> 1009000 | EM15: =EM51+EM87+EM123+EM159 -> 217267.97 | EN15: 0.032 | EO15: =IFERROR(+EM15*EN15,"") -> 6952.575 | ER15: =ER51+ER87+ER123+ER159 -> 0 | ES15: =IFERROR(+(IF(EM15="","0",EM15))+(IF(EO15="","0",EO15))+(IF(ER15="","0",ER15)),"") -> 224220.55 | ET15: 0.27429935 | EU15: =IFERROR(+ET15*(ES15-ER15),"") -> 61503.55 | EV15: =IFERROR(+(IF(ES15="","0",ES15))-(IF(EU15="","0",EU15)),"") -> 162716.99 | EX15: =EX14+1 -> 3 | EY15: Ubi Kayu | EZ15: Umbi Segar | FA15: Ton | FB15: =FB51+FB87+FB123+FB159 -> 149178 | FC15: =FD15/FB15*1000000 -> 1009000 | FD15: =FD51+FD87+FD123+FD159 -> 150520.6 | FE15: 0.032 | FF15: =IFERROR(+FD15*FE15,"") -> 4816.6593 | FI15: =FI51+FI87+FI123+FI159 -> 0 | FJ15: =IFERROR(+(IF(FD15="","0",FD15))+(IF(FF15="","0",FF15))+(IF(FI15="","0",FI15)),"") -> 155337.26 | FK15: 0.27429935 | FL15: =IFERROR(+FK15*(FJ15-FI15),"") -> 42608.91 | FM15: =IFERROR(+(IF(FJ15="","0",FJ15))-(IF(FL15="","0",FL15)),"") -> 112728.35 | FO15: =FO14+1 -> 3 | FP15: Ubi Kayu | FQ15: Umbi Segar | FR15: Ton | FS15: =FS51+FS87+FS123+FS159 -> 157242 | FT15: =FU15/FS15*1000000 -> 1009000 | FU15: =FU51+FU87+FU123+FU159 -> 158657.18 | FV15: 0.032 | FW15: =IFERROR(+FU15*FV15,"") -> 5077.0297 | FZ15: =FZ51+FZ87+FZ123+FZ159 -> 0 | GA15: =IFERROR(+(IF(FU15="","0",FU15))+(IF(FW15="","0",FW15))+(IF(FZ15="","0",FZ15)),"") -> 163734.21 | GB15: 0.27429935 | GC15: =IFERROR(+GB15*(GA15-FZ15),"") -> 44912.187 | GD15: =IFERROR(+(IF(GA15="","0",GA15))-(IF(GC15="","0",GC15)),"") -> 118822.02 | GF15: =GF14+1 -> 3 | GG15: Ubi Kayu | GH15: Umbi Segar | GI15: Ton | GJ15: =GJ51+GJ87+GJ123+GJ159 -> 136702 | GK15: =GL15/GJ15*1000000 -> 1009000 | GL15: =GL51+GL87+GL123+GL159 -> 137932.32 | GM15: 0.032 | GN15: =IFERROR(+GL15*GM15,"") -> 4413.8342 | GQ15: =GQ51+GQ87+GQ123+GQ159 -> 0 | GR15: =IFERROR(+(IF(GL15="","0",GL15))+(IF(GN15="","0",GN15))+(IF(GQ15="","0",GQ15)),"") -> 142346.15 | GS15: 0.27429935 | GT15: =IFERROR(+GS15*(GR15-GQ15),"") -> 39045.457 | GU15: =IFERROR(+(IF(GR15="","0",GR15))-(IF(GT15="","0",GT15)),"") -> 103300.69 | GW15: =GW14+1 -> 3 | GX15: Ubi Kayu | GY15: Umbi Segar | GZ15: Ton | HA15: =HA51+HA87+HA123+HA159 -> 121435.84 | HB15: =HC15/HA15*1000000 -> 1009000 | HC15: =HC51+HC87+HC123+HC159 -> 122528.76 | HD15: 0.032 | HE15: =IFERROR(+HC15*HD15,"") -> 3920.9204 | HH15: =HH51+HH87+HH123+HH159 -> 0 | HI15: =IFERROR(+(IF(HC15="","0",HC15))+(IF(HE15="","0",HE15))+(IF(HH15="","0",HH15)),"") -> 126449.68 | HJ15: 0.27429935 | HK15: =IFERROR(+HJ15*(HI15-HH15),"") -> 34685.066 | HL15: =IFERROR(+(IF(HI15="","0",HI15))-(IF(HK15="","0",HK15)),"") -> 91764.617 | HN15: =HN14+1 -> 3 | HO15: Ubi Kayu | HP15: Umbi Segar | HQ15: Ton | HR15: =HR51+HR87+HR123+HR159 -> 112262 | HS15: =HT15/HR15*1000000 -> 1009000 | HT15: =HT51+HT87+HT123+HT159 -> 113272.36 | HU15: 0.032 | HV15: =IFERROR(+HT15*HU15,"") -> 3624.7155 | HY15: =HY51+HY87+HY123+HY159 -> 0 | HZ15: =IFERROR(+(IF(HT15="","0",HT15))+(IF(HV15="","0",HV15))+(IF(HY15="","0",HY15)),"") -> 116897.07 | IA15: 0.27429935 | IB15: =IFERROR(+IA15*(HZ15-HY15),"") -> 32064.792 | IC15: =IFERROR(+(IF(HZ15="","0",HZ15))-(IF(IB15="","0",IB15)),"") -> 84832.282 | IE15: =IE14+1 -> 3 | IF15: Ubi Kayu | IG15: Umbi Segar | IH15: Ton | II15: =II51+II87+II123+II159 -> 112450.97 | IJ15: =IK15/II15*1000000 -> 1009000 | IK15: =IK51+IK87+IK123+IK159 -> 113463.03 | IL15: 0.032 | IM15: =IFERROR(+IK15*IL15,"") -> 3630.817 | IP15: =IP51+IP87+IP123+IP159 -> 0 | IQ15: =IFERROR(+(IF(IK15="","0",IK15))+(IF(IM15="","0",IM15))+(IF(IP15="","0",IP15)),"") -> 117093.85 | IR15: 0.27429935 | IS15: =IFERROR(+IR15*(IQ15-IP15),"") -> 32118.767 | IT15: =IFERROR(+(IF(IQ15="","0",IQ15))-(IF(IS15="","0",IS15)),"") -> 84975.082 | IV15: =IV14+1 -> 3 | IW15: Ubi Kayu | IX15: Umbi Segar | IY15: Ton | IZ15: =IZ51+IZ87+IZ123+IZ159 -> 107823.82 | JA15: =JB15/IZ15*1000000 -> 1009000 | JB15: =JB51+JB87+JB123+JB159 -> 108794.24 | JC15: 0.032 | JD15: =IFERROR(+JB15*JC15,"") -> 3481.4156 | JG15: =JG51+JG87+JG123+JG159 -> 0 | JH15: =IFERROR(+(IF(JB15="","0",JB15))+(IF(JD15="","0",JD15))+(IF(JG15="","0",JG15)),"") -> 112275.65 | JI15: 0.27429935 | JJ15: =IFERROR(+JI15*(JH15-JG15),"") -> 30797.139 | JK15: =IFERROR(+(IF(JH15="","0",JH15))-(IF(JJ15="","0",JJ15)),"") -> 81478.513 | JM15: =JM14+1 -> 3 | JN15: Ubi Kayu | JO15: Umbi Segar | JP15: Ton | JQ15: =JQ51+JQ87+JQ123+JQ159 -> 20706.116 | JR15: =JS15/JQ15*1000000 -> 1009000 | JS15: =JS51+JS87+JS123+JS159 -> 20892.471 | JT15: 0.032 | JU15: =IFERROR(+JS15*JT15,"") -> 668.55909 | JX15: =JX51+JX87+JX123+JX159 -> 0 | JY15: =IFERROR(+(IF(JS15="","0",JS15))+(IF(JU15="","0",JU15))+(IF(JX15="","0",JX15)),"") -> 21561.031 | JZ15: 0.27429935 | KA15: =IFERROR(+JZ15*(JY15-JX15),"") -> 5914.1767 | KB15: =IFERROR(+(IF(JY15="","0",JY15))-(IF(KA15="","0",KA15)),"") -> 15646.854 | KD15: =KD14+1 -> 3 | KE15: Ubi Kayu | KF15: Umbi Segar | KG15: Ton | KH15: =KH51+KH87+KH123+KH159 -> 0 | KI15: =KJ15/KH15*1000000 -> #DIV/0! | KJ15: =KJ51+KJ87+KJ123+KJ159 -> 0 | KK15: 0.032 | KL15: =IFERROR(+KJ15*KK15,"") -> 0 | KO15: =KO51+KO87+KO123+KO159 -> 0 | KP15: =IFERROR(+(IF(KJ15="","0",KJ15))+(IF(KL15="","0",KL15))+(IF(KO15="","0",KO15)),"") -> 0 | KQ15: 0.27429935 | KR15: =IFERROR(+KQ15*(KP15-KO15),"") -> 0 | KS15: =IFERROR(+(IF(KP15="","0",KP15))-(IF(KR15="","0",KR15)),"") -> 0
A16: =A15+1 -> 4 | B16: Ubi Jalar | C16: Umbi Segar | D16: Ton | E16: =E52+E88+E124+E160 -> 25304 | F16: =G16/E16*1000000 -> 1405000 | G16: =G52+G88+G124+G160 -> 35552.12 | H16: 0.022 | I16: =IFERROR(+G16*H16,"") -> 782.14664 | L16: =L52+L88+L124+L160 -> 0 | M16: =IFERROR(+(IF(G16="","0",G16))+(IF(I16="","0",I16))+(IF(L16="","0",L16)),"") -> 36334.267 | N16: 0.27429935 | O16: =IFERROR(+N16*(M16-L16),"") -> 9966.4658 | P16: =IFERROR(+(IF(M16="","0",M16))-(IF(O16="","0",O16)),"") -> 26367.801 | R16: =R15+1 -> 4 | S16: Ubi Jalar | T16: Umbi Segar | U16: Ton | V16: =V52+V88+V124+V160 -> 26476 | W16: =X16/V16*1000000 -> 1405000 | X16: =X52+X88+X124+X160 -> 37198.78 | Y16: 0.022 | Z16: =IFERROR(+X16*Y16,"") -> 818.37316 | AC16: =AC52+AC88+AC124+AC160 -> 0 | AD16: =IFERROR(+(IF(X16="","0",X16))+(IF(Z16="","0",Z16))+(IF(AC16="","0",AC16)),"") -> 38017.153 | AE16: 0.27429935 | AF16: =IFERROR(+AE16*(AD16-AC16),"") -> 10428.081 | AG16: =IFERROR(+(IF(AD16="","0",AD16))-(IF(AF16="","0",AF16)),"") -> 27589.073 | AI16: =AI15+1 -> 4 | AJ16: Ubi Jalar | AK16: Umbi Segar | AL16: Ton | AM16: =AM52+AM88+AM124+AM160 -> 29411 | AN16: =AO16/AM16*1000000 -> 1405000 | AO16: =AO52+AO88+AO124+AO160 -> 41322.455 | AP16: 0.022 | AQ16: =IFERROR(+AO16*AP16,"") -> 909.09401 | AT16: =AT52+AT88+AT124+AT160 -> 0 | AU16: =IFERROR(+(IF(AO16="","0",AO16))+(IF(AQ16="","0",AQ16))+(IF(AT16="","0",AT16)),"") -> 42231.549 | AV16: 0.27429935 | AW16: =IFERROR(+AV16*(AU16-AT16),"") -> 11584.087 | AX16: =IFERROR(+(IF(AU16="","0",AU16))-(IF(AW16="","0",AW16)),"") -> 30647.462 | AZ16: =AZ15+1 -> 4 | BA16: Ubi Jalar | BB16: Umbi Segar | BC16: Ton | BD16: =BD52+BD88+BD124+BD160 -> 24113 | BE16: =BF16/BD16*1000000 -> 1405000 | BF16: =BF52+BF88+BF124+BF160 -> 33878.765 | BG16: 0.022 | BH16: =IFERROR(+BF16*BG16,"") -> 745.33283 | BK16: =BK52+BK88+BK124+BK160 -> 0 | BL16: =IFERROR(+(IF(BF16="","0",BF16))+(IF(BH16="","0",BH16))+(IF(BK16="","0",BK16)),"") -> 34624.098 | BM16: 0.27429935 | BN16: =IFERROR(+BM16*(BL16-BK16),"") -> 9497.3676 | BO16: =IFERROR(+(IF(BL16="","0",BL16))-(IF(BN16="","0",BN16)),"") -> 25126.73 | BQ16: =BQ15+1 -> 4 | BR16: Ubi Jalar | BS16: Umbi Segar | BT16: Ton | BU16: =BU52+BU88+BU124+BU160 -> 24914 | BV16: =BW16/BU16*1000000 -> 1405000 | BW16: =BW52+BW88+BW124+BW160 -> 35004.17 | BX16: 0.022 | BY16: =IFERROR(+BW16*BX16,"") -> 770.09174 | CB16: =CB52+CB88+CB124+CB160 -> 0 | CC16: =IFERROR(+(IF(BW16="","0",BW16))+(IF(BY16="","0",BY16))+(IF(CB16="","0",CB16)),"") -> 35774.262 | CD16: 0.27429935 | CE16: =IFERROR(+CD16*(CC16-CB16),"") -> 9812.8568 | CF16: =IFERROR(+(IF(CC16="","0",CC16))-(IF(CE16="","0",CE16)),"") -> 25961.405 | CH16: =CH15+1 -> 4 | CI16: Ubi Jalar | CJ16: Umbi Segar | CK16: Ton | CL16: =CL52+CL88+CL124+CL160 -> 25740 | CM16: =CN16/CL16*1000000 -> 1405000 | CN16: =CN52+CN88+CN124+CN160 -> 36164.7 | CO16: 0.022 | CP16: =IFERROR(+CN16*CO16,"") -> 795.6234 | CS16: =CS52+CS88+CS124+CS160 -> 0 | CT16: =IFERROR(+(IF(CN16="","0",CN16))+(IF(CP16="","0",CP16))+(IF(CS16="","0",CS16)),"") -> 36960.323 | CU16: 0.27429935 | CV16: =IFERROR(+CU16*(CT16-CS16),"") -> 10138.193 | CW16: =IFERROR(+(IF(CT16="","0",CT16))-(IF(CV16="","0",CV16)),"") -> 26822.131 | CY16: =CY15+1 -> 4 | CZ16: Ubi Jalar | DA16: Umbi Segar | DB16: Ton | DC16: =DC52+DC88+DC124+DC160 -> 23975 | DD16: =DE16/DC16*1000000 -> 1405000 | DE16: =DE52+DE88+DE124+DE160 -> 33684.875 | DF16: 0.022 | DG16: =IFERROR(+DE16*DF16,"") -> 741.06725 | DJ16: =DJ52+DJ88+DJ124+DJ160 -> 0 | DK16: =IFERROR(+(IF(DE16="","0",DE16))+(IF(DG16="","0",DG16))+(IF(DJ16="","0",DJ16)),"") -> 34425.942 | DL16: 0.27429935 | DM16: =IFERROR(+DL16*(DK16-DJ16),"") -> 9443.0137 | DN16: =IFERROR(+(IF(DK16="","0",DK16))-(IF(DM16="","0",DM16)),"") -> 24982.929 | DP16: =DP15+1 -> 4 | DQ16: Ubi Jalar | DR16: Umbi Segar | DS16: Ton | DT16: =DT52+DT88+DT124+DT160 -> 24753 | DU16: =DV16/DT16*1000000 -> 1405000 | DV16: =DV52+DV88+DV124+DV160 -> 34777.965 | DW16: 0.022 | DX16: =IFERROR(+DV16*DW16,"") -> 765.11523 | EA16: =EA52+EA88+EA124+EA160 -> 0 | EB16: =IFERROR(+(IF(DV16="","0",DV16))+(IF(DX16="","0",DX16))+(IF(EA16="","0",EA16)),"") -> 35543.08 | EC16: 0.27429935 | ED16: =IFERROR(+EC16*(EB16-EA16),"") -> 9749.4439 | EE16: =IFERROR(+(IF(EB16="","0",EB16))-(IF(ED16="","0",ED16)),"") -> 25793.636 | EG16: =EG15+1 -> 4 | EH16: Ubi Jalar | EI16: Umbi Segar | EJ16: Ton | EK16: =EK52+EK88+EK124+EK160 -> 20093 | EL16: =EM16/EK16*1000000 -> 1405000 | EM16: =EM52+EM88+EM124+EM160 -> 28230.665 | EN16: 0.022 | EO16: =IFERROR(+EM16*EN16,"") -> 621.07463 | ER16: =ER52+ER88+ER124+ER160 -> 0 | ES16: =IFERROR(+(IF(EM16="","0",EM16))+(IF(EO16="","0",EO16))+(IF(ER16="","0",ER16)),"") -> 28851.74 | ET16: 0.27429935 | EU16: =IFERROR(+ET16*(ES16-ER16),"") -> 7914.0135 | EV16: =IFERROR(+(IF(ES16="","0",ES16))-(IF(EU16="","0",EU16)),"") -> 20937.726 | EX16: =EX15+1 -> 4 | EY16: Ubi Jalar | EZ16: Umbi Segar | FA16: Ton | FB16: =FB52+FB88+FB124+FB160 -> 17627.5 | FC16: =FD16/FB16*1000000 -> 1405000 | FD16: =FD52+FD88+FD124+FD160 -> 24766.638 | FE16: 0.022 | FF16: =IFERROR(+FD16*FE16,"") -> 544.86603 | FI16: =FI52+FI88+FI124+FI160 -> 0 | FJ16: =IFERROR(+(IF(FD16="","0",FD16))+(IF(FF16="","0",FF16))+(IF(FI16="","0",FI16)),"") -> 25311.504 | FK16: 0.27429935 | FL16: =IFERROR(+FK16*(FJ16-FI16),"") -> 6942.929 | FM16: =IFERROR(+(IF(FJ16="","0",FJ16))-(IF(FL16="","0",FL16)),"") -> 18368.574 | FO16: =FO15+1 -> 4 | FP16: Ubi Jalar | FQ16: Umbi Segar | FR16: Ton | FS16: =FS52+FS88+FS124+FS160 -> 17358 | FT16: =FU16/FS16*1000000 -> 1405000 | FU16: =FU52+FU88+FU124+FU160 -> 24387.99 | FV16: 0.022 | FW16: =IFERROR(+FU16*FV16,"") -> 536.53578 | FZ16: =FZ52+FZ88+FZ124+FZ160 -> 0 | GA16: =IFERROR(+(IF(FU16="","0",FU16))+(IF(FW16="","0",FW16))+(IF(FZ16="","0",FZ16)),"") -> 24924.526 | GB16: 0.27429935 | GC16: =IFERROR(+GB16*(GA16-FZ16),"") -> 6836.7813 | GD16: =IFERROR(+(IF(GA16="","0",GA16))-(IF(GC16="","0",GC16)),"") -> 18087.745 | GF16: =GF15+1 -> 4 | GG16: Ubi Jalar | GH16: Umbi Segar | GI16: Ton | GJ16: =GJ52+GJ88+GJ124+GJ160 -> 15469 | GK16: =GL16/GJ16*1000000 -> 1405000 | GL16: =GL52+GL88+GL124+GL160 -> 21733.945 | GM16: 0.022 | GN16: =IFERROR(+GL16*GM16,"") -> 478.14679 | GQ16: =GQ52+GQ88+GQ124+GQ160 -> 0 | GR16: =IFERROR(+(IF(GL16="","0",GL16))+(IF(GN16="","0",GN16))+(IF(GQ16="","0",GQ16)),"") -> 22212.092 | GS16: 0.27429935 | GT16: =IFERROR(+GS16*(GR16-GQ16),"") -> 6092.7624 | GU16: =IFERROR(+(IF(GR16="","0",GR16))-(IF(GT16="","0",GT16)),"") -> 16119.329 | GW16: =GW15+1 -> 4 | GX16: Ubi Jalar | GY16: Umbi Segar | GZ16: Ton | HA16: =HA52+HA88+HA124+HA160 -> 12553.21 | HB16: =HC16/HA16*1000000 -> 1405000 | HC16: =HC52+HC88+HC124+HC160 -> 17637.26 | HD16: 0.022 | HE16: =IFERROR(+HC16*HD16,"") -> 388.01972 | HH16: =HH52+HH88+HH124+HH160 -> 0 | HI16: =IFERROR(+(IF(HC16="","0",HC16))+(IF(HE16="","0",HE16))+(IF(HH16="","0",HH16)),"") -> 18025.28 | HJ16: 0.27429935 | HK16: =IFERROR(+HJ16*(HI16-HH16),"") -> 4944.3226 | HL16: =IFERROR(+(IF(HI16="","0",HI16))-(IF(HK16="","0",HK16)),"") -> 13080.957 | HN16: =HN15+1 -> 4 | HO16: Ubi Jalar | HP16: Umbi Segar | HQ16: Ton | HR16: =HR52+HR88+HR124+HR160 -> 19994 | HS16: =HT16/HR16*1000000 -> 1405000 | HT16: =HT52+HT88+HT124+HT160 -> 28091.57 | HU16: 0.022 | HV16: =IFERROR(+HT16*HU16,"") -> 618.01454 | HY16: =HY52+HY88+HY124+HY160 -> 0 | HZ16: =IFERROR(+(IF(HT16="","0",HT16))+(IF(HV16="","0",HV16))+(IF(HY16="","0",HY16)),"") -> 28709.585 | IA16: 0.27429935 | IB16: =IFERROR(+IA16*(HZ16-HY16),"") -> 7875.0204 | IC16: =IFERROR(+(IF(HZ16="","0",HZ16))-(IF(IB16="","0",IB16)),"") -> 20834.564 | IE16: =IE15+1 -> 4 | IF16: Ubi Jalar | IG16: Umbi Segar | IH16: Ton | II16: =II52+II88+II124+II160 -> 13879.231 | IJ16: =IK16/II16*1000000 -> 1405000 | IK16: =IK52+IK88+IK124+IK160 -> 19500.32 | IL16: 0.022 | IM16: =IFERROR(+IK16*IL16,"") -> 429.00704 | IP16: =IP52+IP88+IP124+IP160 -> 0 | IQ16: =IFERROR(+(IF(IK16="","0",IK16))+(IF(IM16="","0",IM16))+(IF(IP16="","0",IP16)),"") -> 19929.327 | IR16: 0.27429935 | IS16: =IFERROR(+IR16*(IQ16-IP16),"") -> 5466.6015 | IT16: =IFERROR(+(IF(IQ16="","0",IQ16))-(IF(IS16="","0",IS16)),"") -> 14462.726 | IV16: =IV15+1 -> 4 | IW16: Ubi Jalar | IX16: Umbi Segar | IY16: Ton | IZ16: =IZ52+IZ88+IZ124+IZ160 -> 9737.4072 | JA16: =JB16/IZ16*1000000 -> 1405000 | JB16: =JB52+JB88+JB124+JB160 -> 13681.057 | JC16: 0.022 | JD16: =IFERROR(+JB16*JC16,"") -> 300.98326 | JG16: =JG52+JG88+JG124+JG160 -> 0 | JH16: =IFERROR(+(IF(JB16="","0",JB16))+(IF(JD16="","0",JD16))+(IF(JG16="","0",JG16)),"") -> 13982.04 | JI16: 0.27429935 | JJ16: =IFERROR(+JI16*(JH16-JG16),"") -> 3835.2646 | JK16: =IFERROR(+(IF(JH16="","0",JH16))-(IF(JJ16="","0",JJ16)),"") -> 10146.776 | JM16: =JM15+1 -> 4 | JN16: Ubi Jalar | JO16: Umbi Segar | JP16: Ton | JQ16: =JQ52+JQ88+JQ124+JQ160 -> 2239.9569 | JR16: =JS16/JQ16*1000000 -> 1405000 | JS16: =JS52+JS88+JS124+JS160 -> 3147.1395 | JT16: 0.022 | JU16: =IFERROR(+JS16*JT16,"") -> 69.237069 | JX16: =JX52+JX88+JX124+JX160 -> 0 | JY16: =IFERROR(+(IF(JS16="","0",JS16))+(IF(JU16="","0",JU16))+(IF(JX16="","0",JX16)),"") -> 3216.3766 | JZ16: 0.27429935 | KA16: =IFERROR(+JZ16*(JY16-JX16),"") -> 882.25001 | KB16: =IFERROR(+(IF(JY16="","0",JY16))-(IF(KA16="","0",KA16)),"") -> 2334.1266 | KD16: =KD15+1 -> 4 | KE16: Ubi Jalar | KF16: Umbi Segar | KG16: Ton | KH16: =KH52+KH88+KH124+KH160 -> 0 | KI16: =KJ16/KH16*1000000 -> #DIV/0! | KJ16: =KJ52+KJ88+KJ124+KJ160 -> 0 | KK16: 0.022 | KL16: =IFERROR(+KJ16*KK16,"") -> 0 | KO16: =KO52+KO88+KO124+KO160 -> 0 | KP16: =IFERROR(+(IF(KJ16="","0",KJ16))+(IF(KL16="","0",KL16))+(IF(KO16="","0",KO16)),"") -> 0 | KQ16: 0.27429935 | KR16: =IFERROR(+KQ16*(KP16-KO16),"") -> 0 | KS16: =IFERROR(+(IF(KP16="","0",KP16))-(IF(KR16="","0",KR16)),"") -> 0
A17: =A16+1 -> 5 | B17: Kacang Tanah | C17: Biji Kering | D17: Ton | E17: =E53+E89+E125+E161 -> 4942 | F17: =G17/E17*1000000 -> 7695000 | G17: =G53+G89+G125+G161 -> 38028.69 | H17: 0.0250312 | I17: =IFERROR(+G17*H17,"") -> 951.90375 | L17: =L53+L89+L125+L161 -> 0 | M17: =IFERROR(+(IF(G17="","0",G17))+(IF(I17="","0",I17))+(IF(L17="","0",L17)),"") -> 38980.594 | N17: 0.26685084 | O17: =IFERROR(+N17*(M17-L17),"") -> 10402.004 | P17: =IFERROR(+(IF(M17="","0",M17))-(IF(O17="","0",O17)),"") -> 28578.59 | R17: =R16+1 -> 5 | S17: Kacang Tanah | T17: Biji Kering | U17: Ton | V17: =V53+V89+V125+V161 -> 4540 | W17: =X17/V17*1000000 -> 7695000 | X17: =X53+X89+X125+X161 -> 34935.3 | Y17: 0.0250312 | Z17: =IFERROR(+X17*Y17,"") -> 874.47248 | AC17: =AC53+AC89+AC125+AC161 -> 0 | AD17: =IFERROR(+(IF(X17="","0",X17))+(IF(Z17="","0",Z17))+(IF(AC17="","0",AC17)),"") -> 35809.772 | AE17: 0.26685084 | AF17: =IFERROR(+AE17*(AD17-AC17),"") -> 9555.8678 | AG17: =IFERROR(+(IF(AD17="","0",AD17))-(IF(AF17="","0",AF17)),"") -> 26253.905 | AI17: =AI16+1 -> 5 | AJ17: Kacang Tanah | AK17: Biji Kering | AL17: Ton | AM17: =AM53+AM89+AM125+AM161 -> 5199 | AN17: =AO17/AM17*1000000 -> 7695000 | AO17: =AO53+AO89+AO125+AO161 -> 40006.305 | AP17: 0.0250312 | AQ17: =IFERROR(+AO17*AP17,"") -> 1001.4058 | AT17: =AT53+AT89+AT125+AT161 -> 0 | AU17: =IFERROR(+(IF(AO17="","0",AO17))+(IF(AQ17="","0",AQ17))+(IF(AT17="","0",AT17)),"") -> 41007.711 | AV17: 0.26685084 | AW17: =IFERROR(+AV17*(AU17-AT17),"") -> 10942.942 | AX17: =IFERROR(+(IF(AU17="","0",AU17))-(IF(AW17="","0",AW17)),"") -> 30064.769 | AZ17: =AZ16+1 -> 5 | BA17: Kacang Tanah | BB17: Biji Kering | BC17: Ton | BD17: =BD53+BD89+BD125+BD161 -> 4942 | BE17: =BF17/BD17*1000000 -> 7695000 | BF17: =BF53+BF89+BF125+BF161 -> 38028.69 | BG17: 0.0250312 | BH17: =IFERROR(+BF17*BG17,"") -> 951.90375 | BK17: =BK53+BK89+BK125+BK161 -> 0 | BL17: =IFERROR(+(IF(BF17="","0",BF17))+(IF(BH17="","0",BH17))+(IF(BK17="","0",BK17)),"") -> 38980.594 | BM17: 0.26685084 | BN17: =IFERROR(+BM17*(BL17-BK17),"") -> 10402.004 | BO17: =IFERROR(+(IF(BL17="","0",BL17))-(IF(BN17="","0",BN17)),"") -> 28578.59 | BQ17: =BQ16+1 -> 5 | BR17: Kacang Tanah | BS17: Biji Kering | BT17: Ton | BU17: =BU53+BU89+BU125+BU161 -> 4652 | BV17: =BW17/BU17*1000000 -> 7695000 | BW17: =BW53+BW89+BW125+BW161 -> 35797.14 | BX17: 0.0250312 | BY17: =IFERROR(+BW17*BX17,"") -> 896.04537 | CB17: =CB53+CB89+CB125+CB161 -> 0 | CC17: =IFERROR(+(IF(BW17="","0",BW17))+(IF(BY17="","0",BY17))+(IF(CB17="","0",CB17)),"") -> 36693.185 | CD17: 0.26685084 | CE17: =IFERROR(+CD17*(CC17-CB17),"") -> 9791.6072 | CF17: =IFERROR(+(IF(CC17="","0",CC17))-(IF(CE17="","0",CE17)),"") -> 26901.578 | CH17: =CH16+1 -> 5 | CI17: Kacang Tanah | CJ17: Biji Kering | CK17: Ton | CL17: =CL53+CL89+CL125+CL161 -> 3471 | CM17: =CN17/CL17*1000000 -> 7695000 | CN17: =CN53+CN89+CN125+CN161 -> 26709.345 | CO17: 0.0250312 | CP17: =IFERROR(+CN17*CO17,"") -> 668.56696 | CS17: =CS53+CS89+CS125+CS161 -> 0 | CT17: =IFERROR(+(IF(CN17="","0",CN17))+(IF(CP17="","0",CP17))+(IF(CS17="","0",CS17)),"") -> 27377.912 | CU17: 0.26685084 | CV17: =IFERROR(+CU17*(CT17-CS17),"") -> 7305.8187 | CW17: =IFERROR(+(IF(CT17="","0",CT17))-(IF(CV17="","0",CV17)),"") -> 20072.093 | CY17: =CY16+1 -> 5 | CZ17: Kacang Tanah | DA17: Biji Kering | DB17: Ton | DC17: =DC53+DC89+DC125+DC161 -> 3023 | DD17: =DE17/DC17*1000000 -> 7695000 | DE17: =DE53+DE89+DE125+DE161 -> 23261.985 | DF17: 0.0250312 | DG17: =IFERROR(+DE17*DF17,"") -> 582.2754 | DJ17: =DJ53+DJ89+DJ125+DJ161 -> 0 | DK17: =IFERROR(+(IF(DE17="","0",DE17))+(IF(DG17="","0",DG17))+(IF(DJ17="","0",DJ17)),"") -> 23844.26 | DL17: 0.26685084 | DM17: =IFERROR(+DL17*(DK17-DJ17),"") -> 6362.8609 | DN17: =IFERROR(+(IF(DK17="","0",DK17))-(IF(DM17="","0",DM17)),"") -> 17481.4 | DP17: =DP16+1 -> 5 | DQ17: Kacang Tanah | DR17: Biji Kering | DS17: Ton | DT17: =DT53+DT89+DT125+DT161 -> 2617 | DU17: =DV17/DT17*1000000 -> 7695000 | DV17: =DV53+DV89+DV125+DV161 -> 20137.815 | DW17: 0.0250312 | DX17: =IFERROR(+DV17*DW17,"") -> 504.07367 | EA17: =EA53+EA89+EA125+EA161 -> 0 | EB17: =IFERROR(+(IF(DV17="","0",DV17))+(IF(DX17="","0",DX17))+(IF(EA17="","0",EA17)),"") -> 20641.889 | EC17: 0.26685084 | ED17: =IFERROR(+EC17*(EB17-EA17),"") -> 5508.3053 | EE17: =IFERROR(+(IF(EB17="","0",EB17))-(IF(ED17="","0",ED17)),"") -> 15133.583 | EG17: =EG16+1 -> 5 | EH17: Kacang Tanah | EI17: Biji Kering | EJ17: Ton | EK17: =EK53+EK89+EK125+EK161 -> 1950 | EL17: =EM17/EK17*1000000 -> 7695000 | EM17: =EM53+EM89+EM125+EM161 -> 15005.25 | EN17: 0.0250312 | EO17: =IFERROR(+EM17*EN17,"") -> 375.59941 | ER17: =ER53+ER89+ER125+ER161 -> 0 | ES17: =IFERROR(+(IF(EM17="","0",EM17))+(IF(EO17="","0",EO17))+(IF(ER17="","0",ER17)),"") -> 15380.849 | ET17: 0.26685084 | EU17: =IFERROR(+ET17*(ES17-ER17),"") -> 4104.3925 | EV17: =IFERROR(+(IF(ES17="","0",ES17))-(IF(EU17="","0",EU17)),"") -> 11276.457 | EX17: =EX16+1 -> 5 | EY17: Kacang Tanah | EZ17: Biji Kering | FA17: Ton | FB17: =FB53+FB89+FB125+FB161 -> 3277.8 | FC17: =FD17/FB17*1000000 -> 7695000 | FD17: =FD53+FD89+FD125+FD161 -> 25222.671 | FE17: 0.0250312 | FF17: =IFERROR(+FD17*FE17,"") -> 631.35372 | FI17: =FI53+FI89+FI125+FI161 -> 0 | FJ17: =IFERROR(+(IF(FD17="","0",FD17))+(IF(FF17="","0",FF17))+(IF(FI17="","0",FI17)),"") -> 25854.025 | FK17: 0.26685084 | FL17: =IFERROR(+FK17*(FJ17-FI17),"") -> 6899.1682 | FM17: =IFERROR(+(IF(FJ17="","0",FJ17))-(IF(FL17="","0",FL17)),"") -> 18954.857 | FO17: =FO16+1 -> 5 | FP17: Kacang Tanah | FQ17: Biji Kering | FR17: Ton | FS17: =FS53+FS89+FS125+FS161 -> 3402 | FT17: =FU17/FS17*1000000 -> 7695000 | FU17: =FU53+FU89+FU125+FU161 -> 26178.39 | FV17: 0.0250312 | FW17: =IFERROR(+FU17*FV17,"") -> 655.27652 | FZ17: =FZ53+FZ89+FZ125+FZ161 -> 0 | GA17: =IFERROR(+(IF(FU17="","0",FU17))+(IF(FW17="","0",FW17))+(IF(FZ17="","0",FZ17)),"") -> 26833.667 | GB17: 0.26685084 | GC17: =IFERROR(+GB17*(GA17-FZ17),"") -> 7160.5864 | GD17: =IFERROR(+(IF(GA17="","0",GA17))-(IF(GC17="","0",GC17)),"") -> 19673.08 | GF17: =GF16+1 -> 5 | GG17: Kacang Tanah | GH17: Biji Kering | GI17: Ton | GJ17: =GJ53+GJ89+GJ125+GJ161 -> 3105 | GK17: =GL17/GJ17*1000000 -> 7695000 | GL17: =GL53+GL89+GL125+GL161 -> 23892.975 | GM17: 0.0250312 | GN17: =IFERROR(+GL17*GM17,"") -> 598.06984 | GQ17: =GQ53+GQ89+GQ125+GQ161 -> 0 | GR17: =IFERROR(+(IF(GL17="","0",GL17))+(IF(GN17="","0",GN17))+(IF(GQ17="","0",GQ17)),"") -> 24491.045 | GS17: 0.26685084 | GT17: =IFERROR(+GS17*(GR17-GQ17),"") -> 6535.4558 | GU17: =IFERROR(+(IF(GR17="","0",GR17))-(IF(GT17="","0",GT17)),"") -> 17955.589 | GW17: =GW16+1 -> 5 | GX17: Kacang Tanah | GY17: Biji Kering | GZ17: Ton | HA17: =HA53+HA89+HA125+HA161 -> 2057.79 | HB17: =HC17/HA17*1000000 -> 7695000 | HC17: =HC53+HC89+HC125+HC161 -> 15834.694 | HD17: 0.0250312 | HE17: =IFERROR(+HC17*HD17,"") -> 396.36139 | HH17: =HH53+HH89+HH125+HH161 -> 0 | HI17: =IFERROR(+(IF(HC17="","0",HC17))+(IF(HE17="","0",HE17))+(IF(HH17="","0",HH17)),"") -> 16231.055 | HJ17: 0.26685084 | HK17: =IFERROR(+HJ17*(HI17-HH17),"") -> 4331.2707 | HL17: =IFERROR(+(IF(HI17="","0",HI17))-(IF(HK17="","0",HK17)),"") -> 11899.785 | HN17: =HN16+1 -> 5 | HO17: Kacang Tanah | HP17: Biji Kering | HQ17: Ton | HR17: =HR53+HR89+HR125+HR161 -> 1967 | HS17: =HT17/HR17*1000000 -> 7695000 | HT17: =HT53+HT89+HT125+HT161 -> 15136.065 | HU17: 0.0250312 | HV17: =IFERROR(+HT17*HU17,"") -> 378.87387 | HY17: =HY53+HY89+HY125+HY161 -> 0 | HZ17: =IFERROR(+(IF(HT17="","0",HT17))+(IF(HV17="","0",HV17))+(IF(HY17="","0",HY17)),"") -> 15514.939 | IA17: 0.26685084 | IB17: =IFERROR(+IA17*(HZ17-HY17),"") -> 4140.1744 | IC17: =IFERROR(+(IF(HZ17="","0",HZ17))-(IF(IB17="","0",IB17)),"") -> 11374.764 | IE17: =IE16+1 -> 5 | IF17: Kacang Tanah | IG17: Biji Kering | IH17: Ton | II17: =II53+II89+II125+II161 -> 2475.8286 | IJ17: =IK17/II17*1000000 -> 7695000 | IK17: =IK53+IK89+IK125+IK161 -> 19051.501 | IL17: 0.0250312 | IM17: =IFERROR(+IK17*IL17,"") -> 476.88194 | IP17: =IP53+IP89+IP125+IP161 -> 0 | IQ17: =IFERROR(+(IF(IK17="","0",IK17))+(IF(IM17="","0",IM17))+(IF(IP17="","0",IP17)),"") -> 19528.383 | IR17: 0.26685084 | IS17: =IFERROR(+IR17*(IQ17-IP17),"") -> 5211.1654 | IT17: =IFERROR(+(IF(IQ17="","0",IQ17))-(IF(IS17="","0",IS17)),"") -> 14317.218 | IV17: =IV16+1 -> 5 | IW17: Kacang Tanah | IX17: Biji Kering | IY17: Ton | IZ17: =IZ53+IZ89+IZ125+IZ161 -> 1845.5882 | JA17: =JB17/IZ17*1000000 -> 7695000 | JB17: =JB53+JB89+JB125+JB161 -> 14201.801 | JC17: 0.0250312 | JD17: =IFERROR(+JB17*JC17,"") -> 355.48813 | JG17: =JG53+JG89+JG125+JG161 -> 0 | JH17: =IFERROR(+(IF(JB17="","0",JB17))+(IF(JD17="","0",JD17))+(IF(JG17="","0",JG17)),"") -> 14557.289 | JI17: 0.26685084 | JJ17: =IFERROR(+JI17*(JH17-JG17),"") -> 3884.6249 | JK17: =IFERROR(+(IF(JH17="","0",JH17))-(IF(JJ17="","0",JJ17)),"") -> 10672.665 | JM17: =JM16+1 -> 5 | JN17: Kacang Tanah | JO17: Biji Kering | JP17: Ton | JQ17: =JQ53+JQ89+JQ125+JQ161 -> 748.15303 | JR17: =JS17/JQ17*1000000 -> 7695000 | JS17: =JS53+JS89+JS125+JS161 -> 5757.0376 | JT17: 0.0250312 | JU17: =IFERROR(+JS17*JT17,"") -> 144.10556 | JX17: =JX53+JX89+JX125+JX161 -> 0 | JY17: =IFERROR(+(IF(JS17="","0",JS17))+(IF(JU17="","0",JU17))+(IF(JX17="","0",JX17)),"") -> 5901.1431 | JZ17: 0.26685084 | KA17: =IFERROR(+JZ17*(JY17-JX17),"") -> 1574.725 | KB17: =IFERROR(+(IF(JY17="","0",JY17))-(IF(KA17="","0",KA17)),"") -> 4326.4181 | KD17: =KD16+1 -> 5 | KE17: Kacang Tanah | KF17: Biji Kering | KG17: Ton | KH17: =KH53+KH89+KH125+KH161 -> 0 | KI17: =KJ17/KH17*1000000 -> #DIV/0! | KJ17: =KJ53+KJ89+KJ125+KJ161 -> 0 | KK17: 0.0250312 | KL17: =IFERROR(+KJ17*KK17,"") -> 0 | KO17: =KO53+KO89+KO125+KO161 -> 0 | KP17: =IFERROR(+(IF(KJ17="","0",KJ17))+(IF(KL17="","0",KL17))+(IF(KO17="","0",KO17)),"") -> 0 | KQ17: 0.26685084 | KR17: =IFERROR(+KQ17*(KP17-KO17),"") -> 0 | KS17: =IFERROR(+(IF(KP17="","0",KP17))-(IF(KR17="","0",KR17)),"") -> 0
A18: =A17+1 -> 6 | B18: Kedelai | C18: Biji Kering | D18: Ton | E18: =E54+E90+E126+E162 -> 3203 | F18: =G18/E18*1000000 -> 5645000 | G18: =G54+G90+G126+G162 -> 18080.935 | H18: 0.0598 | I18: =IFERROR(+G18*H18,"") -> 1081.2399 | L18: =L54+L90+L126+L162 -> 0 | M18: =IFERROR(+(IF(G18="","0",G18))+(IF(I18="","0",I18))+(IF(L18="","0",L18)),"") -> 19162.175 | N18: 0.29070162 | O18: =IFERROR(+N18*(M18-L18),"") -> 5570.4752 | P18: =IFERROR(+(IF(M18="","0",M18))-(IF(O18="","0",O18)),"") -> 13591.7 | R18: =R17+1 -> 6 | S18: Kedelai | T18: Biji Kering | U18: Ton | V18: =V54+V90+V126+V162 -> 6113 | W18: =X18/V18*1000000 -> 5645000 | X18: =X54+X90+X126+X162 -> 34507.885 | Y18: 0.0598 | Z18: =IFERROR(+X18*Y18,"") -> 2063.5715 | AC18: =AC54+AC90+AC126+AC162 -> 0 | AD18: =IFERROR(+(IF(X18="","0",X18))+(IF(Z18="","0",Z18))+(IF(AC18="","0",AC18)),"") -> 36571.457 | AE18: 0.29070162 | AF18: =IFERROR(+AE18*(AD18-AC18),"") -> 10631.382 | AG18: =IFERROR(+(IF(AD18="","0",AD18))-(IF(AF18="","0",AF18)),"") -> 25940.075 | AI18: =AI17+1 -> 6 | AJ18: Kedelai | AK18: Biji Kering | AL18: Ton | AM18: =AM54+AM90+AM126+AM162 -> 3710 | AN18: =AO18/AM18*1000000 -> 5645000 | AO18: =AO54+AO90+AO126+AO162 -> 20942.95 | AP18: 0.0598 | AQ18: =IFERROR(+AO18*AP18,"") -> 1252.3884 | AT18: =AT54+AT90+AT126+AT162 -> 0 | AU18: =IFERROR(+(IF(AO18="","0",AO18))+(IF(AQ18="","0",AQ18))+(IF(AT18="","0",AT18)),"") -> 22195.338 | AV18: 0.29070162 | AW18: =IFERROR(+AV18*(AU18-AT18),"") -> 6452.2208 | AX18: =IFERROR(+(IF(AU18="","0",AU18))-(IF(AW18="","0",AW18)),"") -> 15743.118 | AZ18: =AZ17+1 -> 6 | BA18: Kedelai | BB18: Biji Kering | BC18: Ton | BD18: =BD54+BD90+BD126+BD162 -> 3595 | BE18: =BF18/BD18*1000000 -> 5645000 | BF18: =BF54+BF90+BF126+BF162 -> 20293.775 | BG18: 0.0598 | BH18: =IFERROR(+BF18*BG18,"") -> 1213.5677 | BK18: =BK54+BK90+BK126+BK162 -> 0 | BL18: =IFERROR(+(IF(BF18="","0",BF18))+(IF(BH18="","0",BH18))+(IF(BK18="","0",BK18)),"") -> 21507.343 | BM18: 0.29070162 | BN18: =IFERROR(+BM18*(BL18-BK18),"") -> 6252.2193 | BO18: =IFERROR(+(IF(BL18="","0",BL18))-(IF(BN18="","0",BN18)),"") -> 15255.123 | BQ18: =BQ17+1 -> 6 | BR18: Kedelai | BS18: Biji Kering | BT18: Ton | BU18: =BU54+BU90+BU126+BU162 -> 5691 | BV18: =BW18/BU18*1000000 -> 5645000 | BW18: =BW54+BW90+BW126+BW162 -> 32125.695 | BX18: 0.0598 | BY18: =IFERROR(+BW18*BX18,"") -> 1921.1166 | CB18: =CB54+CB90+CB126+CB162 -> 0 | CC18: =IFERROR(+(IF(BW18="","0",BW18))+(IF(BY18="","0",BY18))+(IF(CB18="","0",CB18)),"") -> 34046.812 | CD18: 0.29070162 | CE18: =IFERROR(+CD18*(CC18-CB18),"") -> 9897.4632 | CF18: =IFERROR(+(IF(CC18="","0",CC18))-(IF(CE18="","0",CE18)),"") -> 24149.348 | CH18: =CH17+1 -> 6 | CI18: Kedelai | CJ18: Biji Kering | CK18: Ton | CL18: =CL54+CL90+CL126+CL162 -> 12799 | CM18: =CN18/CL18*1000000 -> 5645000 | CN18: =CN54+CN90+CN126+CN162 -> 72250.355 | CO18: 0.0598 | CP18: =IFERROR(+CN18*CO18,"") -> 4320.5712 | CS18: =CS54+CS90+CS126+CS162 -> 0 | CT18: =IFERROR(+(IF(CN18="","0",CN18))+(IF(CP18="","0",CP18))+(IF(CS18="","0",CS18)),"") -> 76570.926 | CU18: 0.29070162 | CV18: =IFERROR(+CU18*(CT18-CS18),"") -> 22259.292 | CW18: =IFERROR(+(IF(CT18="","0",CT18))-(IF(CV18="","0",CV18)),"") -> 54311.634 | CY18: =CY17+1 -> 6 | CZ18: Kedelai | DA18: Biji Kering | DB18: Ton | DC18: =DC54+DC90+DC126+DC162 -> 16136 | DD18: =DE18/DC18*1000000 -> 5645000 | DE18: =DE54+DE90+DE126+DE162 -> 91087.72 | DF18: 0.0598 | DG18: =IFERROR(+DE18*DF18,"") -> 5447.0457 | DJ18: =DJ54+DJ90+DJ126+DJ162 -> 0 | DK18: =IFERROR(+(IF(DE18="","0",DE18))+(IF(DG18="","0",DG18))+(IF(DJ18="","0",DJ18)),"") -> 96534.766 | DL18: 0.29070162 | DM18: =IFERROR(+DL18*(DK18-DJ18),"") -> 28062.813 | DN18: =IFERROR(+(IF(DK18="","0",DK18))-(IF(DM18="","0",DM18)),"") -> 68471.953 | DP18: =DP17+1 -> 6 | DQ18: Kedelai | DR18: Biji Kering | DS18: Ton | DT18: =DT54+DT90+DT126+DT162 -> 4055 | DU18: =DV18/DT18*1000000 -> 5645000 | DV18: =DV54+DV90+DV126+DV162 -> 22890.475 | DW18: 0.0598 | DX18: =IFERROR(+DV18*DW18,"") -> 1368.8504 | EA18: =EA54+EA90+EA126+EA162 -> 0 | EB18: =IFERROR(+(IF(DV18="","0",DV18))+(IF(DX18="","0",DX18))+(IF(EA18="","0",EA18)),"") -> 24259.325 | EC18: 0.29070162 | ED18: =IFERROR(+EC18*(EB18-EA18),"") -> 7052.2251 | EE18: =IFERROR(+(IF(EB18="","0",EB18))-(IF(ED18="","0",ED18)),"") -> 17207.1 | EG18: =EG17+1 -> 6 | EH18: Kedelai | EI18: Biji Kering | EJ18: Ton | EK18: =EK54+EK90+EK126+EK162 -> 9254 | EL18: =EM18/EK18*1000000 -> 5645000 | EM18: =EM54+EM90+EM126+EM162 -> 52238.83 | EN18: 0.0598 | EO18: =IFERROR(+EM18*EN18,"") -> 3123.882 | ER18: =ER54+ER90+ER126+ER162 -> 0 | ES18: =IFERROR(+(IF(EM18="","0",EM18))+(IF(EO18="","0",EO18))+(IF(ER18="","0",ER18)),"") -> 55362.712 | ET18: 0.29070162 | EU18: =IFERROR(+ET18*(ES18-ER18),"") -> 16094.03 | EV18: =IFERROR(+(IF(ES18="","0",ES18))-(IF(EU18="","0",EU18)),"") -> 39268.682 | EX18: =EX17+1 -> 6 | EY18: Kedelai | EZ18: Biji Kering | FA18: Ton | FB18: =FB54+FB90+FB126+FB162 -> 1493.4 | FC18: =FD18/FB18*1000000 -> 5645000 | FD18: =FD54+FD90+FD126+FD162 -> 8430.243 | FE18: 0.0598 | FF18: =IFERROR(+FD18*FE18,"") -> 504.12853 | FI18: =FI54+FI90+FI126+FI162 -> 0 | FJ18: =IFERROR(+(IF(FD18="","0",FD18))+(IF(FF18="","0",FF18))+(IF(FI18="","0",FI18)),"") -> 8934.3715 | FK18: 0.29070162 | FL18: =IFERROR(+FK18*(FJ18-FI18),"") -> 2597.2363 | FM18: =IFERROR(+(IF(FJ18="","0",FJ18))-(IF(FL18="","0",FL18)),"") -> 6337.1353 | FO18: =FO17+1 -> 6 | FP18: Kedelai | FQ18: Biji Kering | FR18: Ton | FS18: =FS54+FS90+FS126+FS162 -> 821 | FT18: =FU18/FS18*1000000 -> 5645000 | FU18: =FU54+FU90+FU126+FU162 -> 4634.545 | FV18: 0.0598 | FW18: =IFERROR(+FU18*FV18,"") -> 277.14579 | FZ18: =FZ54+FZ90+FZ126+FZ162 -> 0 | GA18: =IFERROR(+(IF(FU18="","0",FU18))+(IF(FW18="","0",FW18))+(IF(FZ18="","0",FZ18)),"") -> 4911.6908 | GB18: 0.29070162 | GC18: =IFERROR(+GB18*(GA18-FZ18),"") -> 1427.8365 | GD18: =IFERROR(+(IF(GA18="","0",GA18))-(IF(GC18="","0",GC18)),"") -> 3483.8543 | GF18: =GF17+1 -> 6 | GG18: Kedelai | GH18: Biji Kering | GI18: Ton | GJ18: =GJ54+GJ90+GJ126+GJ162 -> 574 | GK18: =GL18/GJ18*1000000 -> 5645000 | GL18: =GL54+GL90+GL126+GL162 -> 3240.23 | GM18: 0.0598 | GN18: =IFERROR(+GL18*GM18,"") -> 193.76575 | GQ18: =GQ54+GQ90+GQ126+GQ162 -> 0 | GR18: =IFERROR(+(IF(GL18="","0",GL18))+(IF(GN18="","0",GN18))+(IF(GQ18="","0",GQ18)),"") -> 3433.9958 | GS18: 0.29070162 | GT18: =IFERROR(+GS18*(GR18-GQ18),"") -> 998.26812 | GU18: =IFERROR(+(IF(GR18="","0",GR18))-(IF(GT18="","0",GT18)),"") -> 2435.7276 | GW18: =GW17+1 -> 6 | GX18: Kedelai | GY18: Biji Kering | GZ18: Ton | HA18: =HA54+HA90+HA126+HA162 -> 10357.16 | HB18: =HC18/HA18*1000000 -> 5645000 | HC18: =HC54+HC90+HC126+HC162 -> 58466.168 | HD18: 0.0598 | HE18: =IFERROR(+HC18*HD18,"") -> 3496.2769 | HH18: =HH54+HH90+HH126+HH162 -> 0 | HI18: =IFERROR(+(IF(HC18="","0",HC18))+(IF(HE18="","0",HE18))+(IF(HH18="","0",HH18)),"") -> 61962.445 | HJ18: 0.29070162 | HK18: =IFERROR(+HJ18*(HI18-HH18),"") -> 18012.583 | HL18: =IFERROR(+(IF(HI18="","0",HI18))-(IF(HK18="","0",HK18)),"") -> 43949.862 | HN18: =HN17+1 -> 6 | HO18: Kedelai | HP18: Biji Kering | HQ18: Ton | HR18: =HR54+HR90+HR126+HR162 -> 4647 | HS18: =HT18/HR18*1000000 -> 5645000 | HT18: =HT54+HT90+HT126+HT162 -> 26232.315 | HU18: 0.0598 | HV18: =IFERROR(+HT18*HU18,"") -> 1568.6924 | HY18: =HY54+HY90+HY126+HY162 -> 0 | HZ18: =IFERROR(+(IF(HT18="","0",HT18))+(IF(HV18="","0",HV18))+(IF(HY18="","0",HY18)),"") -> 27801.007 | IA18: 0.29070162 | IB18: =IFERROR(+IA18*(HZ18-HY18),"") -> 8081.7978 | IC18: =IFERROR(+(IF(HZ18="","0",HZ18))-(IF(IB18="","0",IB18)),"") -> 19719.21 | IE18: =IE17+1 -> 6 | IF18: Kedelai | IG18: Biji Kering | IH18: Ton | II18: =II54+II90+II126+II162 -> 584.80165 | IJ18: =IK18/II18*1000000 -> 5645000 | IK18: =IK54+IK90+IK126+IK162 -> 3301.2053 | IL18: 0.0598 | IM18: =IFERROR(+IK18*IL18,"") -> 197.41208 | IP18: =IP54+IP90+IP126+IP162 -> 0 | IQ18: =IFERROR(+(IF(IK18="","0",IK18))+(IF(IM18="","0",IM18))+(IF(IP18="","0",IP18)),"") -> 3498.6174 | IR18: 0.29070162 | IS18: =IFERROR(+IR18*(IQ18-IP18),"") -> 1017.0537 | IT18: =IFERROR(+(IF(IQ18="","0",IQ18))-(IF(IS18="","0",IS18)),"") -> 2481.5637 | IV18: =IV17+1 -> 6 | IW18: Kedelai | IX18: Biji Kering | IY18: Ton | IZ18: =IZ54+IZ90+IZ126+IZ162 -> 518.0509 | JA18: =JB18/IZ18*1000000 -> 5645000 | JB18: =JB54+JB90+JB126+JB162 -> 2924.3973 | JC18: 0.0598 | JD18: =IFERROR(+JB18*JC18,"") -> 174.87896 | JG18: =JG54+JG90+JG126+JG162 -> 0 | JH18: =IFERROR(+(IF(JB18="","0",JB18))+(IF(JD18="","0",JD18))+(IF(JG18="","0",JG18)),"") -> 3099.2763 | JI18: 0.29070162 | JJ18: =IFERROR(+JI18*(JH18-JG18),"") -> 900.96463 | JK18: =IFERROR(+(IF(JH18="","0",JH18))-(IF(JJ18="","0",JJ18)),"") -> 2198.3117 | JM18: =JM17+1 -> 6 | JN18: Kedelai | JO18: Biji Kering | JP18: Ton | JQ18: =JQ54+JQ90+JQ126+JQ162 -> 138.51224 | JR18: =JS18/JQ18*1000000 -> 5645000 | JS18: =JS54+JS90+JS126+JS162 -> 781.90157 | JT18: 0.0598 | JU18: =IFERROR(+JS18*JT18,"") -> 46.757714 | JX18: =JX54+JX90+JX126+JX162 -> 0 | JY18: =IFERROR(+(IF(JS18="","0",JS18))+(IF(JU18="","0",JU18))+(IF(JX18="","0",JX18)),"") -> 828.65928 | JZ18: 0.29070162 | KA18: =IFERROR(+JZ18*(JY18-JX18),"") -> 240.89259 | KB18: =IFERROR(+(IF(JY18="","0",JY18))-(IF(KA18="","0",KA18)),"") -> 587.76669 | KD18: =KD17+1 -> 6 | KE18: Kedelai | KF18: Biji Kering | KG18: Ton | KH18: =KH54+KH90+KH126+KH162 -> 0 | KI18: =KJ18/KH18*1000000 -> #DIV/0! | KJ18: =KJ54+KJ90+KJ126+KJ162 -> 0 | KK18: 0.0598 | KL18: =IFERROR(+KJ18*KK18,"") -> 0 | KO18: =KO54+KO90+KO126+KO162 -> 0 | KP18: =IFERROR(+(IF(KJ18="","0",KJ18))+(IF(KL18="","0",KL18))+(IF(KO18="","0",KO18)),"") -> 0 | KQ18: 0.29070162 | KR18: =IFERROR(+KQ18*(KP18-KO18),"") -> 0 | KS18: =IFERROR(+(IF(KP18="","0",KP18))-(IF(KR18="","0",KR18)),"") -> 0
A19: =A18+1 -> 7 | B19: Kacang Hijau | C19: Biji Kering | D19: Ton | E19: =E55+E91+E127+E163 -> 900 | F19: =G19/E19*1000000 -> 8947000 | G19: =G55+G91+G127+G163 -> 8052.3 | H19: 0.022 | I19: =IFERROR(+G19*H19,"") -> 177.1506 | L19: =L55+L91+L127+L163 -> 0 | M19: =IFERROR(+(IF(G19="","0",G19))+(IF(I19="","0",I19))+(IF(L19="","0",L19)),"") -> 8229.4506 | N19: 0.21087817 | O19: =IFERROR(+N19*(M19-L19),"") -> 1735.4115 | P19: =IFERROR(+(IF(M19="","0",M19))-(IF(O19="","0",O19)),"") -> 6494.0391 | R19: =R18+1 -> 7 | S19: Kacang Hijau | T19: Biji Kering | U19: Ton | V19: =V55+V91+V127+V163 -> 1527 | W19: =X19/V19*1000000 -> 8947000 | X19: =X55+X91+X127+X163 -> 13662.069 | Y19: 0.022 | Z19: =IFERROR(+X19*Y19,"") -> 300.56552 | AC19: =AC55+AC91+AC127+AC163 -> 0 | AD19: =IFERROR(+(IF(X19="","0",X19))+(IF(Z19="","0",Z19))+(IF(AC19="","0",AC19)),"") -> 13962.635 | AE19: 0.21087817 | AF19: =IFERROR(+AE19*(AD19-AC19),"") -> 2944.4148 | AG19: =IFERROR(+(IF(AD19="","0",AD19))-(IF(AF19="","0",AF19)),"") -> 11018.22 | AI19: =AI18+1 -> 7 | AJ19: Kacang Hijau | AK19: Biji Kering | AL19: Ton | AM19: =AM55+AM91+AM127+AM163 -> 1076 | AN19: =AO19/AM19*1000000 -> 8947000 | AO19: =AO55+AO91+AO127+AO163 -> 9626.972 | AP19: 0.022 | AQ19: =IFERROR(+AO19*AP19,"") -> 211.79338 | AT19: =AT55+AT91+AT127+AT163 -> 0 | AU19: =IFERROR(+(IF(AO19="","0",AO19))+(IF(AQ19="","0",AQ19))+(IF(AT19="","0",AT19)),"") -> 9838.7654 | AV19: 0.21087817 | AW19: =IFERROR(+AV19*(AU19-AT19),"") -> 2074.7808 | AX19: =IFERROR(+(IF(AU19="","0",AU19))-(IF(AW19="","0",AW19)),"") -> 7763.9845 | AZ19: =AZ18+1 -> 7 | BA19: Kacang Hijau | BB19: Biji Kering | BC19: Ton | BD19: =BD55+BD91+BD127+BD163 -> 1083 | BE19: =BF19/BD19*1000000 -> 8947000 | BF19: =BF55+BF91+BF127+BF163 -> 9689.601 | BG19: 0.022 | BH19: =IFERROR(+BF19*BG19,"") -> 213.17122 | BK19: =BK55+BK91+BK127+BK163 -> 0 | BL19: =IFERROR(+(IF(BF19="","0",BF19))+(IF(BH19="","0",BH19))+(IF(BK19="","0",BK19)),"") -> 9902.7722 | BM19: 0.21087817 | BN19: =IFERROR(+BM19*(BL19-BK19),"") -> 2088.2785 | BO19: =IFERROR(+(IF(BL19="","0",BL19))-(IF(BN19="","0",BN19)),"") -> 7814.4937 | BQ19: =BQ18+1 -> 7 | BR19: Kacang Hijau | BS19: Biji Kering | BT19: Ton | BU19: =BU55+BU91+BU127+BU163 -> 1192 | BV19: =BW19/BU19*1000000 -> 8947000 | BW19: =BW55+BW91+BW127+BW163 -> 10664.824 | BX19: 0.022 | BY19: =IFERROR(+BW19*BX19,"") -> 234.62613 | CB19: =CB55+CB91+CB127+CB163 -> 0 | CC19: =IFERROR(+(IF(BW19="","0",BW19))+(IF(BY19="","0",BY19))+(IF(CB19="","0",CB19)),"") -> 10899.45 | CD19: 0.21087817 | CE19: =IFERROR(+CD19*(CC19-CB19),"") -> 2298.4561 | CF19: =IFERROR(+(IF(CC19="","0",CC19))-(IF(CE19="","0",CE19)),"") -> 8600.994 | CH19: =CH18+1 -> 7 | CI19: Kacang Hijau | CJ19: Biji Kering | CK19: Ton | CL19: =CL55+CL91+CL127+CL163 -> 793 | CM19: =CN19/CL19*1000000 -> 8947000 | CN19: =CN55+CN91+CN127+CN163 -> 7094.971 | CO19: 0.022 | CP19: =IFERROR(+CN19*CO19,"") -> 156.08936 | CS19: =CS55+CS91+CS127+CS163 -> 0 | CT19: =IFERROR(+(IF(CN19="","0",CN19))+(IF(CP19="","0",CP19))+(IF(CS19="","0",CS19)),"") -> 7251.0604 | CU19: 0.21087817 | CV19: =IFERROR(+CU19*(CT19-CS19),"") -> 1529.0903 | CW19: =IFERROR(+(IF(CT19="","0",CT19))-(IF(CV19="","0",CV19)),"") -> 5721.97 | CY19: =CY18+1 -> 7 | CZ19: Kacang Hijau | DA19: Biji Kering | DB19: Ton | DC19: =DC55+DC91+DC127+DC163 -> 1006 | DD19: =DE19/DC19*1000000 -> 8947000 | DE19: =DE55+DE91+DE127+DE163 -> 9000.682 | DF19: 0.022 | DG19: =IFERROR(+DE19*DF19,"") -> 198.015 | DJ19: =DJ55+DJ91+DJ127+DJ163 -> 0 | DK19: =IFERROR(+(IF(DE19="","0",DE19))+(IF(DG19="","0",DG19))+(IF(DJ19="","0",DJ19)),"") -> 9198.697 | DL19: 0.21087817 | DM19: =IFERROR(+DL19*(DK19-DJ19),"") -> 1939.8044 | DN19: =IFERROR(+(IF(DK19="","0",DK19))-(IF(DM19="","0",DM19)),"") -> 7258.8926 | DP19: =DP18+1 -> 7 | DQ19: Kacang Hijau | DR19: Biji Kering | DS19: Ton | DT19: =DT55+DT91+DT127+DT163 -> 682 | DU19: =DV19/DT19*1000000 -> 8947000 | DV19: =DV55+DV91+DV127+DV163 -> 6101.854 | DW19: 0.022 | DX19: =IFERROR(+DV19*DW19,"") -> 134.24079 | EA19: =EA55+EA91+EA127+EA163 -> 0 | EB19: =IFERROR(+(IF(DV19="","0",DV19))+(IF(DX19="","0",DX19))+(IF(EA19="","0",EA19)),"") -> 6236.0948 | EC19: 0.21087817 | ED19: =IFERROR(+EC19*(EB19-EA19),"") -> 1315.0563 | EE19: =IFERROR(+(IF(EB19="","0",EB19))-(IF(ED19="","0",ED19)),"") -> 4921.0385 | EG19: =EG18+1 -> 7 | EH19: Kacang Hijau | EI19: Biji Kering | EJ19: Ton | EK19: =EK55+EK91+EK127+EK163 -> 628 | EL19: =EM19/EK19*1000000 -> 8947000 | EM19: =EM55+EM91+EM127+EM163 -> 5618.716 | EN19: 0.022 | EO19: =IFERROR(+EM19*EN19,"") -> 123.61175 | ER19: =ER55+ER91+ER127+ER163 -> 0 | ES19: =IFERROR(+(IF(EM19="","0",EM19))+(IF(EO19="","0",EO19))+(IF(ER19="","0",ER19)),"") -> 5742.3278 | ET19: 0.21087817 | EU19: =IFERROR(+ET19*(ES19-ER19),"") -> 1210.9316 | EV19: =IFERROR(+(IF(ES19="","0",ES19))-(IF(EU19="","0",EU19)),"") -> 4531.3962 | EX19: =EX18+1 -> 7 | EY19: Kacang Hijau | EZ19: Biji Kering | FA19: Ton | FB19: =FB55+FB91+FB127+FB163 -> 529.4 | FC19: =FD19/FB19*1000000 -> 8947000 | FD19: =FD55+FD91+FD127+FD163 -> 4736.5418 | FE19: 0.022 | FF19: =IFERROR(+FD19*FE19,"") -> 104.20392 | FI19: =FI55+FI91+FI127+FI163 -> 0 | FJ19: =IFERROR(+(IF(FD19="","0",FD19))+(IF(FF19="","0",FF19))+(IF(FI19="","0",FI19)),"") -> 4840.7457 | FK19: 0.21087817 | FL19: =IFERROR(+FK19*(FJ19-FI19),"") -> 1020.8076 | FM19: =IFERROR(+(IF(FJ19="","0",FJ19))-(IF(FL19="","0",FL19)),"") -> 3819.9381 | FO19: =FO18+1 -> 7 | FP19: Kacang Hijau | FQ19: Biji Kering | FR19: Ton | FS19: =FS55+FS91+FS127+FS163 -> 788 | FT19: =FU19/FS19*1000000 -> 8947000 | FU19: =FU55+FU91+FU127+FU163 -> 7050.236 | FV19: 0.022 | FW19: =IFERROR(+FU19*FV19,"") -> 155.10519 | FZ19: =FZ55+FZ91+FZ127+FZ163 -> 0 | GA19: =IFERROR(+(IF(FU19="","0",FU19))+(IF(FW19="","0",FW19))+(IF(FZ19="","0",FZ19)),"") -> 7205.3412 | GB19: 0.21087817 | GC19: =IFERROR(+GB19*(GA19-FZ19),"") -> 1519.4492 | GD19: =IFERROR(+(IF(GA19="","0",GA19))-(IF(GC19="","0",GC19)),"") -> 5685.892 | GF19: =GF18+1 -> 7 | GG19: Kacang Hijau | GH19: Biji Kering | GI19: Ton | GJ19: =GJ55+GJ91+GJ127+GJ163 -> 295 | GK19: =GL19/GJ19*1000000 -> 8947000 | GL19: =GL55+GL91+GL127+GL163 -> 2639.365 | GM19: 0.022 | GN19: =IFERROR(+GL19*GM19,"") -> 58.06603 | GQ19: =GQ55+GQ91+GQ127+GQ163 -> 0 | GR19: =IFERROR(+(IF(GL19="","0",GL19))+(IF(GN19="","0",GN19))+(IF(GQ19="","0",GQ19)),"") -> 2697.431 | GS19: 0.21087817 | GT19: =IFERROR(+GS19*(GR19-GQ19),"") -> 568.82932 | GU19: =IFERROR(+(IF(GR19="","0",GR19))-(IF(GT19="","0",GT19)),"") -> 2128.6017 | GW19: =GW18+1 -> 7 | GX19: Kacang Hijau | GY19: Biji Kering | GZ19: Ton | HA19: =HA55+HA91+HA127+HA163 -> 301.1 | HB19: =HC19/HA19*1000000 -> 8947000 | HC19: =HC55+HC91+HC127+HC163 -> 2693.9417 | HD19: 0.022 | HE19: =IFERROR(+HC19*HD19,"") -> 59.266717 | HH19: =HH55+HH91+HH127+HH163 -> 0 | HI19: =IFERROR(+(IF(HC19="","0",HC19))+(IF(HE19="","0",HE19))+(IF(HH19="","0",HH19)),"") -> 2753.2084 | HJ19: 0.21087817 | HK19: =IFERROR(+HJ19*(HI19-HH19),"") -> 580.59155 | HL19: =IFERROR(+(IF(HI19="","0",HI19))-(IF(HK19="","0",HK19)),"") -> 2172.6169 | HN19: =HN18+1 -> 7 | HO19: Kacang Hijau | HP19: Biji Kering | HQ19: Ton | HR19: =HR55+HR91+HR127+HR163 -> 481 | HS19: =HT19/HR19*1000000 -> 8947000 | HT19: =HT55+HT91+HT127+HT163 -> 4303.507 | HU19: 0.022 | HV19: =IFERROR(+HT19*HU19,"") -> 94.677154 | HY19: =HY55+HY91+HY127+HY163 -> 0 | HZ19: =IFERROR(+(IF(HT19="","0",HT19))+(IF(HV19="","0",HV19))+(IF(HY19="","0",HY19)),"") -> 4398.1842 | IA19: 0.21087817 | IB19: =IFERROR(+IA19*(HZ19-HY19),"") -> 927.48103 | IC19: =IFERROR(+(IF(HZ19="","0",HZ19))-(IF(IB19="","0",IB19)),"") -> 3470.7031 | IE19: =IE18+1 -> 7 | IF19: Kacang Hijau | IG19: Biji Kering | IH19: Ton | II19: =II55+II91+II127+II163 -> 312.8 | IJ19: =IK19/II19*1000000 -> 8947000 | IK19: =IK55+IK91+IK127+IK163 -> 2798.6216 | IL19: 0.022 | IM19: =IFERROR(+IK19*IL19,"") -> 61.569675 | IP19: =IP55+IP91+IP127+IP163 -> 0 | IQ19: =IFERROR(+(IF(IK19="","0",IK19))+(IF(IM19="","0",IM19))+(IF(IP19="","0",IP19)),"") -> 2860.1913 | IR19: 0.21087817 | IS19: =IFERROR(+IR19*(IQ19-IP19),"") -> 603.1519 | IT19: =IFERROR(+(IF(IQ19="","0",IQ19))-(IF(IS19="","0",IS19)),"") -> 2257.0394 | IV19: =IV18+1 -> 7 | IW19: Kacang Hijau | IX19: Biji Kering | IY19: Ton | IZ19: =IZ55+IZ91+IZ127+IZ163 -> 143.45 | JA19: =JB19/IZ19*1000000 -> 8947000 | JB19: =JB55+JB91+JB127+JB163 -> 1283.4471 | JC19: 0.022 | JD19: =IFERROR(+JB19*JC19,"") -> 28.235837 | JG19: =JG55+JG91+JG127+JG163 -> 0 | JH19: =IFERROR(+(IF(JB19="","0",JB19))+(IF(JD19="","0",JD19))+(IF(JG19="","0",JG19)),"") -> 1311.683 | JI19: 0.21087817 | JJ19: =IFERROR(+JI19*(JH19-JG19),"") -> 276.60531 | JK19: =IFERROR(+(IF(JH19="","0",JH19))-(IF(JJ19="","0",JJ19)),"") -> 1035.0777 | JM19: =JM18+1 -> 7 | JN19: Kacang Hijau | JO19: Biji Kering | JP19: Ton | JQ19: =JQ55+JQ91+JQ127+JQ163 -> 43 | JR19: =JS19/JQ19*1000000 -> 8947000 | JS19: =JS55+JS91+JS127+JS163 -> 384.721 | JT19: 0.022 | JU19: =IFERROR(+JS19*JT19,"") -> 8.463862 | JX19: =JX55+JX91+JX127+JX163 -> 0 | JY19: =IFERROR(+(IF(JS19="","0",JS19))+(IF(JU19="","0",JU19))+(IF(JX19="","0",JX19)),"") -> 393.18486 | JZ19: 0.21087817 | KA19: =IFERROR(+JZ19*(JY19-JX19),"") -> 82.914104 | KB19: =IFERROR(+(IF(JY19="","0",JY19))-(IF(KA19="","0",KA19)),"") -> 310.27076 | KD19: =KD18+1 -> 7 | KE19: Kacang Hijau | KF19: Biji Kering | KG19: Ton | KH19: =KH55+KH91+KH127+KH163 -> 0 | KI19: =KJ19/KH19*1000000 -> #DIV/0! | KJ19: =KJ55+KJ91+KJ127+KJ163 -> 0 | KK19: 0.022 | KL19: =IFERROR(+KJ19*KK19,"") -> 0 | KO19: =KO55+KO91+KO127+KO163 -> 0 | KP19: =IFERROR(+(IF(KJ19="","0",KJ19))+(IF(KL19="","0",KL19))+(IF(KO19="","0",KO19)),"") -> 0 | KQ19: 0.21087817 | KR19: =IFERROR(+KQ19*(KP19-KO19),"") -> 0 | KS19: =IFERROR(+(IF(KP19="","0",KP19))-(IF(KR19="","0",KR19)),"") -> 0
