Workbook
Name BERLAKU: #REF!
Name BERLAKU: #REF!
Name H: #REF!

Sheet Home
A1: HOME
B2: SISTEM | H2: ALAT BANTU PENGHITUNGAN ANGKA PDRB MENURUT LAPANGAN USAHA
B3: INFORMASI
B4: RILIS
B5: ANGKA PDRB | K5: LAPANGAN USAHA | O5: : | P5: =mid(ADHB!C5,3,9)&" "&mid(ADHB!C7,3,100) -> Pertanian Tanaman Hortikultura Semusim
B6: MELALUI LEMBAR KERJA | K6: WILAYAH | O6: : | P6: Provinsi Sulawesi Tenggara
B7: BERBASIS | K7: TAHUN | O7: : | P7: =IFERROR(__xludf.DUMMYFUNCTION("IMPORTRANGE(""https://docs.google.com/spreadsheets/d/14EziMEzuXiAhzZqRuQw8kN9sLyynoE6QsPgaj062Fa0/edit#gid=214337323"",""'LK PDRB Lapus'!E3:E4"")"),2026.0) -> 2026
B8: ONLINE | K8: TRIWULAN | O8: : | P8: =IFERROR(__xludf.DUMMYFUNCTION("""COMPUTED_VALUE"""),"I") -> I
B11: INPUT DATA | K11: OUTPUT | T11: MONEV
B15: 1 | C15: Lembar Kerja Penghitungan PDRB Atas Dasar Harga Berlaku | K15: 1 | L15: Rekap Angka PDRB Lapangan Usaha | T15: 1 | U15: MONEV Pemasukan Data
B16: =B15+1 -> 2 | C16: Lembar Kerja Penghitungan PDRB Atas Dasar Harga Konstan | K16: =K15+1 -> 2 | T16: =T15+1 -> 2

Sheet Produksi dan Harga
A1: PRODUKSI HORTIKULTURA SEMUSIM | AS1: =SUM(AS4:AS27) -> 60337 | AW1: =SUM(AW4:AW27) -> 71317 | AX1: =SUM(AX4:AX27) -> 65645
A2: Sayur Buah Semusim | C2: satuan | D2: 2010 | I2: 2011 | N2: 2012 | S2: 2013 | X2: 2014 | AC2: 2015 | AH2: 2016 | AM2: 2017 | AR2: 2018 | AW2: 2019 | BB2: 2020 | BG2: 2021 | BL2: 2022 | BQ2: 2023 | BV2: 2024 | CA2: 2025 | CF2: 2026
D3: Triw.1 | E3: Triw.2 | F3: Triw.3 | G3: Triw.4 | H3: Jumlah | I3: Triw.1 | J3: Triw.2 | K3: Triw.3 | L3: Triw.4 | M3: Jumlah | N3: Triw.1 | O3: Triw.2 | P3: Triw.3 | Q3: Triw.4 | R3: Jumlah | S3: Triw.1 | T3: Triw.2 | U3: Triw.3 | V3: Triw.4 | W3: Jumlah | X3: Triw.1 | Y3: Triw.2 | Z3: Triw.3 | AA3: Triw.4 | AB3: Jumlah | AC3: Triw.1 | AD3: Triw.2 | AE3: Triw.3 | AF3: Triw.4 | AG3: Jumlah | AH3: Triw.1 | AI3: Triw.2 | AJ3: Triw.3 | AK3: Triw.4 | AL3: Jumlah | AM3: Triw.1 | AN3: Triw.2 | AO3: Triw.3 | AP3: Triw.4 | AQ3: Jumlah | AR3: Triw.1 | AS3: Triw.2 | AT3: Triw.3 | AU3: Triw.4 | AV3: Jumlah | AW3: Triw.1 | AX3: Triw.2 | AY3: Triw.3 | AZ3: Triw.4 | BA3: Jumlah | BB3: Triw.1 | BC3: Triw.2 | BD3: Triw.3 | BE3: Triw.4 | BF3: Jumlah | BG3: Triw.1 | BH3: Triw.2 | BI3: Triw.3 | BJ3: Triw.4 | BK3: Jumlah | BL3: Triw. 1 | BM3: Triw.2 | BN3: Triw.3 | BO3: Triw.4 | BP3: Jumlah | BQ3: Triw. 1 | BR3: Triw.2 | BS3: Triw.3 | BT3: Triw.4 | BU3: Jumlah | BV3: Triw. 1 | BW3: Triw.2 | BX3: Triw.3 | BY3: Triw.4 | BZ3: Jumlah | CA3: Triw. 1 | CB3: Triw.2 | CC3: Triw.3 | CD3: Triw.4 | CE3: Jumlah | CF3: Triw. 1 | CG3: Triw.2 | CH3: Triw.3 | CI3: Triw.4 | CJ3: Jumlah
A4: 1 | B4: Kentang | C4: kuintal | D4: 0 | E4: 0 | F4: 0 | G4: 0 | H4: 0 | I4: 0 | J4: 0 | K4: 0 | L4: 0 | M4: 0 | N4: 0 | O4: 0 | P4: 0 | Q4: 0 | R4: 0 | S4: 0 | T4: 0 | U4: 0 | V4: 0 | W4: 0 | X4: 0 | Y4: 0 | Z4: 0 | AA4: 0 | AB4: 0 | AC4: 250 | AD4: 0 | AE4: 0 | AF4: 0 | AG4: 250 | AH4: 57 | AI4: 0 | AJ4: 0 | AK4: 0 | AL4: 57 | AM4: 0 | AN4: 0 | AO4: 0 | AP4: 0 | AQ4: 0 | AR4: 0 | AS4: 0 | AT4: 0 | AU4: 0 | AV4: 0 | AW4: 20 | AX4: 0 | AY4: 0 | AZ4: 28 | BA4: =SUM(AW4:AZ4) -> 48 | BB4: 0 | BC4: 0 | BD4: 0 | BE4: 0 | BF4: =SUM(BB4:BE4) -> 0 | BG4: 0 | BH4: 0 | BI4: 0 | BJ4: 0 | BK4: =SUM(BG4:BJ4) -> 0 | BL4: 0 | BM4: 0 | BN4: 0 | BO4: 0 | BP4: =SUM(BL4:BO4) -> 0 | BQ4: 0 | BR4: 0 | BS4: 2 | BT4: 4 | BU4: =SUM(BQ4:BT4) -> 6 | BV4: 6 | BW4: 4 | BX4: 11 | BY4: 32 | BZ4: =SUM(BV4:BY4) -> 53 | CA4: 6 | CB4: 4 | CC4: 5 | CD4: 8 | CE4: =SUM(CA4:CD4) -> 23 | CF4: 0 | CJ4: =SUM(CF4:CI4) -> 0
A5: 2 | B5: Bawang Merah | C5: kuintal | D5: 4371 | E5: 1371 | F5: 622 | G5: 98 | H5: 6462 | I5: 296 | J5: 262 | K5: 516 | L5: 142 | M5: 1216 | N5: 611 | O5: 486 | P5: 745 | Q5: 157 | R5: 1999 | S5: 225 | T5: 53 | U5: 112 | V5: 67 | W5: 457 | X5: 1874 | Y5: 183 | Z5: 1447 | AA5: 65 | AB5: 3569 | AC5: 5506 | AD5: 420 | AE5: 659 | AF5: 1299 | AG5: 7884 | AH5: 5202 | AI5: 1357 | AJ5: 1770 | AK5: 590 | AL5: 8919 | AM5: 1242 | AN5: 1170 | AO5: 502 | AP5: 1064 | AQ5: 3978 | AR5: 2042 | AS5: 645 | AT5: 647 | AU5: 1523 | AV5: 4857 | AW5: 2305 | AX5: 415 | AY5: 318 | AZ5: 862 | BA5: =SUM(AW5:AZ5) -> 3900 | BB5: 1710 | BC5: 372 | BD5: 1534 | BE5: 2248 | BF5: =SUM(BB5:BE5) -> 5864 | BG5: 3138.4 | BH5: 1245 | BI5: 1676.8 | BJ5: 665.4 | BK5: =SUM(BG5:BJ5) -> 6725.6 | BL5: 1452 | BM5: 1497.5 | BN5: 858.58 | BO5: 685.1 | BP5: =SUM(BL5:BO5) -> 4493.18 | BQ5: 2293.13 | BR5: 626.04 | BS5: 1118 | BT5: 870.25 | BU5: =SUM(BQ5:BT5) -> 4907.42 | BV5: 4365.36 | BW5: 1235.1 | BX5: 737.52 | BY5: 1483.5 | BZ5: =SUM(BV5:BY5) -> 7821.48 | CA5: 1808.83 | CB5: 577.12 | CC5: 719 | CD5: 865.4 | CE5: =SUM(CA5:CD5) -> 3970.35 | CF5: 773.48 | CJ5: =SUM(CF5:CI5) -> 773.48
A6: 3 | B6: Bawang Putih | C6: kuintal | D6: 0 | E6: 0 | F6: 0 | G6: 0 | H6: 0 | I6: 0 | J6: 0 | K6: 0 | L6: 0 | M6: 0 | N6: 0 | O6: 0 | P6: 0 | Q6: 0 | R6: 0 | S6: 0 | T6: 0 | U6: 0 | V6: 0 | W6: 0 | X6: 0 | Y6: 0 | Z6: 0 | AA6: 0 | AB6: 0 | AC6: 0 | AD6: 0 | AE6: 0 | AF6: 0 | AG6: 0 | AH6: 0 | AI6: 0 | AJ6: 0 | AK6: 0 | AL6: 0 | AM6: 0 | AN6: 0 | AO6: 0 | AP6: 10 | AQ6: 10 | AR6: 0 | AS6: 0 | AT6: 2 | AU6: 0 | AV6: 2 | AW6: 0 | AX6: 0 | AY6: 0 | AZ6: 0 | BA6: =SUM(AW6:AZ6) -> 0 | BB6: 0 | BC6: 0 | BD6: 0 | BE6: 0 | BF6: =SUM(BB6:BE6) -> 0 | BG6: - | BH6: - | BI6: - | BJ6: - | BK6: =SUM(BG6:BJ6) -> 0 | BL6: 0 | BM6: 0 | BN6: 0 | BO6: 0 | BP6: =SUM(BL6:BO6) -> 0 | BQ6: 0 | BR6: 0 | BS6: 0 | BT6: 0 | BU6: =SUM(BQ6:BT6) -> 0 | BV6: 0 | BW6: 0 | BX6: 0 | BY6: 0 | BZ6: =SUM(BV6:BY6) -> 0 | CA6: - | CB6: - | CC6: - | CD6: - | CE6: =SUM(CA6:CD6) -> 0 | CF6: 0 | CJ6: =SUM(CF6:CI6) -> 0
A7: 4 | B7: Bawang Daun | C7: kuintal | D7: 4037 | E7: 1886 | F7: 1922 | G7: 2494 | H7: 10339 | I7: 2210 | J7: 1479 | K7: 1839 | L7: 2034 | M7: 7562 | N7: 2553 | O7: 2289 | P7: 2449 | Q7: 1691 | R7: 8982 | S7: 1560 | T7: 1998 | U7: 1225 | V7: 1317 | W7: 6100 | X7: 1609 | Y7: 1361 | Z7: 1005 | AA7: 707 | AB7: 4682 | AC7: 692 | AD7: 863 | AE7: 930 | AF7: 282 | AG7: 2767 | AH7: 583 | AI7: 844 | AJ7: 1120 | AK7: 657 | AL7: 3204 | AM7: 814 | AN7: 802 | AO7: 976 | AP7: 792 | AQ7: 3384 | AR7: 1652 | AS7: 1187 | AT7: 826 | AU7: 759 | AV7: 4424 | AW7: 790 | AX7: 1035 | AY7: 658 | AZ7: 853 | BA7: =SUM(AW7:AZ7) -> 3336 | BB7: 859 | BC7: 1219 | BD7: 908 | BE7: 829.4 | BF7: =SUM(BB7:BE7) -> 3815.4 | BG7: 1227.2 | BH7: 1467.2 | BI7: 1199.3 | BJ7: 1190.5 | BK7: =SUM(BG7:BJ7) -> 5084.2 | BL7: 1130.75 | BM7: 1002.87 | BN7: 1052.63 | BO7: 876.05 | BP7: =SUM(BL7:BO7) -> 4062.3 | BQ7: 1900.9 | BR7: 1359.37 | BS7: 1269.8 | BT7: 1172.43 | BU7: =SUM(BQ7:BT7) -> 5702.5 | BV7: 1167.98 | BW7: 1167.98 | BX7: 778.53 | BY7: 1167.92 | BZ7: =SUM(BV7:BY7) -> 4282.41 | CA7: 1135.75 | CB7: 1470.05 | CC7: 1496.26 | CD7: 1612.3 | CE7: =SUM(CA7:CD7) -> 5714.36 | CF7: 1243.72 | CJ7: =SUM(CF7:CI7) -> 1243.72
A8: 5 | B8: Kubis/Kol | C8: kuintal | D8: 6100 | E8: 1650 | F8: 1603 | G8: 3219 | H8: 12572 | I8: 1892 | J8: 1304 | K8: 839 | L8: 1276 | M8: 5311 | N8: 1267 | O8: 2744 | P8: 1950 | Q8: 1082 | R8: 7043 | S8: 1021 | T8: 958 | U8: 824 | V8: 941 | W8: 3744 | X8: 874 | Y8: 1124 | Z8: 797 | AA8: 605 | AB8: 3400 | AC8: 1319 | AD8: 906 | AE8: 976 | AF8: 274 | AG8: 3475 | AH8: 665 | AI8: 482 | AJ8: 520 | AK8: 676 | AL8: 2343 | AM8: 482 | AN8: 202 | AO8: 206 | AP8: 767 | AQ8: 1657 | AR8: 226 | AS8: 630 | AT8: 294 | AU8: 363 | AV8: 1513 | AW8: 158 | AX8: 71 | AY8: 133 | AZ8: 343 | BA8: =SUM(AW8:AZ8) -> 705 | BB8: 72 | BC8: 83 | BD8: 491 | BE8: 579 | BF8: =SUM(BB8:BE8) -> 1225 | BG8: 253 | BH8: 199.1 | BI8: 370 | BJ8: 390 | BK8: =SUM(BG8:BJ8) -> 1212.1 | BL8: 535.16 | BM8: 1199.1 | BN8: 1075.9 | BO8: 837.6 | BP8: =SUM(BL8:BO8) -> 3647.76 | BQ8: 426.5 | BR8: 874 | BS8: 451 | BT8: 801 | BU8: =SUM(BQ8:BT8) -> 2552.5 | BV8: 469.18 | BW8: 848.9 | BX8: 1321.4 | BY8: 991.5 | BZ8: =SUM(BV8:BY8) -> 3630.98 | CA8: 811.45 | CB8: 768 | CC8: 1638 | CD8: 1211 | CE8: =SUM(CA8:CD8) -> 4428.45 | CF8: 354.7 | CJ8: =SUM(CF8:CI8) -> 354.7
A9: 6 | B9: Petsai/Sawi | C9: kuintal | D9: 9687 | E9: 5037 | F9: 5742 | G9: 6341 | H9: 26807 | I9: 6472 | J9: 5079 | K9: 7050 | L9: 7500 | M9: 26101 | N9: 8118 | O9: 5846 | P9: 6835 | Q9: 5582 | R9: 26381 | S9: 4744 | T9: 5119 | U9: 5151 | V9: 7139 | W9: 22153 | X9: 4411 | Y9: 4007 | Z9: 3660 | AA9: 2717 | AB9: 14795 | AC9: 3208 | AD9: 3597 | AE9: 3444 | AF9: 2244 | AG9: 12493 | AH9: 2210 | AI9: 2678 | AJ9: 3680 | AK9: 3342 | AL9: 11910 | AM9: 2429 | AN9: 2818 | AO9: 2770 | AP9: 3183 | AQ9: 11200 | AR9: 3186 | AS9: 2832 | AT9: 2033 | AU9: 2424 | AV9: 10475 | AW9: 2978 | AX9: 2745 | AY9: 2688 | AZ9: 1783 | BA9: =SUM(AW9:AZ9) -> 10194 | BB9: 2012 | BC9: 2183 | BD9: 2180 | BE9: 2558.5 | BF9: =SUM(BB9:BE9) -> 8933.5 | BG9: 2999 | BH9: 2959.95 | BI9: 1815.1 | BJ9: 3094 | BK9: =SUM(BG9:BJ9) -> 10868.05 | BL9: 3596.65 | BM9: 3023.19 | BN9: 3777.18 | BO9: 4127.36 | BP9: =SUM(BL9:BO9) -> 14524.38 | BQ9: 3950.72 | BR9: 4353.78 | BS9: 4268.38 | BT9: 3469.46 | BU9: =SUM(BQ9:BT9) -> 16042.34 | BV9: 3864.25 | BW9: 2789.93 | BX9: 3360.35 | BY9: 3272.6 | BZ9: =SUM(BV9:BY9) -> 13287.13 | CA9: 3532.94 | CB9: 5667.15 | CC9: 5818.18 | CD9: 4706.51 | CE9: =SUM(CA9:CD9) -> 19724.78 | CF9: 4289.42 | CJ9: =SUM(CF9:CI9) -> 4289.42
A10: 7 | B10: Wortel | C10: kg | D10: 5 | E10: 3 | F10: 317 | G10: 37 | H10: 362 | I10: 22 | J10: 57 | K10: 139 | L10: 133 | M10: 351 | N10: 14 | O10: 28 | P10: 0 | Q10: 0 | R10: 42 | S10: 0 | T10: 0 | U10: 0 | V10: 0 | W10: 0 | X10: 9 | Y10: 0 | Z10: 0 | AA10: 0 | AB10: 9 | AC10: 0 | AD10: 3 | AE10: 0 | AF10: 8 | AG10: 11 | AH10: 0 | AI10: 0 | AJ10: 0 | AK10: 0 | AL10: 0 | AM10: 0 | AN10: 0 | AO10: 0 | AP10: 2 | AQ10: 2 | AR10: 0 | AS10: 4 | AT10: 0 | AU10: 0 | AV10: 4 | AW10: 0 | AX10: 0 | AY10: 20 | AZ10: 0 | BA10: =SUM(AW10:AZ10) -> 20 | BB10: 0 | BC10: 0 | BD10: 0 | BE10: 0 | BF10: =SUM(BB10:BE10) -> 0 | BG10: - | BH10: - | BI10: 15 | BJ10: - | BK10: =SUM(BG10:BJ10) -> 15 | BL10: 0 | BM10: 0 | BN10: 0 | BO10: 0 | BP10: =SUM(BL10:BO10) -> 0 | BQ10: 0 | BR10: 0 | BS10: 0 | BT10: 0 | BU10: =SUM(BQ10:BT10) -> 0 | BV10: 0 | BW10: 0 | BX10: 0 | BY10: 0 | BZ10: =SUM(BV10:BY10) -> 0 | CA10: - | CB10: - | CC10: - | CD10: - | CE10: =SUM(CA10:CD10) -> 0 | CF10: 27 | CJ10: =SUM(CF10:CI10) -> 27
A11: 8 | B11: Kacang Panjang | C11: kuintal | D11: 43746 | E11: 34132 | F11: 18905 | G11: 22575 | H11: 119358 | I11: 22405 | J11: 18695 | K11: 20024 | L11: 19671 | M11: 80795 | N11: 32504 | O11: 23736 | P11: 26251 | Q11: 17282 | R11: 99773 | S11: 22311 | T11: 29529 | U11: 24266 | V11: 22365 | W11: 98471 | X11: 30758 | Y11: 29275 | Z11: 24446 | AA11: 15448 | AB11: 99927 | AC11: 10480 | AD11: 9839 | AE11: 7796 | AF11: 4438 | AG11: 32553 | AH11: 7704 | AI11: 18607 | AJ11: 20632 | AK11: 17405 | AL11: 64348 | AM11: 10479 | AN11: 10156 | AO11: 7462 | AP11: 7012 | AQ11: 35109 | AR11: 11008 | AS11: 9630 | AT11: 7534 | AU11: 8398 | AV11: 36570 | AW11: 10588 | AX11: 11200 | AY11: 15619 | AZ11: 9305 | BA11: =SUM(AW11:AZ11) -> 46712 | BB11: 6556 | BC11: 7869 | BD11: 12840 | BE11: 12269 | BF11: =SUM(BB11:BE11) -> 39534 | BG11: 14329.8 | BH11: 10537.7 | BI11: 8688.2 | BJ11: 9572.39 | BK11: =SUM(BG11:BJ11) -> 43128.09 | BL11: 9520.88 | BM11: 8324.7 | BN11: 10032.29 | BO11: 10333.06 | BP11: =SUM(BL11:BO11) -> 38210.93 | BQ11: 10610.82 | BR11: 10253.51 | BS11: 9685.49 | BT11: 6122.42 | BU11: =SUM(BQ11:BT11) -> 36672.24 | BV11: 9229.86 | BW11: 8115.11 | BX11: 8371.98 | BY11: 8827.35 | BZ11: =SUM(BV11:BY11) -> 34544.3 | CA11: 7849.58 | CB11: 10735.05 | CC11: 12440.5 | CD11: 8768.63 | CE11: =SUM(CA11:CD11) -> 39793.76 | CF11: 11959.13 | CJ11: =SUM(CF11:CI11) -> 11959.13
A12: 9 | B12: Tomat | C12: kuintal | D12: 36536 | E12: 26315 | F12: 16061 | G12: 17829 | H12: 96741 | I12: 16313 | J12: 14148 | K12: 16756 | L12: 15066 | M12: 62283 | N12: 34455 | O12: 18091 | P12: 22804 | Q12: 16881 | R12: 92231 | S12: 16094 | T12: 22060 | U12: 17466 | V12: 16278 | W12: 71898 | X12: 23044 | Y12: 28386 | Z12: 20021 | AA12: 14561 | AB12: 86012 | AC12: 9088 | AD12: 8062 | AE12: 4085.27 | AF12: 4817 | AG12: 26052.27 | AH12: 8530 | AI12: 20503 | AJ12: 21217 | AK12: 17707 | AL12: 67957 | AM12: 10882 | AN12: 7636 | AO12: 7123 | AP12: 7099 | AQ12: 32740 | AR12: 12535 | AS12: 8959 | AT12: 7216 | AU12: 9201 | AV12: 37911 | AW12: 13610 | AX12: 9629 | AY12: 23053 | AZ12: 9930 | BA12: =SUM(AW12:AZ12) -> 56222 | BB12: 9569.8 | BC12: 8996.4 | BD12: 15067.5 | BE12: 14567.8 | BF12: =SUM(BB12:BE12) -> 48201.5 | BG12: 15975.3 | BH12: 12365.75 | BI12: 10364.8 | BJ12: 9334.16 | BK12: =SUM(BG12:BJ12) -> 48040.01 | BL12: 10013.2 | BM12: 11009.03 | BN12: 10510.3 | BO12: 9617.55 | BP12: =SUM(BL12:BO12) -> 41150.08 | BQ12: 10496.91 | BR12: 13357.24 | BS12: 10509.59 | BT12: 9186.26 | BU12: =SUM(BQ12:BT12) -> 43550 | BV12: 11788.25 | BW12: 9642.01 | BX12: 10942.76 | BY12: 10035.03 | BZ12: =SUM(BV12:BY12) -> 42408.05 | CA12: 10101.51 | CB12: 11489.18 | CC12: 11876.51 | CD12: 10220.49 | CE12: =SUM(CA12:CD12) -> 43687.69 | CF12: 13618.04 | CJ12: =SUM(CF12:CI12) -> 13618.04
A13: 10 | B13: Terong | C13: kuintal | D13: 38993 | E13: 34131 | F13: 20781 | G13: 21170 | H13: 115075 | I13: 19879 | J13: 17108 | K13: 18602 | L13: 20272 | M13: 75861 | N13: 33034 | O13: 20549 | P13: 22940 | Q13: 16539 | R13: 93062 | S13: 18633 | T13: 27059 | U13: 23083 | V13: 18817 | W13: 87592 | X13: 27196 | Y13: 30140 | Z13: 24604 | AA13: 17187 | AB13: 99127 | AC13: 5073 | AD13: 7292 | AE13: 6814 | AF13: 2879 | AG13: 22058 | AH13: 6286 | AI13: 23745 | AJ13: 15117 | AK13: 12724 | AL13: 57872 | AM13: 10409 | AN13: 10767 | AO13: 8686 | AP13: 6597 | AQ13: 36459 | AR13: 11248 | AS13: 10482 | AT13: 7765 | AU13: 9205 | AV13: 38700 | AW13: 10954 | AX13: 12049 | AY13: 16825 | AZ13: 15659 | BA13: =SUM(AW13:AZ13) -> 55487 | BB13: 6941 | BC13: 10084 | BD13: 16556.5 | BE13: 17290.45 | BF13: =SUM(BB13:BE13) -> 50871.95 | BG13: 16909.05 | BH13: 14986.3 | BI13: 14150.9 | BJ13: 12207.7 | BK13: =SUM(BG13:BJ13) -> 58253.95 | BL13: 13903.8 | BM13: 11573.87 | BN13: 12520.85 | BO13: 14207.05 | BP13: =SUM(BL13:BO13) -> 52205.57 | BQ13: 11159.55 | BR13: 14659.94 | BS13: 10896.76 | BT13: 9775.82 | BU13: =SUM(BQ13:BT13) -> 46492.07 | BV13: 12896.54 | BW13: 10650.38 | BX13: 11615.12 | BY13: 12006.32 | BZ13: =SUM(BV13:BY13) -> 47168.36 | CA13: 10729.87 | CB13: 17988.02 | CC13: 13993.22 | CD13: 12039.82 | CE13: =SUM(CA13:CD13) -> 54750.93 | CF13: 15633.26 | CJ13: =SUM(CF13:CI13) -> 15633.26
A14: 11 | B14: Buncis | C14: kuintal | D14: 4629 | E14: 2564 | F14: 1609 | G14: 2160 | H14: 10962 | I14: 1492 | J14: 1383 | K14: 1444 | L14: 2049 | M14: 6368 | N14: 1988 | O14: 1919 | P14: 1750 | Q14: 1585 | R14: 7242 | S14: 1943 | T14: 2920 | U14: 3547 | V14: 3075 | W14: 11485 | X14: 3465 | Y14: 1956 | Z14: 1302 | AA14: 1150 | AB14: 7873 | AC14: 845 | AD14: 867 | AE14: 445 | AF14: 276 | AG14: 2433 | AH14: 358 | AI14: 1771 | AJ14: 3530 | AK14: 4415 | AL14: 10074 | AM14: 1386 | AN14: 853 | AO14: 615 | AP14: 766 | AQ14: 3620 | AR14: 1443 | AS14: 603 | AT14: 727 | AU14: 845 | AV14: 3618 | AW14: 1198 | AX14: 829 | AY14: 948 | AZ14: 1034 | BA14: =SUM(AW14:AZ14) -> 4009 | BB14: 507 | BC14: 565 | BD14: 480 | BE14: 537 | BF14: =SUM(BB14:BE14) -> 2089 | BG14: 447.25 | BH14: 311.4 | BI14: 658.4 | BJ14: 609.2 | BK14: =SUM(BG14:BJ14) -> 2026.25 | BL14: 675.24 | BM14: 544.5 | BN14: 281.02 | BO14: 858.65 | BP14: =SUM(BL14:BO14) -> 2359.41 | BQ14: 2095.3 | BR14: 1739.95 | BS14: 1730.1 | BT14: 642.7 | BU14: =SUM(BQ14:BT14) -> 6208.05 | BV14: 1050.83 | BW14: 1042.93 | BX14: 980.44 | BY14: 533.25 | BZ14: =SUM(BV14:BY14) -> 3607.45 | CA14: 584.73 | CB14: 709.84 | CC14: 886.35 | CD14: 767.55 | CE14: =SUM(CA14:CD14) -> 2948.47 | CF14: 1391.09 | CJ14: =SUM(CF14:CI14) -> 1391.09
A15: 12 | B15: Ketimun | C15: kuintal | D15: 15254 | E15: 7033 | F15: 5454 | G15: 7194 | H15: 34935 | I15: 7290 | J15: 6091 | K15: 6375 | L15: 7811 | M15: 27567 | N15: 12095 | O15: 6895 | P15: 7047 | Q15: 6546 | R15: 32583 | S15: 7416 | T15: 7968 | U15: 8708 | V15: 8879 | W15: 32971 | X15: 12660 | Y15: 9463 | Z15: 6893 | AA15: 4902 | AB15: 33918 | AC15: 3880 | AD15: 3904 | AE15: 3049 | AF15: 1671 | AG15: 12504 | AH15: 3638 | AI15: 10242 | AJ15: 11805 | AK15: 7634 | AL15: 33319 | AM15: 4797 | AN15: 3974 | AO15: 2621 | AP15: 3030 | AQ15: 14422 | AR15: 7853 | AS15: 3914 | AT15: 3516 | AU15: 3461 | AV15: 18744 | AW15: 5750 | AX15: 4384 | AY15: 4568 | AZ15: 3784 | BA15: =SUM(AW15:AZ15) -> 18486 | BB15: 3882 | BC15: 1725 | BD15: 4404 | BE15: 7029 | BF15: =SUM(BB15:BE15) -> 17040 | BG15: 8081.26 | BH15: 5411 | BI15: 4424.4 | BJ15: 3910.7 | BK15: =SUM(BG15:BJ15) -> 21827.36 | BL15: 11157.15 | BM15: 4111.45 | BN15: 5009.45 | BO15: 4064.6 | BP15: =SUM(BL15:BO15) -> 24342.65 | BQ15: 6026.85 | BR15: 7718.65 | BS15: 5727.94 | BT15: 4254.99 | BU15: =SUM(BQ15:BT15) -> 23728.43 | BV15: 7559.61 | BW15: 6313.29 | BX15: 5411.37 | BY15: 5895.35 | BZ15: =SUM(BV15:BY15) -> 25179.62 | CA15: 6244.48 | CB15: 7435.14 | CC15: 7575.2 | CD15: 5224.41 | CE15: =SUM(CA15:CD15) -> 26479.23 | CF15: 7148.84 | CJ15: =SUM(CF15:CI15) -> 7148.84
A16: 13 | B16: Kangkung | C16: kuintal | D16: 34861 | E16: 20411 | F16: 14777 | G16: 17182 | H16: 87231 | I16: 12928 | J16: 9808 | K16: 11235 | L16: 10595 | M16: 44566 | N16: 18166 | O16: 11544 | P16: 15042 | Q16: 11320 | R16: 56072 | S16: 13366 | T16: 26019 | U16: 19728 | V16: 19089 | W16: 78202 | X16: 21864 | Y16: 20763 | Z16: 18807 | AA16: 11321 | AB16: 72755 | AC16: 10059 | AD16: 11386 | AE16: 7389 | AF16: 4726 | AG16: 33560 | AH16: 7116 | AI16: 12982 | AJ16: 26854 | AK16: 16824 | AL16: 63776 | AM16: 6484 | AN16: 5422 | AO16: 6022 | AP16: 6606 | AQ16: 24534 | AR16: 10790 | AS16: 9967 | AT16: 6360 | AU16: 5268 | AV16: 32385 | AW16: 8555 | AX16: 7406 | AY16: 12466 | AZ16: 7505 | BA16: =SUM(AW16:AZ16) -> 35932 | BB16: 7689 | BC16: 6429 | BD16: 11112.5 | BE16: 8154 | BF16: =SUM(BB16:BE16) -> 33384.5 | BG16: 10817.5 | BH16: 10093 | BI16: 9049.3 | BJ16: 9550.6 | BK16: =SUM(BG16:BJ16) -> 39510.4 | BL16: 10777.2 | BM16: 9614.12 | BN16: 11843.36 | BO16: 10914.09 | BP16: =SUM(BL16:BO16) -> 43148.77 | BQ16: 10725.03 | BR16: 10470.16 | BS16: 9913.81 | BT16: 8689.23 | BU16: =SUM(BQ16:BT16) -> 39798.23 | BV16: 10516.39 | BW16: 10011.32 | BX16: 9896.13 | BY16: 11390.72 | BZ16: =SUM(BV16:BY16) -> 41814.56 | CA16: 10904.61 | CB16: 12858.49 | CC16: 12948.8 | CD16: 10212.11 | CE16: =SUM(CA16:CD16) -> 46924.01 | CF16: 12951.51 | CJ16: =SUM(CF16:CI16) -> 12951.51
A17: 14 | B17: Bayam | C17: kuintal | D17: 14563 | E17: 10441 | F17: 8500 | G17: 8622 | H17: 42126 | I17: 8890 | J17: 8486 | K17: 9261 | L17: 8799 | M17: 35436 | N17: 14668 | O17: 10792 | P17: 10416 | Q17: 7321 | R17: 43197 | S17: 12529 | T17: 16063 | U17: 15180 | V17: 15886 | W17: 59658 | X17: 17857 | Y17: 17155 | Z17: 14534 | AA17: 10226 | AC17: 8004 | AD17: 8854 | AE17: 5802 | AF17: 3035 | AH17: 5133 | AI17: 10433 | AJ17: 23183 | AK17: 13335 | AL17: 52084 | AM17: 6251 | AN17: 3421 | AO17: 3328 | AP17: 4606 | AQ17: 17606 | AR17: 5453 | AS17: 5809 | AT17: 4194 | AU17: 3651 | AV17: 19107 | AW17: 5992 | AX17: 4975 | AY17: 5951 | AZ17: 5299 | BA17: =SUM(AW17:AZ17) -> 22217 | BB17: 5465 | BC17: 3563 | BD17: 5825 | BE17: 6021 | BF17: =SUM(BB17:BE17) -> 20874 | BG17: 6352.2 | BH17: 6984.25 | BI17: 5516.12 | BJ17: 5532.15 | BK17: =SUM(BG17:BJ17) -> 24384.72 | BL17: 7085 | BM17: 5393.14 | BN17: 7754.59 | BO17: 6579.75 | BP17: =SUM(BL17:BO17) -> 26812.48 | BQ17: 6842.33 | BR17: 6896.75 | BS17: 6447.11 | BT17: 6130.18 | BU17: =SUM(BQ17:BT17) -> 26316.37 | BV17: 7196.78 | BW17: 6828.47 | BX17: 7302.02 | BY17: 5524.88 | BZ17: =SUM(BV17:BY17) -> 26852.15 | CA17: 7840.3 | CB17: 7171.16 | CC17: 7325.96 | CD17: 6856.05 | CE17: =SUM(CA17:CD17) -> 29193.47 | CF17: 4688.17 | CJ17: =SUM(CF17:CI17) -> 4688.17
A18: 15 | B18: Lobak | C18: kuintal | D18: 0 | E18: 0 | F18: 0 | G18: 0 | H18: 0 | I18: 0 | J18: 0 | K18: 0 | L18: 0 | M18: 0 | N18: 0 | O18: 0 | P18: 0 | Q18: 0 | R18: 0 | S18: 0 | T18: 0 | U18: 0 | V18: 0 | W18: 0 | X18: 0 | Y18: 0 | Z18: 0 | AA18: 0 | AB18: 0 | AC18: 0 | AD18: 0 | AE18: 0 | AF18: 0 | AG18: 0 | AH18: 0 | AI18: 1 | AJ18: 1 | AK18: 0 | AL18: 2 | AM18: 1 | AN18: 0 | AO18: 0 | AP18: 0 | AQ18: 1 | AR18: 0 | AS18: 0 | AT18: 0 | AU18: 0 | AV18: 0 | AW18: 0 | AX18: 0 | AY18: 0 | AZ18: 0 | BA18: =SUM(AW18:AZ18) -> 0 | BB18: 0 | BC18: 0 | BD18: 0 | BE18: 0 | BF18: =SUM(BB18:BE18) -> 0 | BG18: 0 | BH18: 0 | BI18: 0 | BJ18: 0 | BK18: =SUM(BG18:BJ18) -> 0 | BL18: 0 | BM18: 0 | BN18: 0 | BO18: 0 | BP18: =SUM(BL18:BO18) -> 0 | BU18: =SUM(BQ18:BT18) -> 0 | BV18: 0 | BW18: 0 | BX18: 0 | BY18: 0 | BZ18: =SUM(BV18:BY18) -> 0 | CE18: =SUM(CA18:CD18) -> 0 | CF18: 0 | CJ18: =SUM(CF18:CI18) -> 0
A19: 16 | B19: Kacang Merah | C19: kuintal | D19: 1121 | E19: 784 | F19: 508 | G19: 388 | H19: 2801 | I19: 539 | J19: 582 | K19: 318 | L19: 290 | M19: 1729 | N19: 745 | O19: 549 | P19: 245 | Q19: 350 | R19: 1889 | S19: 468 | T19: 577 | U19: 319 | V19: 228 | W19: 1592 | X19: 218 | Y19: 222 | Z19: 297 | AA19: 122 | AB19: 859 | AC19: 178 | AD19: 86 | AE19: 83 | AF19: 13 | AG19: 360 | AH19: 190 | AI19: 221 | AJ19: 152 | AK19: 33 | AL19: 596 | AM19: 118 | AN19: 316 | AO19: 153 | AP19: 138 | AQ19: 725 | AR19: 261 | AS19: 125 | AT19: 59 | AU19: 50 | AV19: 495 | AW19: 177 | AX19: 218 | AY19: 49 | AZ19: 66 | BA19: =SUM(AW19:AZ19) -> 510 | BB19: 51 | BC19: 13 | BD19: 35 | BE19: 42 | BF19: =SUM(BB19:BE19) -> 141 | BG19: 0 | BH19: 0 | BI19: 0 | BJ19: 0 | BK19: =SUM(BG19:BJ19) -> 0 | BL19: 0 | BM19: 0 | BN19: 0 | BO19: 0 | BP19: =SUM(BL19:BO19) -> 0 | BU19: =SUM(BQ19:BT19) -> 0 | BV19: 0 | BW19: 0 | BX19: 0 | BY19: 0 | BZ19: =SUM(BV19:BY19) -> 0 | CE19: =SUM(CA19:CD19) -> 0 | CF19: 0 | CJ19: =SUM(CF19:CI19) -> 0
A20: 17 | B20: Labu Siam | C20: kuintal | D20: 12108 | E20: 4486 | F20: 1853 | G20: 5971 | H20: 24418 | I20: 2651 | J20: 2088 | K20: 3170 | L20: 3986 | M20: 11895 | N20: 11026 | O20: 4274 | P20: 6914 | Q20: 2929 | R20: 25143 | S20: 5328 | T20: 5935 | U20: 5065 | V20: 3435 | W20: 19763 | X20: 9659 | Y20: 5829 | Z20: 3456 | AA20: 1333 | AB20: 20277 | AC20: 3380 | AD20: 2941 | AE20: 1199 | AF20: 596 | AG20: 8116 | AH20: 1877 | AI20: 6442 | AJ20: 6235 | AK20: 3382 | AL20: 17936 | AM20: 3164 | AN20: 1260 | AO20: 1230 | AP20: 1464 | AQ20: 7118 | AR20: 2673 | AS20: 3257 | AT20: 1842 | AU20: 1238 | AV20: 9010 | AW20: 3524 | AX20: 2029 | AY20: 897 | AZ20: 626 | BA20: =SUM(AW20:AZ20) -> 7076 | BB20: 1241 | BC20: 2194 | BD20: 2748 | BE20: 1293 | BF20: =SUM(BB20:BE20) -> 7476 | BG20: 629 | BH20: 1332.7 | BI20: 2008 | BJ20: 1352.1 | BK20: =SUM(BG20:BJ20) -> 5321.8 | BL20: 1504.98 | BM20: 1535.27 | BN20: 1567.3 | BO20: 1399.4 | BP20: =SUM(BL20:BO20) -> 6006.95 | BQ20: 1839.4 | BR20: 1931.9 | BS20: 1448.16 | BT20: 1274.38 | BU20: =SUM(BQ20:BT20) -> 6493.84 | BV20: 2883.5 | BW20: 2317.39 | BX20: 2199.54 | BY20: 2244.28 | BZ20: =SUM(BV20:BY20) -> 9644.71 | CA20: 2077.2 | CB20: 984.8 | CC20: 862.2 | CD20: 817.2 | CE20: =SUM(CA20:CD20) -> 4741.4 | CF20: 4118.8 | CJ20: =SUM(CF20:CI20) -> 4118.8
A21: 18 | B21: Kembang Kol | C21: kuintal | D21: 539 | E21: 631 | F21: 538 | G21: 202 | H21: 1910 | I21: 105 | J21: 94 | K21: 10 | L21: 29 | M21: 238 | N21: 614 | O21: 313 | P21: 333 | Q21: 23 | R21: 1283 | S21: 0 | T21: 660 | U21: 23 | V21: 314 | W21: 997 | X21: 2 | Y21: 22 | Z21: 142 | AA21: 25 | AB21: 191 | AC21: 2 | AD21: 88 | AE21: 2 | AF21: 8 | AG21: 100 | AH21: 60 | AI21: 50 | AJ21: 280 | AK21: 10 | AL21: 400 | AM21: 2 | AN21: 64 | AO21: 37 | AP21: 61 | AQ21: 164 | AR21: 34 | AS21: 150 | AT21: 56 | AU21: 72 | AV21: 312 | AW21: 11 | AX21: 64 | AY21: 18 | AZ21: 185 | BA21: =SUM(AW21:AZ21) -> 278 | BB21: 24 | BC21: 5 | BD21: 60 | BE21: 34 | BF21: =SUM(BB21:BE21) -> 123 | BG21: 443 | BH21: 475 | BI21: 57 | BJ21: - | BK21: =SUM(BG21:BJ21) -> 975 | BL21: 2 | BM21: 113 | BN21: 1 | BO21: 39.4 | BP21: =SUM(BL21:BO21) -> 155.4 | BQ21: 57 | BR21: 16 | BS21: 50.5 | BT21: 22.5 | BU21: =SUM(BQ21:BT21) -> 146 | BV21: 14.75 | BW21: 17 | BX21: 47 | BY21: 84 | BZ21: =SUM(BV21:BY21) -> 162.75 | CA21: 2.6 | CB21: 20 | CC21: - | CD21: - | CE21: =SUM(CA21:CD21) -> 22.6 | CF21: 81 | CJ21: =SUM(CF21:CI21) -> 81
A22: 19 | B22: Jamur | C22: kuintal | D22: 0 | E22: 4 | F22: 0 | G22: 0 | H22: 4 | I22: 0 | J22: 0 | K22: 0 | L22: 0 | M22: 0 | N22: 0 | O22: 0 | P22: 0 | Q22: 0 | R22: 0 | S22: 0 | T22: 0 | U22: 0 | V22: 0 | W22: 0 | X22: 0 | Y22: 0 | Z22: 0 | AA22: 0 | AB22: 0 | AC22: 8 | AD22: 232 | AE22: 290 | AF22: 850 | AG22: 1380 | AH22: 530 | AI22: 1000 | AJ22: 750 | AK22: 670 | AL22: 2950 | AM22: 220 | AN22: 315 | AO22: 386 | AP22: 200 | AQ22: 1121 | AR22: 57 | AS22: 75 | AT22: 49 | AU22: 114 | AV22: 295 | AW22: 113 | AX22: 405 | AY22: 90 | AZ22: 128 | BA22: =SUM(AW22:AZ22) -> 736 | BB22: 91 | BC22: 30 | BD22: 0 | BE22: 0 | BF22: =SUM(BB22:BE22) -> 121 | BG22: 0.15 | BH22: 7.22 | BI22: 6.7 | BJ22: 1.95 | BK22: =SUM(BG22:BJ22) -> 16.02 | BL22: 11.7 | BM22: 49.3 | BN22: 59.7 | BO22: 16 | BP22: =SUM(BL22:BO22) -> 136.7 | BQ22: 22 | BR22: 25.55 | BS22: 43.87 | BT22: 47.75 | BU22: =SUM(BQ22:BT22) -> 139.17 | BV22: 33.31 | BW22: 40.66 | BX22: 27.45 | BY22: 28.92 | BZ22: =SUM(BV22:BY22) -> 130.34 | CA22: 244.6 | CB22: 191.2 | CC22: 139.05 | CD22: 118.25 | CE22: =SUM(CA22:CD22) -> 693.1 | CF22: 27.8 | CJ22: =SUM(CF22:CI22) -> 27.8
A23: Buah Semusim | C23: satuan | D23: 2010 | I23: 2011 | N23: 2012 | S23: 2013 | X23: 2014 | AC23: 2015 | AH23: 2016 | AM23: 2017 | AR23: 2018 | AW23: 2019 | BB23: 2020 | BG23: 2021 | BL23: 2022 | BQ23: 2023 | BV23: 2024 | CA23: 2025 | CF23: 2026
D24: Triw.1 | E24: Triw.2 | F24: Triw.3 | G24: Triw.4 | H24: Jumlah | I24: Triw.1 | J24: Triw.2 | K24: Triw.3 | L24: Triw.4 | M24: Jumlah | N24: Triw.1 | O24: Triw.2 | P24: Triw.3 | Q24: Triw.4 | R24: Jumlah | S24: Triw.1 | T24: Triw.2 | U24: Triw.3 | V24: Triw.4 | W24: Jumlah | X24: Triw.1 | Y24: Triw.2 | Z24: Triw.3 | AA24: Triw.4 | AB24: Jumlah | AC24: Triw.1 | AD24: Triw.2 | AE24: Triw.3 | AF24: Triw.4 | AG24: Jumlah | AH24: Triw.1 | AI24: Triw.2 | AJ24: Triw.3 | AK24: Triw.4 | AL24: Jumlah | AM24: Triw.1 | AN24: Triw.2 | AO24: Triw.3 | AP24: Triw.4 | AQ24: Jumlah | AW24: I | AX24: II | AY24: III | AZ24: IV | BA24: Jumlah | BB24: I | BC24: II | BD24: III | BE24: IV | BF24: Jumlah | BG24: I | BH24: II | BI24: III | BJ24: IV | BK24: Jumlah | BL24: I | BM24: II | BN24: III | BO24: IV | BP24: Jumlah | BQ24: Triw. 1 | BR24: Triw.2 | BS24: Triw.3 | BT24: Triw.4 | BU24: Jumlah | BV24: Triw. 1 | BW24: Triw.2 | BX24: Triw.3 | BY24: Triw.4 | BZ24: Jumlah | CA24: Triw. 1 | CB24: Triw.2 | CC24: Triw.3 | CD24: Triw.4 | CE24: Jumlah | CF24: Triw. 1 | CG24: Triw.2 | CH24: Triw.3 | CI24: Triw.4 | CJ24: Jumlah
A25: 20 | B25: Semangka | C25: kuintal | D25: 4073 | E25: 2658 | F25: 1576 | G25: 3766 | H25: 12073 | I25: 2354 | J25: 2380 | K25: 3287 | L25: 8698 | M25: 16719 | N25: 13833 | O25: 1434 | P25: 4155 | Q25: 3067 | R25: 22489 | S25: 5529 | T25: 3809 | U25: 4722 | V25: 4804 | W25: 18864 | X25: 3888 | Y25: 2640 | Z25: 2981 | AA25: 3123 | AC25: 2457 | AD25: 940 | AE25: 1885 | AF25: 1319 | AH25: 830 | AI25: 2324 | AJ25: 4108 | AK25: 6577 | AL25: 13839 | AM25: 2239 | AN25: 1864 | AO25: 971 | AP25: 2962 | AQ25: 8036 | AR25: 2877 | AS25: 1791 | AT25: 1276 | AU25: 3422 | AV25: 9366 | AW25: 2211 | AX25: 7414 | AY25: 6396 | AZ25: 3873 | BA25: =SUM(AW25:AZ25) -> 19894 | BB25: 2799 | BC25: 3821 | BD25: 3845 | BE25: 6518 | BF25: =SUM(BB25:BE25) -> 16983 | BG25: 3117 | BH25: 2755 | BI25: 3027 | BJ25: 3000.55 | BK25: =SUM(BG25:BJ25) -> 11899.55 | BL25: 1910.7 | BM25: 2996.08 | BN25: 3379.2 | BO25: 4244.8 | BP25: =SUM(BL25:BO25) -> 12530.78 | BQ25: 5083.5 | BR25: 6582.1 | BS25: 6262.3 | BT25: 5535.8 | BU25: =SUM(BQ25:BT25) -> 23463.7 | BV25: 6925.38 | BW25: 4661.55 | BX25: 4905.4 | BY25: 6346.63 | BZ25: =SUM(BV25:BY25) -> 22838.96 | CA25: 6076.46 | CB25: 6121.1 | CC25: 5360.7 | CD25: 7869.6 | CE25: =SUM(CA25:CD25) -> 25427.86 | CF25: 6728.7 | CJ25: =SUM(CF25:CI25) -> 6728.7
A26: 21 | B26: Melon | C26: kuintal | D26: 0 | E26: 81 | F26: 2 | G26: 0 | H26: 83 | I26: 0 | J26: 30 | K26: 30 | L26: 0 | M26: 60 | N26: 0 | O26: 0 | P26: 25 | Q26: 9 | R26: 34 | S26: 0 | T26: 0 | U26: 7 | V26: 0 | W26: 7 | X26: 24 | Y26: 0 | Z26: 75 | AA26: 345 | AC26: 131 | AD26: 40 | AE26: 64 | AF26: 60 | AH26: 50 | AI26: 360 | AJ26: 591 | AK26: 966 | AL26: 1967 | AM26: 330 | AN26: 65 | AO26: 93 | AP26: 171 | AQ26: 659 | AR26: 1046 | AS26: 277 | AT26: 163 | AU26: 500 | AV26: 1986 | AW26: 364 | AX26: 767 | AY26: 732 | AZ26: 604 | BA26: =SUM(AW26:AZ26) -> 2467 | BB26: 234 | BC26: 2263 | BD26: 154 | BE26: 160 | BF26: =SUM(BB26:BE26) -> 2811 | BG26: 157 | BH26: 495 | BI26: 1235 | BJ26: 1357.1 | BK26: =SUM(BG26:BJ26) -> 3244.1 | BL26: 423 | BM26: 385 | BN26: 479 | BO26: 758.2 | BP26: =SUM(BL26:BO26) -> 2045.2 | BQ26: 611.1 | BR26: 313 | BS26: 439 | BT26: 248.1 | BU26: =SUM(BQ26:BT26) -> 1611.2 | BV26: 354 | BW26: 294.1 | BX26: 166.6 | BY26: 1152.5 | BZ26: =SUM(BV26:BY26) -> 1967.2 | CA26: 1641 | CB26: 928 | CC26: 2049.7 | CD26: 792 | CE26: =SUM(CA26:CD26) -> 5410.7 | CF26: 1000.7 | CJ26: =SUM(CF26:CI26) -> 1000.7
A27: 22 | B27: Blewah | C27: kuintal | D27: 0 | E27: 0 | F27: 0 | G27: 0 | H27: 0 | I27: 0 | J27: 0 | K27: 0 | L27: 0 | M27: 0 | N27: 1 | O27: 5 | P27: 0 | Q27: 0 | R27: 6 | S27: 0 | T27: 0 | U27: 100 | V27: 120 | W27: 220 | X27: 0 | Y27: 0 | Z27: 0 | AA27: 0 | AC27: 0 | AD27: 0 | AE27: 3 | AF27: 0 | AH27: 0 | AI27: 0 | AJ27: 7 | AK27: 4 | AL27: 11 | AM27: 10 | AN27: 12 | AO27: 52 | AP27: 52 | AQ27: 126 | AR27: 0 | AS27: 0 | AT27: 0 | AU27: 0 | AV27: 0 | AW27: 0 | AX27: 10 | AY27: 0 | AZ27: 0 | BA27: =SUM(AW27:AZ27) -> 10 | BB27: 30 | BC27: 30 | BD27: 0 | BE27: 0 | BF27: =SUM(BB27:BE27) -> 60 | BG27: 0 | BH27: 0 | BI27: 0 | BJ27: 0 | BK27: =SUM(BG27:BJ27) -> 0 | BL27: 0 | BM27: 0 | BN27: 3 | BO27: 10 | BP27: =SUM(BL27:BO27) -> 13 | BQ27: 0 | BR27: 0 | BS27: 0 | BT27: 0 | BU27: =SUM(BQ27:BT27) -> 0 | BV27: 0 | BW27: 0 | BX27: 0 | BY27: 0 | BZ27: =SUM(BV27:BY27) -> 0 | CA27: 0 | CB27: 0 | CC27: 0 | CD27: 0 | CE27: =SUM(CA27:CD27) -> 0 | CF27: 0 | CJ27: =SUM(CF27:CI27) -> 0
A28: Tanaman Hias Semusim | C28: satuan | D28: 2010 | I28: 2011 | N28: 2012 | S28: 2013 | X28: 2014 | AC28: 2015 | AH28: 2016 | AM28: 2017 | AR28: 2018 | AW28: 2019 | BB28: 2020 | BG28: 2021 | BL28: 2022 | BQ28: 2023 | BV28: 2024 | CA28: 2025 | CF28: 2026
D29: Triw.1 | E29: Triw.2 | F29: Triw.3 | G29: Triw.4 | H29: Jumlah | I29: Triw.1 | J29: Triw.2 | K29: Triw.3 | L29: Triw.4 | M29: Jumlah | N29: Triw.1 | O29: Triw.2 | P29: Triw.3 | Q29: Triw.4 | R29: Jumlah | S29: Triw.1 | T29: Triw.2 | U29: Triw.3 | V29: Triw.4 | W29: Jumlah | X29: Triw.1 | Y29: Triw.2 | Z29: Triw.3 | AA29: Triw.4 | AB29: Jumlah | AC29: Triw.1 | AD29: Triw.2 | AE29: Triw.3 | AF29: Triw.4 | AG29: Jumlah | AH29: Triw.1 | AI29: Triw.2 | AJ29: Triw.3 | AK29: Triw.4 | AL29: Jumlah | AM29: Triw.1 | AN29: Triw.2 | AO29: Triw.3 | AP29: Triw.4 | AQ29: Jumlah | AW29: I | AX29: II | AY29: III | AZ29: IV | BA29: Jumlah | BB29: I | BC29: II | BD29: III | BE29: IV | BF29: Jumlah | BG29: I | BH29: II | BI29: III | BJ29: IV | BK29: Jumlah | BL29: I | BM29: II | BN29: III | BO29: IV | BP29: Jumlah | BQ29: Triw. 1 | BR29: Triw.2 | BS29: Triw.3 | BT29: Triw.4 | BU29: Jumlah | BV29: Triw. 1 | BW29: Triw.2 | BX29: Triw.3 | BY29: Triw.4 | BZ29: Jumlah | CA29: Triw. 1 | CB29: Triw.2 | CC29: Triw.3 | CD29: Triw.4 | CE29: Jumlah | CF29: Triw. 1 | CG29: Triw.2 | CH29: Triw.3 | CI29: Triw.4 | CJ29: Jumlah
A30: 1 | B30: Anggrek | C30: tangkai | D30: 12579 | E30: 7666 | F30: 4375 | G30: 4258 | H30: 28878 | I30: 9349 | J30: 14043 | K30: 5373 | L30: 2909 | M30: 31674 | N30: 4776 | O30: 5881 | P30: 5811 | Q30: 5946 | R30: 22414 | S30: 5832 | T30: 8869 | U30: 5233 | V30: 6745 | W30: 26679 | X30: 2158 | Y30: 3064 | Z30: 1424 | AA30: 1197 | AB30: 7843 | AC30: 1130 | AD30: 1194 | AE30: 1394 | AF30: 1133 | AG30: 4851 | AH30: 1516 | AI30: 1073 | AJ30: 920 | AK30: 1627 | AL30: 5136 | AM30: 1235 | AN30: 788 | AO30: 850 | AP30: 3781 | AQ30: 6654 | AR30: 5339 | AS30: 271 | AT30: 799 | AU30: 777 | AV30: 7186 | AW30: 5371 | AX30: 3324 | AY30: 3265 | AZ30: 3016 | BA30: =SUM(AW30:AZ30) -> 14976 | BB30: 2520 | BC30: 317 | BD30: 1426 | BE30: 500 | BF30: =SUM(BB30:BE30) -> 4763 | BG30: 1413 | BH30: 653 | BI30: 679 | BJ30: 2970 | BK30: =SUM(BG30:BJ30) -> 5715 | BL30: 594 | BM30: 1315 | BN30: 2692 | BO30: 2144 | BP30: =SUM(BL30:BO30) -> 6745 | BQ30: 1406 | BR30: 500 | BS30: 1836 | BT30: 1400 | BU30: =SUM(BQ30:BT30) -> 5142 | BV30: 811 | BW30: 681 | BX30: 483 | BY30: 343 | BZ30: =SUM(BV30:BY30) -> 2318 | CA30: 466 | CB30: 372 | CC30: 989 | CD30: 631 | CE30: =SUM(CA30:CD30) -> 2458 | CF30: 3528 | CJ30: =SUM(CF30:CI30) -> 3528
A31: 2 | B31: Anthurium Bunga | C31: tangkai | D31: 2681 | E31: 5357 | F31: 4246 | G31: 924 | H31: 13208 | I31: 1427 | J31: 1461 | K31: 1352 | L31: 1374 | M31: 5614 | N31: 1573 | O31: 3003 | P31: 1512 | Q31: 1497 | R31: 7585 | S31: 2682 | T31: 1898 | U31: 544 | V31: 1519 | W31: 6643 | X31: 564 | Y31: 617 | Z31: 592 | AA31: 745 | AB31: 2518 | AC31: 358 | AD31: 279 | AE31: 532 | AF31: 504 | AG31: 1673 | AH31: 604 | AI31: 395 | AJ31: 367 | AK31: 629 | AL31: 1995 | AM31: 257 | AN31: 130 | AO31: 705 | AP31: 351 | AQ31: 1443 | AR31: 555 | AS31: 203 | AT31: 143 | AU31: 146 | AV31: 1047 | AW31: 1483 | AX31: 1653 | AY31: 1642 | AZ31: 1493 | BA31: =SUM(AW31:AZ31) -> 6271 | BB31: 1497 | BC31: 1448 | BD31: 1625 | BE31: 323 | BF31: =SUM(BB31:BE31) -> 4893 | BG31: 319 | BH31: 127 | BI31: 327 | BJ31: 228 | BK31: =SUM(BG31:BJ31) -> 1001 | BL31: 16 | BM31: 99 | BN31: 725 | BO31: 782 | BP31: =SUM(BL31:BO31) -> 1622 | BQ31: 476 | BR31: 452 | BS31: 683 | BT31: 406 | BU31: =SUM(BQ31:BT31) -> 2017 | BV31: 715 | BW31: 105 | BX31: 52 | BY31: 94 | BZ31: =SUM(BV31:BY31) -> 966 | CA31: 652 | CB31: 679 | CC31: 597 | CD31: 111 | CE31: =SUM(CA31:CD31) -> 2039 | CF31: 680 | CJ31: =SUM(CF31:CI31) -> 680
A32: 3 | B32: Anyelir | C32: tangkai | D32: 204 | E32: 128 | F32: 416 | G32: 293 | H32: 1041 | I32: 728 | J32: 404 | K32: 260 | L32: 458 | M32: 1850 | N32: 229 | O32: 554 | P32: 427 | Q32: 269 | R32: 1479 | S32: 54 | T32: 155 | U32: 143 | V32: 340 | W32: 692 | X32: 81 | Y32: 73 | Z32: 69 | AA32: 69 | AB32: 292 | AC32: 102 | AD32: 127 | AE32: 299 | AF32: 86 | AG32: 614 | AH32: 96 | AI32: 168 | AJ32: 82 | AK32: 294 | AL32: 640 | AM32: 72 | AN32: 81 | AO32: 163 | AP32: 336 | AQ32: 652 | AR32: 155 | AS32: 30 | AT32: 45 | AU32: 35 | AV32: 265 | AW32: 884 | AX32: 30 | AY32: 15 | AZ32: 70 | BA32: =SUM(AW32:AZ32) -> 999 | BB32: 0 | BC32: 0 | BD32: 45 | BE32: 54 | BF32: =SUM(BB32:BE32) -> 99 | BG32: 0 | BH32: 0 | BI32: 0 | BJ32: 0 | BK32: =SUM(BG32:BJ32) -> 0 | BP32: =SUM(BL32:BO32) -> 0 | BU32: =SUM(BQ32:BT32) -> 0 | BZ32: =SUM(BV32:BY32) -> 0 | CE32: =SUM(CA32:CD32) -> 0 | CJ32: =SUM(CF32:CI32) -> 0
A33: 4 | B33: Gerbera | C33: tangkai | D33: 724 | E33: 901 | F33: 1806 | G33: 467 | H33: 3898 | I33: 499 | J33: 538 | K33: 845 | L33: 8772 | M33: 10654 | N33: 582 | O33: 788 | P33: 366 | Q33: 205 | R33: 1941 | S33: 199 | T33: 102 | U33: 338 | V33: 41 | W33: 680 | X33: 98 | Y33: 85 | Z33: 77 | AA33: 116 | AB33: 376 | AC33: 90 | AD33: 69 | AE33: 140 | AF33: 100 | AG33: 399 | AH33: 106 | AI33: 378 | AJ33: 89 | AK33: 273 | AL33: 846 | AM33: 158 | AN33: 424 | AO33: 298 | AP33: 450 | AQ33: 1330 | AR33: 213 | AS33: 52 | AT33: 117 | AU33: 45 | AV33: 427 | AW33: 285 | AX33: 43 | AY33: 67 | AZ33: 65 | BA33: =SUM(AW33:AZ33) -> 460 | BB33: 0 | BC33: 15 | BD33: 66 | BE33: 210 | BF33: =SUM(BB33:BE33) -> 291 | BG33: 253 | BH33: 232 | BI33: 181 | BJ33: 286 | BK33: =SUM(BG33:BJ33) -> 952 | BL33: 198 | BM33: 212 | BN33: 831 | BO33: 1154 | BP33: =SUM(BL33:BO33) -> 2395 | BQ33: 702 | BR33: 442 | BS33: 570 | BT33: 404 | BU33: =SUM(BQ33:BT33) -> 2118 | BV33: 574 | BW33: 210 | BX33: 10 | BY33: 6 | BZ33: =SUM(BV33:BY33) -> 800 | CA33: 329 | CB33: 12 | CC33: 344 | CD33: 34 | CE33: =SUM(CA33:CD33) -> 719 | CF33: 300 | CJ33: =SUM(CF33:CI33) -> 300
A34: 5 | B34: Gladiol | C34: tangkai | D34: 537 | E34: 2109 | F34: 459 | G34: 179 | H34: 3284 | I34: 199 | J34: 462 | K34: 200 | L34: 775 | M34: 1636 | N34: 181 | O34: 863 | P34: 178 | Q34: 284 | R34: 1506 | S34: 164 | T34: 274 | U34: 284 | V34: 189 | W34: 911 | X34: 128 | Y34: 162 | Z34: 123 | AA34: 101 | AB34: 514 | AC34: 165 | AD34: 148 | AE34: 172 | AF34: 153 | AG34: 638 | AH34: 166 | AI34: 148 | AJ34: 218 | AK34: 174 | AL34: 706 | AM34: 228 | AN34: 300 | AO34: 687 | AP34: 338 | AQ34: 1553 | AR34: 760 | AS34: 37 | AT34: 48 | AU34: 71 | AV34: 916 | AW34: 90 | AX34: 50 | AY34: 67 | AZ34: 52 | BA34: =SUM(AW34:AZ34) -> 259 | BB34: 10 | BC34: 16 | BD34: 45 | BE34: 190 | BF34: =SUM(BB34:BE34) -> 261 | BG34: 0 | BH34: 0 | BI34: 0 | BJ34: 0 | BK34: =SUM(BG34:BJ34) -> 0 | BP34: =SUM(BL34:BO34) -> 0 | BU34: =SUM(BQ34:BT34) -> 0 | BZ34: =SUM(BV34:BY34) -> 0 | CE34: =SUM(CA34:CD34) -> 0 | CJ34: =SUM(CF34:CI34) -> 0
A35: 6 | B35: Pisang-pisangan | C35: tangkai | D35: 7540 | E35: 9648 | F35: 3249 | G35: 3500 | H35: 23937 | I35: 4291 | J35: 10779 | K35: 897 | L35: 4325 | M35: 20292 | N35: 4191 | O35: 4462 | P35: 4433 | Q35: 4388 | R35: 17474 | S35: 4100 | T35: 4188 | U35: 3394 | V35: 3993 | W35: 15675 | X35: 4227 | Y35: 4125 | Z35: 4040 | AA35: 629 | AB35: 13021 | AC35: 754 | AD35: 195 | AE35: 805 | AF35: 5765 | AG35: 7519 | AH35: 249 | AI35: 2554 | AJ35: 766 | AK35: 2142 | AL35: 5711 | AM35: 2122 | AN35: 503 | AO35: 632 | AP35: 2395 | AQ35: 5652 | AR35: 557 | AS35: 318 | AT35: 457 | AU35: 403 | AV35: 1735 | AW35: 1125 | AX35: 869 | AY35: 661 | AZ35: 799 | BA35: =SUM(AW35:AZ35) -> 3454 | BB35: 837 | BC35: 345 | BD35: 211 | BE35: 645 | BF35: =SUM(BB35:BE35) -> 2038 | BG35: 632 | BH35: 718 | BI35: 808 | BJ35: 832 | BK35: =SUM(BG35:BJ35) -> 2990 | BL35: 287 | BM35: 481 | BN35: 1005 | BO35: 840 | BP35: =SUM(BL35:BO35) -> 2613 | BQ35: 858 | BR35: 492 | BS35: 2202 | BT35: 2335 | BU35: =SUM(BQ35:BT35) -> 5887 | BV35: 770 | BW35: 329 | BX35: 217 | BY35: 51 | BZ35: =SUM(BV35:BY35) -> 1367 | CA35: 498 | CB35: 163 | CC35: 430 | CD35: 179 | CE35: =SUM(CA35:CD35) -> 1270 | CF35: 2150 | CJ35: =SUM(CF35:CI35) -> 2150
A36: 7 | B36: Krisan | C36: tangkai | D36: 1083 | E36: 2183 | F36: 17081 | G36: 5342 | H36: 25689 | I36: 2681 | J36: 4203 | K36: 931 | L36: 1681 | M36: 9496 | N36: 565 | O36: 799 | P36: 816 | Q36: 1805 | R36: 3985 | S36: 33 | T36: 229 | U36: 435 | V36: 329 | W36: 1026 | X36: 78 | Y36: 77 | Z36: 74 | AA36: 5 | AB36: 234 | AC36: 151 | AD36: 16 | AE36: 68 | AF36: 20 | AG36: 255 | AH36: 38 | AI36: 75 | AJ36: 20 | AK36: 93 | AL36: 226 | AM36: 94 | AN36: 82 | AO36: 110 | AP36: 30 | AQ36: 316 | AR36: 200 | AS36: 111 | AT36: 65 | AU36: 215 | AV36: 591 | AW36: 0 | AX36: 232 | AY36: 212 | AZ36: 0 | BA36: =SUM(AW36:AZ36) -> 444 | BB36: 0 | BC36: 4 | BD36: 0 | BE36: 0 | BF36: =SUM(BB36:BE36) -> 4 | BG36: 0 | BH36: 6 | BI36: 32 | BJ36: 60 | BK36: =SUM(BG36:BJ36) -> 98 | BL36: 250 | BM36: 230 | BN36: 140 | BO36: 707 | BP36: =SUM(BL36:BO36) -> 1327 | BQ36: 0 | BR36: 2 | BS36: 30 | BT36: 0 | BU36: =SUM(BQ36:BT36) -> 32 | BV36: 0 | BW36: 2 | BX36: 0 | BY36: 0 | BZ36: =SUM(BV36:BY36) -> 2 | CA36: 0 | CB36: 5 | CC36: 5 | CD36: 25 | CE36: =SUM(CA36:CD36) -> 35 | CF36: 0 | CJ36: =SUM(CF36:CI36) -> 0
A37: 8 | B37: Mawar | C37: tangkai | D37: 5739 | E37: 2155 | F37: 4643 | G37: 1369 | H37: 13906 | I37: 9665 | J37: 2340 | K37: 1801 | L37: 5127 | M37: 18933 | N37: 4984 | O37: 2955 | P37: 3273 | Q37: 1422 | R37: 12634 | S37: 817 | T37: 774 | U37: 1568 | V37: 1500 | W37: 4659 | X37: 590 | Y37: 498 | Z37: 534 | AA37: 636 | AB37: 2258 | AC37: 230 | AD37: 103 | AE37: 372 | AF37: 664 | AG37: 1369 | AH37: 221 | AI37: 600 | AJ37: 1065 | AK37: 1439 | AL37: 3325 | AM37: 289 | AN37: 297 | AO37: 615 | AP37: 532 | AQ37: 1733 | AR37: 1258 | AS37: 245 | AT37: 421 | AU37: 844 | AV37: 2768 | AW37: 503 | AX37: 2235 | AY37: 1024 | AZ37: 214 | BA37: =SUM(AW37:AZ37) -> 3976 | BB37: 170 | BC37: 90 | BD37: 158 | BE37: 311 | BF37: =SUM(BB37:BE37) -> 729 | BG37: 665 | BH37: 572 | BI37: 655 | BJ37: 391 | BK37: =SUM(BG37:BJ37) -> 2283 | BL37: 456 | BM37: 502 | BN37: 618 | BO37: 741 | BP37: =SUM(BL37:BO37) -> 2317 | BQ37: 399 | BR37: 416 | BS37: 829 | BT37: 782 | BU37: =SUM(BQ37:BT37) -> 2426 | BV37: 386 | BW37: 206 | BX37: 216 | BY37: 152 | BZ37: =SUM(BV37:BY37) -> 960 | CA37: 289 | CB37: 164 | CC37: 1396 | CD37: 254 | CE37: =SUM(CA37:CD37) -> 2103 | CF37: 2300 | CJ37: =SUM(CF37:CI37) -> 2300
A38: 9 | B38: Sedap malam | C38: tangkai | D38: 1672 | E38: 857 | F38: 4904 | G38: 740 | H38: 8173 | I38: 2017 | J38: 1039 | K38: 1150 | L38: 977 | M38: 5183 | N38: 503 | O38: 698 | P38: 972 | Q38: 353 | R38: 2526 | S38: 253 | T38: 309 | U38: 1037 | V38: 23 | W38: 1622 | X38: 218 | Y38: 285 | Z38: 190 | AA38: 170 | AB38: 863 | AC38: 112 | AD38: 107 | AE38: 171 | AF38: 111 | AG38: 501 | AH38: 144 | AI38: 221 | AJ38: 155 | AK38: 316 | AL38: 836 | AM38: 82 | AN38: 265 | AO38: 489 | AP38: 199 | AQ38: 1035 | AR38: 389 | AS38: 0 | AT38: 51 | AU38: 73 | AV38: 513 | AW38: 870 | AX38: 2195 | AY38: 2169 | AZ38: 2203 | BA38: =SUM(AW38:AZ38) -> 7437 | BB38: 1020 | BC38: 24 | BD38: 3 | BE38: 40 | BF38: =SUM(BB38:BE38) -> 1087 | BG38: 125 | BH38: 650 | BI38: 615 | BJ38: 212 | BK38: =SUM(BG38:BJ38) -> 1602 | BL38: 402 | BM38: 430 | BN38: 781 | BO38: 844 | BP38: =SUM(BL38:BO38) -> 2457 | BQ38: 777 | BR38: 719 | BS38: 1206 | BT38: 1212 | BU38: =SUM(BQ38:BT38) -> 3914 | BV38: 841 | BW38: 223 | BX38: 191 | BY38: 162 | BZ38: =SUM(BV38:BY38) -> 1417 | CA38: 580 | CB38: 236 | CC38: 420 | CD38: 265 | CE38: =SUM(CA38:CD38) -> 1501 | CF38: 420 | CJ38: =SUM(CF38:CI38) -> 420
B39: Dracaena | BG39: 120 | BH39: 235 | BI39: 332 | BJ39: 212 | BK39: =SUM(BG39:BJ39) -> 899 | BL39: 2 | BM39: 153 | BN39: 585 | BO39: 586 | BP39: =SUM(BL39:BO39) -> 1326 | BQ39: 519 | BR39: 354 | BS39: 721 | BT39: 659 | BU39: =SUM(BQ39:BT39) -> 2253 | BV39: 414 | BW39: 75 | BX39: 50 | BY39: 15 | BZ39: =SUM(BV39:BY39) -> 554 | CA39: 290 | CB39: 60 | CC39: 317 | CD39: 186 | CE39: =SUM(CA39:CD39) -> 853 | CF39: 1200 | CJ39: =SUM(CF39:CI39) -> 1200
A40: 10 | B40: Melati | C40: kg | D40: 2056 | E40: 2428 | F40: 1576 | G40: 1866 | H40: 7926 | I40: 3765 | J40: 3666 | K40: 1515 | L40: 1825 | M40: 10771 | N40: 658 | O40: 4177 | P40: 1757 | Q40: 1001 | R40: 7593 | S40: 1156 | T40: 3604 | U40: 1265 | V40: 713 | W40: 6738 | X40: 839 | Y40: 1012 | Z40: 753 | AA40: 595 | AB40: 3199 | AC40: 359 | AD40: 194 | AE40: 190 | AF40: 442 | AG40: 1185 | AH40: 392 | AI40: 583 | AJ40: 510 | AK40: 496 | AL40: 1981 | AM40: 389 | AN40: 423 | AO40: 347 | AP40: 513 | AQ40: 1672 | AR40: 280 | AS40: 130 | AT40: 187 | AU40: 204 | AV40: 801 | AW40: 585 | AX40: 519 | AY40: 420 | AZ40: 371 | BA40: =SUM(AW40:AZ40) -> 1895 | BB40: 285 | BC40: 134 | BD40: 383 | BE40: 147 | BF40: =SUM(BB40:BE40) -> 949 | BG40: 476 | BH40: 64 | BI40: 166 | BJ40: 55 | BK40: =SUM(BG40:BJ40) -> 761 | BL40: 257 | BM40: 365 | BN40: 388 | BO40: 720 | BP40: =SUM(BL40:BO40) -> 1730 | BQ40: 536 | BR40: 331 | BS40: 452 | BT40: 215 | BU40: =SUM(BQ40:BT40) -> 1534 | BV40: 348 | BW40: 170 | BX40: 97 | BY40: 45 | BZ40: =SUM(BV40:BY40) -> 660 | CA40: 334 | CB40: 129 | CC40: 653 | CD40: 203 | CE40: =SUM(CA40:CD40) -> 1319 | CF40: 165 | CJ40: =SUM(CF40:CI40) -> 165
A42: Jumlah Produksi | AR42: =sum(AR4:AR22,AR25:AR27,AR30:AR40) -> 84090 | AS42: =sum(AS4:AS22,AS25:AS27,AS30:AS40) -> 61734 | AT42: =sum(AT4:AT22,AT25:AT27,AT30:AT40) -> 46892 | AU42: =sum(AU4:AU22,AU25:AU27,AU30:AU40) -> 53307 | AV42: =sum(AV4:AV22,AV25:AV27,AV30:AV40) -> 246023 | AW42: =sum(AW4:AW22,AW25:AW27,AW30:AW40) -> 80494 | AX42: =sum(AX4:AX22,AX25:AX27,AX30:AX40) -> 76795 | AY42: =sum(AY4:AY22,AY25:AY27,AY30:AY40) -> 100971 | ... BE42: =sum(BE4:BE22,BE25:BE27,BE30:BE40) -> 82550.15 | BG42: =sum(BG4:BG22,BG25:BG27,BG30:BG40) -> 88879.11 | BH42: =sum(BH4:BH22,BH25:BH27,BH30:BH40) -> 74882.57 | BI42: =sum(BI4:BI22,BI25:BI27,BI30:BI40) -> 68057.02 | BJ42: =sum(BJ4:BJ22,BJ25:BJ27,BJ30:BJ40) -> 67014.5 | BL42: =sum(BL4:BL22,BL25:BL27,BL30:BL40) -> 76161.41 | BM42: =sum(BM4:BM22,BM25:BM27,BM30:BM40) -> 66159.12 | BN42: =sum(BN4:BN22,BN25:BN27,BN30:BN40) -> 77970.35 | BO42: =sum(BO4:BO22,BO25:BO27,BO30:BO40) -> 78086.66 | BQ42: =sum(BQ4:BQ22,BQ25:BQ27,BQ30:BQ40) -> 79814.04 | BR42: =sum(BR4:BR22,BR25:BR27,BR30:BR40) -> 84885.94 | BS42: =sum(BS4:BS22,BS25:BS27,BS30:BS40) -> 78792.81 | BT42: =sum(BT4:BT22,BT25:BT27,BT30:BT40) -> 65660.27 | BU42: =sum(BU4:BU22,BU25:BU27,BU30:BU40) -> 309153.06 | BV42: =sum(BV4:BV22,BV25:BV27,BV30:BV40) -> 85180.97 | BW42: =sum(BW4:BW22,BW25:BW27,BW30:BW40) -> 67981.12 | BX42: =sum(BX4:BX22,BX25:BX27,BX30:BX40) -> 69390.61 | ... CJ42: =sum(CJ4:CJ22,CJ25:CJ27,CJ30:CJ40) -> 96778.36
B43: Q-to-Q | AW43: =AW42/AU42*100-100 -> 51.000807 | AX43: =AX42/AW42*100-100 -> -4.5953736 | AY43: =AY42/AX42*100-100 -> 31.481216 | AZ43: =AZ42/AY42*100-100 -> -30.524606 | BG43: =BG42/BE42*100-100 -> 7.6668062 | BH43: =BH42/BG42*100-100 -> -15.74784 | BI43: =BI42/BH42*100-100 -> -9.115005 | BJ43: =BJ42/BI42*100-100 -> -1.5318332 | BL43: =BL42/BJ42*100-100 -> 13.649151 | BM43: =BM42/BL42*100-100 -> -13.133016 | BN43: =BN42/BM42*100-100 -> 17.852762 | BO43: =BO42/BN42*100-100 -> 0.14917209 | BQ43: =BQ42/BO42*100-100 -> 2.212132 | BR43: =BR42/BQ42*100-100 -> 6.3546464 | BS43: =BS42/BR42*100-100 -> -7.1780203 | BT43: =BT42/BS42*100-100 -> -16.667181 | BV43: =BV42/BT42*100-100 -> 29.72985 | BW43: =BW42/BV42*100-100 -> -20.192127 | BX43: =BX42/BW42*100-100 -> 2.0733551 | BY43: =BY42/BX42*100-100 -> 3.594348 | CA43: =CA42/BY42*100-100 -> 4.3752813 | CB43: =CB42/CA42*100-100 -> 15.871524 | CC43: =CC42/CB42*100-100 -> 3.8502363 | CD43: =CD42/CC42*100-100 -> -18.063018 | CF43: =CF42/CD42*100-100 -> 30.821663 | CG43: =CG42/CF42*100-100 -> -100 | CH43: =CH42/CG42*100-100 -> #DIV/0! | CI43: =CI42/CH42*100-100 -> #DIV/0!
B44: Y-on-Y | AW44: =AW42/AR42*100-100 -> -4.2763706 | AX44: =AX42/AS42*100-100 -> 24.396605 | AY44: =AY42/AT42*100-100 -> 115.32671 | AZ44: =AZ42/AU42*100-100 -> 31.596226 | BG44: =BG42/BB42*100-100 -> 58.509465 | BH44: =BH42/BC42*100-100 -> 39.090242 | BI44: =BI42/BD42*100-100 -> -17.20809 | BJ44: =BJ42/BE42*100-100 -> -18.819651 | BL44: =BL42/BG42*100-100 -> -14.308987 | BM44: =BM42/BH42*100-100 -> -11.649507 | BN44: =BN42/BI42*100-100 -> 14.566212 | BO44: =BO42/BJ42*100-100 -> 16.522036 | BQ44: =BQ42/BL42*100-100 -> 4.7959065 | BR44: =BR42/BM42*100-100 -> 28.305727 | BS44: =BS42/BN42*100-100 -> 1.0548369 | BT44: =BT42/BO42*100-100 -> -15.913589 | BV44: =BV42/BQ42*100-100 -> 6.7242931 | BW44: =BW42/BR42*100-100 -> -19.914747 | BX44: =BX42/BS42*100-100 -> -11.932815 | BY44: =BY42/BT42*100-100 -> 9.479827 | CA44: =CA42/BV42*100-100 -> -11.917051 | CB44: =CB42/BW42*100-100 -> 27.885948 | CC44: =CC42/BX42*100-100 -> 30.112172 | CD44: =CD42/BY42*100-100 -> 2.9110069 | CF44: =CF42/CA42*100-100 -> 28.986374 | CG44: =CG42/CB42*100-100 -> -100 | CH44: =CH42/CC42*100-100 -> -100 | CI44: =CI42/CD42*100-100 -> -100
B45: C-to-C | BG45: =BG42/BB42*100-100 -> 58.509465 | BH45: =sum(BG42:BH42)/sum(BB42:BC42)*100-100 -> 48.997245 | BI45: =sum(BG42:BI42)/SUM(BB42:BD42)*100-100 -> 20.668705 | BJ45: =sum(BG42:BJ42)/sum(BB42:BE42)*100-100 -> 8.8004031 | BL45: =BL42/BG42*100-100 -> -14.308987 | BM45: =sum(BL42:BM42)/sum(BG42:BH42)*100-100 -> -13.092898 | BN45: =sum(BL42:BN42)/SUM(BG42:BI42)*100-100 -> -4.972774 | BO45: =sum(BL42:BO42)/sum(BG42:BJ42)*100-100 -> -0.15247971 | BQ45: =BQ42/BL42*100-100 -> 4.7959065 | BR45: =sum(BQ42:BR42)/sum(BL42:BM42)*100-100 -> 15.724681 | BS45: =sum(BQ42:BS42)/SUM(BL42:BN42)*100-100 -> 10.532397 | BT45: =sum(BQ42:BT42)/sum(BL42:BO42)*100-100 -> 3.611371 | BV45: =BV42/BQ42*100-100 -> 6.7242931 | BW45: =sum(BV42:BW42)/sum(BQ42:BR42)*100-100 -> -7.0053985 | BX45: =sum(BV42:BX42)/SUM(BQ42:BS42)*100-100 -> -8.5998809 | BY45: =sum(BV42:BY42)/sum(BQ42:BT42)*100-100 -> -4.7599755 | CA45: =CA42/BV42*100-100 -> -11.917051 | CB45: =sum(CA42:CB42)/sum(BV42:BW42)*100-100 -> 5.7495429 | CC45: =sum(CA42:CC42)/SUM(BV42:BX42)*100-100 -> 13.345666 | CD45: =sum(CA42:CD42)/sum(BV42:BY42)*100-100 -> 10.79812 | CF45: =CF42/CA42*100-100 -> 28.986374 | CG45: =sum(CF42:CG42)/sum(CA42:CB42)*100-100 -> -40.248546 | CH45: =sum(CF42:CH42)/SUM(CA42:CC42)*100-100 -> -61.634534 | CI45: =sum(CF42:CI42)/sum(CA42:CD42)*100-100 -> -70.334422
A47: IHP HORTIKULTURA SEMUSIM
D48: 2010 | I48: 2011 | N48: 2012 | S48: 2013 | X48: 2014 | AC48: 2015 | AH48: 2016 | AM48: 2017 | AR48: 2018 | AW48: 2019 | BB48: 2020 | BG48: 2021 | BL48: 2022 | BQ48: 2023 | BV48: 2024 | CA48: 2025 | CF48: 2026
B49: Sayur-sayuran Semusim
A50: 1 | B50: Kentang | D50: 98.261865 | E50: 98.392268 | F50: 103.01688 | G50: 100.32899 | H50: =AVERAGE(D50:G50) -> 100 | I50: 100.9955 | J50: 104.65737 | K50: 111.56366 | L50: 110.17749 | M50: =AVERAGE(I50:L50) -> 106.84851 | N50: 106.8821 | O50: 104.79345 | P50: 106.43073 | Q50: 106.32901 | R50: =AVERAGE(N50:Q50) -> 106.10882 | S50: 106.65017 | T50: 107.47362 | U50: 113.19341 | V50: 114.69419 | W50: =AVERAGE(S50:V50) -> 110.50285 | X50: 117.22369 | Y50: 118.86558 | Z50: 120.58856 | AA50: 120.88568 | AB50: =AVERAGE(X50:AA50) -> 119.39088 | AC50: 116.58575 | AD50: 110.07192 | AE50: 110.94905 | AF50: 119.06043 | AG50: =AVERAGE(AC50:AF50) -> 114.16679 | AH50: 122.28633 | AI50: 117.72191 | AJ50: 122.16826 | AK50: 119.19336 | AL50: =AVERAGE(AH50:AK50) -> 120.34246 | AM50: 122.13521 | AN50: 127.3205 | AO50: 126.62186 | AP50: 126.5727 | AQ50: =AVERAGE(AM50:AP50) -> 125.66257 | AR50: 125.62842 | AS50: 120.1913 | AT50: 120.17146 | AU50: 119.07381 | AV50: =AVERAGE(AR50:AU50) -> 121.26624 | AW50: 113.80386 | AX50: 118.33503 | AY50: 123.45117 | AZ50: 123.72883 | BA50: =AVERAGE(AW50:AZ50) -> 119.82972 | BB50: 132.18419 | BC50: 125.93229 | BD50: 128.24259 | BE50: 126.49697 | BG50: 127.71322 | BH50: 132.10571 | BI50: 131.0231 | BJ50: 128.4888 | BK50: 4.737622 | BL50: 127.56 | BM50: 133.26014 | BN50: 134.7304 | BO50: 134.08 | BQ50: 147.62 | BR50: 148.16 | BS50: 152.86 | BT50: 153.11 | BV50: =BT50+(BT50*2.82/100) -> 157.4277 | BW50: =BV50+(BV50*1.24/100) -> 159.37981 | BX50: =BW50+(BW50*4.51/100) -> 166.56783 | BY50: =BX50+(BX50*-5.85/100) -> 156.82362 | CA50: =BY50+(BY50*1.83/100) -> 159.69349 | CB50: =CA50+(CA50*-6.1/100) -> 149.95219 | CC50: =CB50+(CB50*-1.17/100) -> 148.19775 | CD50: =CC50+(CC50*-2.82/100) -> 144.01857 | CF50: =CD50+(CD50*-1.61/100) -> 141.69987
A51: =+A50+1 -> 2 | B51: Bawang Merah | D51: 91.310923 | E51: 95.357419 | F51: 105.03957 | G51: 108.29209 | H51: =AVERAGE(D51:G51) -> 100 | I51: 115.43152 | J51: 114.05571 | K51: 114.7274 | L51: 108.36735 | M51: =AVERAGE(I51:L51) -> 113.1455 | N51: 103.40694 | O51: 107.50402 | P51: 108.23971 | Q51: 107.20602 | R51: =AVERAGE(N51:Q51) -> 106.58917 | S51: 116.52914 | T51: 116.90221 | U51: 120.73699 | V51: 120.13983 | W51: =AVERAGE(S51:V51) -> 118.57704 | X51: 118.41515 | Y51: 120.95757 | Z51: 122.43673 | AA51: 117.46838 | AB51: =AVERAGE(X51:AA51) -> 119.81946 | AC51: 119.90895 | AD51: 131.72774 | AE51: 121.89594 | AF51: 120.64138 | AG51: =AVERAGE(AC51:AF51) -> 123.5435 | AH51: 127.11913 | AI51: 137.53048 | AJ51: 144.71946 | AK51: 148.14021 | AL51: =AVERAGE(AH51:AK51) -> 139.37732 | AM51: 143.52349 | AN51: 136.03855 | AO51: 131.56197 | AP51: 121.76552 | AQ51: =AVERAGE(AM51:AP51) -> 133.22238 | AR51: 122.62615 | AS51: 134.50058 | AT51: 123.69065 | AU51: 120.01001 | AV51: =AVERAGE(AR51:AU51) -> 125.20685 | AW51: 129.63547 | AX51: 140.62081 | AY51: 132.3568 | AZ51: 136.39487 | BA51: =AVERAGE(AW51:AZ51) -> 134.75199 | BB51: 155.13935 | BC51: 179.13908 | BD51: 158.98366 | BE51: 157.3505 | BG51: 150.65993 | BH51: 145.04291 | BI51: 140.61913 | BJ51: 129.65868 | BK51: 16.643352 | BL51: 141.11786 | BM51: 160.2 | BN51: 183.29 | BO51: 165.81 | BQ51: 175.93 | BR51: 175.89 | BS51: 162.46 | BT51: 157.36 | BV51: =BT51+(BT51*13.77/100) -> 179.02847 | BW51: =BV51+(BV51*17.47/100) -> 210.30475 | BX51: =BW51+(BW51*-16.68/100) -> 175.22591 | BY51: =BX51+(BX51*5.59/100) -> 185.02104 | CA51: =BY51+(BY51*3.26/100) -> 191.05273 | CB51: =CA51+(CA51*2.3/100) -> 195.44694 | CC51: =CB51+(CB51*8.6/100) -> 212.25538 | CD51: =CC51+(CC51*-0.17/100) -> 211.89454 | CF51: =CD51+(CD51*-1.61/100) -> 208.48304
A52: =+A51+1 -> 3 | B52: Bawang Putih | D52: 94.927482 | E52: 97.96778 | F52: 103.86769 | G52: 103.23705 | H52: =AVERAGE(D52:G52) -> 100 | I52: 105.57732 | J52: 103.95874 | K52: 104.66541 | L52: 105.41261 | M52: =AVERAGE(I52:L52) -> 104.90352 | N52: 106.04217 | O52: 106.72229 | P52: 108.34549 | Q52: 108.00616 | R52: =AVERAGE(N52:Q52) -> 107.27903 | S52: 110.05132 | T52: 111.40246 | U52: 115.13648 | V52: 114.53418 | W52: =AVERAGE(S52:V52) -> 112.78111 | X52: 116.46797 | Y52: 117.4766 | Z52: 119.94133 | AA52: 123.03575 | AB52: =AVERAGE(X52:AA52) -> 119.23041 | AC52: 121.95765 | AD52: 122.73324 | AE52: 124.54269 | AF52: 126.44433 | AG52: =AVERAGE(AC52:AF52) -> 123.91948 | AH52: 129.74869 | AI52: 131.41895 | AJ52: 133.22304 | AK52: 134.44327 | AL52: =AVERAGE(AH52:AK52) -> 132.20849 | AM52: 135.29382 | AN52: 133.26433 | AO52: 132.47525 | AP52: 129.98137 | AQ52: =AVERAGE(AM52:AP52) -> 132.75369 | AR52: 131.72848 | AS52: 133.80388 | AT52: 133.78399 | AU52: 132.30126 | AV52: =AVERAGE(AR52:AU52) -> 132.9044 | AW52: 132.1054 | AX52: 137.06404 | AY52: 140.26869 | AZ52: 139.36488 | BA52: =AVERAGE(AW52:AZ52) -> 137.20075 | BB52: 144.01094 | BC52: 143.5539 | BD52: 138.67847 | BE52: 140.65551 | BG52: 146.87703 | BH52: 143.09903 | BI52: 141.58354 | BJ52: 140.27391 | BK52: 4.0249778 | BL52: 145.61667 | BM52: 155.81 | BN52: 168.37 | BO52: 155.57 | BQ52: 161.49 | BR52: 162.83 | BS52: 160.89 | BT52: 171.29 | BV52: =BT52+(BT52*9.19/100) -> 187.03155 | BW52: =BV52+(BV52*6.38/100) -> 198.96416 | BX52: =BW52+(BW52*-2.74/100) -> 193.51255 | BY52: =BX52+(BX52*2.87/100) -> 199.06636 | CA52: =BY52+(BY52*4.48/100) -> 207.98453 | CB52: =CA52+(CA52*0.59/100) -> 209.21164 | CC52: =CB52+(CB52*-5.3/100) -> 198.12342 | CD52: =CC52+(CC52*-1.94/100) -> 194.27983 | CF52: =CD52+(CD52*-1.61/100) -> 191.15192
A53: =+A52+1 -> 4 | B53: Bawang Daun | D53: 98.74739 | E53: 97.901269 | F53: 100.91278 | G53: 102.43857 | H53: =AVERAGE(D53:G53) -> 100 | I53: 100.60055 | J53: 100.56352 | K53: 99.847557 | L53: 102.35782 | M53: =AVERAGE(I53:L53) -> 100.84236 | N53: 105.74287 | O53: 105.97351 | P53: 107.43321 | Q53: 107.04363 | R53: =AVERAGE(N53:Q53) -> 106.5483 | S53: 108.36959 | T53: 110.01422 | U53: 114.02629 | V53: 111.58715 | W53: =AVERAGE(S53:V53) -> 110.99932 | X53: 112.59532 | Y53: 113.69411 | Z53: 116.79774 | AA53: 118.56199 | AB53: =AVERAGE(X53:AA53) -> 115.41229 | AC53: 116.06665 | AD53: 116.17002 | AE53: 118.79859 | AF53: 127.21256 | AG53: =AVERAGE(AC53:AF53) -> 119.56195 | AH53: 130.50135 | AI53: 136.53857 | AJ53: 133.10179 | AK53: 129.25743 | AL53: =AVERAGE(AH53:AK53) -> 132.34978 | AM53: 124.17409 | AN53: 125.49522 | AO53: 134.61321 | AP53: 139.09005 | AQ53: =AVERAGE(AM53:AP53) -> 130.84314 | AR53: 139.20102 | AS53: 138.17117 | AT53: 145.29836 | AU53: 147.54231 | AV53: =AVERAGE(AR53:AU53) -> 142.55322 | AW53: 145.78867 | AX53: 147.52357 | AY53: 149.3127 | AZ53: 150.70841 | BA53: =AVERAGE(AW53:AZ53) -> 148.33334 | BB53: 152.21127 | BC53: 147.58332 | BD53: 143.37948 | BE53: 136.9943 | BG53: 132.54569 | BH53: 140.40053 | BI53: 146.43731 | BJ53: 145.48128 | BK53: -4.3019535 | BL53: 146.80907 | BM53: 152.17 | BN53: 156.21 | BO53: 153.6 | BQ53: 155.93 | BR53: 157.35 | BS53: 165.55 | BT53: 175.82 | BV53: =BT53+(BT53*5.14/100) -> 184.85715 | BW53: =BV53+(BV53*6.33/100) -> 196.55861 | BX53: =BW53+(BW53*-6.26/100) -> 184.25404 | BY53: =BX53+(BX53*-13.41/100) -> 159.54557 | CA53: =BY53+(BY53*-0.77/100) -> 158.31707 | CB53: =CA53+(CA53*2.63/100) -> 162.48081 | CC53: =CB53+(CB53*7.51/100) -> 174.68312 | CD53: =CC53+(CC53*-5.65/100) -> 164.81352 | CF53: =CD53+(CD53*-1.61/100) -> 162.16002
A54: =+A53+1 -> 5 | B54: Kubis/Kol | D54: 95.620057 | E54: 100.4755 | F54: 103.01902 | G54: 100.88542 | H54: =AVERAGE(D54:G54) -> 100 | I54: 97.189946 | J54: 99.014701 | K54: 112.79652 | L54: 110.22072 | M54: =AVERAGE(I54:L54) -> 104.80547 | N54: 110.36817 | O54: 110.7471 | P54: 113.49796 | Q54: 117.39602 | R54: =AVERAGE(N54:Q54) -> 113.00231 | S54: 116.82439 | T54: 118.28691 | U54: 120.54635 | V54: 118.60218 | W54: =AVERAGE(S54:V54) -> 118.56496 | X54: 122.26907 | Y54: 121.82509 | Z54: 129.10699 | AA54: 132.38744 | AB54: =AVERAGE(X54:AA54) -> 126.39715 | AC54: 130.01732 | AD54: 130.76387 | AE54: 137.7595 | AF54: 147.72294 | AG54: =AVERAGE(AC54:AF54) -> 136.56591 | AH54: 148.00164 | AI54: 155.13962 | AJ54: 145.03635 | AK54: 142.21705 | AL54: =AVERAGE(AH54:AK54) -> 147.59866 | AM54: 146.14308 | AN54: 144.32654 | AO54: 147.74071 | AP54: 141.94455 | AQ54: =AVERAGE(AM54:AP54) -> 145.03872 | AR54: 141.89222 | AS54: 148.66742 | AT54: 146.89607 | AU54: 152.12937 | AV54: =AVERAGE(AR54:AU54) -> 147.39627 | AW54: 145.69447 | AX54: 147.41868 | AY54: 147.94714 | AZ54: 141.58822 | BA54: =AVERAGE(AW54:AZ54) -> 145.66213 | BB54: 141.79715 | BC54: 148.25809 | BD54: 132.68632 | BE54: 136.0664 | BG54: 148.76539 | BH54: 129.11258 | BI54: 127.03562 | BJ54: 128.44541 | BK54: -17.40039 | BL54: 122.97338 | BM54: 139.64138 | BN54: 148.42035 | BO54: 133.44 | BQ54: 146.41 | BR54: 146.35 | BS54: 142.69 | BT54: 146.64 | BV54: =BT54+(BT54*3.09/100) -> 151.17118 | BW54: =BV54+(BV54*9.66/100) -> 165.77431 | BX54: =BW54+(BW54*-11.81/100) -> 146.19637 | BY54: =BX54+(BX54*-7.99/100) -> 134.51528 | CA54: =BY54+(BY54*7.12/100) -> 144.09276 | CB54: =CA54+(CA54*-3.62/100) -> 138.87661 | CC54: =CB54+(CB54*-1.34/100) -> 137.01566 | CD54: =CC54+(CC54*-10.9/100) -> 122.08095 | CF54: =CD54+(CD54*-1.61/100) -> 120.11545
A55: =+A54+1 -> 6 | B55: Petsai/Sawi | D55: 94.927482 | E55: 97.96778 | F55: 103.86769 | G55: 103.23705 | H55: =AVERAGE(D55:G55) -> 100 | I55: 105.57732 | J55: 103.95874 | K55: 104.66541 | L55: 105.41261 | M55: =AVERAGE(I55:L55) -> 104.90352 | N55: 106.04217 | O55: 106.72229 | P55: 108.34549 | Q55: 108.00616 | R55: =AVERAGE(N55:Q55) -> 107.27903 | S55: 110.05132 | T55: 111.40246 | U55: 115.13648 | V55: 114.53418 | W55: =AVERAGE(S55:V55) -> 112.78111 | X55: 116.46797 | Y55: 117.4766 | Z55: 119.94133 | AA55: 123.03575 | AB55: =AVERAGE(X55:AA55) -> 119.23041 | AC55: 121.95765 | AD55: 122.73324 | AE55: 124.54269 | AF55: 126.44433 | AG55: =AVERAGE(AC55:AF55) -> 123.91948 | AH55: 129.74869 | AI55: 131.41895 | AJ55: 133.22304 | AK55: 134.44327 | AL55: =AVERAGE(AH55:AK55) -> 132.20849 | AM55: 135.29382 | AN55: 133.26433 | AO55: 132.47525 | AP55: 129.98137 | AQ55: =AVERAGE(AM55:AP55) -> 132.75369 | AR55: 131.72848 | AS55: 133.80388 | AT55: 133.78399 | AU55: 132.30126 | AV55: =AVERAGE(AR55:AU55) -> 132.9044 | AW55: 132.1054 | AX55: 137.06404 | AY55: 140.26869 | AZ55: 139.36488 | BA55: =AVERAGE(AW55:AZ55) -> 137.20075 | BB55: 144.01094 | BC55: 143.5539 | BD55: 138.67847 | BE55: 140.65551 | BG55: 146.87703 | BH55: 143.09903 | BI55: 141.58354 | BJ55: 140.27391 | BK55: -5.54975 | BL55: 145.61667 | BM55: 155.81 | BN55: 168.37 | BO55: 155.57 | BQ55: 161.49 | BR55: 162.83 | BS55: 160.89 | BT55: 171.29 | BV55: =BT55+(BT55*0.9/100) -> 172.83161 | BW55: =BV55+(BV55*4.54/100) -> 180.67817 | BX55: =BW55+(BW55*-9.09/100) -> 164.25452 | BY55: =BX55+(BX55*1.72/100) -> 167.0797 | CA55: =BY55+(BY55*0.7/100) -> 168.24926 | CB55: =CA55+(CA55*3.89/100) -> 174.79415 | CC55: =CB55+(CB55*0.43/100) -> 175.54577 | CD55: =CC55+(CC55*0.3/100) -> 176.0724 | CF55: =CD55+(CD55*-1.61/100) -> 173.23764
A56: =+A55+1 -> 7 | B56: Wortel | D56: 98.418789 | E56: 101.24819 | F56: 102.70197 | G56: 97.631053 | H56: =AVERAGE(D56:G56) -> 100 | I56: 93.805703 | J56: 94.856777 | K56: 100.93309 | L56: 104.15074 | M56: =AVERAGE(I56:L56) -> 98.436578 | N56: 108.94274 | O56: 107.02232 | P56: 112.42489 | Q56: 116.79173 | R56: =AVERAGE(N56:Q56) -> 111.29542 | S56: 116.78399 | T56: 117.20296 | U56: 119.56767 | V56: 116.56508 | W56: =AVERAGE(S56:V56) -> 117.52993 | X56: 125.32017 | Y56: 129.17251 | Z56: 130.81091 | AA56: 131.75411 | AB56: =AVERAGE(X56:AA56) -> 129.26442 | AC56: 137.06982 | AD56: 134.89836 | AE56: 145.06003 | AF56: 168.02613 | AG56: =AVERAGE(AC56:AF56) -> 146.26358 | AH56: 171.78822 | AI56: 177.92111 | AJ56: 175.80931 | AK56: 166.53666 | AL56: =AVERAGE(AH56:AK56) -> 173.01383 | AM56: 170.18308 | AN56: 185.96756 | AO56: 181.07539 | AP56: 179.07191 | AQ56: =AVERAGE(AM56:AP56) -> 179.07449 | AR56: 176.23664 | AS56: 173.10707 | AT56: 175.74352 | AU56: 187.1728 | AV56: =AVERAGE(AR56:AU56) -> 178.06501 | AW56: 189.87014 | AX56: 188.06663 | AY56: 192.55013 | AZ56: 190.70717 | BA56: =AVERAGE(AW56:AZ56) -> 190.29852 | BB56: 204.2625 | BC56: 198.94484 | BD56: 187.70821 | BE56: 176.05351 | BG56: 181.72669 | BH56: 185.97628 | BI56: 183.6793 | BJ56: 179.84549 | BK56: 3.9308626 | BL56: 185.74876 | BM56: 184.80344 | BN56: 191.1194 | BO56: 190.33 | BQ56: 193.55 | BR56: 186.93 | BS56: 194.57 | BT56: 196.37 | BV56: =BT56+(BT56*4.55/100) -> 205.30483 | BW56: =BV56+(BV56*-3.63/100) -> 197.85227 | BX56: =BW56+(BW56*-2.48/100) -> 192.94553 | BY56: =BX56+(BX56*-7.84/100) -> 177.8186 | CA56: =BY56+(BY56*15.94/100) -> 206.16289 | CB56: =CA56+(CA56*-1.43/100) -> 203.21476 | CC56: =CB56+(CB56*-0.51/100) -> 202.17836 | CD56: =CC56+(CC56*4.53/100) -> 211.33704 | CF56: =CD56+(CD56*-1.61/100) -> 207.93452
A57: =+A56+1 -> 8 | B57: Kacang Panjang | D57: 96.302865 | E57: 98.373387 | F57: 101.06407 | G57: 104.25968 | H57: =AVERAGE(D57:G57) -> 100 | I57: 100.521 | J57: 103.19879 | K57: 109.06802 | L57: 110.23629 | M57: =AVERAGE(I57:L57) -> 105.75602 | N57: 111.11592 | O57: 112.54691 | P57: 117.19042 | Q57: 118.76468 | R57: =AVERAGE(N57:Q57) -> 114.90448 | S57: 115.55422 | T57: 116.04135 | U57: 120.94183 | V57: 123.06333 | W57: =AVERAGE(S57:V57) -> 118.90018 | X57: 126.74701 | Y57: 127.13829 | Z57: 133.26676 | AA57: 136.70445 | AB57: =AVERAGE(X57:AA57) -> 130.96413 | AC57: 136.65068 | AD57: 138.07873 | AE57: 147.69516 | AF57: 152.28476 | AG57: =AVERAGE(AC57:AF57) -> 143.67733 | AH57: 153.11939 | AI57: 153.53344 | AJ57: 156.99301 | AK57: 158.62822 | AL57: =AVERAGE(AH57:AK57) -> 155.56852 | AM57: 163.71167 | AN57: 163.15016 | AO57: 170.74233 | AP57: 169.47438 | AQ57: =AVERAGE(AM57:AP57) -> 166.76964 | AR57: 167.47839 | AS57: 167.16188 | AT57: 180.01278 | AU57: 178.72674 | AV57: =AVERAGE(AR57:AU57) -> 173.34495 | AW57: 180.11626 | AX57: 182.64963 | AY57: 189.70651 | AZ57: 193.39951 | BA57: =AVERAGE(AW57:AZ57) -> 186.46798 | BB57: 194.80061 | BC57: 185.29861 | BD57: 186.09226 | BE57: 190.26134 | BG57: 198.88549 | BH57: 191.44702 | BI57: 196.877 | BJ57: 197.46732 | BK57: -7.6821623 | BL57: 201.94766 | BM57: 217.13196 | BN57: 217.94899 | BO57: 223.51 | BQ57: 220.24 | BR57: 223.98 | BS57: 221.21 | BT57: 227.29 | BV57: =BT57+(BT57*-0.56/100) -> 226.01718 | BW57: =BV57+(BV57*3.19/100) -> 233.22712 | BX57: =BW57+(BW57*-3.25/100) -> 225.64724 | BY57: =BX57+(BX57*-2.57/100) -> 219.84811 | CA57: =BY57+(BY57*1.52/100) -> 223.1898 | CB57: =CA57+(CA57*-1.6/100) -> 219.61876 | CC57: =CB57+(CB57*2.83/100) -> 225.83397 | CD57: =CC57+(CC57*-1.32/100) -> 222.85297 | CF57: =CD57+(CD57*-1.61/100) -> 219.26503
A58: =+A57+1 -> 9 | B58: Tomat | D58: 96.405177 | E58: 102.97629 | F58: 101.22572 | G58: 99.392813 | H58: =AVERAGE(D58:G58) -> 100 | I58: 91.38394 | J58: 99.886679 | K58: 103.81169 | L58: 103.26755 | M58: =AVERAGE(I58:L58) -> 99.587464 | N58: 110.88948 | O58: 106.97609 | P58: 108.44264 | Q58: 108.10476 | R58: =AVERAGE(N58:Q58) -> 108.60324 | S58: 110.33098 | T58: 110.92023 | U58: 113.84385 | V58: 112.00363 | W58: =AVERAGE(S58:V58) -> 111.77467 | X58: 115.8619 | Y58: 122.2668 | Z58: 130.90478 | AA58: 128.20439 | AB58: =AVERAGE(X58:AA58) -> 124.30947 | AC58: 130.40945 | AD58: 131.21758 | AE58: 126.48487 | AF58: 141.89562 | AG58: =AVERAGE(AC58:AF58) -> 132.50188 | AH58: 145.57387 | AI58: 154.89598 | AJ58: 149.09584 | AK58: 145.76224 | AL58: =AVERAGE(AH58:AK58) -> 148.83198 | AM58: 140.51363 | AN58: 149.86178 | AO58: 151.22389 | AP58: 144.9969 | AQ58: =AVERAGE(AM58:AP58) -> 146.64905 | AR58: 147.26755 | AS58: 147.80967 | AT58: 153.22247 | AU58: 146.22437 | AV58: =AVERAGE(AR58:AU58) -> 148.63101 | AW58: 153.17704 | AX58: 153.73421 | AY58: 142.61528 | AZ58: 148.35386 | BA58: =AVERAGE(AW58:AZ58) -> 149.4701 | BB58: 165.85193 | BC58: 169.56982 | BD58: 161.40866 | BE58: 154.87072 | BG58: 160.87322 | BH58: 162.36598 | BI58: 178.82213 | BJ58: 159.08108 | BK58: 15.066985 | BL58: 162.25817 | BM58: 176.73967 | BN58: 184.74221 | BO58: 178.95 | BQ58: 173.73 | BR58: 173.94 | BS58: 169.29 | BT58: 166.54 | BV58: =BT58+(BT58*32.91/100) -> 221.34831 | BW58: =BV58+(BV58*3.74/100) -> 229.62674 | BX58: =BW58+(BW58*-12.66/100) -> 200.556 | BY58: =BX58+(BX58*-5.95/100) -> 188.62291 | CA58: =BY58+(BY58*-2.34/100) -> 184.20914 | CB58: =CA58+(CA58*3.32/100) -> 190.32488 | CC58: =CB58+(CB58*4.52/100) -> 198.92757 | CD58: =CC58+(CC58*-10.35/100) -> 178.33856 | CF58: =CD58+(CD58*-1.61/100) -> 175.46731
A59: =+A58+1 -> 10 | B59: Terong | D59: 92.64452 | E59: 97.992917 | F59: 103.16562 | G59: 106.19694 | H59: =AVERAGE(D59:G59) -> 100 | I59: 105.07331 | J59: 105.73771 | K59: 109.52523 | L59: 110.1975 | M59: =AVERAGE(I59:L59) -> 107.63344 | N59: 111.40332 | O59: 113.91229 | P59: 117.53009 | Q59: 119.79153 | R59: =AVERAGE(N59:Q59) -> 115.65931 | S59: 120.0248 | T59: 120.09652 | U59: 123.84671 | V59: 125.24408 | W59: =AVERAGE(S59:V59) -> 122.30303 | X59: 132.61075 | Y59: 135.74471 | Z59: 137.58572 | AA59: 137.97573 | AB59: =AVERAGE(X59:AA59) -> 135.97923 | AC59: 138.31848 | AD59: 141.17785 | AE59: 147.95246 | AF59: 149.77018 | AG59: =AVERAGE(AC59:AF59) -> 144.30474 | AH59: 150.51205 | AI59: 152.1068 | AJ59: 152.11961 | AK59: 153.60599 | AL59: =AVERAGE(AH59:AK59) -> 152.08611 | AM59: 159.9982 | AN59: 159.98446 | AO59: 159.29661 | AP59: 156.44695 | AQ59: =AVERAGE(AM59:AP59) -> 158.93156 | AR59: 155.86877 | AS59: 155.72828 | AT59: 161.77001 | AU59: 159.61508 | AV59: =AVERAGE(AR59:AU59) -> 158.24554 | AW59: 159.68723 | AX59: 165.48922 | AY59: 165.83555 | AZ59: 161.36555 | BA59: =AVERAGE(AW59:AZ59) -> 163.09439 | BB59: 161.26567 | BC59: 162.79267 | BD59: 163.33241 | BE59: 164.3351 | BG59: 186.10379 | BH59: 183.54356 | BI59: 182.2057 | BJ59: 177.83094 | BK59: 6.2115296 | BL59: 187.85424 | BM59: 203.45819 | BN59: 204.81172 | BO59: 198.26 | BQ59: 202.61 | BR59: 202.4 | BS59: 197.29 | BT59: 194.88 | BV59: =BT59+(BT59*0.22/100) -> 195.30874 | BW59: =BV59+(BV59*8.28/100) -> 211.4803 | BX59: =BW59+(BW59*-3.54/100) -> 203.9939 | BY59: =BX59+(BX59*-7.01/100) -> 189.69392 | CA59: =BY59+(BY59*6.56/100) -> 202.13785 | CB59: =CA59+(CA59*0.01/100) -> 202.15806 | CC59: =CB59+(CB59*5.37/100) -> 213.01395 | CD59: =CC59+(CC59*-1.5/100) -> 209.81874 | CF59: =CD59+(CD59*-1.61/100) -> 206.44066
A60: =+A59+1 -> 11 | B60: Buncis | D60: 92.321086 | E60: 98.600703 | F60: 104.0073 | G60: 105.07091 | H60: =AVERAGE(D60:G60) -> 100 | I60: 103.16761 | J60: 106.18267 | K60: 109.8513 | L60: 110.16335 | M60: =AVERAGE(I60:L60) -> 107.34123 | N60: 108.85248 | O60: 109.77346 | P60: 113.05372 | Q60: 112.91652 | R60: =AVERAGE(N60:Q60) -> 111.14905 | S60: 110.41323 | T60: 111.08252 | U60: 113.80726 | V60: 115.57797 | W60: =AVERAGE(S60:V60) -> 112.72024 | X60: 116.99823 | Y60: 120.34672 | Z60: 122.54256 | AA60: 125.5307 | AB60: =AVERAGE(X60:AA60) -> 121.35455 | AC60: 125.48731 | AD60: 130.09871 | AE60: 137.24567 | AF60: 144.34767 | AG60: =AVERAGE(AC60:AF60) -> 134.29484 | AH60: 145.70843 | AI60: 142.58827 | AJ60: 141.50931 | AK60: 140.27444 | AL60: =AVERAGE(AH60:AK60) -> 142.52011 | AM60: 142.28607 | AN60: 142.14034 | AO60: 144.5099 | AP60: 144.58126 | AQ60: =AVERAGE(AM60:AP60) -> 143.37939 | AR60: 143.74224 | AS60: 146.75069 | AT60: 155.27571 | AU60: 155.96016 | AV60: =AVERAGE(AR60:AU60) -> 150.4322 | AW60: 157.3666 | AX60: 159.1358 | AY60: 162.85843 | AZ60: 166.76891 | BA60: =AVERAGE(AW60:AZ60) -> 161.53243 | BB60: 157.45538 | BC60: 160.29445 | BD60: 153.193 | BE60: 162.84981 | BG60: 169.81161 | BH60: 168.03433 | BI60: 172.75123 | BJ60: 173.19963 | BK60: -2.4079258 | BL60: 174.28542 | BM60: 187.08453 | BN60: 185.0652 | BO60: 196.89 | BQ60: 200.82 | BR60: 204.23 | BS60: 195.78 | BT60: 218.1 | BV60: =BT60+(BT60*-1.39/100) -> 215.06841 | BW60: =BV60+(BV60*7.99/100) -> 232.25238 | BX60: =BW60+(BW60*-4.4/100) -> 222.03327 | BY60: =BX60+(BX60*5.09/100) -> 233.33476 | CA60: =BY60+(BY60*-3.32/100) -> 225.58805 | CB60: =CA60+(CA60*-0.99/100) -> 223.35473 | CC60: =CB60+(CB60*2.56/100) -> 229.07261 | CD60: =CC60+(CC60*-0.07/100) -> 228.91226 | CF60: =CD60+(CD60*-1.61/100) -> 225.22677
A61: =+A60+1 -> 12 | B61: Ketimun | D61: 96.776822 | E61: 98.510707 | F61: 102.03654 | G61: 102.67594 | H61: =AVERAGE(D61:G61) -> 100 | I61: 98.129063 | J61: 100.16943 | K61: 105.04617 | L61: 104.59311 | M61: =AVERAGE(I61:L61) -> 101.98444 | N61: 106.39157 | O61: 109.00856 | P61: 114.05552 | Q61: 115.65586 | R61: =AVERAGE(N61:Q61) -> 111.27788 | S61: 114.23833 | T61: 114.29585 | U61: 118.03159 | V61: 122.01913 | W61: =AVERAGE(S61:V61) -> 117.14623 | X61: 126.28093 | Y61: 129.34551 | Z61: 137.62262 | AA61: 141.86584 | AB61: =AVERAGE(X61:AA61) -> 133.77872 | AC61: 141.79058 | AD61: 144.41124 | AE61: 154.22488 | AF61: 154.9596 | AG61: =AVERAGE(AC61:AF61) -> 148.84658 | AH61: 156.91916 | AI61: 156.95161 | AJ61: 160.29736 | AK61: 158.31341 | AL61: =AVERAGE(AH61:AK61) -> 158.12039 | AM61: 159.66965 | AN61: 159.21017 | AO61: 165.31708 | AP61: 165.00454 | AQ61: =AVERAGE(AM61:AP61) -> 162.30036 | AR61: 164.67593 | AS61: 167.75366 | AT61: 178.2062 | AU61: 178.06598 | AV61: =AVERAGE(AR61:AU61) -> 172.17544 | AW61: 177.28575 | AX61: 180.30765 | AY61: 185.17555 | AZ61: 188.53125 | BA61: =AVERAGE(AW61:AZ61) -> 182.82505 | BB61: 174.78626 | BC61: 167.29396 | BD61: 177.28012 | BE61: 179.1148 | BG61: 182.96949 | BH61: 182.13357 | BI61: 186.70116 | BJ61: 181.17789 | BK61: 3.0807078 | BL61: 189.02085 | BM61: 198.33287 | BN61: 200.17678 | BO61: 198.45 | BQ61: 195.77 | BR61: 195.59 | BS61: 185.86 | BT61: 192.66 | BV61: =BT61+(BT61*-3.06/100) -> 186.7646 | BW61: =BV61+(BV61*4.62/100) -> 195.39313 | BX61: =BW61+(BW61*2.09/100) -> 199.47685 | BY61: =BX61+(BX61*-0.08/100) -> 199.31726 | CA61: =BY61+(BY61*-4.59/100) -> 190.1686 | CB61: =CA61+(CA61*9.07/100) -> 207.41689 | CC61: =CB61+(CB61*0.66/100) -> 208.78584 | CD61: =CC61+(CC61*-1.58/100) -> 205.48703 | CF61: =CD61+(CD61*-1.61/100) -> 202.17869
A62: =+A61+1 -> 13 | B62: Kangkung | D62: 95.903111 | E62: 97.523315 | F62: 102.08053 | G62: 104.49305 | H62: =AVERAGE(D62:G62) -> 100 | I62: 104.24379 | J62: 106.3058 | K62: 109.32155 | L62: 110.65875 | M62: =AVERAGE(I62:L62) -> 107.63247 | N62: 109.66915 | O62: 110.62414 | P62: 113.00683 | Q62: 113.81215 | R62: =AVERAGE(N62:Q62) -> 111.77807 | S62: 112.1681 | T62: 111.05369 | U62: 115.34562 | V62: 116.57691 | W62: =AVERAGE(S62:V62) -> 113.78608 | X62: 120.20896 | Y62: 121.54595 | Z62: 125.60403 | AA62: 126.221 | AB62: =AVERAGE(X62:AA62) -> 123.39498 | AC62: 125.93893 | AD62: 127.32885 | AE62: 132.4328 | AF62: 131.85537 | AG62: =AVERAGE(AC62:AF62) -> 129.38898 | AH62: 131.04075 | AI62: 131.22947 | AJ62: 132.24566 | AK62: 133.88855 | AL62: =AVERAGE(AH62:AK62) -> 132.10111 | AM62: 136.76077 | AN62: 137.29504 | AO62: 137.77746 | AP62: 136.35763 | AQ62: =AVERAGE(AM62:AP62) -> 137.04772 | AR62: 137.68155 | AS62: 139.41073 | AT62: 143.72601 | AU62: 142.62073 | AV62: =AVERAGE(AR62:AU62) -> 140.85976 | AW62: 144.24293 | AX62: 146.80035 | AY62: 149.04123 | AZ62: 147.97219 | BA62: =AVERAGE(AW62:AZ62) -> 147.01418 | BB62: 145.78795 | BC62: 145.82301 | BD62: 143.00731 | BE62: 143.54664 | BG62: 148.34042 | BH62: 150.00743 | BI62: 148.74442 | BJ62: 148.68584 | BK62: -3.0811686 | BL62: 151.88393 | BM62: 158.4924 | BN62: 157.16027 | BO62: 156.04 | BQ62: 155.37 | BR62: 156.33 | BS62: 154.61 | BT62: 156.9 | BV62: =BT62+(BT62*0.3/100) -> 157.3707 | BW62: =BV62+(BV62*2.01/100) -> 160.53385 | BX62: =BW62+(BW62*-0.49/100) -> 159.74724 | BY62: =BX62+(BX62*-1.5/100) -> 157.35103 | CA62: =BY62+(BY62*4.95/100) -> 165.1399 | CB62: =CA62+(CA62*2.87/100) -> 169.87942 | CC62: =CB62+(CB62*2.42/100) -> 173.9905 | CD62: =CC62+(CC62*-0.87/100) -> 172.47678 | CF62: =CD62+(CD62*-1.61/100) -> 169.69991
A63: =+A62+1 -> 14 | B63: Bayam | D63: 94.14071 | E63: 98.204192 | F63: 102.36634 | G63: 105.28876 | H63: =AVERAGE(D63:G63) -> 100 | I63: 106.25262 | J63: 106.97786 | K63: 111.3366 | L63: 111.77019 | M63: =AVERAGE(I63:L63) -> 109.08432 | N63: 112.39734 | O63: 113.99695 | P63: 115.94008 | Q63: 118.52556 | R63: =AVERAGE(N63:Q63) -> 115.21498 | S63: 117.39564 | T63: 117.09962 | U63: 121.90236 | V63: 123.678 | W63: =AVERAGE(S63:V63) -> 120.0189 | X63: 127.65814 | Y63: 129.23094 | Z63: 131.87485 | AA63: 133.24883 | AB63: =AVERAGE(X63:AA63) -> 130.50319 | AC63: 133.84227 | AD63: 135.62712 | AE63: 139.79376 | AF63: 139.86322 | AG63: =AVERAGE(AC63:AF63) -> 137.28159 | AH63: 139.4047 | AI63: 142.55732 | AJ63: 143.42789 | AK63: 143.908 | AL63: =AVERAGE(AH63:AK63) -> 142.32448 | AM63: 147.97736 | AN63: 149.53987 | AO63: 150.28312 | AP63: 149.93897 | AQ63: =AVERAGE(AM63:AP63) -> 149.43483 | AR63: 150.6784 | AS63: 153.29369 | AT63: 157.66121 | AU63: 157.33697 | AV63: =AVERAGE(AR63:AU63) -> 154.74257 | AW63: 158.53135 | AX63: 162.07787 | AY63: 163.02044 | AZ63: 160.19408 | BA63: =AVERAGE(AW63:AZ63) -> 160.95594 | BB63: 158.4375 | BC63: 159.60865 | BD63: 157.19054 | BE63: 160.10038 | BG63: 148.34042 | BH63: 150.00743 | BI63: 148.74442 | BJ63: 148.68584 | BK63: 7.1310843 | BL63: 164.91493 | BM63: 171.69558 | BN63: 170.89292 | BO63: 172.31 | BQ63: 170.16 | BR63: 171.99 | BS63: 170.04 | BT63: 172.33 | BV63: =BT63+(BT63*1.49/100) -> 174.89772 | BW63: =BV63+(BV63*1.77/100) -> 177.99341 | BX63: =BW63+(BW63*-2.9/100) -> 172.8316 | BY63: =BX63+(BX63*-1.79/100) -> 169.73791 | CA63: =BY63+(BY63*4.32/100) -> 177.07059 | CB63: =CA63+(CA63*-0.8/100) -> 175.65403 | CC63: =CB63+(CB63*-0.34/100) -> 175.0568 | CD63: =CC63+(CC63*-1.39/100) -> 172.62351 | CF63: =CD63+(CD63*-1.61/100) -> 169.84427
A64: =+A63+1 -> 15 | B64: Lobak | D64: 94.927482 | E64: 97.96778 | F64: 103.86769 | G64: 103.23705 | H64: =AVERAGE(D64:G64) -> 100 | I64: 105.57732 | J64: 103.95874 | K64: 104.66541 | L64: 105.41261 | M64: =AVERAGE(I64:L64) -> 104.90352 | N64: 106.04217 | O64: 106.72229 | P64: 108.34549 | Q64: 108.00616 | R64: =AVERAGE(N64:Q64) -> 107.27903 | S64: 110.05132 | T64: 111.40246 | U64: 115.13648 | V64: 114.53418 | W64: =AVERAGE(S64:V64) -> 112.78111 | X64: 116.46797 | Y64: 117.4766 | Z64: 119.94133 | AA64: 123.03575 | AB64: =AVERAGE(X64:AA64) -> 119.23041 | AC64: 121.95765 | AD64: 122.73324 | AE64: 124.54269 | AF64: 126.44433 | AG64: =AVERAGE(AC64:AF64) -> 123.91948 | AH64: 129.74869 | AI64: 131.41895 | AJ64: 133.22304 | AK64: 134.44327 | AL64: =AVERAGE(AH64:AK64) -> 132.20849 | AM64: 135.29382 | AN64: 133.26433 | AO64: 132.47525 | AP64: 129.98137 | AQ64: =AVERAGE(AM64:AP64) -> 132.75369 | AR64: 131.72848 | AS64: 133.80388 | AT64: 133.78399 | AU64: 132.30126 | AV64: =AVERAGE(AR64:AU64) -> 132.9044 | AW64: 132.1054 | AX64: 137.06404 | AY64: 140.26869 | AZ64: 139.36488 | BA64: =AVERAGE(AW64:AZ64) -> 137.20075 | BB64: 144.01094 | BC64: 143.5539 | BD64: 138.67847 | BE64: 140.65551 | BG64: 146.87703 | BH64: 143.09903 | BI64: 141.58354 | BJ64: 140.27391 | BK64: 1.9630681 | BL64: 145.61667 | BM64: 155.81 | BN64: 168.37 | BO64: 155.57 | BQ64: 161.49 | BR64: 162.83 | BS64: 160.89 | BT64: 171.29 | BV64: =BT64+(BT64*2.88/100) -> 176.22315 | BW64: =BV64+(BV64*7.16/100) -> 188.84073 | BX64: =BW64+(BW64*-5.14/100) -> 179.13432 | BY64: =BX64+(BX64*-0.42/100) -> 178.38195 | CA64: =BY64+(BY64*-1.23/100) -> 176.18785 | CB64: =CA64+(CA64*-1.04/100) -> 174.3555 | CC64: =CB64+(CB64*1.66/100) -> 177.2498 | CD64: =CC64+(CC64*-3.44/100) -> 171.15241 | CF64: =CD64+(CD64*-1.61/100) -> 168.39685
A65: =+A64+1 -> 16 | B65: Kacang Merah | D65: 96.572523 | E65: 97.461676 | F65: 101.34533 | G65: 104.62047 | H65: =AVERAGE(D65:G65) -> 100 | I65: 103.94628 | J65: 105.23721 | K65: 103.44392 | L65: 105.3432 | M65: =AVERAGE(I65:L65) -> 104.49265 | N65: 106.91004 | O65: 107.89766 | P65: 108.61263 | Q65: 108.5139 | R65: =AVERAGE(N65:Q65) -> 107.98356 | S65: 108.33016 | T65: 109.51949 | U65: 113.55264 | V65: 119.84757 | W65: =AVERAGE(S65:V65) -> 112.81246 | X65: 120.59136 | Y65: 122.19553 | Z65: 123.15662 | AA65: 122.91685 | AB65: =AVERAGE(X65:AA65) -> 122.21509 | AC65: 122.19891 | AD65: 123.09787 | AE65: 123.40899 | AF65: 126.19434 | AG65: =AVERAGE(AC65:AF65) -> 123.72503 | AH65: 127.29659 | AI65: 129.01603 | AJ65: 132.4204 | AK65: 132.04788 | AL65: =AVERAGE(AH65:AK65) -> 130.19523 | AM65: 133.59186 | AN65: 136.4738 | AO65: 136.71925 | AP65: 136.97489 | AQ65: =AVERAGE(AM65:AP65) -> 135.93995 | AR65: 134.08393 | AS65: 134.06652 | AT65: 133.0001 | AU65: 135.0021 | AV65: =AVERAGE(AR65:AU65) -> 134.03816 | AW65: 133.98142 | AX65: 135.1678 | AY65: 140.2195 | AZ65: 145.13474 | BA65: =AVERAGE(AW65:AZ65) -> 138.62586 | BB65: 148.84291 | BC65: 147.67223 | BD65: 146.22033 | BE65: 144.5088 | BG65: 140.90609 | BH65: 141.96914 | BI65: 140.39177 | BJ65: 140.77678 | BK65: 11.948775 | BL65: 147.72122 | BM65: 149.41806 | BN65: 150.42889 | BO65: 147.57 | BQ65: 149.82 | BR65: 153.97 | BS65: 154.21 | BT65: 154.53 | BV65: =BT65+(BT65*-0.23/100) -> 154.17458 | BW65: =BV65+(BV65*1.16/100) -> 155.96301 | BX65: =BW65+(BW65*2.21/100) -> 159.40979 | BY65: =BX65+(BX65*-3.01/100) -> 154.61155 | CA65: =BY65+(BY65*1.66/100) -> 157.17811 | CB65: =CA65+(CA65*3.23/100) -> 162.25496 | CC65: =CB65+(CB65*0.09/100) -> 162.40099 | CD65: =CC65+(CC65*-1.67/100) -> 159.68889 | CF65: =CD65+(CD65*-1.61/100) -> 157.1179
A66: =+A65+1 -> 17 | B66: Labu Siam | D66: 94.927482 | E66: 97.96778 | F66: 103.86769 | G66: 103.23705 | H66: =AVERAGE(D66:G66) -> 100 | I66: 105.57732 | J66: 103.95874 | K66: 104.66541 | L66: 105.41261 | M66: =AVERAGE(I66:L66) -> 104.90352 | N66: 106.04217 | O66: 106.72229 | P66: 108.34549 | Q66: 108.00616 | R66: =AVERAGE(N66:Q66) -> 107.27903 | S66: 110.05132 | T66: 111.40246 | U66: 115.13648 | V66: 114.53418 | W66: =AVERAGE(S66:V66) -> 112.78111 | X66: 116.46797 | Y66: 117.4766 | Z66: 119.94133 | AA66: 123.03575 | AB66: =AVERAGE(X66:AA66) -> 119.23041 | AC66: 121.95765 | AD66: 122.73324 | AE66: 124.54269 | AF66: 126.44433 | AG66: =AVERAGE(AC66:AF66) -> 123.91948 | AH66: 129.74869 | AI66: 131.41895 | AJ66: 133.22304 | AK66: 134.44327 | AL66: =AVERAGE(AH66:AK66) -> 132.20849 | AM66: 135.29382 | AN66: 133.26433 | AO66: 132.47525 | AP66: 129.98137 | AQ66: =AVERAGE(AM66:AP66) -> 132.75369 | AR66: 131.72848 | AS66: 133.80388 | AT66: 133.78399 | AU66: 132.30126 | AV66: =AVERAGE(AR66:AU66) -> 132.9044 | AW66: 132.1054 | AX66: 137.06404 | AY66: 140.26869 | AZ66: 139.36488 | BA66: =AVERAGE(AW66:AZ66) -> 137.20075 | BB66: 144.01094 | BC66: 143.5539 | BD66: 138.67847 | BE66: 140.65551 | BG66: 146.87703 | BH66: 143.09903 | BI66: 141.58354 | BJ66: 140.27391 | BK66: -6.7696291 | BL66: 145.61667 | BM66: 155.81 | BN66: 168.37 | BO66: 155.57 | BQ66: 161.49 | BR66: 162.83 | BS66: 160.89 | BT66: 171.29 | BV66: =BT66+(BT66*5.44/100) -> 180.60818 | BW66: =BV66+(BV66*4.61/100) -> 188.93421 | BX66: =BW66+(BW66*-4.86/100) -> 179.75201 | BY66: =BX66+(BX66*-2.43/100) -> 175.38404 | CA66: =BY66+(BY66*3.34/100) -> 181.24186 | CB66: =CA66+(CA66*3.08/100) -> 186.82411 | CC66: =CB66+(CB66*1.2/100) -> 189.066 | CD66: =CC66+(CC66*-3.23/100) -> 182.95917 | CF66: =CD66+(CD66*-1.61/100) -> 180.01353
A67: =+A66+1 -> 18 | B67: Kembang Kol | D67: 94.927482 | E67: 97.96778 | F67: 103.86769 | G67: 103.23705 | H67: =AVERAGE(D67:G67) -> 100 | I67: 105.57732 | J67: 103.95874 | K67: 104.66541 | L67: 105.41261 | M67: =AVERAGE(I67:L67) -> 104.90352 | N67: 106.04217 | O67: 106.72229 | P67: 108.34549 | Q67: 108.00616 | R67: =AVERAGE(N67:Q67) -> 107.27903 | S67: 110.05132 | T67: 111.40246 | U67: 115.13648 | V67: 114.53418 | W67: =AVERAGE(S67:V67) -> 112.78111 | X67: 116.46797 | Y67: 117.4766 | Z67: 119.94133 | AA67: 123.03575 | AB67: =AVERAGE(X67:AA67) -> 119.23041 | AC67: 121.95765 | AD67: 122.73324 | AE67: 124.54269 | AF67: 126.44433 | AG67: =AVERAGE(AC67:AF67) -> 123.91948 | AH67: 129.74869 | AI67: 131.41895 | AJ67: 133.22304 | AK67: 134.44327 | AL67: =AVERAGE(AH67:AK67) -> 132.20849 | AM67: 135.29382 | AN67: 133.26433 | AO67: 132.47525 | AP67: 129.98137 | AQ67: =AVERAGE(AM67:AP67) -> 132.75369 | AR67: 131.72848 | AS67: 133.80388 | AT67: 133.78399 | AU67: 132.30126 | AV67: =AVERAGE(AR67:AU67) -> 132.9044 | AW67: 132.1054 | AX67: 137.06404 | AY67: 140.26869 | AZ67: 139.36488 | BA67: =AVERAGE(AW67:AZ67) -> 137.20075 | BB67: 144.01094 | BC67: 143.5539 | BD67: 138.67847 | BE67: 140.65551 | BG67: 146.87703 | BH67: 143.09903 | BI67: 141.58354 | BJ67: 140.27391 | BK67: 9.39337 | BL67: 145.61667 | BM67: 155.81 | BN67: 168.37 | BO67: 155.57 | BQ67: 161.49 | BR67: 162.83 | BS67: 160.89 | BT67: 171.29 | BV67: =BT67+(BT67*3.75/100) -> 177.71338 | BW67: =BV67+(BV67*10.57/100) -> 196.49768 | BX67: =BW67+(BW67*-11.16/100) -> 174.56854 | BY67: =BX67+(BX67*2.14/100) -> 178.3043 | CA67: =BY67+(BY67*2.39/100) -> 182.56578 | CB67: =CA67+(CA67*3.74/100) -> 189.39374 | CC67: =CB67+(CB67*-3.85/100) -> 182.10208 | CD67: =CC67+(CC67*1.43/100) -> 184.70614 | CF67: =CD67+(CD67*-1.61/100) -> 181.73237
A68: =+A67+1 -> 19 | B68: Jamur | D68: 94.927482 | E68: 97.96778 | F68: 103.86769 | G68: 103.23705 | H68: =AVERAGE(D68:G68) -> 100 | I68: 105.57732 | J68: 103.95874 | K68: 104.66541 | L68: 105.41261 | M68: =AVERAGE(I68:L68) -> 104.90352 | N68: 106.04217 | O68: 106.72229 | P68: 108.34549 | Q68: 108.00616 | R68: =AVERAGE(N68:Q68) -> 107.27903 | S68: 110.05132 | T68: 111.40246 | U68: 115.13648 | V68: 114.53418 | W68: =AVERAGE(S68:V68) -> 112.78111 | X68: 116.46797 | Y68: 117.4766 | Z68: 119.94133 | AA68: 123.03575 | AB68: =AVERAGE(X68:AA68) -> 119.23041 | AC68: 121.95765 | AD68: 122.73324 | AE68: 124.54269 | AF68: 126.44433 | AG68: =AVERAGE(AC68:AF68) -> 123.91948 | AH68: 129.74869 | AI68: 131.41895 | AJ68: 133.22304 | AK68: 134.44327 | AL68: =AVERAGE(AH68:AK68) -> 132.20849 | AM68: 135.29382 | AN68: 133.26433 | AO68: 132.47525 | AP68: 129.98137 | AQ68: =AVERAGE(AM68:AP68) -> 132.75369 | AR68: 131.72848 | AS68: 133.80388 | AT68: 133.78399 | AU68: 132.30126 | AV68: =AVERAGE(AR68:AU68) -> 132.9044 | AW68: 132.1054 | AX68: 137.06404 | AY68: 140.26869 | AZ68: 139.36488 | BA68: =AVERAGE(AW68:AZ68) -> 137.20075 | BB68: 144.01094 | BC68: 143.5539 | BD68: 138.67847 | BE68: 140.65551 | BG68: 146.87703 | BH68: 143.09903 | BI68: 141.58354 | BJ68: 140.27391 | BK68: 1.4834877 | BL68: 145.61667 | BM68: 155.81 | BN68: 168.37 | BO68: 155.57 | BQ68: 161.49 | BR68: 162.83 | BS68: 160.89 | BT68: 171.29 | BV68: =BT68+(BT68*9.23/100) -> 187.10007 | BW68: =BV68+(BV68*10.32/100) -> 206.40879 | BX68: =BW68+(BW68*-9.42/100) -> 186.96509 | BY68: =BX68+(BX68*0.63/100) -> 188.14297 | CA68: =BY68+(BY68*3.95/100) -> 195.57461 | CB68: =CA68+(CA68*-0.54/100) -> 194.51851 | CC68: =CB68+(CB68*4.86/100) -> 203.97211 | CD68: =CC68+(CC68*-0.46/100) -> 203.03384 | CF68: =CD68+(CD68*-1.61/100) -> 199.76499
B69: Lainnya
B71: Buah-buahan Semusim:
A72: 1 | B72: Semangka | D72: 94.767026 | E72: 99.296656 | F72: 102.47848 | G72: 103.45784 | H72: =AVERAGE(D72:G72) -> 100 | I72: 105.1345 | J72: 105.03102 | K72: 106.52901 | L72: 107.7867 | M72: =AVERAGE(I72:L72) -> 106.12031 | N72: 107.18129 | O72: 107.51421 | P72: 109.00025 | Q72: 109.02088 | R72: =AVERAGE(N72:Q72) -> 108.17916 | S72: 111.3284 | T72: 112.74652 | U72: 114.34617 | V72: 113.17453 | W72: =AVERAGE(S72:V72) -> 112.8989 | X72: 113.47752 | Y72: 115.35474 | Z72: 119.98263 | AA72: 120.10521 | AB72: =AVERAGE(X72:AA72) -> 117.23002 | AC72: 122.91969 | AD72: 123.81058 | AE72: 127.06426 | AF72: 126.74612 | AG72: =AVERAGE(AC72:AF72) -> 125.13516 | AH72: 129.81743 | AI72: 130.62039 | AJ72: 131.53201 | AK72: 131.27378 | AL72: =AVERAGE(AH72:AK72) -> 130.8109 | AM72: 134.99182 | AN72: 134.53189 | AO72: 137.92037 | AP72: 134.80501 | AQ72: =AVERAGE(AM72:AP72) -> 135.56227 | AR72: 136.42103 | AS72: 136.94908 | AT72: 140.57918 | AU72: 136.80957 | AV72: =AVERAGE(AR72:AU72) -> 137.68971 | AW72: 134.83355 | AX72: 139.21549 | AY72: 142.91364 | AZ72: 141.67639 | BA72: =AVERAGE(AW72:AZ72) -> 139.65977 | BB72: 139.73146 | BC72: 138.87763 | BD72: 142.74061 | BE72: 136.83722 | BG72: 142.30565 | BH72: 147.12033 | BI72: 145.48009 | BJ72: 145.09586 | BK72: 0.72740923 | BL72: 146.3965 | BM72: 154.28684 | BN72: 157.7506 | BO72: 153.21 | BQ72: 152.82 | BR72: 153.22 | BS72: =BR72+(BR72*-2.84167794316643/100) -> 148.86598 | BT72: =BS72+(BS72*5.06/100) -> 156.3986 | BV72: =BT72+(BT72*3.31/100) -> 161.57539 | BW72: =BV72+(BV72*3.98/100) -> 168.00609 | BX72: =BW72+(BW72*-1.52/100) -> 165.4524 | BY72: =BX72+(BX72*-1.92/100) -> 162.27572 | CA72: =BY72+(BY72*5.33/100) -> 170.92501 | CB72: =CA72+(CA72*2.93/100) -> 175.93311 | CC72: =CB72+(CB72*-1.3/100) -> 173.64598 | CD72: =CC72+(CC72*-0.76/100) -> 172.32627 | CF72: =CD72+(CD72*-1.82/100) -> 169.18994
A73: =+A72+1 -> 2 | B73: Melon | D73: 96.85674 | E73: 98.569005 | F73: 101.48644 | G73: 103.08781 | H73: =AVERAGE(D73:G73) -> 100 | I73: 103.94354 | J73: 104.5007 | K73: 106.25738 | L73: 107.32137 | M73: =AVERAGE(I73:L73) -> 105.50575 | N73: 108.26597 | O73: 109.23301 | P73: 110.79402 | Q73: 111.27009 | R73: =AVERAGE(N73:Q73) -> 109.89077 | S73: 111.90282 | T73: 112.9385 | U73: 115.81529 | V73: 117.16065 | W73: =AVERAGE(S73:V73) -> 114.45431 | X73: 118.37744 | Y73: 120.00004 | Z73: 122.61098 | AA73: 125.55243 | AB73: =AVERAGE(X73:AA73) -> 121.63522 | AC73: 127.59464 | AD73: 128.17826 | AE73: 130.16663 | AF73: 131.74634 | AG73: =AVERAGE(AC73:AF73) -> 129.42147 | AH73: 132.64775 | AI73: 133.59231 | AJ73: 134.17786 | AK73: 134.74926 | AL73: =AVERAGE(AH73:AK73) -> 133.7918 | AM73: 135.12268 | AN73: 135.1636 | AO73: 135.48756 | AP73: 135.78562 | AQ73: =AVERAGE(AM73:AP73) -> 135.38987 | AR73: 136.20507 | AS73: 137.93256 | AT73: 139.89908 | AU73: 141.26205 | AV73: =AVERAGE(AR73:AU73) -> 138.82469 | AW73: 140.55834 | AX73: 142.56179 | AY73: 144.25471 | AZ73: 145.56201 | BA73: =AVERAGE(AW73:AZ73) -> 143.23421 | BB73: 145.67426 | BC73: 146.04701 | BD73: 145.72611 | BE73: 145.92297 | BG73: 145.87584 | BH73: 147.78382 | BI73: 147.19358 | BJ73: 147.59783 | BK73: 4.4603487 | BL73: 147.62678 | BM73: 150.57757 | BN73: 150.74944 | BO73: 151.53 | BQ73: 152.97 | BR73: 153.2 | BS73: 155.21 | BT73: 157.12 | BV73: =BT73+(BT73*0.81/100) -> 158.39267 | BW73: =BV73+(BV73*1.46/100) -> 160.70521 | BX73: =BW73+(BW73*0.87/100) -> 162.10334 | BY73: =BX73+(BX73*-0.08/100) -> 161.97366 | CA73: =BY73+(BY73*7.86/100) -> 174.70479 | CB73: =CA73+(CA73*-0.5/100) -> 173.83126 | CC73: =CB73+(CB73*0.4/100) -> 174.52659 | CD73: =CC73+(CC73*1.1/100) -> 176.44638 | CF73: =CD73+(CD73*-1.82/100) -> 173.23506
A74: =+A73+1 -> 3 | B74: Blewah | D74: 96.85674 | E74: 98.569005 | F74: 101.48644 | G74: 103.08781 | H74: =AVERAGE(D74:G74) -> 100 | I74: 103.94354 | J74: 104.5007 | K74: 106.25738 | L74: 107.32137 | M74: =AVERAGE(I74:L74) -> 105.50575 | N74: 108.26597 | O74: 109.23301 | P74: 110.79402 | Q74: 111.27009 | R74: =AVERAGE(N74:Q74) -> 109.89077 | S74: 111.90282 | T74: 112.9385 | U74: 115.81529 | V74: 117.16065 | W74: =AVERAGE(S74:V74) -> 114.45431 | X74: 118.37744 | Y74: 120.00004 | Z74: 122.61098 | AA74: 125.55243 | AB74: =AVERAGE(X74:AA74) -> 121.63522 | AC74: 127.59464 | AD74: 128.17826 | AE74: 130.16663 | AF74: 131.74634 | AG74: =AVERAGE(AC74:AF74) -> 129.42147 | AH74: 132.64775 | AI74: 133.59231 | AJ74: 134.17786 | AK74: 134.74926 | AL74: =AVERAGE(AH74:AK74) -> 133.7918 | AM74: 135.12268 | AN74: 135.1636 | AO74: 135.48756 | AP74: 135.78562 | AQ74: =AVERAGE(AM74:AP74) -> 135.38987 | AR74: 136.20507 | AS74: 137.93256 | AT74: 139.89908 | AU74: 141.26205 | AV74: =AVERAGE(AR74:AU74) -> 138.82469 | AW74: 140.55834 | AX74: 142.56179 | AY74: 144.25471 | AZ74: 145.56201 | BA74: =AVERAGE(AW74:AZ74) -> 143.23421 | BB74: 145.67426 | BC74: 146.04701 | BD74: 145.72611 | BE74: 145.92297 | BG74: 145.87584 | BH74: 147.78382 | BI74: 147.19358 | BJ74: 147.59783 | BK74: 1.9630681 | BL74: 147.62678 | BM74: 150.57757 | BN74: 150.74944 | BO74: 151.53 | BQ74: 152.97 | BR74: 153.2 | BS74: 155.21 | BT74: 157.12 | BV74: =BT74+(BT74*2.72/100) -> 161.39366 | BW74: =BV74+(BV74*1.77/100) -> 164.25033 | BX74: =BW74+(BW74*4.94/100) -> 172.3643 | BY74: =BX74+(BX74*1.48/100) -> 174.91529 | CA74: =BY74+(BY74*7.43/100) -> 187.9115 | CB74: =CA74+(CA74*-1.94/100) -> 184.26601 | CC74: =CB74+(CB74*0.38/100) -> 184.96622 | CD74: =CC74+(CC74*-0.36/100) -> 184.30035 | CF74: =CD74+(CD74*-1.82/100) -> 180.94608
B76: Tanaman Bunga :
A77: 1 | B77: Anggrek | D77: 94.927482 | E77: 97.96778 | F77: 103.86769 | G77: 103.23705 | H77: =AVERAGE(D77:G77) -> 100 | I77: 105.57732 | J77: 103.95874 | K77: 104.66541 | L77: 105.41261 | M77: =AVERAGE(I77:L77) -> 104.90352 | N77: 106.04217 | O77: 106.72229 | P77: 108.34549 | Q77: 108.00616 | R77: =AVERAGE(N77:Q77) -> 107.27903 | S77: 110.05132 | T77: 111.40246 | U77: 115.13648 | V77: 114.53418 | W77: =AVERAGE(S77:V77) -> 112.78111 | X77: 116.46797 | Y77: 117.4766 | Z77: 119.94133 | AA77: 123.03575 | AB77: =AVERAGE(X77:AA77) -> 119.23041 | AC77: 121.95765 | AD77: 122.73324 | AE77: 124.54269 | AF77: 126.44433 | AG77: =AVERAGE(AC77:AF77) -> 123.91948 | AH77: 129.74869 | AI77: 131.41895 | AJ77: 133.22304 | AK77: 134.44327 | AL77: =AVERAGE(AH77:AK77) -> 132.20849 | AM77: 135.29382 | AN77: 133.26433 | AO77: 132.47525 | AP77: 129.98137 | AQ77: =AVERAGE(AM77:AP77) -> 132.75369 | AR77: 131.72848 | AS77: 133.80388 | AT77: 133.78399 | AU77: 132.30126 | AV77: =AVERAGE(AR77:AU77) -> 132.9044 | AW77: 132.1054 | AX77: 137.06404 | AY77: 140.26869 | AZ77: 139.36488 | BA77: =AVERAGE(AW77:AZ77) -> 137.20075 | BB77: 144.01094 | BC77: 143.5539 | BD77: 138.67847 | BE77: 140.65551 | BG77: 146.87703 | BH77: 143.09903 | BI77: 141.58354 | BJ77: 140.27391 | BK77: -3.4262851 | BL77: 145.61667 | BM77: 155.81 | BN77: 168.37 | BO77: 155.57 | BQ77: 169.76 | BR77: 171.21 | BS77: 172.64 | BT77: 175.57 | BV77: =BT77+(BT77*3.52/100) -> 181.75006 | BW77: =BV77+(BV77*-0.87/100) -> 180.16884 | BX77: =BW77+(BW77*-1.48/100) -> 177.50234 | BY77: =BX77+(BX77*-0.13/100) -> 177.27159 | CA77: =BY77+(BY77*6.04/100) -> 187.97879 | CB77: =CA77+(CA77*0.82/100) -> 189.52022 | CC77: =CB77+(CB77*2.38/100) -> 194.0308 | CD77: =CC77+(CC77*0.56/100) -> 195.11737 | CF77: =CD77+(CD77*-1.67/100) -> 191.85891
A78: 2 | B78: Anthurium Bunga | D78: 94.927482 | E78: 97.96778 | F78: 103.86769 | G78: 103.23705 | H78: =AVERAGE(D78:G78) -> 100 | I78: 105.57732 | J78: 103.95874 | K78: 104.66541 | L78: 105.41261 | M78: =AVERAGE(I78:L78) -> 104.90352 | N78: 106.04217 | O78: 106.72229 | P78: 108.34549 | Q78: 108.00616 | R78: =AVERAGE(N78:Q78) -> 107.27903 | S78: 110.05132 | T78: 111.40246 | U78: 115.13648 | V78: 114.53418 | W78: =AVERAGE(S78:V78) -> 112.78111 | X78: 116.46797 | Y78: 117.4766 | Z78: 119.94133 | AA78: 123.03575 | AB78: =AVERAGE(X78:AA78) -> 119.23041 | AC78: 121.95765 | AD78: 122.73324 | AE78: 124.54269 | AF78: 126.44433 | AG78: =AVERAGE(AC78:AF78) -> 123.91948 | AH78: 129.74869 | AI78: 131.41895 | AJ78: 133.22304 | AK78: 134.44327 | AL78: =AVERAGE(AH78:AK78) -> 132.20849 | AM78: 135.29382 | AN78: 133.26433 | AO78: 132.47525 | AP78: 129.98137 | AQ78: =AVERAGE(AM78:AP78) -> 132.75369 | AR78: 131.72848 | AS78: 133.80388 | AT78: 133.78399 | AU78: 132.30126 | AV78: =AVERAGE(AR78:AU78) -> 132.9044 | AW78: 132.1054 | AX78: 137.06404 | AY78: 140.26869 | AZ78: 139.36488 | BA78: =AVERAGE(AW78:AZ78) -> 137.20075 | BB78: 144.01094 | BC78: 143.5539 | BD78: 138.67847 | BE78: 140.65551 | BG78: 146.87703 | BH78: 143.09903 | BI78: 141.58354 | BJ78: 140.27391 | BK78: -3.4262851 | BL78: 145.61667 | BM78: 155.81 | BN78: 168.37 | BO78: 155.57 | BQ78: 169.76 | BR78: 171.21 | BS78: 172.64 | BT78: 175.57 | BV78: =BT78+(BT78*3.52/100) -> 181.75006 | BW78: =BV78+(BV78*-0.87/100) -> 180.16884 | BX78: =BW78+(BW78*-1.48/100) -> 177.50234 | BY78: =BX78+(BX78*-0.13/100) -> 177.27159 | CA78: =BY78+(BY78*6.04/100) -> 187.97879 | CB78: =CA78+(CA78*0.82/100) -> 189.52022 | CC78: =CB78+(CB78*2.38/100) -> 194.0308 | CD78: =CC78+(CC78*0.56/100) -> 195.11737 | CF78: =CD78+(CD78*-1.67/100) -> 191.85891
A79: 3 | B79: Anyelir | D79: 94.927482 | E79: 97.96778 | F79: 103.86769 | G79: 103.23705 | H79: =AVERAGE(D79:G79) -> 100 | I79: 105.57732 | J79: 103.95874 | K79: 104.66541 | L79: 105.41261 | M79: =AVERAGE(I79:L79) -> 104.90352 | N79: 106.04217 | O79: 106.72229 | P79: 108.34549 | Q79: 108.00616 | R79: =AVERAGE(N79:Q79) -> 107.27903 | S79: 110.05132 | T79: 111.40246 | U79: 115.13648 | V79: 114.53418 | W79: =AVERAGE(S79:V79) -> 112.78111 | X79: 116.46797 | Y79: 117.4766 | Z79: 119.94133 | AA79: 123.03575 | AB79: =AVERAGE(X79:AA79) -> 119.23041 | AC79: 121.95765 | AD79: 122.73324 | AE79: 124.54269 | AF79: 126.44433 | AG79: =AVERAGE(AC79:AF79) -> 123.91948 | AH79: 129.74869 | AI79: 131.41895 | AJ79: 133.22304 | AK79: 134.44327 | AL79: =AVERAGE(AH79:AK79) -> 132.20849 | AM79: 135.29382 | AN79: 133.26433 | AO79: 132.47525 | AP79: 129.98137 | AQ79: =AVERAGE(AM79:AP79) -> 132.75369 | AR79: 131.72848 | AS79: 133.80388 | AT79: 133.78399 | AU79: 132.30126 | AV79: =AVERAGE(AR79:AU79) -> 132.9044 | AW79: 132.1054 | AX79: 137.06404 | AY79: 140.26869 | AZ79: 139.36488 | BA79: =AVERAGE(AW79:AZ79) -> 137.20075 | BB79: 144.01094 | BC79: 143.5539 | BD79: 138.67847 | BE79: 140.65551 | BG79: 146.87703 | BH79: 143.09903 | BI79: 141.58354 | BJ79: 140.27391 | BK79: -3.4262851 | BL79: 145.61667 | BM79: 155.81 | BN79: 168.37 | BO79: 155.57 | BQ79: 169.76 | BR79: 171.21 | BS79: 172.64 | BT79: 175.57 | BV79: =BT79+(BT79*3.52/100) -> 181.75006 | BW79: =BV79+(BV79*-0.87/100) -> 180.16884 | BX79: =BW79+(BW79*-1.48/100) -> 177.50234 | BY79: =BX79+(BX79*-0.13/100) -> 177.27159 | CA79: =BY79+(BY79*6.04/100) -> 187.97879 | CB79: =CA79+(CA79*0.82/100) -> 189.52022 | CC79: =CB79+(CB79*2.38/100) -> 194.0308 | CD79: =CC79+(CC79*0.56/100) -> 195.11737 | CF79: =CD79+(CD79*-1.67/100) -> 191.85891
A80: 4 | B80: Gerbera | D80: 94.927482 | E80: 97.96778 | F80: 103.86769 | G80: 103.23705 | H80: =AVERAGE(D80:G80) -> 100 | I80: 105.57732 | J80: 103.95874 | K80: 104.66541 | L80: 105.41261 | M80: =AVERAGE(I80:L80) -> 104.90352 | N80: 106.04217 | O80: 106.72229 | P80: 108.34549 | Q80: 108.00616 | R80: =AVERAGE(N80:Q80) -> 107.27903 | S80: 110.05132 | T80: 111.40246 | U80: 115.13648 | V80: 114.53418 | W80: =AVERAGE(S80:V80) -> 112.78111 | X80: 116.46797 | Y80: 117.4766 | Z80: 119.94133 | AA80: 123.03575 | AB80: =AVERAGE(X80:AA80) -> 119.23041 | AC80: 121.95765 | AD80: 122.73324 | AE80: 124.54269 | AF80: 126.44433 | AG80: =AVERAGE(AC80:AF80) -> 123.91948 | AH80: 129.74869 | AI80: 131.41895 | AJ80: 133.22304 | AK80: 134.44327 | AL80: =AVERAGE(AH80:AK80) -> 132.20849 | AM80: 135.29382 | AN80: 133.26433 | AO80: 132.47525 | AP80: 129.98137 | AQ80: =AVERAGE(AM80:AP80) -> 132.75369 | AR80: 131.72848 | AS80: 133.80388 | AT80: 133.78399 | AU80: 132.30126 | AV80: =AVERAGE(AR80:AU80) -> 132.9044 | AW80: 132.1054 | AX80: 137.06404 | AY80: 140.26869 | AZ80: 139.36488 | BA80: =AVERAGE(AW80:AZ80) -> 137.20075 | BB80: 144.01094 | BC80: 143.5539 | BD80: 138.67847 | BE80: 140.65551 | BG80: 146.87703 | BH80: 143.09903 | BI80: 141.58354 | BJ80: 140.27391 | BK80: -3.4262851 | BL80: 145.61667 | BM80: 155.81 | BN80: 168.37 | BO80: 155.57 | BQ80: 169.76 | BR80: 171.21 | BS80: 172.64 | BT80: 175.57 | BV80: =BT80+(BT80*3.52/100) -> 181.75006 | BW80: =BV80+(BV80*-0.87/100) -> 180.16884 | BX80: =BW80+(BW80*-1.48/100) -> 177.50234 | BY80: =BX80+(BX80*-0.13/100) -> 177.27159 | CA80: =BY80+(BY80*6.04/100) -> 187.97879 | CB80: =CA80+(CA80*0.82/100) -> 189.52022 | CC80: =CB80+(CB80*2.38/100) -> 194.0308 | CD80: =CC80+(CC80*0.56/100) -> 195.11737 | CF80: =CD80+(CD80*-1.67/100) -> 191.85891
A81: 5 | B81: Gladiol | D81: 94.927482 | E81: 97.96778 | F81: 103.86769 | G81: 103.23705 | H81: =AVERAGE(D81:G81) -> 100 | I81: 105.57732 | J81: 103.95874 | K81: 104.66541 | L81: 105.41261 | M81: =AVERAGE(I81:L81) -> 104.90352 | N81: 106.04217 | O81: 106.72229 | P81: 108.34549 | Q81: 108.00616 | R81: =AVERAGE(N81:Q81) -> 107.27903 | S81: 110.05132 | T81: 111.40246 | U81: 115.13648 | V81: 114.53418 | W81: =AVERAGE(S81:V81) -> 112.78111 | X81: 116.46797 | Y81: 117.4766 | Z81: 119.94133 | AA81: 123.03575 | AB81: =AVERAGE(X81:AA81) -> 119.23041 | AC81: 121.95765 | AD81: 122.73324 | AE81: 124.54269 | AF81: 126.44433 | AG81: =AVERAGE(AC81:AF81) -> 123.91948 | AH81: 129.74869 | AI81: 131.41895 | AJ81: 133.22304 | AK81: 134.44327 | AL81: =AVERAGE(AH81:AK81) -> 132.20849 | AM81: 135.29382 | AN81: 133.26433 | AO81: 132.47525 | AP81: 129.98137 | AQ81: =AVERAGE(AM81:AP81) -> 132.75369 | AR81: 131.72848 | AS81: 133.80388 | AT81: 133.78399 | AU81: 132.30126 | AV81: =AVERAGE(AR81:AU81) -> 132.9044 | AW81: 132.1054 | AX81: 137.06404 | AY81: 140.26869 | AZ81: 139.36488 | BA81: =AVERAGE(AW81:AZ81) -> 137.20075 | BB81: 144.01094 | BC81: 143.5539 | BD81: 138.67847 | BE81: 140.65551 | BG81: 146.87703 | BH81: 143.09903 | BI81: 141.58354 | BJ81: 140.27391 | BK81: -3.4262851 | BL81: 145.61667 | BM81: 155.81 | BN81: 168.37 | BO81: 155.57 | BQ81: 169.76 | BR81: 171.21 | BS81: 172.64 | BT81: 175.57 | BV81: =BT81+(BT81*3.52/100) -> 181.75006 | BW81: =BV81+(BV81*-0.87/100) -> 180.16884 | BX81: =BW81+(BW81*-1.48/100) -> 177.50234 | BY81: =BX81+(BX81*-0.13/100) -> 177.27159 | CA81: =BY81+(BY81*6.04/100) -> 187.97879 | CB81: =CA81+(CA81*0.82/100) -> 189.52022 | CC81: =CB81+(CB81*2.38/100) -> 194.0308 | CD81: =CC81+(CC81*0.56/100) -> 195.11737 | CF81: =CD81+(CD81*-1.67/100) -> 191.85891
A82: 6 | B82: Pisang-pisangan | D82: 94.927482 | E82: 97.96778 | F82: 103.86769 | G82: 103.23705 | H82: =AVERAGE(D82:G82) -> 100 | I82: 105.57732 | J82: 103.95874 | K82: 104.66541 | L82: 105.41261 | M82: =AVERAGE(I82:L82) -> 104.90352 | N82: 106.04217 | O82: 106.72229 | P82: 108.34549 | Q82: 108.00616 | R82: =AVERAGE(N82:Q82) -> 107.27903 | S82: 110.05132 | T82: 111.40246 | U82: 115.13648 | V82: 114.53418 | W82: =AVERAGE(S82:V82) -> 112.78111 | X82: 116.46797 | Y82: 117.4766 | Z82: 119.94133 | AA82: 123.03575 | AB82: =AVERAGE(X82:AA82) -> 119.23041 | AC82: 121.95765 | AD82: 122.73324 | AE82: 124.54269 | AF82: 126.44433 | AG82: =AVERAGE(AC82:AF82) -> 123.91948 | AH82: 129.74869 | AI82: 131.41895 | AJ82: 133.22304 | AK82: 134.44327 | AL82: =AVERAGE(AH82:AK82) -> 132.20849 | AM82: 135.29382 | AN82: 133.26433 | AO82: 132.47525 | AP82: 129.98137 | AQ82: =AVERAGE(AM82:AP82) -> 132.75369 | AR82: 131.72848 | AS82: 133.80388 | AT82: 133.78399 | AU82: 132.30126 | AV82: =AVERAGE(AR82:AU82) -> 132.9044 | AW82: 132.1054 | AX82: 137.06404 | AY82: 140.26869 | AZ82: 139.36488 | BA82: =AVERAGE(AW82:AZ82) -> 137.20075 | BB82: 144.01094 | BC82: 143.5539 | BD82: 138.67847 | BE82: 140.65551 | BG82: 146.87703 | BH82: 143.09903 | BI82: 141.58354 | BJ82: 140.27391 | BK82: -3.4262851 | BL82: 145.61667 | BM82: 155.81 | BN82: 168.37 | BO82: 155.57 | BQ82: 169.76 | BR82: 171.21 | BS82: 172.64 | BT82: 175.57 | BV82: =BT82+(BT82*3.52/100) -> 181.75006 | BW82: =BV82+(BV82*-0.87/100) -> 180.16884 | BX82: =BW82+(BW82*-1.48/100) -> 177.50234 | BY82: =BX82+(BX82*-0.13/100) -> 177.27159 | CA82: =BY82+(BY82*6.04/100) -> 187.97879 | CB82: =CA82+(CA82*0.82/100) -> 189.52022 | CC82: =CB82+(CB82*2.38/100) -> 194.0308 | CD82: =CC82+(CC82*0.56/100) -> 195.11737 | CF82: =CD82+(CD82*-1.67/100) -> 191.85891
A83: 7 | B83: Krisan | D83: 94.927482 | E83: 97.96778 | F83: 103.86769 | G83: 103.23705 | H83: =AVERAGE(D83:G83) -> 100 | I83: 105.57732 | J83: 103.95874 | K83: 104.66541 | L83: 105.41261 | M83: =AVERAGE(I83:L83) -> 104.90352 | N83: 106.04217 | O83: 106.72229 | P83: 108.34549 | Q83: 108.00616 | R83: =AVERAGE(N83:Q83) -> 107.27903 | S83: 110.05132 | T83: 111.40246 | U83: 115.13648 | V83: 114.53418 | W83: =AVERAGE(S83:V83) -> 112.78111 | X83: 116.46797 | Y83: 117.4766 | Z83: 119.94133 | AA83: 123.03575 | AB83: =AVERAGE(X83:AA83) -> 119.23041 | AC83: 121.95765 | AD83: 122.73324 | AE83: 124.54269 | AF83: 126.44433 | AG83: =AVERAGE(AC83:AF83) -> 123.91948 | AH83: 129.74869 | AI83: 131.41895 | AJ83: 133.22304 | AK83: 134.44327 | AL83: =AVERAGE(AH83:AK83) -> 132.20849 | AM83: 135.29382 | AN83: 133.26433 | AO83: 132.47525 | AP83: 129.98137 | AQ83: =AVERAGE(AM83:AP83) -> 132.75369 | AR83: 131.72848 | AS83: 133.80388 | AT83: 133.78399 | AU83: 132.30126 | AV83: =AVERAGE(AR83:AU83) -> 132.9044 | AW83: 132.1054 | AX83: 137.06404 | AY83: 140.26869 | AZ83: 139.36488 | BA83: =AVERAGE(AW83:AZ83) -> 137.20075 | BB83: 144.01094 | BC83: 143.5539 | BD83: 138.67847 | BE83: 140.65551 | BG83: 146.87703 | BH83: 143.09903 | BI83: 141.58354 | BJ83: 140.27391 | BK83: -3.4262851 | BL83: 145.61667 | BM83: 155.81 | BN83: 168.37 | BO83: 155.57 | BQ83: 169.76 | BR83: 171.21 | BS83: 172.64 | BT83: 175.57 | BV83: =BT83+(BT83*3.52/100) -> 181.75006 | BW83: =BV83+(BV83*-0.87/100) -> 180.16884 | BX83: =BW83+(BW83*-1.48/100) -> 177.50234 | BY83: =BX83+(BX83*-0.13/100) -> 177.27159 | CA83: =BY83+(BY83*6.04/100) -> 187.97879 | CB83: =CA83+(CA83*0.82/100) -> 189.52022 | CC83: =CB83+(CB83*2.38/100) -> 194.0308 | CD83: =CC83+(CC83*0.56/100) -> 195.11737 | CF83: =CD83+(CD83*-1.67/100) -> 191.85891
A84: 8 | B84: Mawar | D84: 94.927482 | E84: 97.96778 | F84: 103.86769 | G84: 103.23705 | H84: =AVERAGE(D84:G84) -> 100 | I84: 105.57732 | J84: 103.95874 | K84: 104.66541 | L84: 105.41261 | M84: =AVERAGE(I84:L84) -> 104.90352 | N84: 106.04217 | O84: 106.72229 | P84: 108.34549 | Q84: 108.00616 | R84: =AVERAGE(N84:Q84) -> 107.27903 | S84: 110.05132 | T84: 111.40246 | U84: 115.13648 | V84: 114.53418 | W84: =AVERAGE(S84:V84) -> 112.78111 | X84: 116.46797 | Y84: 117.4766 | Z84: 119.94133 | AA84: 123.03575 | AB84: =AVERAGE(X84:AA84) -> 119.23041 | AC84: 121.95765 | AD84: 122.73324 | AE84: 124.54269 | AF84: 126.44433 | AG84: =AVERAGE(AC84:AF84) -> 123.91948 | AH84: 129.74869 | AI84: 131.41895 | AJ84: 133.22304 | AK84: 134.44327 | AL84: =AVERAGE(AH84:AK84) -> 132.20849 | AM84: 135.29382 | AN84: 133.26433 | AO84: 132.47525 | AP84: 129.98137 | AQ84: =AVERAGE(AM84:AP84) -> 132.75369 | AR84: 131.72848 | AS84: 133.80388 | AT84: 133.78399 | AU84: 132.30126 | AV84: =AVERAGE(AR84:AU84) -> 132.9044 | AW84: 132.1054 | AX84: 137.06404 | AY84: 140.26869 | AZ84: 139.36488 | BA84: =AVERAGE(AW84:AZ84) -> 137.20075 | BB84: 144.01094 | BC84: 143.5539 | BD84: 138.67847 | BE84: 140.65551 | BG84: 146.87703 | BH84: 143.09903 | BI84: 141.58354 | BJ84: 140.27391 | BK84: -3.4262851 | BL84: 145.61667 | BM84: 155.81 | BN84: 168.37 | BO84: 155.57 | BQ84: 169.76 | BR84: 171.21 | BS84: 172.64 | BT84: 175.57 | BV84: =BT84+(BT84*3.52/100) -> 181.75006 | BW84: =BV84+(BV84*-0.87/100) -> 180.16884 | BX84: =BW84+(BW84*-1.48/100) -> 177.50234 | BY84: =BX84+(BX84*-0.13/100) -> 177.27159 | CA84: =BY84+(BY84*6.04/100) -> 187.97879 | CB84: =CA84+(CA84*0.82/100) -> 189.52022 | CC84: =CB84+(CB84*2.38/100) -> 194.0308 | CD84: =CC84+(CC84*0.56/100) -> 195.11737 | CF84: =CD84+(CD84*-1.67/100) -> 191.85891
A85: 9 | B85: Sedap malam | D85: 94.927482 | E85: 97.96778 | F85: 103.86769 | G85: 103.23705 | H85: =AVERAGE(D85:G85) -> 100 | I85: 105.57732 | J85: 103.95874 | K85: 104.66541 | L85: 105.41261 | M85: =AVERAGE(I85:L85) -> 104.90352 | N85: 106.04217 | O85: 106.72229 | P85: 108.34549 | Q85: 108.00616 | R85: =AVERAGE(N85:Q85) -> 107.27903 | S85: 110.05132 | T85: 111.40246 | U85: 115.13648 | V85: 114.53418 | W85: =AVERAGE(S85:V85) -> 112.78111 | X85: 116.46797 | Y85: 117.4766 | Z85: 119.94133 | AA85: 123.03575 | AB85: =AVERAGE(X85:AA85) -> 119.23041 | AC85: 121.95765 | AD85: 122.73324 | AE85: 124.54269 | AF85: 126.44433 | AG85: =AVERAGE(AC85:AF85) -> 123.91948 | AH85: 129.74869 | AI85: 131.41895 | AJ85: 133.22304 | AK85: 134.44327 | AL85: =AVERAGE(AH85:AK85) -> 132.20849 | AM85: 135.29382 | AN85: 133.26433 | AO85: 132.47525 | AP85: 129.98137 | AQ85: =AVERAGE(AM85:AP85) -> 132.75369 | AR85: 131.72848 | AS85: 133.80388 | AT85: 133.78399 | AU85: 132.30126 | AV85: =AVERAGE(AR85:AU85) -> 132.9044 | AW85: 132.1054 | AX85: 137.06404 | AY85: 140.26869 | AZ85: 139.36488 | BA85: =AVERAGE(AW85:AZ85) -> 137.20075 | BB85: 144.01094 | BC85: 143.5539 | BD85: 138.67847 | BE85: 140.65551 | BG85: 146.87703 | BH85: 143.09903 | BI85: 141.58354 | BJ85: 140.27391 | BK85: -3.4262851 | BL85: 145.61667 | BM85: 155.81 | BN85: 168.37 | BO85: 155.57 | BQ85: 169.76 | BR85: 171.21 | BS85: 172.64 | BT85: 175.57 | BV85: =BT85+(BT85*3.52/100) -> 181.75006 | BW85: =BV85+(BV85*-0.87/100) -> 180.16884 | BX85: =BW85+(BW85*-1.48/100) -> 177.50234 | BY85: =BX85+(BX85*-0.13/100) -> 177.27159 | CA85: =BY85+(BY85*6.04/100) -> 187.97879 | CB85: =CA85+(CA85*0.82/100) -> 189.52022 | CC85: =CB85+(CB85*2.38/100) -> 194.0308 | CD85: =CC85+(CC85*0.56/100) -> 195.11737 | CF85: =CD85+(CD85*-1.67/100) -> 191.85891
B86: Dracanea | BO86: 155.57 | BQ86: 169.76 | BR86: 171.21 | BS86: 172.64 | BT86: 175.57 | BV86: =BT86+(BT86*3.52/100) -> 181.75006 | BW86: =BV86+(BV86*-0.87/100) -> 180.16884 | BX86: =BW86+(BW86*-1.48/100) -> 177.50234 | BY86: =BX86+(BX86*-0.13/100) -> 177.27159 | CA86: =BY86+(BY86*6.04/100) -> 187.97879 | CB86: =CA86+(CA86*0.82/100) -> 189.52022 | CC86: =CB86+(CB86*2.38/100) -> 194.0308 | CD86: =CC86+(CC86*0.56/100) -> 195.11737 | CF86: =CD86+(CD86*-1.67/100) -> 191.85891
A87: 10 | B87: Melati | D87: 94.927482 | E87: 97.96778 | F87: 103.86769 | G87: 103.23705 | H87: =AVERAGE(D87:G87) -> 100 | I87: 105.57732 | J87: 103.95874 | K87: 104.66541 | L87: 105.41261 | M87: =AVERAGE(I87:L87) -> 104.90352 | N87: 106.04217 | O87: 106.72229 | P87: 108.34549 | Q87: 108.00616 | R87: =AVERAGE(N87:Q87) -> 107.27903 | S87: 110.05132 | T87: 111.40246 | U87: 115.13648 | V87: 114.53418 | W87: =AVERAGE(S87:V87) -> 112.78111 | X87: 116.46797 | Y87: 117.4766 | Z87: 119.94133 | AA87: 123.03575 | AB87: =AVERAGE(X87:AA87) -> 119.23041 | AC87: 121.95765 | AD87: 122.73324 | AE87: 124.54269 | AF87: 126.44433 | AG87: =AVERAGE(AC87:AF87) -> 123.91948 | AH87: 129.74869 | AI87: 131.41895 | AJ87: 133.22304 | AK87: 134.44327 | AL87: =AVERAGE(AH87:AK87) -> 132.20849 | AM87: 135.29382 | AN87: 133.26433 | AO87: 132.47525 | AP87: 129.98137 | AQ87: =AVERAGE(AM87:AP87) -> 132.75369 | AR87: 131.72848 | AS87: 133.80388 | AT87: 133.78399 | AU87: 132.30126 | AV87: =AVERAGE(AR87:AU87) -> 132.9044 | AW87: 132.1054 | AX87: 137.06404 | AY87: 140.26869 | AZ87: 139.36488 | BA87: =AVERAGE(AW87:AZ87) -> 137.20075 | BB87: 144.01094 | BC87: 143.5539 | BD87: 138.67847 | BE87: 140.65551 | BG87: 146.87703 | BH87: 143.09903 | BI87: 141.58354 | BJ87: 140.27391 | BK87: -3.4262851 | BL87: 145.61667 | BM87: 155.81 | BN87: 168.37 | BO87: 155.57 | BQ87: 169.76 | BR87: 171.21 | BS87: 172.64 | BT87: 175.57 | BV87: =BT87+(BT87*3.52/100) -> 181.75006 | BW87: =BV87+(BV87*-0.87/100) -> 180.16884 | BX87: =BW87+(BW87*-1.48/100) -> 177.50234 | BY87: =BX87+(BX87*-0.13/100) -> 177.27159 | CA87: =BY87+(BY87*6.04/100) -> 187.97879 | CB87: =CA87+(CA87*0.82/100) -> 189.52022 | CC87: =CB87+(CB87*2.38/100) -> 194.0308 | CD87: =CC87+(CC87*0.56/100) -> 195.11737 | CF87: =CD87+(CD87*-1.67/100) -> 191.85891
BH88: =average(BH50:BH87) -> 149.82559 | BI88: =average(BI50:BI87) -> 149.66363 | BM88: =average(BM50:BM87) -> 161.90094 | BN88: =average(BN50:BN87) -> 169.94271
H89: =G116*I89/100 -> 11797.285 | I89: =I72/G72*100-100 -> 1.62062 | BI89: =BI88/BH88*100-100 -> -0.10810012 | BN89: =BN88/BM88*100-100 -> 4.9670884
A90: HARGA HORTIKULTURA SEMUSIM
D91: 2010 | I91: 2011 | N91: 2012 | S91: 2013 | X91: 2014 | AC91: 2015 | AH91: 2016 | AM91: 2017 | AR91: 2018 | AW91: 2019 | BB91: 2020 | BG91: 2021 | BL91: 2022 | BQ91: 2023 | BV91: 2024 | CA91: 2025 | CF91: 2026
D92: Tw I | E92: Tw II | F92: Tw III | G92: Tw IV | H92: Tahun | I92: Tw I | J92: Tw II | K92: Tw III | L92: Tw IV | M92: Tahun | N92: Tw I | O92: Tw II | P92: Tw III | Q92: Tw IV | R92: Tahun | S92: Tw I | T92: Tw II | U92: Tw III | V92: Tw IV | W92: Tahun | X92: Tw I | Y92: Tw II | Z92: Tw III | AA92: Tw IV | AB92: Tahun | AC92: Tw I | AD92: Tw II | AE92: Tw III | AF92: Tw IV | AG92: Tahun | AH92: Tw I | AI92: Tw II | AJ92: Tw III | AK92: Tw IV | AL92: Tahun | AM92: Tw I | AN92: Tw II | AO92: Tw III | AP92: Tw IV | AQ92: Tahun | AR92: Tw I | AS92: Tw II | AT92: Tw III | AU92: Tw IV | AV92: Tahun | AW92: Tw I | AX92: Tw II | AY92: Tw III | AZ92: Tw IV | BA92: Tahun | BB92: Tw I | BC92: Tw II | BD92: Tw III | BE92: Tw IV | BF92: Tahun | BG92: Tw I | BH92: Tw II | BI92: Tw III | BJ92: Tw IV | BK92: Tahun | BL92: Tw I | BM92: Tw II | BN92: Tw III | BO92: Tw IV | BP92: Tahun | BQ92: Tw I | BR92: Tw II | BS92: Tw III | BT92: Tw IV | BU92: Tahun | BV92: Tw I | BW92: Tw II | BX92: Tw III | BY92: Tw IV | BZ92: Tahun | CA92: Tw I | CB92: Tw II | CC92: Tw III | CD92: Tw IV | CE92: Tahun | CF92: Tw I | CG92: Tw II | CH92: Tw III | CI92: Tw IV | CJ92: Tahun
B93: Sayur-sayuran Semusim
A94: 1 | B94: Kentang | D94: 574880.29 | E94: 575643.21 | F94: 602699.46 | G94: 586973.98 | H94: =AVERAGE(D94:G94) -> 585049.24 | I94: =G94+(G94*(I50/G50*100-100)/100) -> 590873.39 | J94: =I94+(I94*(J50/I50*100-100)/100) -> 612297.17 | K94: =J94+(J94*(K50/J50*100-100)/100) -> 652702.33 | L94: =K94+(K94*(L50/K50*100-100)/100) -> 644592.58 | N94: =L94+(L94*(N50/L50*100-100)/100) -> 625312.92 | O94: =N94+(N94*(O50/N50*100-100)/100) -> 613093.26 | P94: =O94+(O94*(P50/O50*100-100)/100) -> 622672.18 | Q94: =P94+(P94*(Q50/P50*100-100)/100) -> 622077.08 | S94: =Q94+(Q94*(S50/Q50*100-100)/100) -> 623956 | T94: =S94+(S94*(T50/S50*100-100)/100) -> 628773.57 | U94: =T94+(T94*(U50/T50*100-100)/100) -> 662237.2 | V94: =U94+(U94*(V50/U50*100-100)/100) -> 671017.46 | X94: =V94+(V94*(X50/V50*100-100)/100) -> 685816.29 | Y94: =X94+(X94*(Y50/X50*100-100)/100) -> 695422.14 | Z94: =Y94+(Y94*(Z50/Y50*100-100)/100) -> 705502.47 | AA94: =Z94+(Z94*(AA50/Z50*100-100)/100) -> 707240.75 | AC94: =AA94+(AA94*(AC50/AA50*100-100)/100) -> 682084.07 | AD94: =AC94+(AC94*(AD50/AC50*100-100)/100) -> 643974.91 | AE94: =AD94+(AD94*(AE50/AD50*100-100)/100) -> 649106.56 | AF94: =AE94+(AE94*(AF50/AE50*100-100)/100) -> 696562.14 | AH94: =AF94+(AF94*(AH50/AF50*100-100)/100) -> 715435.23 | AI94: =AH94+(AH94*(AI50/AH50*100-100)/100) -> 688731.13 | AJ94: =AI94+(AI94*(AJ50/AI50*100-100)/100) -> 714744.49 | AK94: =AJ94+(AJ94*(AK50/AJ50*100-100)/100) -> 697339.84 | AM94: =AK94+(AK94*(AM50/AK50*100-100)/100) -> 714551.11 | AN94: =AM94+(AM94*(AN50/AM50*100-100)/100) -> 744887.61 | AO94: =AN94+(AN94*(AO50/AN50*100-100)/100) -> 740800.23 | AP94: =AO94+(AO94*(AP50/AO50*100-100)/100) -> 740512.64 | AR94: =AP94+(AP94*(AR50/AP50*100-100)/100) -> 734988.09 | AS94: =AR94+(AR94*(AS50/AR50*100-100)/100) -> 703178.29 | AT94: =AS94+(AS94*(AT50/AS50*100-100)/100) -> 703062.19 | AU94: =AT94+(AT94*(AU50/AT50*100-100)/100) -> 696640.39 | AW94: =AU94+(AU94*(AW50/AU50*100-100)/100) -> 665808.63 | AX94: =AW94+(AW94*(AX50/AW50*100-100)/100) -> 692318.19 | AY94: =AX94+(AX94*(AY50/AX50*100-100)/100) -> 722250.11 | AZ94: =AY94+(AY94*(AZ50/AY50*100-100)/100) -> 723874.58 | BB94: =AZ94+(AZ94*(BB50/AZ50*100-100)/100) -> 773342.58 | BC94: =BB94+(BB94*(BC50/BB50*100-100)/100) -> 736765.89 | BD94: =BC94+(BC94*(BD50/BC50*100-100)/100) -> 750282.29 | BE94: =BD94+(BD94*(BE50/BD50*100-100)/100) -> 740069.58 | BG94: =BE94+(BE94*(BG50/BE50*100-100)/100) -> 747185.21 | BH94: =BG94+(BG94*(BH50/BG50*100-100)/100) -> 772883.43 | BI94: =BH94+(BH94*(BI50/BH50*100-100)/100) -> 766549.66 | BJ94: =BI94+(BI94*(BJ50/BI50*100-100)/100) -> 751722.77 | BL94: =BJ94+(BJ94*(BL50/BJ50*100-100)/100) -> 746288.81 | BM94: =BL94+(BL94*(BM50/BL50*100-100)/100) -> 779637.42 | BN94: =BM94+(BM94*(BN50/BM50*100-100)/100) -> 788239.16 | BO94: =BN94+(BN94*(BO50/BN50*100-100)/100) -> 784434.02 | BQ94: =BO94+(BO94*(BQ50/BO50*100-100)/100) -> 863649.68 | BR94: =BQ94+(BQ94*(BR50/BQ50*100-100)/100) -> 866808.95 | BS94: =BR94+(BR94*(BS50/BR50*100-100)/100) -> 894306.26 | BT94: =BS94+(BS94*(BT50/BS50*100-100)/100) -> 895768.89 | BV94: =BT94+(BT94*(BV50/BT50*100-100)/100) -> 921029.57 | BW94: =BV94+(BV94*(BW50/BV50*100-100)/100) -> 932450.34 | BX94: =BW94+(BW94*(BX50/BW50*100-100)/100) -> 974503.85 | BY94: =BX94+(BX94*(BY50/BX50*100-100)/100) -> 917495.37 | CA94: =BY94+(BY94*(CA50/BY50*100-100)/100) -> 934285.54 | CB94: =CA94+(CA94*(CB50/CA50*100-100)/100) -> 877294.12 | CC94: =CB94+(CB94*(CC50/CB50*100-100)/100) -> 867029.78 | CD94: =CC94+(CC94*(CD50/CC50*100-100)/100) -> 842579.54 | CF94: =CD94+(CD94*(CF50/CD50*100-100)/100) -> 829014.01 | CG94: =CF94+(CF94*(CG50/CF50*100-100)/100) -> 0 | CH94: =CG94+(CG94*(CH50/CG50*100-100)/100) -> #DIV/0! | CI94: =CH94+(CH94*(CI50/CH50*100-100)/100) -> #DIV/0!
A95: =+A94+1 -> 2 | B95: Bawang Merah | D95: 1234136.9 | E95: 1288828.4 | F95: 1419690.1 | G95: 1463650.4 | I95: =G95+(G95*(I51/G51*100-100)/100) -> 1560145.3 | J95: =I95+(I95*(J51/I51*100-100)/100) -> 1541550.2 | K95: =J95+(J95*(K51/J51*100-100)/100) -> 1550628.6 | L95: =K95+(K95*(L51/K51*100-100)/100) -> 1464667.6 | N95: =L95+(L95*(N51/L51*100-100)/100) -> 1397623.8 | O95: =N95+(N95*(O51/N51*100-100)/100) -> 1452999 | P95: =O95+(O95*(P51/O51*100-100)/100) -> 1462942.4 | Q95: =P95+(P95*(Q51/P51*100-100)/100) -> 1448971.4 | S95: =Q95+(Q95*(S51/Q51*100-100)/100) -> 1574980.4 | T95: =S95+(S95*(T51/S51*100-100)/100) -> 1580022.8 | U95: =T95+(T95*(U51/T51*100-100)/100) -> 1631852.8 | V95: =U95+(U95*(V51/U51*100-100)/100) -> 1623781.7 | X95: =V95+(V95*(X51/V51*100-100)/100) -> 1600471.2 | Y95: =X95+(X95*(Y51/X51*100-100)/100) -> 1634834.1 | Z95: =Y95+(Y95*(Z51/Y51*100-100)/100) -> 1654826 | AA95: =Z95+(Z95*(AA51/Z51*100-100)/100) -> 1587675 | AC95: =AA95+(AA95*(AC51/AA51*100-100)/100) -> 1620661.1 | AD95: =AC95+(AC95*(AD51/AC51*100-100)/100) -> 1780401.1 | AE95: =AD95+(AD95*(AE51/AD51*100-100)/100) -> 1647516.9 | AF95: =AE95+(AE95*(AF51/AE51*100-100)/100) -> 1630560.5 | AH95: =AF95+(AF95*(AH51/AF51*100-100)/100) -> 1718112.3 | AI95: =AH95+(AH95*(AI51/AH51*100-100)/100) -> 1858829.6 | AJ95: =AI95+(AI95*(AJ51/AI51*100-100)/100) -> 1955994.2 | AK95: =AJ95+(AJ95*(AK51/AJ51*100-100)/100) -> 2002228.2 | AM95: =AK95+(AK95*(AM51/AK51*100-100)/100) -> 1939829.8 | AN95: =AM95+(AM95*(AN51/AM51*100-100)/100) -> 1838665 | AO95: =AN95+(AN95*(AO51/AN51*100-100)/100) -> 1778160.6 | AP95: =AO95+(AO95*(AP51/AO51*100-100)/100) -> 1645754.1 | AR95: =AP95+(AP95*(AR51/AP51*100-100)/100) -> 1657386.2 | AS95: =AR95+(AR95*(AS51/AR51*100-100)/100) -> 1817878.2 | AT95: =AS95+(AS95*(AT51/AS51*100-100)/100) -> 1671773.7 | AU95: =AT95+(AT95*(AU51/AT51*100-100)/100) -> 1622027 | AW95: =AU95+(AU95*(AW51/AU51*100-100)/100) -> 1752122.5 | AX95: =AW95+(AW95*(AX51/AW51*100-100)/100) -> 1900597.7 | AY95: =AX95+(AX95*(AY51/AX51*100-100)/100) -> 1788903.4 | AZ95: =AY95+(AY95*(AZ51/AY51*100-100)/100) -> 1843481 | BB95: =AZ95+(AZ95*(BB51/AZ51*100-100)/100) -> 2096827 | BC95: =BB95+(BB95*(BC51/BB51*100-100)/100) -> 2421201.7 | BD95: =BC95+(BC95*(BD51/BC51*100-100)/100) -> 2148785.8 | BE95: =BD95+(BD95*(BE51/BD51*100-100)/100) -> 2126712.3 | BG95: =BE95+(BE95*(BG51/BE51*100-100)/100) -> 2036284.1 | BH95: =BG95+(BG95*(BH51/BG51*100-100)/100) -> 1960365.8 | BI95: =BH95+(BH95*(BI51/BH51*100-100)/100) -> 1900575 | BJ95: =BI95+(BI95*(BJ51/BI51*100-100)/100) -> 1752436.2 | BL95: =BJ95+(BJ95*(BL51/BJ51*100-100)/100) -> 1907315.8 | BM95: =BL95+(BL95*(BM51/BL51*100-100)/100) -> 2165225.5 | BN95: =BM95+(BM95*(BN51/BM51*100-100)/100) -> 2477304.5 | BO95: =BN95+(BN95*(BO51/BN51*100-100)/100) -> 2241048.9 | BQ95: =BO95+(BO95*(BQ51/BO51*100-100)/100) -> 2377828.5 | BR95: =BQ95+(BQ95*(BR51/BQ51*100-100)/100) -> 2377287.8 | BS95: =BR95+(BR95*(BS51/BR51*100-100)/100) -> 2195771.1 | BT95: =BS95+(BS95*(BT51/BS51*100-100)/100) -> 2126840.7 | BV95: =BT95+(BT95*(BV51/BT51*100-100)/100) -> 2419706.7 | BW95: =BV95+(BV95*(BW51/BV51*100-100)/100) -> 2842429.4 | BX95: =BW95+(BW95*(BX51/BW51*100-100)/100) -> 2368312.2 | BY95: =BX95+(BX95*(BY51/BX51*100-100)/100) -> 2500700.9 | CA95: =BY95+(BY95*(CA51/BY51*100-100)/100) -> 2582223.7 | CB95: =CA95+(CA95*(CB51/CA51*100-100)/100) -> 2641614.9 | CC95: =CB95+(CB95*(CC51/CB51*100-100)/100) -> 2868793.7 | CD95: =CC95+(CC95*(CD51/CC51*100-100)/100) -> 2863916.8 | CF95: =CD95+(CD95*(CF51/CD51*100-100)/100) -> 2817807.7 | CG95: =CF95+(CF95*(CG51/CF51*100-100)/100) -> 0 | CH95: =CG95+(CG95*(CH51/CG51*100-100)/100) -> #DIV/0! | CI95: =CH95+(CH95*(CI51/CH51*100-100)/100) -> #DIV/0!
A96: =+A95+1 -> 3 | B96: Bawang Putih | D96: 0 | E96: 0 | F96: 0 | G96: 0 | I96: =G96+(G96*(I52/G52*100-100)/100) -> 0 | J96: =I96+(I96*(J52/I52*100-100)/100) -> 0 | K96: =J96+(J96*(K52/J52*100-100)/100) -> 0 | L96: =K96+(K96*(L52/K52*100-100)/100) -> 0 | N96: =L96+(L96*(N52/L52*100-100)/100) -> 0 | O96: =N96+(N96*(O52/N52*100-100)/100) -> 0 | P96: =O96+(O96*(P52/O52*100-100)/100) -> 0 | Q96: =P96+(P96*(Q52/P52*100-100)/100) -> 0 | S96: =Q96+(Q96*(S52/Q52*100-100)/100) -> 0 | T96: =S96+(S96*(T52/S52*100-100)/100) -> 0 | U96: =T96+(T96*(U52/T52*100-100)/100) -> 0 | V96: =U96+(U96*(V52/U52*100-100)/100) -> 0 | X96: =V96+(V96*(X52/V52*100-100)/100) -> 0 | Y96: =X96+(X96*(Y52/X52*100-100)/100) -> 0 | Z96: =Y96+(Y96*(Z52/Y52*100-100)/100) -> 0 | AA96: =Z96+(Z96*(AA52/Z52*100-100)/100) -> 0 | AC96: =AA96+(AA96*(AC52/AA52*100-100)/100) -> 0 | AD96: =AC96+(AC96*(AD52/AC52*100-100)/100) -> 0 | AE96: =AD96+(AD96*(AE52/AD52*100-100)/100) -> 0 | AF96: =AE96+(AE96*(AF52/AE52*100-100)/100) -> 0 | AH96: =AF96+(AF96*(AH52/AF52*100-100)/100) -> 0 | AI96: =AH96+(AH96*(AI52/AH52*100-100)/100) -> 0 | AJ96: =AI96+(AI96*(AJ52/AI52*100-100)/100) -> 0 | AK96: =AJ96+(AJ96*(AK52/AJ52*100-100)/100) -> 0 | AM96: =AK96+(AK96*(AM52/AK52*100-100)/100) -> 0 | AN96: =AM96+(AM96*(AN52/AM52*100-100)/100) -> 0 | AO96: =AN96+(AN96*(AO52/AN52*100-100)/100) -> 0 | AP96: =AO96+(AO96*(AP52/AO52*100-100)/100) -> 0 | AR96: =AP96+(AP96*(AR52/AP52*100-100)/100) -> 0 | AS96: =AR96+(AR96*(AS52/AR52*100-100)/100) -> 0 | AT96: =AS96+(AS96*(AT52/AS52*100-100)/100) -> 0 | AU96: =AT96+(AT96*(AU52/AT52*100-100)/100) -> 0 | AW96: =AU96+(AU96*(AW52/AU52*100-100)/100) -> 0 | AX96: =AW96+(AW96*(AX52/AW52*100-100)/100) -> 0 | AY96: =AX96+(AX96*(AY52/AX52*100-100)/100) -> 0 | AZ96: =AY96+(AY96*(AZ52/AY52*100-100)/100) -> 0 | BB96: =AZ96+(AZ96*(BB52/AZ52*100-100)/100) -> 0 | BC96: =BB96+(BB96*(BC52/BB52*100-100)/100) -> 0 | BD96: =BC96+(BC96*(BD52/BC52*100-100)/100) -> 0 | BE96: =BD96+(BD96*(BE52/BD52*100-100)/100) -> 0 | BG96: =BE96+(BE96*(BG52/BE52*100-100)/100) -> 0 | BH96: =BG96+(BG96*(BH52/BG52*100-100)/100) -> 0 | BI96: =BH96+(BH96*(BI52/BH52*100-100)/100) -> 0 | BJ96: =BI96+(BI96*(BJ52/BI52*100-100)/100) -> 0 | BL96: =BJ96+(BJ96*(BL52/BJ52*100-100)/100) -> 0 | BM96: =BL96+(BL96*(BM52/BL52*100-100)/100) -> 0 | BN96: =BM96+(BM96*(BN52/BM52*100-100)/100) -> 0 | BO96: =BN96+(BN96*(BO52/BN52*100-100)/100) -> 0 | BQ96: =BO96+(BO96*(BQ52/BO52*100-100)/100) -> 0 | BR96: =BQ96+(BQ96*(BR52/BQ52*100-100)/100) -> 0 | BS96: =BR96+(BR96*(BS52/BR52*100-100)/100) -> 0 | BT96: =BS96+(BS96*(BT52/BS52*100-100)/100) -> 0 | BV96: =BT96+(BT96*(BV52/BT52*100-100)/100) -> 0 | BW96: =BV96+(BV96*(BW52/BV52*100-100)/100) -> 0 | BX96: =BW96+(BW96*(BX52/BW52*100-100)/100) -> 0 | BY96: =BX96+(BX96*(BY52/BX52*100-100)/100) -> 0 | CA96: =BY96+(BY96*(CA52/BY52*100-100)/100) -> 0 | CB96: =CA96+(CA96*(CB52/CA52*100-100)/100) -> 0 | CC96: =CB96+(CB96*(CC52/CB52*100-100)/100) -> 0 | CD96: =CC96+(CC96*(CD52/CC52*100-100)/100) -> 0 | CF96: =CD96+(CD96*(CF52/CD52*100-100)/100) -> 0 | CG96: =CF96+(CF96*(CG52/CF52*100-100)/100) -> 0 | CH96: =CG96+(CG96*(CH52/CG52*100-100)/100) -> #DIV/0! | CI96: =CH96+(CH96*(CI52/CH52*100-100)/100) -> #DIV/0!
A97: =+A96+1 -> 4 | B97: Bawang Daun | D97: 504046.69 | E97: 499727.75 | F97: 515099.7 | G97: 522887.95 | I97: =G97+(G97*(I53/G53*100-100)/100) -> 513505.97 | J97: =I97+(I97*(J53/I53*100-100)/100) -> 513316.97 | K97: =J97+(J97*(K53/J53*100-100)/100) -> 509662.39 | L97: =K97+(K97*(L53/K53*100-100)/100) -> 522475.78 | N97: =L97+(L97*(N53/L53*100-100)/100) -> 539754.43 | O97: =N97+(N97*(O53/N53*100-100)/100) -> 540931.75 | P97: =O97+(O97*(P53/O53*100-100)/100) -> 548382.65 | Q97: =P97+(P97*(Q53/P53*100-100)/100) -> 546394.04 | S97: =Q97+(Q97*(S53/Q53*100-100)/100) -> 553162.33 | T97: =S97+(S97*(T53/S53*100-100)/100) -> 561557.17 | U97: =T97+(T97*(U53/T53*100-100)/100) -> 582036.41 | V97: =U97+(U97*(V53/U53*100-100)/100) -> 569586.05 | X97: =V97+(V97*(X53/V53*100-100)/100) -> 574732.13 | Y97: =X97+(X97*(Y53/X53*100-100)/100) -> 580340.83 | Z97: =Y97+(Y97*(Z53/Y53*100-100)/100) -> 596183.01 | AA97: =Z97+(Z97*(AA53/Z53*100-100)/100) -> 605188.47 | AC97: =AA97+(AA97*(AC53/AA53*100-100)/100) -> 592451.2 | AD97: =AC97+(AC97*(AD53/AC53*100-100)/100) -> 592978.86 | AE97: =AD97+(AD97*(AE53/AD53*100-100)/100) -> 606396.15 | AF97: =AE97+(AE97*(AF53/AE53*100-100)/100) -> 649344.46 | AH97: =AF97+(AF97*(AH53/AF53*100-100)/100) -> 666131.77 | AI97: =AH97+(AH97*(AI53/AH53*100-100)/100) -> 696948.17 | AJ97: =AI97+(AI97*(AJ53/AI53*100-100)/100) -> 679405.47 | AK97: =AJ97+(AJ97*(AK53/AJ53*100-100)/100) -> 659782.29 | AM97: =AK97+(AK97*(AM53/AK53*100-100)/100) -> 633834.88 | AN97: =AM97+(AM97*(AN53/AM53*100-100)/100) -> 640578.47 | AO97: =AN97+(AN97*(AO53/AN53*100-100)/100) -> 687120.38 | AP97: =AO97+(AO97*(AP53/AO53*100-100)/100) -> 709971.99 | AR97: =AP97+(AP97*(AR53/AP53*100-100)/100) -> 710538.43 | AS97: =AR97+(AR97*(AS53/AR53*100-100)/100) -> 705281.65 | AT97: =AS97+(AS97*(AT53/AS53*100-100)/100) -> 741661.73 | AU97: =AT97+(AT97*(AU53/AT53*100-100)/100) -> 753115.74 | AW97: =AU97+(AU97*(AW53/AU53*100-100)/100) -> 744164.43 | AX97: =AW97+(AW97*(AX53/AW53*100-100)/100) -> 753020.1 | AY97: =AX97+(AX97*(AY53/AX53*100-100)/100) -> 762152.53 | AZ97: =AY97+(AY97*(AZ53/AY53*100-100)/100) -> 769276.8 | BB97: =AZ97+(AZ97*(BB53/AZ53*100-100)/100) -> 776947.99 | BC97: =BB97+(BB97*(BC53/BB53*100-100)/100) -> 753325.06 | BD97: =BC97+(BC97*(BD53/BC53*100-100)/100) -> 731866.95 | BE97: =BD97+(BD97*(BE53/BD53*100-100)/100) -> 699274.41 | BG97: =BE97+(BE97*(BG53/BE53*100-100)/100) -> 676566.91 | BH97: =BG97+(BG97*(BH53/BG53*100-100)/100) -> 716661.19 | BI97: =BH97+(BH97*(BI53/BH53*100-100)/100) -> 747475.35 | BJ97: =BI97+(BI97*(BJ53/BI53*100-100)/100) -> 742595.4 | BL97: =BJ97+(BJ97*(BL53/BJ53*100-100)/100) -> 749373 | BM97: =BL97+(BL97*(BM53/BL53*100-100)/100) -> 776737.34 | BN97: =BM97+(BM97*(BN53/BM53*100-100)/100) -> 797359.14 | BO97: =BN97+(BN97*(BO53/BN53*100-100)/100) -> 784036.64 | BQ97: =BO97+(BO97*(BQ53/BO53*100-100)/100) -> 795929.91 | BR97: =BQ97+(BQ97*(BR53/BQ53*100-100)/100) -> 803178.16 | BS97: =BR97+(BR97*(BS53/BR53*100-100)/100) -> 845034.29 | BT97: =BS97+(BS97*(BT53/BS53*100-100)/100) -> 897456.53 | BV97: =BT97+(BT97*(BV53/BT53*100-100)/100) -> 943585.79 | BW97: =BV97+(BV97*(BW53/BV53*100-100)/100) -> 1003314.8 | BX97: =BW97+(BW97*(BX53/BW53*100-100)/100) -> 940507.27 | BY97: =BX97+(BX97*(BY53/BX53*100-100)/100) -> 814385.24 | CA97: =BY97+(BY97*(CA53/BY53*100-100)/100) -> 808114.48 | CB97: =CA97+(CA97*(CB53/CA53*100-100)/100) -> 829367.89 | CC97: =CB97+(CB97*(CC53/CB53*100-100)/100) -> 891653.42 | CD97: =CC97+(CC97*(CD53/CC53*100-100)/100) -> 841275 | CF97: =CD97+(CD97*(CF53/CD53*100-100)/100) -> 827730.47 | CG97: =CF97+(CF97*(CG53/CF53*100-100)/100) -> 0 | CH97: =CG97+(CG97*(CH53/CG53*100-100)/100) -> #DIV/0! | CI97: =CH97+(CH97*(CI53/CH53*100-100)/100) -> #DIV/0!
A98: =+A97+1 -> 5 | B98: Kubis/Kol | D98: 391981.34 | E98: 411885.58 | F98: 422312.39 | G98: 413565.95 | I98: =G98+(G98*(I54/G54*100-100)/100) -> 398416.88 | J98: =I98+(I98*(J54/I54*100-100)/100) -> 405897.22 | K98: =J98+(J98*(K54/J54*100-100)/100) -> 462393.89 | L98: =K98+(K98*(L54/K54*100-100)/100) -> 451834.76 | N98: =L98+(L98*(N54/L54*100-100)/100) -> 452439.21 | O98: =N98+(N98*(O54/N54*100-100)/100) -> 453992.57 | P98: =O98+(O98*(P54/O54*100-100)/100) -> 465269.35 | Q98: =P98+(P98*(Q54/P54*100-100)/100) -> 481248.9 | S98: =Q98+(Q98*(S54/Q54*100-100)/100) -> 478905.59 | T98: =S98+(S98*(T54/S54*100-100)/100) -> 484901 | U98: =T98+(T98*(U54/T54*100-100)/100) -> 494163.26 | V98: =U98+(U98*(V54/U54*100-100)/100) -> 486193.4 | X98: =V98+(V98*(X54/V54*100-100)/100) -> 501225.33 | Y98: =X98+(X98*(Y54/X54*100-100)/100) -> 499405.28 | Z98: =Y98+(Y98*(Z54/Y54*100-100)/100) -> 529256.43 | AA98: =Z98+(Z98*(AA54/Z54*100-100)/100) -> 542704.18 | AC98: =AA98+(AA98*(AC54/AA54*100-100)/100) -> 532988.23 | AD98: =AC98+(AC98*(AD54/AC54*100-100)/100) -> 536048.59 | AE98: =AD98+(AD98*(AE54/AD54*100-100)/100) -> 564726.21 | AF98: =AE98+(AE98*(AF54/AE54*100-100)/100) -> 605569.97 | AH98: =AF98+(AF98*(AH54/AF54*100-100)/100) -> 606712.45 | AI98: =AH98+(AH98*(AI54/AH54*100-100)/100) -> 635973.64 | AJ98: =AI98+(AI98*(AJ54/AI54*100-100)/100) -> 594556.67 | AK98: =AJ98+(AJ98*(AK54/AJ54*100-100)/100) -> 582999.35 | AM98: =AK98+(AK98*(AM54/AK54*100-100)/100) -> 599093.56 | AN98: =AM98+(AM98*(AN54/AM54*100-100)/100) -> 591646.89 | AO98: =AN98+(AN98*(AO54/AN54*100-100)/100) -> 605642.82 | AP98: =AO98+(AO98*(AP54/AO54*100-100)/100) -> 581882.27 | AR98: =AP98+(AP98*(AR54/AP54*100-100)/100) -> 581667.73 | AS98: =AR98+(AR98*(AS54/AR54*100-100)/100) -> 609441.72 | AT98: =AS98+(AS98*(AT54/AS54*100-100)/100) -> 602180.35 | AU98: =AT98+(AT98*(AU54/AT54*100-100)/100) -> 623633.55 | AW98: =AU98+(AU98*(AW54/AU54*100-100)/100) -> 597254.54 | AX98: =AW98+(AW98*(AX54/AW54*100-100)/100) -> 604322.72 | AY98: =AX98+(AX98*(AY54/AX54*100-100)/100) -> 606489.04 | AZ98: =AY98+(AY98*(AZ54/AY54*100-100)/100) -> 580421.55 | BB98: =AZ98+(AZ98*(BB54/AZ54*100-100)/100) -> 581278.02 | BC98: =BB98+(BB98*(BC54/BB54*100-100)/100) -> 607763.76 | BD98: =BC98+(BC98*(BD54/BC54*100-100)/100) -> 543929.4 | BE98: =BD98+(BD98*(BE54/BD54*100-100)/100) -> 557785.57 | BG98: =BE98+(BE98*(BG54/BE54*100-100)/100) -> 609843.35 | BH98: =BG98+(BG98*(BH54/BG54*100-100)/100) -> 529279.36 | BI98: =BH98+(BH98*(BI54/BH54*100-100)/100) -> 520765.16 | BJ98: =BI98+(BI98*(BJ54/BI54*100-100)/100) -> 526544.36 | BL98: =BJ98+(BJ98*(BL54/BJ54*100-100)/100) -> 504112.55 | BM98: =BL98+(BL98*(BM54/BL54*100-100)/100) -> 572440.74 | BN98: =BM98+(BM98*(BN54/BM54*100-100)/100) -> 608428.9 | BO98: =BN98+(BN98*(BO54/BN54*100-100)/100) -> 547019.02 | BQ98: =BO98+(BO98*(BQ54/BO54*100-100)/100) -> 600187.76 | BR98: =BQ98+(BQ98*(BR54/BQ54*100-100)/100) -> 599941.8 | BS98: =BR98+(BR98*(BS54/BR54*100-100)/100) -> 584938.13 | BT98: =BS98+(BS98*(BT54/BS54*100-100)/100) -> 601130.61 | BV98: =BT98+(BT98*(BV54/BT54*100-100)/100) -> 619705.55 | BW98: =BV98+(BV98*(BW54/BV54*100-100)/100) -> 679569.1 | BX98: =BW98+(BW98*(BX54/BW54*100-100)/100) -> 599311.99 | BY98: =BX98+(BX98*(BY54/BX54*100-100)/100) -> 551426.96 | CA98: =BY98+(BY98*(CA54/BY54*100-100)/100) -> 590688.56 | CB98: =CA98+(CA98*(CB54/CA54*100-100)/100) -> 569305.64 | CC98: =CB98+(CB98*(CC54/CB54*100-100)/100) -> 561676.94 | CD98: =CC98+(CC98*(CD54/CC54*100-100)/100) -> 500454.16 | CF98: =CD98+(CD98*(CF54/CD54*100-100)/100) -> 492396.84 | CG98: =CF98+(CF98*(CG54/CF54*100-100)/100) -> 0 | CH98: =CG98+(CG98*(CH54/CG54*100-100)/100) -> #DIV/0! | CI98: =CH98+(CH98*(CI54/CH54*100-100)/100) -> #DIV/0!
A99: =+A98+1 -> 6 | B99: Petsai/Sawi | D99: 310889.94 | E99: 324060.53 | F99: 334799.54 | G99: 337554.89 | I99: =G99+(G99*(I55/G55*100-100)/100) -> 345206.9 | J99: =I99+(I99*(J55/I55*100-100)/100) -> 339914.61 | K99: =J99+(J99*(K55/J55*100-100)/100) -> 342225.23 | L99: =K99+(K99*(L55/K55*100-100)/100) -> 344668.36 | N99: =L99+(L99*(N55/L55*100-100)/100) -> 346726.83 | O99: =N99+(N99*(O55/N55*100-100)/100) -> 348950.62 | P99: =O99+(O99*(P55/O55*100-100)/100) -> 354258 | Q99: =P99+(P99*(Q55/P55*100-100)/100) -> 353148.5 | S99: =Q99+(Q99*(S55/Q55*100-100)/100) -> 359835.56 | T99: =S99+(S99*(T55/S55*100-100)/100) -> 364253.39 | U99: =T99+(T99*(U55/T55*100-100)/100) -> 376462.56 | V99: =U99+(U99*(V55/U55*100-100)/100) -> 374493.21 | X99: =V99+(V99*(X55/V55*100-100)/100) -> 380816.15 | Y99: =X99+(X99*(Y55/X55*100-100)/100) -> 384114.06 | Z99: =Y99+(Y99*(Z55/Y55*100-100)/100) -> 392173.01 | AA99: =Z99+(Z99*(AA55/Z55*100-100)/100) -> 402290.84 | AC99: =AA99+(AA99*(AC55/AA55*100-100)/100) -> 398765.77 | AD99: =AC99+(AC99*(AD55/AC55*100-100)/100) -> 401301.74 | AE99: =AD99+(AD99*(AE55/AD55*100-100)/100) -> 407218.1 | AF99: =AE99+(AE99*(AF55/AE55*100-100)/100) -> 413435.9 | AH99: =AF99+(AF99*(AH55/AF55*100-100)/100) -> 424240.19 | AI99: =AH99+(AH99*(AI55/AH55*100-100)/100) -> 429701.46 | AJ99: =AI99+(AI99*(AJ55/AI55*100-100)/100) -> 435600.3 | AK99: =AJ99+(AJ99*(AK55/AJ55*100-100)/100) -> 439590.11 | AM99: =AK99+(AK99*(AM55/AK55*100-100)/100) -> 442371.15 | AN99: =AM99+(AM99*(AN55/AM55*100-100)/100) -> 435735.32 | AO99: =AN99+(AN99*(AO55/AN55*100-100)/100) -> 433155.24 | AP99: =AO99+(AO99*(AP55/AO55*100-100)/100) -> 425001.01 | AR99: =AP99+(AP99*(AR55/AP55*100-100)/100) -> 430713.54 | AS99: =AR99+(AR99*(AS55/AR55*100-100)/100) -> 437499.5 | AT99: =AS99+(AS99*(AT55/AS55*100-100)/100) -> 437434.44 | AU99: =AT99+(AT99*(AU55/AT55*100-100)/100) -> 432586.37 | AW99: =AU99+(AU99*(AW55/AU55*100-100)/100) -> 431945.95 | AX99: =AW99+(AW99*(AX55/AW55*100-100)/100) -> 448159.26 | AY99: =AX99+(AX99*(AY55/AX55*100-100)/100) -> 458637.5 | AZ99: =AY99+(AY99*(AZ55/AY55*100-100)/100) -> 455682.33 | BB99: =AZ99+(AZ99*(BB55/AZ55*100-100)/100) -> 470873.56 | BC99: =BB99+(BB99*(BC55/BB55*100-100)/100) -> 469379.19 | BD99: =BC99+(BC99*(BD55/BC55*100-100)/100) -> 453437.95 | BE99: =BD99+(BD99*(BE55/BD55*100-100)/100) -> 459902.31 | BG99: =BE99+(BE99*(BG55/BE55*100-100)/100) -> 480244.85 | BH99: =BG99+(BG99*(BH55/BG55*100-100)/100) -> 467891.89 | BI99: =BH99+(BH99*(BI55/BH55*100-100)/100) -> 462936.68 | BJ99: =BI99+(BI99*(BJ55/BI55*100-100)/100) -> 458654.58 | BL99: =BJ99+(BJ99*(BL55/BJ55*100-100)/100) -> 476123.84 | BM99: =BL99+(BL99*(BM55/BL55*100-100)/100) -> 509453.05 | BN99: =BM99+(BM99*(BN55/BM55*100-100)/100) -> 550520.57 | BO99: =BN99+(BN99*(BO55/BN55*100-100)/100) -> 508668.32 | BQ99: =BO99+(BO99*(BQ55/BO55*100-100)/100) -> 528024.98 | BR99: =BQ99+(BQ99*(BR55/BQ55*100-100)/100) -> 532406.39 | BS99: =BR99+(BR99*(BS55/BR55*100-100)/100) -> 526063.16 | BT99: =BS99+(BS99*(BT55/BS55*100-100)/100) -> 560068.11 | BV99: =BT99+(BT99*(BV55/BT55*100-100)/100) -> 565108.72 | BW99: =BV99+(BV99*(BW55/BV55*100-100)/100) -> 590764.66 | BX99: =BW99+(BW99*(BX55/BW55*100-100)/100) -> 537064.15 | BY99: =BX99+(BX99*(BY55/BX55*100-100)/100) -> 546301.66 | CA99: =BY99+(BY99*(CA55/BY55*100-100)/100) -> 550125.77 | CB99: =CA99+(CA99*(CB55/CA55*100-100)/100) -> 571525.66 | CC99: =CB99+(CB99*(CC55/CB55*100-100)/100) -> 573983.22 | CD99: =CC99+(CC99*(CD55/CC55*100-100)/100) -> 575705.17 | CF99: =CD99+(CD99*(CF55/CD55*100-100)/100) -> 566436.32 | CG99: =CF99+(CF99*(CG55/CF55*100-100)/100) -> 0 | CH99: =CG99+(CG99*(CH55/CG55*100-100)/100) -> #DIV/0! | CI99: =CH99+(CH99*(CI55/CH55*100-100)/100) -> #DIV/0!
A100: =+A99+1 -> 7 | B100: Wortel | D100: 904699.2 | E100: 930707.97 | F100: 944071.69 | G100: 897458.06 | H100: =AVERAGE(D100:G100) -> 919234.23 | I100: =G100+(G100*(I56/G56*100-100)/100) -> 862294.14 | J100: =I100+(I100*(J56/I56*100-100)/100) -> 871955.97 | K100: =J100+(J100*(K56/J56*100-100)/100) -> 927811.48 | L100: =K100+(K100*(L56/K56*100-100)/100) -> 957389.3 | N100: =L100+(L100*(N56/L56*100-100)/100) -> 1001438.9 | O100: =N100+(N100*(O56/N56*100-100)/100) -> 983785.79 | P100: =O100+(O100*(P56/O56*100-100)/100) -> 1033448 | Q100: =P100+(P100*(Q56/P56*100-100)/100) -> 1073589.5 | S100: =Q100+(Q100*(S56/Q56*100-100)/100) -> 1073518.4 | T100: =S100+(S100*(T56/S56*100-100)/100) -> 1077369.7 | U100: =T100+(T100*(U56/T56*100-100)/100) -> 1099107 | V100: =U100+(U100*(V56/U56*100-100)/100) -> 1071506.1 | X100: =V100+(V100*(X56/V56*100-100)/100) -> 1151985.9 | Y100: =X100+(X100*(Y56/X56*100-100)/100) -> 1187397.9 | Z100: =Y100+(Y100*(Z56/Y56*100-100)/100) -> 1202458.7 | AA100: =Z100+(Z100*(AA56/Z56*100-100)/100) -> 1211128.9 | AC100: =AA100+(AA100*(AC56/AA56*100-100)/100) -> 1259992.7 | AD100: =AC100+(AC100*(AD56/AC56*100-100)/100) -> 1240031.9 | AE100: =AD100+(AD100*(AE56/AD56*100-100)/100) -> 1333441.4 | AF100: =AE100+(AE100*(AF56/AE56*100-100)/100) -> 1544553.7 | AH100: =AF100+(AF100*(AH56/AF56*100-100)/100) -> 1579136.1 | AI100: =AH100+(AH100*(AI56/AH56*100-100)/100) -> 1635511.7 | AJ100: =AI100+(AI100*(AJ56/AI56*100-100)/100) -> 1616099.4 | AK100: =AJ100+(AJ100*(AK56/AJ56*100-100)/100) -> 1530862 | AM100: =AK100+(AK100*(AM56/AK56*100-100)/100) -> 1564381.1 | AN100: =AM100+(AM100*(AN56/AM56*100-100)/100) -> 1709477.5 | AO100: =AN100+(AN100*(AO56/AN56*100-100)/100) -> 1664507 | AP100: =AO100+(AO100*(AP56/AO56*100-100)/100) -> 1646090.3 | AR100: =AP100+(AP100*(AR56/AP56*100-100)/100) -> 1620027.5 | AS100: =AR100+(AR100*(AS56/AR56*100-100)/100) -> 1591259.4 | AT100: =AS100+(AS100*(AT56/AS56*100-100)/100) -> 1615494.6 | AU100: =AT100+(AT100*(AU56/AT56*100-100)/100) -> 1720556.4 | AW100: =AU100+(AU100*(AW56/AU56*100-100)/100) -> 1745351.3 | AX100: =AW100+(AW100*(AX56/AW56*100-100)/100) -> 1728772.9 | AY100: =AX100+(AX100*(AY56/AX56*100-100)/100) -> 1769986.7 | AZ100: =AY100+(AY100*(AZ56/AY56*100-100)/100) -> 1753045.6 | BB100: =AZ100+(AZ100*(BB56/AZ56*100-100)/100) -> 1877650.8 | BC100: =BB100+(BB100*(BC56/BB56*100-100)/100) -> 1828769.1 | BD100: =BC100+(BC100*(BD56/BC56*100-100)/100) -> 1725478.1 | BE100: =BD100+(BD100*(BE56/BD56*100-100)/100) -> 1618344.1 | BG100: =BE100+(BE100*(BG56/BE56*100-100)/100) -> 1670494 | BH100: =BG100+(BG100*(BH56/BG56*100-100)/100) -> 1709557.6 | BI100: =BH100+(BH100*(BI56/BH56*100-100)/100) -> 1688443 | BJ100: =BI100+(BI100*(BJ56/BI56*100-100)/100) -> 1653201.3 | BL100: =BJ100+(BJ100*(BL56/BJ56*100-100)/100) -> 1707466.2 | BM100: =BL100+(BL100*(BM56/BL56*100-100)/100) -> 1698776.5 | BN100: =BM100+(BM100*(BN56/BM56*100-100)/100) -> 1756834.9 | BO100: =BN100+(BN100*(BO56/BN56*100-100)/100) -> 1749578.5 | BQ100: =BO100+(BO100*(BQ56/BO56*100-100)/100) -> 1779177.9 | BR100: =BQ100+(BQ100*(BR56/BQ56*100-100)/100) -> 1718324.5 | BS100: =BR100+(BR100*(BS56/BR56*100-100)/100) -> 1788554 | BT100: =BS100+(BS100*(BT56/BS56*100-100)/100) -> 1805100.3 | BV100: =BT100+(BT100*(BV56/BT56*100-100)/100) -> 1887232.3 | BW100: =BV100+(BV100*(BW56/BV56*100-100)/100) -> 1818725.8 | BX100: =BW100+(BW100*(BX56/BW56*100-100)/100) -> 1773621.4 | BY100: =BX100+(BX100*(BY56/BX56*100-100)/100) -> 1634569.5 | CA100: =BY100+(BY100*(CA56/BY56*100-100)/100) -> 1895119.8 | CB100: =CA100+(CA100*(CB56/CA56*100-100)/100) -> 1868019.6 | CC100: =CB100+(CB100*(CC56/CB56*100-100)/100) -> 1858492.7 | CD100: =CC100+(CC100*(CD56/CC56*100-100)/100) -> 1942682.5 | CF100: =CD100+(CD100*(CF56/CD56*100-100)/100) -> 1911405.3 | CG100: =CF100+(CF100*(CG56/CF56*100-100)/100) -> 0 | CH100: =CG100+(CG100*(CH56/CG56*100-100)/100) -> #DIV/0! | CI100: =CH100+(CH100*(CI56/CH56*100-100)/100) -> #DIV/0!
A101: =+A100+1 -> 8 | B101: Kacang Panjang | D101: 294707.9 | E101: 301044.15 | F101: 309278.23 | G101: 319057.51 | I101: =G101+(G101*(I57/G57*100-100)/100) -> 307616.32 | J101: =I101+(I101*(J57/I57*100-100)/100) -> 315810.94 | K101: =J101+(J101*(K57/J57*100-100)/100) -> 333772.07 | L101: =K101+(K101*(L57/K57*100-100)/100) -> 337347.23 | N101: =L101+(L101*(N57/L57*100-100)/100) -> 340039.1 | O101: =N101+(N101*(O57/N57*100-100)/100) -> 344418.24 | P101: =O101+(O101*(P57/O57*100-100)/100) -> 358628.4 | Q101: =P101+(P101*(Q57/P57*100-100)/100) -> 363446 | S101: =Q101+(Q101*(S57/Q57*100-100)/100) -> 353621.28 | T101: =S101+(S101*(T57/S57*100-100)/100) -> 355112.01 | U101: =T101+(T101*(U57/T57*100-100)/100) -> 370108.54 | V101: =U101+(U101*(V57/U57*100-100)/100) -> 376600.81 | X101: =V101+(V101*(X57/V57*100-100)/100) -> 387873.68 | Y101: =X101+(X101*(Y57/X57*100-100)/100) -> 389071.09 | Z101: =Y101+(Y101*(Z57/Y57*100-100)/100) -> 407825.52 | AA101: =Z101+(Z101*(AA57/Z57*100-100)/100) -> 418345.61 | AC101: =AA101+(AA101*(AC57/AA57*100-100)/100) -> 418181.06 | AD101: =AC101+(AC101*(AD57/AC57*100-100)/100) -> 422551.22 | AE101: =AD101+(AD101*(AE57/AD57*100-100)/100) -> 451979.61 | AF101: =AE101+(AE101*(AF57/AE57*100-100)/100) -> 466024.8 | AH101: =AF101+(AF101*(AH57/AF57*100-100)/100) -> 468578.95 | AI101: =AH101+(AH101*(AI57/AH57*100-100)/100) -> 469846.04 | AJ101: =AI101+(AI101*(AJ57/AI57*100-100)/100) -> 480433.08 | AK101: =AJ101+(AJ101*(AK57/AJ57*100-100)/100) -> 485437.16 | AM101: =AK101+(AK101*(AM57/AK57*100-100)/100) -> 500993.65 | AN101: =AM101+(AM101*(AN57/AM57*100-100)/100) -> 499275.31 | AO101: =AN101+(AN101*(AO57/AN57*100-100)/100) -> 522509.02 | AP101: =AO101+(AO101*(AP57/AO57*100-100)/100) -> 518628.79 | AR101: =AP101+(AP101*(AR57/AP57*100-100)/100) -> 512520.63 | AS101: =AR101+(AR101*(AS57/AR57*100-100)/100) -> 511552.03 | AT101: =AS101+(AS101*(AT57/AS57*100-100)/100) -> 550878.61 | AU101: =AT101+(AT101*(AU57/AT57*100-100)/100) -> 546943.07 | AW101: =AU101+(AU101*(AW57/AU57*100-100)/100) -> 551195.28 | AX101: =AW101+(AW101*(AX57/AW57*100-100)/100) -> 558947.94 | AY101: =AX101+(AX101*(AY57/AX57*100-100)/100) -> 580543.56 | AZ101: =AY101+(AY101*(AZ57/AY57*100-100)/100) -> 591844.94 | BB101: =AZ101+(AZ101*(BB57/AZ57*100-100)/100) -> 596132.62 | BC101: =BB101+(BB101*(BC57/BB57*100-100)/100) -> 567054.43 | BD101: =BC101+(BC101*(BD57/BC57*100-100)/100) -> 569483.16 | BE101: =BD101+(BD101*(BE57/BD57*100-100)/100) -> 582241.47 | BG101: =BE101+(BE101*(BG57/BE57*100-100)/100) -> 608633.25 | BH101: =BG101+(BG101*(BH57/BG57*100-100)/100) -> 585869.92 | BI101: =BH101+(BH101*(BI57/BH57*100-100)/100) -> 602486.82 | BJ101: =BI101+(BI101*(BJ57/BI57*100-100)/100) -> 604293.35 | BL101: =BJ101+(BJ101*(BL57/BJ57*100-100)/100) -> 618004.16 | BM101: =BL101+(BL101*(BM57/BL57*100-100)/100) -> 664471.44 | BN101: =BM101+(BM101*(BN57/BM57*100-100)/100) -> 666971.75 | BO101: =BN101+(BN101*(BO57/BN57*100-100)/100) -> 683989.66 | BQ101: =BO101+(BO101*(BQ57/BO57*100-100)/100) -> 673982.74 | BR101: =BQ101+(BQ101*(BR57/BQ57*100-100)/100) -> 685427.96 | BS101: =BR101+(BR101*(BS57/BR57*100-100)/100) -> 676951.15 | BT101: =BS101+(BS101*(BT57/BS57*100-100)/100) -> 695557.29 | BV101: =BT101+(BT101*(BV57/BT57*100-100)/100) -> 691662.17 | BW101: =BV101+(BV101*(BW57/BV57*100-100)/100) -> 713726.19 | BX101: =BW101+(BW101*(BX57/BW57*100-100)/100) -> 690530.09 | BY101: =BX101+(BX101*(BY57/BX57*100-100)/100) -> 672783.46 | CA101: =BY101+(BY101*(CA57/BY57*100-100)/100) -> 683009.77 | CB101: =CA101+(CA101*(CB57/CA57*100-100)/100) -> 672081.62 | CC101: =CB101+(CB101*(CC57/CB57*100-100)/100) -> 691101.53 | CD101: =CC101+(CC101*(CD57/CC57*100-100)/100) -> 681978.99 | CF101: =CD101+(CD101*(CF57/CD57*100-100)/100) -> 670999.12 | CG101: =CF101+(CF101*(CG57/CF57*100-100)/100) -> 0 | CH101: =CG101+(CG101*(CH57/CG57*100-100)/100) -> #DIV/0! | CI101: =CH101+(CH101*(CI57/CH57*100-100)/100) -> #DIV/0!
A102: =+A101+1 -> 9 | B102: Tomat | D102: 499712.83 | E102: 533773.96 | F102: 524699.97 | G102: 515199.14 | I102: =G102+(G102*(I58/G58*100-100)/100) -> 473685.43 | J102: =I102+(I102*(J58/I58*100-100)/100) -> 517759.08 | K102: =J102+(J102*(K58/J58*100-100)/100) -> 538104.21 | L102: =K102+(K102*(L58/K58*100-100)/100) -> 535283.72 | N102: =L102+(L102*(N58/L58*100-100)/100) -> 574791.72 | O102: =N102+(N102*(O58/N58*100-100)/100) -> 554506.77 | P102: =O102+(O102*(P58/O58*100-100)/100) -> 562108.62 | Q102: =P102+(P102*(Q58/P58*100-100)/100) -> 560357.23 | S102: =Q102+(Q102*(S58/Q58*100-100)/100) -> 571896.73 | T102: =S102+(S102*(T58/S58*100-100)/100) -> 574951.09 | U102: =T102+(T102*(U58/T58*100-100)/100) -> 590105.59 | V102: =U102+(U102*(V58/U58*100-100)/100) -> 580566.88 | X102: =V102+(V102*(X58/V58*100-100)/100) -> 600566.09 | Y102: =X102+(X102*(Y58/X58*100-100)/100) -> 633765.66 | Z102: =Y102+(Y102*(Z58/Y58*100-100)/100) -> 678540.29 | AA102: =Z102+(Z102*(AA58/Z58*100-100)/100) -> 664542.93 | AC102: =AA102+(AA102*(AC58/AA58*100-100)/100) -> 675972.81 | AD102: =AC102+(AC102*(AD58/AC58*100-100)/100) -> 680161.68 | AE102: =AD102+(AD102*(AE58/AD58*100-100)/100) -> 655629.86 | AF102: =AE102+(AE102*(AF58/AE58*100-100)/100) -> 735510.95 | AH102: =AF102+(AF102*(AH58/AF58*100-100)/100) -> 754577.04 | AI102: =AH102+(AH102*(AI58/AH58*100-100)/100) -> 802897.85 | AJ102: =AI102+(AI102*(AJ58/AI58*100-100)/100) -> 772833.05 | AK102: =AJ102+(AJ102*(AK58/AJ58*100-100)/100) -> 755553.44 | AM102: =AK102+(AK102*(AM58/AK58*100-100)/100) -> 728347.47 | AN102: =AM102+(AM102*(AN58/AM58*100-100)/100) -> 776803.23 | AO102: =AN102+(AN102*(AO58/AN58*100-100)/100) -> 783863.69 | AP102: =AO102+(AO102*(AP58/AO58*100-100)/100) -> 751586.33 | AR102: =AP102+(AP102*(AR58/AP58*100-100)/100) -> 763356.18 | AS102: =AR102+(AR102*(AS58/AR58*100-100)/100) -> 766166.21 | AT102: =AS102+(AS102*(AT58/AS58*100-100)/100) -> 794223.27 | AU102: =AT102+(AT102*(AU58/AT58*100-100)/100) -> 757948.84 | AW102: =AU102+(AU102*(AW58/AU58*100-100)/100) -> 793987.79 | AX102: =AW102+(AW102*(AX58/AW58*100-100)/100) -> 796875.87 | AY102: =AX102+(AX102*(AY58/AX58*100-100)/100) -> 739241.25 | AZ102: =AY102+(AY102*(AZ58/AY58*100-100)/100) -> 768987 | BB102: =AZ102+(AZ102*(BB58/AZ58*100-100)/100) -> 859687.62 | BC102: =BB102+(BB102*(BC58/BB58*100-100)/100) -> 878959.2 | BD102: =BC102+(BC102*(BD58/BC58*100-100)/100) -> 836656.1 | BE102: =BD102+(BD102*(BE58/BD58*100-100)/100) -> 802766.91 | BG102: =BE102+(BE102*(BG58/BE58*100-100)/100) -> 833880.67 | BH102: =BG102+(BG102*(BH58/BG58*100-100)/100) -> 841618.35 | BI102: =BH102+(BH102*(BI58/BH58*100-100)/100) -> 926918.2 | BJ102: =BI102+(BI102*(BJ58/BI58*100-100)/100) -> 824591.18 | BL102: =BJ102+(BJ102*(BL58/BJ58*100-100)/100) -> 841059.52 | BM102: =BL102+(BL102*(BM58/BL58*100-100)/100) -> 916123.83 | BN102: =BM102+(BM102*(BN58/BM58*100-100)/100) -> 957604.71 | BO102: =BN102+(BN102*(BO58/BN58*100-100)/100) -> 927581.02 | BQ102: =BO102+(BO102*(BQ58/BO58*100-100)/100) -> 900523.33 | BR102: =BQ102+(BQ102*(BR58/BQ58*100-100)/100) -> 901611.86 | BS102: =BR102+(BR102*(BS58/BR58*100-100)/100) -> 877508.75 | BT102: =BS102+(BS102*(BT58/BS58*100-100)/100) -> 863254.22 | BV102: =BT102+(BT102*(BV58/BT58*100-100)/100) -> 1147351.2 | BW102: =BV102+(BV102*(BW58/BV58*100-100)/100) -> 1190262.1 | BX102: =BW102+(BW102*(BX58/BW58*100-100)/100) -> 1039574.9 | BY102: =BX102+(BX102*(BY58/BX58*100-100)/100) -> 977720.23 | CA102: =BY102+(BY102*(CA58/BY58*100-100)/100) -> 954841.57 | CB102: =CA102+(CA102*(CB58/CA58*100-100)/100) -> 986542.31 | CC102: =CB102+(CB102*(CC58/CB58*100-100)/100) -> 1031134 | CD102: =CC102+(CC102*(CD58/CC58*100-100)/100) -> 924411.65 | CF102: =CD102+(CD102*(CF58/CD58*100-100)/100) -> 909528.63 | CG102: =CF102+(CF102*(CG58/CF58*100-100)/100) -> 0 | CH102: =CG102+(CG102*(CH58/CG58*100-100)/100) -> #DIV/0! | CI102: =CH102+(CH102*(CI58/CH58*100-100)/100) -> #DIV/0!
A103: =+A102+1 -> 10 | B103: Terong | D103: 254628.77 | E103: 269328.57 | F103: 283545.48 | G103: 291876.93 | I103: =G103+(G103*(I59/G59*100-100)/100) -> 288788.68 | J103: =I103+(I103*(J59/I59*100-100)/100) -> 290614.75 | K103: =J103+(J103*(K59/J59*100-100)/100) -> 301024.56 | L103: =K103+(K103*(L59/K59*100-100)/100) -> 302872.24 | N103: =L103+(L103*(N59/L59*100-100)/100) -> 306186.39 | O103: =N103+(N103*(O59/N59*100-100)/100) -> 313082.17 | P103: =O103+(O103*(P59/O59*100-100)/100) -> 323025.51 | Q103: =P103+(P103*(Q59/P59*100-100)/100) -> 329240.95 | S103: =Q103+(Q103*(S59/Q59*100-100)/100) -> 329882.09 | T103: =S103+(S103*(T59/S59*100-100)/100) -> 330079.19 | U103: =T103+(T103*(U59/T59*100-100)/100) -> 340386.42 | V103: =U103+(U103*(V59/U59*100-100)/100) -> 344227.01 | X103: =V103+(V103*(X59/V59*100-100)/100) -> 364473.94 | Y103: =X103+(X103*(Y59/X59*100-100)/100) -> 373087.46 | Z103: =Y103+(Y103*(Z59/Y59*100-100)/100) -> 378147.4 | AA103: =Z103+(Z103*(AA59/Z59*100-100)/100) -> 379219.32 | AC103: =AA103+(AA103*(AC59/AA59*100-100)/100) -> 380161.34 | AD103: =AC103+(AC103*(AD59/AC59*100-100)/100) -> 388020.16 | AE103: =AD103+(AD103*(AE59/AD59*100-100)/100) -> 406639.86 | AF103: =AE103+(AE103*(AF59/AE59*100-100)/100) -> 411635.75 | AH103: =AF103+(AF103*(AH59/AF59*100-100)/100) -> 413674.75 | AI103: =AH103+(AH103*(AI59/AH59*100-100)/100) -> 418057.83 | AJ103: =AI103+(AI103*(AJ59/AI59*100-100)/100) -> 418093.05 | AK103: =AJ103+(AJ103*(AK59/AJ59*100-100)/100) -> 422178.28 | AM103: =AK103+(AK103*(AM59/AK59*100-100)/100) -> 439746.96 | AN103: =AM103+(AM103*(AN59/AM59*100-100)/100) -> 439709.18 | AO103: =AN103+(AN103*(AO59/AN59*100-100)/100) -> 437818.66 | AP103: =AO103+(AO103*(AP59/AO59*100-100)/100) -> 429986.53 | AR103: =AP103+(AP103*(AR59/AP59*100-100)/100) -> 428397.43 | AS103: =AR103+(AR103*(AS59/AR59*100-100)/100) -> 428011.3 | AT103: =AS103+(AS103*(AT59/AS59*100-100)/100) -> 444616.68 | AU103: =AT103+(AT103*(AU59/AT59*100-100)/100) -> 438693.96 | AW103: =AU103+(AU103*(AW59/AU59*100-100)/100) -> 438892.26 | AX103: =AW103+(AW103*(AX59/AW59*100-100)/100) -> 454838.75 | AY103: =AX103+(AX103*(AY59/AX59*100-100)/100) -> 455790.6 | AZ103: =AY103+(AY103*(AZ59/AY59*100-100)/100) -> 443505.04 | BB103: =AZ103+(AZ103*(BB59/AZ59*100-100)/100) -> 443230.54 | BC103: =BB103+(BB103*(BC59/BB59*100-100)/100) -> 447427.42 | BD103: =BC103+(BC103*(BD59/BC59*100-100)/100) -> 448910.85 | BE103: =BD103+(BD103*(BE59/BD59*100-100)/100) -> 451666.71 | BG103: =BE103+(BE103*(BG59/BE59*100-100)/100) -> 511496.84 | BH103: =BG103+(BG103*(BH59/BG59*100-100)/100) -> 504460.19 | BI103: =BH103+(BH103*(BI59/BH59*100-100)/100) -> 500783.14 | BJ103: =BI103+(BI103*(BJ59/BI59*100-100)/100) -> 488759.33 | BL103: =BJ103+(BJ103*(BL59/BJ59*100-100)/100) -> 516307.86 | BM103: =BL103+(BL103*(BM59/BL59*100-100)/100) -> 559194.52 | BN103: =BM103+(BM103*(BN59/BM59*100-100)/100) -> 562914.65 | BO103: =BN103+(BN103*(BO59/BN59*100-100)/100) -> 544907.57 | BQ103: =BO103+(BO103*(BQ59/BO59*100-100)/100) -> 556863.33 | BR103: =BQ103+(BQ103*(BR59/BQ59*100-100)/100) -> 556286.15 | BS103: =BR103+(BR103*(BS59/BR59*100-100)/100) -> 542241.58 | BT103: =BS103+(BS103*(BT59/BS59*100-100)/100) -> 535617.81 | BV103: =BT103+(BT103*(BV59/BT59*100-100)/100) -> 536796.17 | BW103: =BV103+(BV103*(BW59/BV59*100-100)/100) -> 581242.9 | BX103: =BW103+(BW103*(BX59/BW59*100-100)/100) -> 560666.9 | BY103: =BX103+(BX103*(BY59/BX59*100-100)/100) -> 521364.15 | CA103: =BY103+(BY103*(CA59/BY59*100-100)/100) -> 555565.64 | CB103: =CA103+(CA103*(CB59/CA59*100-100)/100) -> 555621.19 | CC103: =CB103+(CB103*(CC59/CB59*100-100)/100) -> 585458.05 | CD103: =CC103+(CC103*(CD59/CC59*100-100)/100) -> 576676.18 | CF103: =CD103+(CD103*(CF59/CD59*100-100)/100) -> 567391.69 | CG103: =CF103+(CF103*(CG59/CF59*100-100)/100) -> 0 | CH103: =CG103+(CG103*(CH59/CG59*100-100)/100) -> #DIV/0! | CI103: =CH103+(CH103*(CI59/CH59*100-100)/100) -> #DIV/0!
A104: =+A103+1 -> 11 | B104: Buncis | D104: 525385.92 | E104: 542212.76 | F104: 574866.43 | G104: 571376.06 | I104: =G104+(G104*(I60/G60*100-100)/100) -> 561025.92 | J104: =I104+(I104*(J60/I60*100-100)/100) -> 577421.85 | K104: =J104+(J104*(K60/J60*100-100)/100) -> 597371.86 | L104: =K104+(K104*(L60/K60*100-100)/100) -> 599068.76 | N104: =L104+(L104*(N60/L60*100-100)/100) -> 591940.29 | O104: =N104+(N104*(O60/N60*100-100)/100) -> 596948.54 | P104: =O104+(O104*(P60/O60*100-100)/100) -> 614786.65 | Q104: =P104+(P104*(Q60/P60*100-100)/100) -> 614040.55 | S104: =Q104+(Q104*(S60/Q60*100-100)/100) -> 600427.65 | T104: =S104+(S104*(T60/S60*100-100)/100) -> 604067.23 | U104: =T104+(T104*(U60/T60*100-100)/100) -> 618884.35 | V104: =U104+(U104*(V60/U60*100-100)/100) -> 628513.48 | X104: =V104+(V104*(X60/V60*100-100)/100) -> 636236.88 | Y104: =X104+(X104*(Y60/X60*100-100)/100) -> 654446 | Z104: =Y104+(Y104*(Z60/Y60*100-100)/100) -> 666386.99 | AA104: =Z104+(Z104*(AA60/Z60*100-100)/100) -> 682636.5 | AC104: =AA104+(AA104*(AC60/AA60*100-100)/100) -> 682400.53 | AD104: =AC104+(AC104*(AD60/AC60*100-100)/100) -> 707477.37 | AE104: =AD104+(AD104*(AE60/AD60*100-100)/100) -> 746342.53 | AF104: =AE104+(AE104*(AF60/AE60*100-100)/100) -> 784963.25 | AH104: =AF104+(AF104*(AH60/AF60*100-100)/100) -> 792363.09 | AI104: =AH104+(AH104*(AI60/AH60*100-100)/100) -> 775395.62 | AJ104: =AI104+(AI104*(AJ60/AI60*100-100)/100) -> 769528.26 | AK104: =AJ104+(AJ104*(AK60/AJ60*100-100)/100) -> 762813 | AM104: =AK104+(AK104*(AM60/AK60*100-100)/100) -> 773752.25 | AN104: =AM104+(AM104*(AN60/AM60*100-100)/100) -> 772959.8 | AO104: =AN104+(AN104*(AO60/AN60*100-100)/100) -> 785845.45 | AP104: =AO104+(AO104*(AP60/AO60*100-100)/100) -> 786233.54 | AR104: =AP104+(AP104*(AR60/AP60*100-100)/100) -> 781670.9 | AS104: =AR104+(AR104*(AS60/AR60*100-100)/100) -> 798030.87 | AT104: =AS104+(AS104*(AT60/AS60*100-100)/100) -> 844389.97 | AU104: =AT104+(AT104*(AU60/AT60*100-100)/100) -> 848112.02 | AW104: =AU104+(AU104*(AW60/AU60*100-100)/100) -> 855760.23 | AX104: =AW104+(AW104*(AX60/AW60*100-100)/100) -> 865381.18 | AY104: =AX104+(AX104*(AY60/AX60*100-100)/100) -> 885624.84 | AZ104: =AY104+(AY104*(AZ60/AY60*100-100)/100) -> 906890.07 | BB104: =AZ104+(AZ104*(BB60/AZ60*100-100)/100) -> 856243.03 | BC104: =BB104+(BB104*(BC60/BB60*100-100)/100) -> 871681.89 | BD104: =BC104+(BC104*(BD60/BC60*100-100)/100) -> 833064.21 | BE104: =BD104+(BD104*(BE60/BD60*100-100)/100) -> 885577.96 | BG104: =BE104+(BE104*(BG60/BE60*100-100)/100) -> 923436.29 | BH104: =BG104+(BG104*(BH60/BG60*100-100)/100) -> 913771.43 | BI104: =BH104+(BH104*(BI60/BH60*100-100)/100) -> 939421.95 | BJ104: =BI104+(BI104*(BJ60/BI60*100-100)/100) -> 941860.36 | BL104: =BJ104+(BJ104*(BL60/BJ60*100-100)/100) -> 947764.87 | BM104: =BL104+(BL104*(BM60/BL60*100-100)/100) -> 1017366.5 | BN104: =BM104+(BM104*(BN60/BM60*100-100)/100) -> 1006385.4 | BO104: =BN104+(BN104*(BO60/BN60*100-100)/100) -> 1070688.7 | BQ104: =BO104+(BO104*(BQ60/BO60*100-100)/100) -> 1092060 | BR104: =BQ104+(BQ104*(BR60/BQ60*100-100)/100) -> 1110603.6 | BS104: =BR104+(BR104*(BS60/BR60*100-100)/100) -> 1064652.5 | BT104: =BS104+(BS104*(BT60/BS60*100-100)/100) -> 1186028.8 | BV104: =BT104+(BT104*(BV60/BT60*100-100)/100) -> 1169543 | BW104: =BV104+(BV104*(BW60/BV60*100-100)/100) -> 1262989.4 | BX104: =BW104+(BW104*(BX60/BW60*100-100)/100) -> 1207417.9 | BY104: =BX104+(BX104*(BY60/BX60*100-100)/100) -> 1268875.5 | CA104: =BY104+(BY104*(CA60/BY60*100-100)/100) -> 1226748.8 | CB104: =CA104+(CA104*(CB60/CA60*100-100)/100) -> 1214604 | CC104: =CB104+(CB104*(CC60/CB60*100-100)/100) -> 1245697.9 | CD104: =CC104+(CC104*(CD60/CC60*100-100)/100) -> 1244825.9 | CF104: =CD104+(CD104*(CF60/CD60*100-100)/100) -> 1224784.2 | CG104: =CF104+(CF104*(CG60/CF60*100-100)/100) -> 0 | CH104: =CG104+(CG104*(CH60/CG60*100-100)/100) -> #DIV/0! | CI104: =CH104+(CH104*(CI60/CH60*100-100)/100) -> #DIV/0!
...

Sheet ADHK
A1: Home | B1: 1.1 Pertanian, Kehutanan & Perikanan | D1: 2010 | E1: 2012 | F1: 2014 | G1: 2016 | H1: 2018 | I1: 2020 | J1: 2022 | K1: 2024 | U1: 2010 | V1: 2012 | W1: 2014 | X1: 2016 | Y1: 2018 | Z1: 2020 | AA1: 2022 | AB1: 2024 | AL1: 2010 | AM1: 2012 | AN1: 2014 | AO1: 2016 | AP1: 2018 | AQ1: 2020 | AR1: 2022 | AS1: 2024 | BC1: 2010 | BD1: 2012 | BE1: 2014 | BF1: 2016 | BG1: 2018 | BH1: 2020 | BI1: 2022 | BJ1: 2024 | BT1: 2010 | BU1: 2012 | BV1: 2014 | BW1: 2016 | BX1: 2018 | BY1: 2020 | BZ1: 2022 | CA1: 2024 | CK1: 2010 | CL1: 2012 | CM1: 2014 | CN1: 2016 | CO1: 2018 | CP1: 2020 | CQ1: 2022 | CR1: 2024 | DB1: 2010 | DC1: 2012 | DD1: 2014 | DE1: 2016 | DF1: 2018 | DG1: 2020 | DH1: 2022 | DI1: 2024 | DS1: 2010 | DT1: 2012 | DU1: 2014 | DV1: 2016 | DW1: 2018 | DX1: 2020 | DY1: 2022 | DZ1: 2024 | EJ1: 2010 | EK1: 2012 | EL1: 2014 | EM1: 2016 | EN1: 2018 | EO1: 2020 | EP1: 2022 | EQ1: 2024 | FA1: 2010 | FB1: 2012 | FC1: 2014 | FD1: 2016 | FE1: 2018 | FF1: 2020 | FG1: 2022 | FH1: 2024 | FR1: 2010 | FS1: 2012 | FT1: 2014 | FU1: 2016 | FV1: 2018 | FW1: 2020 | FX1: 2022 | FY1: 2024 | GI1: 2010 | GJ1: 2012 | GK1: 2014 | GL1: 2016 | GM1: 2018 | GN1: 2020 | GO1: 2022 | GP1: 2024 | GZ1: 2010 | HA1: 2012 | HB1: 2014 | HC1: 2016 | HD1: 2018 | HE1: 2020 | HF1: 2022 | HG1: 2024 | HQ1: 2010 | HR1: 2012 | HS1: 2014 | HT1: 2016 | HU1: 2018 | HV1: 2020 | HW1: 2022 | HX1: 2024 | IH1: 2010 | II1: 2012 | IJ1: 2014 | IK1: 2016 | IL1: 2018 | IM1: 2020 | IN1: 2022 | IO1: 2024 | IY1: 2010 | IZ1: 2012 | JA1: 2014 | JB1: 2016 | JC1: 2018 | JD1: 2020 | JE1: 2022 | JF1: 2024 | JP1: 2010 | JQ1: 2012 | JR1: 2014 | JS1: 2016 | JT1: 2018 | JU1: 2020 | JV1: 2022 | JW1: 2024 | KG1: 2010 | KH1: 2012 | KI1: 2014 | KJ1: 2016 | KK1: 2018 | KL1: 2020 | KM1: 2022 | KN1: 2024
D2: 2011 | E2: 2013 | F2: 2015 | G2: 2017 | H2: 2019 | I2: 2021 | J2: 2023 | K2: 2025 | U2: 2011 | V2: 2013 | W2: 2015 | X2: 2017 | Y2: 2019 | Z2: 2021 | AA2: 2023 | AB2: 2025 | AL2: 2011 | AM2: 2013 | AN2: 2015 | AO2: 2017 | AP2: 2019 | AQ2: 2021 | AR2: 2023 | AS2: 2025 | BC2: 2011 | BD2: 2013 | BE2: 2015 | BF2: 2017 | BG2: 2019 | BH2: 2021 | BI2: 2023 | BJ2: 2025 | BT2: 2011 | BU2: 2013 | BV2: 2015 | BW2: 2017 | BX2: 2019 | BY2: 2021 | BZ2: 2023 | CA2: 2025 | CK2: 2011 | CL2: 2013 | CM2: 2015 | CN2: 2017 | CO2: 2019 | CP2: 2021 | CQ2: 2023 | CR2: 2025 | DB2: 2011 | DC2: 2013 | DD2: 2015 | DE2: 2017 | DF2: 2019 | DG2: 2021 | DH2: 2023 | DI2: 2025 | DS2: 2011 | DT2: 2013 | DU2: 2015 | DV2: 2017 | DW2: 2019 | DX2: 2021 | DY2: 2023 | DZ2: 2025 | EJ2: 2011 | EK2: 2013 | EL2: 2015 | EM2: 2017 | EN2: 2019 | EO2: 2021 | EP2: 2023 | EQ2: 2025 | FA2: 2011 | FB2: 2013 | FC2: 2015 | FD2: 2017 | FE2: 2019 | FF2: 2021 | FG2: 2023 | FH2: 2025 | FR2: 2011 | FS2: 2013 | FT2: 2015 | FU2: 2017 | FV2: 2019 | FW2: 2021 | FX2: 2023 | FY2: 2025 | GI2: 2011 | GJ2: 2013 | GK2: 2015 | GL2: 2017 | GM2: 2019 | GN2: 2021 | GO2: 2023 | GP2: 2025 | GZ2: 2011 | HA2: 2013 | HB2: 2015 | HC2: 2017 | HD2: 2019 | HE2: 2021 | HF2: 2023 | HG2: 2025 | HQ2: 2011 | HR2: 2013 | HS2: 2015 | HT2: 2017 | HU2: 2019 | HV2: 2021 | HW2: 2023 | HX2: 2025 | IH2: 2011 | II2: 2013 | IJ2: 2015 | IK2: 2017 | IL2: 2019 | IM2: 2021 | IN2: 2023 | IO2: 2025 | IY2: 2011 | IZ2: 2013 | JA2: 2015 | JB2: 2017 | JC2: 2019 | JD2: 2021 | JE2: 2023 | JF2: 2025 | JP2: 2011 | JQ2: 2013 | JR2: 2015 | JS2: 2017 | JT2: 2019 | JU2: 2021 | JV2: 2023 | JW2: 2025 | KG2: 2011 | KH2: 2013 | KI2: 2015 | KJ2: 2017 | KK2: 2019 | KL2: 2021 | KM2: 2023 | KN2: 2025
B4: Wilayah | C4: : Provinsi Sulawesi Tenggara | G4: Lembar Pengolahan Penghitungan | P4: ADHK | S4: Wilayah | T4: =C4 -> : Provinsi Sulawesi Tenggara | X4: Lembar Pengolahan Penghitungan | AG4: ADHK | AJ4: Wilayah | AK4: =T4 -> : Provinsi Sulawesi Tenggara | AO4: Lembar Pengolahan Penghitungan | AX4: ADHK | BA4: Wilayah | BB4: =AK4 -> : Provinsi Sulawesi Tenggara | BF4: Lembar Pengolahan Penghitungan | BO4: ADHK | BR4: Wilayah | BS4: =BB4 -> : Provinsi Sulawesi Tenggara | BW4: Lembar Pengolahan Penghitungan | CF4: ADHK | CI4: Wilayah | CJ4: =BS4 -> : Provinsi Sulawesi Tenggara | CN4: Lembar Pengolahan Penghitungan | CW4: ADHK | CZ4: Wilayah | DA4: =CJ4 -> : Provinsi Sulawesi Tenggara | DE4: Lembar Pengolahan Penghitungan | DN4: ADHK | DQ4: Wilayah | DR4: =DA4 -> : Provinsi Sulawesi Tenggara | DV4: Lembar Pengolahan Penghitungan | EE4: ADHK | EH4: Wilayah | EI4: =DR4 -> : Provinsi Sulawesi Tenggara | EM4: Lembar Pengolahan Penghitungan | EV4: ADHK | EY4: Wilayah | EZ4: =EI4 -> : Provinsi Sulawesi Tenggara | FD4: Lembar Pengolahan Penghitungan | FM4: ADHK | FP4: Wilayah | FQ4: =EZ4 -> : Provinsi Sulawesi Tenggara | FU4: Lembar Pengolahan Penghitungan | GD4: ADHK | GG4: Wilayah | GH4: =FQ4 -> : Provinsi Sulawesi Tenggara | GL4: Lembar Pengolahan Penghitungan | GU4: ADHK | GX4: Wilayah | GY4: =GH4 -> : Provinsi Sulawesi Tenggara | HC4: Lembar Pengolahan Penghitungan | HL4: ADHK | HO4: Wilayah | HP4: =GY4 -> : Provinsi Sulawesi Tenggara | HT4: Lembar Pengolahan Penghitungan | IC4: ADHK | IF4: Wilayah | IG4: =HP4 -> : Provinsi Sulawesi Tenggara | IK4: Lembar Pengolahan Penghitungan | IT4: ADHK | IW4: Wilayah | IX4: =IG4 -> : Provinsi Sulawesi Tenggara | JB4: Lembar Pengolahan Penghitungan | JK4: ADHK | JN4: Wilayah | JO4: =IX4 -> : Provinsi Sulawesi Tenggara | JS4: Lembar Pengolahan Penghitungan | KB4: ADHK | KE4: Wilayah | KF4: =JO4 -> : Provinsi Sulawesi Tenggara | KJ4: Lembar Pengolahan Penghitungan | KS4: ADHK
B5: Kategori | C5: : Pertanian, Kehutanan, dan Perikanan | G5: Nilai Tambah Bruto | S5: Kategori | T5: =C5 -> : Pertanian, Kehutanan, dan Perikanan | X5: Nilai Tambah Bruto | AJ5: Kategori | AK5: =T5 -> : Pertanian, Kehutanan, dan Perikanan | AO5: Nilai Tambah Bruto | BA5: Kategori | BB5: =AK5 -> : Pertanian, Kehutanan, dan Perikanan | BF5: Nilai Tambah Bruto | BR5: Kategori | BS5: =BB5 -> : Pertanian, Kehutanan, dan Perikanan | BW5: Nilai Tambah Bruto | CI5: Kategori | CJ5: =BS5 -> : Pertanian, Kehutanan, dan Perikanan | CN5: Nilai Tambah Bruto | CZ5: Kategori | DA5: =CJ5 -> : Pertanian, Kehutanan, dan Perikanan | DE5: Nilai Tambah Bruto | DQ5: Kategori | DR5: =DA5 -> : Pertanian, Kehutanan, dan Perikanan | DV5: Nilai Tambah Bruto | EH5: Kategori | EI5: =DR5 -> : Pertanian, Kehutanan, dan Perikanan | EM5: Nilai Tambah Bruto | EY5: Kategori | EZ5: =EI5 -> : Pertanian, Kehutanan, dan Perikanan | FD5: Nilai Tambah Bruto | FP5: Kategori | FQ5: =EZ5 -> : Pertanian, Kehutanan, dan Perikanan | FU5: Nilai Tambah Bruto | GG5: Kategori | GH5: =FQ5 -> : Pertanian, Kehutanan, dan Perikanan | GL5: Nilai Tambah Bruto | GX5: Kategori | GY5: =GH5 -> : Pertanian, Kehutanan, dan Perikanan | HC5: Nilai Tambah Bruto | HO5: Kategori | HP5: =GY5 -> : Pertanian, Kehutanan, dan Perikanan | HT5: Nilai Tambah Bruto | IF5: Kategori | IG5: =HP5 -> : Pertanian, Kehutanan, dan Perikanan | IK5: Nilai Tambah Bruto | IW5: Kategori | IX5: =IG5 -> : Pertanian, Kehutanan, dan Perikanan | JB5: Nilai Tambah Bruto | JN5: Kategori | JO5: =IX5 -> : Pertanian, Kehutanan, dan Perikanan | JS5: Nilai Tambah Bruto | KE5: Kategori | KF5: =JO5 -> : Pertanian, Kehutanan, dan Perikanan | KJ5: Nilai Tambah Bruto
B6: Subkategori | C6: : Pertanian, Peternakan, Perburuan dan Jasa Pertanian | G6: Atas Dasar Harga Konstan 2010=100 | P6: 2010 | S6: Subkategori | T6: =C6 -> : Pertanian, Peternakan, Perburuan dan Jasa Pertanian | X6: Atas Dasar Harga Konstan 2010=100 | AG6: =P6+1 -> 2011 | AJ6: Subkategori | AK6: =T6 -> : Pertanian, Peternakan, Perburuan dan Jasa Pertanian | AO6: Atas Dasar Harga Konstan 2010=100 | AX6: =AG6+1 -> 2012 | BA6: Subkategori | BB6: =AK6 -> : Pertanian, Peternakan, Perburuan dan Jasa Pertanian | BF6: Atas Dasar Harga Konstan 2010=100 | BO6: =AX6+1 -> 2013 | BR6: Subkategori | BS6: =BB6 -> : Pertanian, Peternakan, Perburuan dan Jasa Pertanian | BW6: Atas Dasar Harga Konstan 2010=100 | CF6: =BO6+1 -> 2014 | CI6: Subkategori | CJ6: =BS6 -> : Pertanian, Peternakan, Perburuan dan Jasa Pertanian | CN6: Atas Dasar Harga Konstan 2010=100 | CW6: =CF6+1 -> 2015 | CZ6: Subkategori | DA6: =CJ6 -> : Pertanian, Peternakan, Perburuan dan Jasa Pertanian | DE6: Atas Dasar Harga Konstan 2010=100 | DN6: =CW6+1 -> 2016 | DQ6: Subkategori | DR6: =DA6 -> : Pertanian, Peternakan, Perburuan dan Jasa Pertanian | DV6: Atas Dasar Harga Konstan 2010=100 | EE6: =DN6+1 -> 2017 | EH6: Subkategori | EI6: =DR6 -> : Pertanian, Peternakan, Perburuan dan Jasa Pertanian | EM6: Atas Dasar Harga Konstan 2010=100 | EV6: =EE6+1 -> 2018 | EY6: Subkategori | EZ6: =EI6 -> : Pertanian, Peternakan, Perburuan dan Jasa Pertanian | FD6: Atas Dasar Harga Konstan 2010=100 | FM6: =EV6+1 -> 2019 | FP6: Subkategori | FQ6: =EZ6 -> : Pertanian, Peternakan, Perburuan dan Jasa Pertanian | FU6: Atas Dasar Harga Konstan 2010=100 | GD6: =FM6+1 -> 2020 | GG6: Subkategori | GH6: =FQ6 -> : Pertanian, Peternakan, Perburuan dan Jasa Pertanian | GL6: Atas Dasar Harga Konstan 2010=100 | GU6: =GD6+1 -> 2021 | GX6: Subkategori | GY6: =GH6 -> : Pertanian, Peternakan, Perburuan dan Jasa Pertanian | HC6: Atas Dasar Harga Konstan 2010=100 | HL6: =GU6+1 -> 2022 | HO6: Subkategori | HP6: =GY6 -> : Pertanian, Peternakan, Perburuan dan Jasa Pertanian | HT6: Atas Dasar Harga Konstan 2010=100 | IC6: =HL6+1 -> 2023 | IF6: Subkategori | IG6: =HP6 -> : Pertanian, Peternakan, Perburuan dan Jasa Pertanian | IK6: Atas Dasar Harga Konstan 2010=100 | IT6: =IC6+1 -> 2024 | IW6: Subkategori | IX6: =IG6 -> : Pertanian, Peternakan, Perburuan dan Jasa Pertanian | JB6: Atas Dasar Harga Konstan 2010=100 | JK6: =IT6+1 -> 2025 | JN6: Subkategori | JO6: =IX6 -> : Pertanian, Peternakan, Perburuan dan Jasa Pertanian | JS6: Atas Dasar Harga Konstan 2010=100 | KB6: =JK6+1 -> 2026 | KE6: Subkategori | KF6: =JO6 -> : Pertanian, Peternakan, Perburuan dan Jasa Pertanian | KJ6: Atas Dasar Harga Konstan 2010=100 | KS6: =KB6+1 -> 2027
B7: Jenis Kegiatan | C7: : Tanaman Hortikultura Semusim | G7: ="Tahun "&P$6 -> Tahun 2010 | S7: Jenis Kegiatan | T7: =C7 -> : Tanaman Hortikultura Semusim | X7: ="Tahun "&AG$6 -> Tahun 2011 | AJ7: Jenis Kegiatan | AK7: =T7 -> : Tanaman Hortikultura Semusim | AO7: ="Tahun "&AX$6 -> Tahun 2012 | BA7: Jenis Kegiatan | BB7: =AK7 -> : Tanaman Hortikultura Semusim | BF7: ="Tahun "&BO$6 -> Tahun 2013 | BR7: Jenis Kegiatan | BS7: =BB7 -> : Tanaman Hortikultura Semusim | BW7: ="Tahun "&CF$6 -> Tahun 2014 | CI7: Jenis Kegiatan | CJ7: =BS7 -> : Tanaman Hortikultura Semusim | CN7: ="Tahun "&CW$6 -> Tahun 2015 | CZ7: Jenis Kegiatan | DA7: =CJ7 -> : Tanaman Hortikultura Semusim | DE7: ="Tahun "&DN$6 -> Tahun 2016 | DQ7: Jenis Kegiatan | DR7: =DA7 -> : Tanaman Hortikultura Semusim | DV7: ="Tahun "&EE$6 -> Tahun 2017 | EH7: Jenis Kegiatan | EI7: =DR7 -> : Tanaman Hortikultura Semusim | EM7: ="Tahun "&EV$6 -> Tahun 2018 | EY7: Jenis Kegiatan | EZ7: =EI7 -> : Tanaman Hortikultura Semusim | FD7: ="Tahun "&FM$6 -> Tahun 2019 | FP7: Jenis Kegiatan | FQ7: =EZ7 -> : Tanaman Hortikultura Semusim | FU7: ="Tahun "&GD$6 -> Tahun 2020 | GG7: Jenis Kegiatan | GH7: =FQ7 -> : Tanaman Hortikultura Semusim | GL7: ="Tahun "&GU$6 -> Tahun 2021 | GX7: Jenis Kegiatan | GY7: =GH7 -> : Tanaman Hortikultura Semusim | HC7: ="Tahun "&HL$6 -> Tahun 2022 | HO7: Jenis Kegiatan | HP7: =GY7 -> : Tanaman Hortikultura Semusim | HT7: ="Tahun "&IC$6 -> Tahun 2023 | IF7: Jenis Kegiatan | IG7: =HP7 -> : Tanaman Hortikultura Semusim | IK7: ="Tahun "&IT$6 -> Tahun 2024 | IW7: Jenis Kegiatan | IX7: =IG7 -> : Tanaman Hortikultura Semusim | JB7: ="Tahun "&JK$6 -> Tahun 2025 | JN7: Jenis Kegiatan | JO7: =IX7 -> : Tanaman Hortikultura Semusim | JS7: ="Tahun "&KB$6 -> Tahun 2026 | KE7: Jenis Kegiatan | KF7: =JO7 -> : Tanaman Hortikultura Semusim | KJ7: ="Tahun "&KS$6 -> Tahun 2027
B8: Metode Estimasi Output | C8: : Revaluasi | S8: Metode Estimasi Output | T8: =C8 -> : Revaluasi | AJ8: Metode Estimasi Output | AK8: =T8 -> : Revaluasi | BA8: Metode Estimasi Output | BB8: =AK8 -> : Revaluasi | BR8: Metode Estimasi Output | BS8: =BB8 -> : Revaluasi | CI8: Metode Estimasi Output | CJ8: =BS8 -> : Revaluasi | CZ8: Metode Estimasi Output | DA8: =CJ8 -> : Revaluasi | DQ8: Metode Estimasi Output | DR8: =DA8 -> : Revaluasi | EH8: Metode Estimasi Output | EI8: =DR8 -> : Revaluasi | EY8: Metode Estimasi Output | EZ8: =EI8 -> : Revaluasi | FP8: Metode Estimasi Output | FQ8: =EZ8 -> : Revaluasi | GG8: Metode Estimasi Output | GH8: =FQ8 -> : Revaluasi | GX8: Metode Estimasi Output | GY8: =GH8 -> : Revaluasi | HO8: Metode Estimasi Output | HP8: =GY8 -> : Revaluasi | IF8: Metode Estimasi Output | IG8: =HP8 -> : Revaluasi | IW8: Metode Estimasi Output | IX8: =IG8 -> : Revaluasi | JN8: Metode Estimasi Output | JO8: =IX8 -> : Revaluasi | KE8: Metode Estimasi Output | KF8: =JO8 -> : Revaluasi
A10: No. | B10: Subkategori/Jenis Kegiatan/Uraian Komoditi | C10: Output Utama | H10: Output Ikutan | J10: WIP | M10: Output ADH Produsen (Juta Rp) [(7)+(9)+(12)] | N10: Konsumsi Antara | P10: Nilai Tambah Bruto (Juta Rp) (13)-(15) | R10: No. | S10: Subkategori/Jenis Kegiatan/Uraian Komoditi | T10: Output Utama | Y10: Output Ikutan | AA10: WIP | AD10: Output ADH Produsen (Juta Rp) [(7)+(9)+(12)] | AE10: Konsumsi Antara | AG10: Nilai Tambah Bruto (Juta Rp) (13)-(15) | AI10: No. | AJ10: Subkategori/Jenis Kegiatan/Uraian Komoditi | AK10: Output Utama | AP10: Output Ikutan | AR10: WIP | AU10: Output ADH Produsen (Juta Rp) [(7)+(9)+(12)] | AV10: Konsumsi Antara | AX10: Nilai Tambah Bruto (Juta Rp) (13)-(15) | AZ10: No. | BA10: Subkategori/Jenis Kegiatan/Uraian Komoditi | BB10: Output Utama | BG10: Output Ikutan | BI10: WIP | BL10: Output ADH Produsen (Juta Rp) [(7)+(9)+(12)] | BM10: Konsumsi Antara | BO10: Nilai Tambah Bruto (Juta Rp) (13)-(15) | BQ10: No. | BR10: Subkategori/Jenis Kegiatan/Uraian Komoditi | BS10: Output Utama | BX10: Output Ikutan | BZ10: WIP | CC10: Output ADH Produsen (Juta Rp) [(7)+(9)+(12)] | CD10: Konsumsi Antara | CF10: Nilai Tambah Bruto (Juta Rp) (13)-(15) | CH10: No. | CI10: Subkategori/Jenis Kegiatan/Uraian Komoditi | CJ10: Output Utama | CO10: Output Ikutan | CQ10: WIP | CT10: Output ADH Produsen (Juta Rp) [(7)+(9)+(12)] | CU10: Konsumsi Antara | CW10: Nilai Tambah Bruto (Juta Rp) (13)-(15) | CY10: No. | CZ10: Subkategori/Jenis Kegiatan/Uraian Komoditi | DA10: Output Utama | DF10: Output Ikutan | DH10: WIP | DK10: Output ADH Produsen (Juta Rp) [(7)+(9)+(12)] | DL10: Konsumsi Antara | DN10: Nilai Tambah Bruto (Juta Rp) (13)-(15) | DP10: No. | DQ10: Subkategori/Jenis Kegiatan/Uraian Komoditi | DR10: Output Utama | DW10: Output Ikutan | DY10: WIP | EB10: Output ADH Produsen (Juta Rp) [(7)+(9)+(12)] | EC10: Konsumsi Antara | EE10: Nilai Tambah Bruto (Juta Rp) (13)-(15) | EG10: No. | EH10: Subkategori/Jenis Kegiatan/Uraian Komoditi | EI10: Output Utama | EN10: Output Ikutan | EP10: WIP | ES10: Output ADH Produsen (Juta Rp) [(7)+(9)+(12)] | ET10: Konsumsi Antara | EV10: Nilai Tambah Bruto (Juta Rp) (13)-(15) | EX10: No. | EY10: Subkategori/Jenis Kegiatan/Uraian Komoditi | EZ10: Output Utama | FE10: Output Ikutan | FG10: WIP | FJ10: Output ADH Produsen (Juta Rp) [(7)+(9)+(12)] | FK10: Konsumsi Antara | FM10: Nilai Tambah Bruto (Juta Rp) (13)-(15) | FO10: No. | FP10: Subkategori/Jenis Kegiatan/Uraian Komoditi | FQ10: Output Utama | FV10: Output Ikutan | FX10: WIP | GA10: Output ADH Produsen (Juta Rp) [(7)+(9)+(12)] | GB10: Konsumsi Antara | GD10: Nilai Tambah Bruto (Juta Rp) (13)-(15) | GF10: No. | GG10: Subkategori/Jenis Kegiatan/Uraian Komoditi | GH10: Output Utama | GM10: Output Ikutan | GO10: WIP | GR10: Output ADH Produsen (Juta Rp) [(7)+(9)+(12)] | GS10: Konsumsi Antara | GU10: Nilai Tambah Bruto (Juta Rp) (13)-(15) | GW10: No. | GX10: Subkategori/Jenis Kegiatan/Uraian Komoditi | GY10: Output Utama | HD10: Output Ikutan | HF10: WIP | HI10: Output ADH Produsen (Juta Rp) [(7)+(9)+(12)] | HJ10: Konsumsi Antara | HL10: Nilai Tambah Bruto (Juta Rp) (13)-(15) | HN10: No. | HO10: Subkategori/Jenis Kegiatan/Uraian Komoditi | HP10: Output Utama | HU10: Output Ikutan | HW10: WIP | HZ10: Output ADH Produsen (Juta Rp) [(7)+(9)+(12)] | IA10: Konsumsi Antara | IC10: Nilai Tambah Bruto (Juta Rp) (13)-(15) | IE10: No. | IF10: Subkategori/Jenis Kegiatan/Uraian Komoditi | IG10: Output Utama | IL10: Output Ikutan | IN10: WIP | IQ10: Output ADH Produsen (Juta Rp) [(7)+(9)+(12)] | IR10: Konsumsi Antara | IT10: Nilai Tambah Bruto (Juta Rp) (13)-(15) | IV10: No. | IW10: Subkategori/Jenis Kegiatan/Uraian Komoditi | IX10: Output Utama | JC10: Output Ikutan | JE10: WIP | JH10: Output ADH Produsen (Juta Rp) [(7)+(9)+(12)] | JI10: Konsumsi Antara | JK10: Nilai Tambah Bruto (Juta Rp) (13)-(15) | JM10: No. | JN10: Subkategori/Jenis Kegiatan/Uraian Komoditi | JO10: Output Utama | JT10: Output Ikutan | JV10: WIP | JY10: Output ADH Produsen (Juta Rp) [(7)+(9)+(12)] | JZ10: Konsumsi Antara | KB10: Nilai Tambah Bruto (Juta Rp) (13)-(15) | KD10: No. | KE10: Subkategori/Jenis Kegiatan/Uraian Komoditi | KF10: Output Utama | KK10: Output Ikutan | KM10: WIP | KP10: Output ADH Produsen (Juta Rp) [(7)+(9)+(12)] | KQ10: Konsumsi Antara | KS10: Nilai Tambah Bruto (Juta Rp) (13)-(15)
C11: Wujud/ Kegiatan | D11: Satuan/ Unit | E11: Kuantum | F11: Harga Produsen tahun 2010 (Rp/Unit) | G11: Nilai (Juta Rp) (5)x(6) | H11: Rasio Tahun 2010 | I11: Nilai (Juta Rp) (8)x(7) | J11: Deflator | K11: WIP Berlaku (Juta Rp) | L11: Nilai (Juta Rp) (11) / (10) x 100 | N11: Rasio Tahun 2010 | O11: Nilai (Juta Rp) ((13)-(12))x(14) | T11: Wujud/ Kegiatan | U11: Satuan/ Unit | V11: Kuantum | W11: Harga Produsen tahun 2010 (Rp/Unit) | X11: Nilai (Juta Rp) (5)x(6) | Y11: Rasio Tahun 2010 | Z11: Nilai (Juta Rp) (8)x(7) | AA11: Deflator | AB11: WIP Berlaku (Juta Rp) | AC11: Nilai (Juta Rp) (11) / (10) x 100 | AE11: Rasio Tahun 2010 | AF11: Nilai (Juta Rp) ((13)-(12))x(14) | AK11: Wujud/ Kegiatan | AL11: Satuan/ Unit | AM11: Kuantum | AN11: Harga Produsen tahun 2010 (Rp/Unit) | AO11: Nilai (Juta Rp) (5)x(6) | AP11: Rasio Tahun 2010 | AQ11: Nilai (Juta Rp) (8)x(7) | AR11: Deflator | AS11: WIP Berlaku (Juta Rp) | AT11: Nilai (Juta Rp) (11) / (10) x 100 | AV11: Rasio Tahun 2010 | AW11: Nilai (Juta Rp) ((13)-(12))x(14) | BB11: Wujud/ Kegiatan | BC11: Satuan/ Unit | BD11: Kuantum | BE11: Harga Produsen tahun 2010 (Rp/Unit) | BF11: Nilai (Juta Rp) (5)x(6) | BG11: Rasio Tahun 2010 | BH11: Nilai (Juta Rp) (8)x(7) | BI11: Deflator | BJ11: WIP Berlaku (Juta Rp) | BK11: Nilai (Juta Rp) (11) / (10) x 100 | BM11: Rasio Tahun 2010 | BN11: Nilai (Juta Rp) ((13)-(12))x(14) | BS11: Wujud/ Kegiatan | BT11: Satuan/ Unit | BU11: Kuantum | BV11: Harga Produsen tahun 2010 (Rp/Unit) | BW11: Nilai (Juta Rp) (5)x(6) | BX11: Rasio Tahun 2010 | BY11: Nilai (Juta Rp) (8)x(7) | BZ11: Deflator | CA11: WIP Berlaku (Juta Rp) | CB11: Nilai (Juta Rp) (11) / (10) x 100 | CD11: Rasio Tahun 2010 | CE11: Nilai (Juta Rp) ((13)-(12))x(14) | CJ11: Wujud/ Kegiatan | CK11: Satuan/ Unit | CL11: Kuantum | CM11: Harga Produsen tahun 2010 (Rp/Unit) | CN11: Nilai (Juta Rp) (5)x(6) | CO11: Rasio Tahun 2010 | CP11: Nilai (Juta Rp) (8)x(7) | CQ11: Deflator | CR11: WIP Berlaku (Juta Rp) | CS11: Nilai (Juta Rp) (11) / (10) x 100 | CU11: Rasio Tahun 2010 | CV11: Nilai (Juta Rp) ((13)-(12))x(14) | DA11: Wujud/ Kegiatan | DB11: Satuan/ Unit | DC11: Kuantum | DD11: Harga Produsen tahun 2010 (Rp/Unit) | DE11: Nilai (Juta Rp) (5)x(6) | DF11: Rasio Tahun 2010 | DG11: Nilai (Juta Rp) (8)x(7) | DH11: Deflator | DI11: WIP Berlaku (Juta Rp) | DJ11: Nilai (Juta Rp) (11) / (10) x 100 | DL11: Rasio Tahun 2010 | DM11: Nilai (Juta Rp) ((13)-(12))x(14) | DR11: Wujud/ Kegiatan | DS11: Satuan/ Unit | DT11: Kuantum | DU11: Harga Produsen tahun 2010 (Rp/Unit) | DV11: Nilai (Juta Rp) (5)x(6) | DW11: Rasio Tahun 2010 | DX11: Nilai (Juta Rp) (8)x(7) | DY11: Deflator | DZ11: WIP Berlaku (Juta Rp) | EA11: Nilai (Juta Rp) (11) / (10) x 100 | EC11: Rasio Tahun 2010 | ED11: Nilai (Juta Rp) ((13)-(12))x(14) | EI11: Wujud/ Kegiatan | EJ11: Satuan/ Unit | EK11: Kuantum | EL11: Harga Produsen tahun 2010 (Rp/Unit) | EM11: Nilai (Juta Rp) (5)x(6) | EN11: Rasio Tahun 2010 | EO11: Nilai (Juta Rp) (8)x(7) | EP11: Deflator | EQ11: WIP Berlaku (Juta Rp) | ER11: Nilai (Juta Rp) (11) / (10) x 100 | ET11: Rasio Tahun 2010 | EU11: Nilai (Juta Rp) ((13)-(12))x(14) | EZ11: Wujud/ Kegiatan | FA11: Satuan/ Unit | FB11: Kuantum | FC11: Harga Produsen tahun 2010 (Rp/Unit) | FD11: Nilai (Juta Rp) (5)x(6) | FE11: Rasio Tahun 2010 | FF11: Nilai (Juta Rp) (8)x(7) | FG11: Deflator | FH11: WIP Berlaku (Juta Rp) | FI11: Nilai (Juta Rp) (11) / (10) x 100 | FK11: Rasio Tahun 2010 | FL11: Nilai (Juta Rp) ((13)-(12))x(14) | FQ11: Wujud/ Kegiatan | FR11: Satuan/ Unit | FS11: Kuantum | FT11: Harga Produsen tahun 2010 (Rp/Unit) | FU11: Nilai (Juta Rp) (5)x(6) | FV11: Rasio Tahun 2010 | FW11: Nilai (Juta Rp) (8)x(7) | FX11: Deflator | FY11: WIP Berlaku (Juta Rp) | FZ11: Nilai (Juta Rp) (11) / (10) x 100 | GB11: Rasio Tahun 2010 | GC11: Nilai (Juta Rp) ((13)-(12))x(14) | GH11: Wujud/ Kegiatan | GI11: Satuan/ Unit | GJ11: Kuantum | GK11: Harga Produsen tahun 2010 (Rp/Unit) | GL11: Nilai (Juta Rp) (5)x(6) | GM11: Rasio Tahun 2010 | GN11: Nilai (Juta Rp) (8)x(7) | GO11: Deflator | GP11: WIP Berlaku (Juta Rp) | GQ11: Nilai (Juta Rp) (11) / (10) x 100 | GS11: Rasio Tahun 2010 | GT11: Nilai (Juta Rp) ((13)-(12))x(14) | GY11: Wujud/ Kegiatan | GZ11: Satuan/ Unit | HA11: Kuantum | HB11: Harga Produsen tahun 2010 (Rp/Unit) | HC11: Nilai (Juta Rp) (5)x(6) | HD11: Rasio Tahun 2010 | HE11: Nilai (Juta Rp) (8)x(7) | HF11: Deflator | HG11: WIP Berlaku (Juta Rp) | HH11: Nilai (Juta Rp) (11) / (10) x 100 | HJ11: Rasio Tahun 2010 | HK11: Nilai (Juta Rp) ((13)-(12))x(14) | HP11: Wujud/ Kegiatan | HQ11: Satuan/ Unit | HR11: Kuantum | HS11: Harga Produsen tahun 2010 (Rp/Unit) | HT11: Nilai (Juta Rp) (5)x(6) | HU11: Rasio Tahun 2010 | HV11: Nilai (Juta Rp) (8)x(7) | HW11: Deflator | HX11: WIP Berlaku (Juta Rp) | HY11: Nilai (Juta Rp) (11) / (10) x 100 | IA11: Rasio Tahun 2010 | IB11: Nilai (Juta Rp) ((13)-(12))x(14) | IG11: Wujud/ Kegiatan | IH11: Satuan/ Unit | II11: Kuantum | IJ11: Harga Produsen tahun 2010 (Rp/Unit) | IK11: Nilai (Juta Rp) (5)x(6) | IL11: Rasio Tahun 2010 | IM11: Nilai (Juta Rp) (8)x(7) | IN11: Deflator | IO11: WIP Berlaku (Juta Rp) | IP11: Nilai (Juta Rp) (11) / (10) x 100 | IR11: Rasio Tahun 2010 | IS11: Nilai (Juta Rp) ((13)-(12))x(14) | IX11: Wujud/ Kegiatan | IY11: Satuan/ Unit | IZ11: Kuantum | JA11: Harga Produsen tahun 2010 (Rp/Unit) | JB11: Nilai (Juta Rp) (5)x(6) | JC11: Rasio Tahun 2010 | JD11: Nilai (Juta Rp) (8)x(7) | JE11: Deflator | JF11: WIP Berlaku (Juta Rp) | JG11: Nilai (Juta Rp) (11) / (10) x 100 | JI11: Rasio Tahun 2010 | JJ11: Nilai (Juta Rp) ((13)-(12))x(14) | JO11: Wujud/ Kegiatan | JP11: Satuan/ Unit | JQ11: Kuantum | JR11: Harga Produsen tahun 2010 (Rp/Unit) | JS11: Nilai (Juta Rp) (5)x(6) | JT11: Rasio Tahun 2010 | JU11: Nilai (Juta Rp) (8)x(7) | JV11: Deflator | JW11: WIP Berlaku (Juta Rp) | JX11: Nilai (Juta Rp) (11) / (10) x 100 | JZ11: Rasio Tahun 2010 | KA11: Nilai (Juta Rp) ((13)-(12))x(14) | KF11: Wujud/ Kegiatan | KG11: Satuan/ Unit | KH11: Kuantum | KI11: Harga Produsen tahun 2010 (Rp/Unit) | KJ11: Nilai (Juta Rp) (5)x(6) | KK11: Rasio Tahun 2010 | KL11: Nilai (Juta Rp) (8)x(7) | KM11: Deflator | KN11: WIP Berlaku (Juta Rp) | KO11: Nilai (Juta Rp) (11) / (10) x 100 | KQ11: Rasio Tahun 2010 | KR11: Nilai (Juta Rp) ((13)-(12))x(14)
A12: -1 | B12: -2 | C12: -3 | D12: -4 | E12: -5 | F12: -6 | G12: -7 | H12: -8 | I12: -9 | J12: -10 | K12: -11 | L12: -12 | M12: -13 | N12: -14 | O12: -15 | P12: -16 | R12: -1 | S12: -2 | T12: -3 | U12: -4 | V12: -5 | W12: -6 | X12: -7 | Y12: -8 | Z12: -9 | AA12: -10 | AB12: -11 | AC12: -12 | AD12: -13 | AE12: -14 | AF12: -15 | AG12: -16 | AI12: -1 | AJ12: -2 | AK12: -3 | AL12: -4 | AM12: -5 | AN12: -6 | AO12: -7 | AP12: -8 | AQ12: -9 | AR12: -10 | AS12: -11 | AT12: -12 | AU12: -13 | AV12: -14 | AW12: -15 | AX12: -16 | AZ12: -1 | BA12: -2 | BB12: -3 | BC12: -4 | BD12: -5 | BE12: -6 | BF12: -7 | BG12: -8 | BH12: -9 | BI12: -10 | BJ12: -11 | BK12: -12 | BL12: -13 | BM12: -14 | BN12: -15 | BO12: -16 | BQ12: -1 | BR12: -2 | BS12: -3 | BT12: -4 | BU12: -5 | BV12: -6 | BW12: -7 | BX12: -8 | BY12: -9 | BZ12: -10 | CA12: -11 | CB12: -12 | CC12: -13 | CD12: -14 | CE12: -15 | CF12: -16 | CH12: -1 | CI12: -2 | CJ12: -3 | CK12: -4 | CL12: -5 | CM12: -6 | CN12: -7 | CO12: -8 | CP12: -9 | CQ12: -10 | CR12: -11 | CS12: -12 | CT12: -13 | CU12: -14 | CV12: -15 | CW12: -16 | CY12: -1 | CZ12: -2 | DA12: -3 | DB12: -4 | DC12: -5 | DD12: -6 | DE12: -7 | DF12: -8 | DG12: -9 | DH12: -10 | DI12: -11 | DJ12: -12 | DK12: -13 | DL12: -14 | DM12: -15 | DN12: -16 | DP12: -1 | DQ12: -2 | DR12: -3 | DS12: -4 | DT12: -5 | DU12: -6 | DV12: -7 | DW12: -8 | DX12: -9 | DY12: -10 | DZ12: -11 | EA12: -12 | EB12: -13 | EC12: -14 | ED12: -15 | EE12: -16 | EG12: -1 | EH12: -2 | EI12: -3 | EJ12: -4 | EK12: -5 | EL12: -6 | EM12: -7 | EN12: -8 | EO12: -9 | EP12: -10 | EQ12: -11 | ER12: -12 | ES12: -13 | ET12: -14 | EU12: -15 | EV12: -16 | EX12: -1 | EY12: -2 | EZ12: -3 | FA12: -4 | FB12: -5 | FC12: -6 | FD12: -7 | FE12: -8 | FF12: -9 | FG12: -10 | FH12: -11 | FI12: -12 | FJ12: -13 | FK12: -14 | FL12: -15 | FM12: -16 | FO12: -1 | FP12: -2 | FQ12: -3 | FR12: -4 | FS12: -5 | FT12: -6 | FU12: -7 | FV12: -8 | FW12: -9 | FX12: -10 | FY12: -11 | FZ12: -12 | GA12: -13 | GB12: -14 | GC12: -15 | GD12: -16 | GF12: -1 | GG12: -2 | GH12: -3 | GI12: -4 | GJ12: -5 | GK12: -6 | GL12: -7 | GM12: -8 | GN12: -9 | GO12: -10 | GP12: -11 | GQ12: -12 | GR12: -13 | GS12: -14 | GT12: -15 | GU12: -16 | GW12: -1 | GX12: -2 | GY12: -3 | GZ12: -4 | HA12: -5 | HB12: -6 | HC12: -7 | HD12: -8 | HE12: -9 | HF12: -10 | HG12: -11 | HH12: -12 | HI12: -13 | HJ12: -14 | HK12: -15 | HL12: -16 | HN12: -1 | HO12: -2 | HP12: -3 | HQ12: -4 | HR12: -5 | HS12: -6 | HT12: -7 | HU12: -8 | HV12: -9 | HW12: -10 | HX12: -11 | HY12: -12 | HZ12: -13 | IA12: -14 | IB12: -15 | IC12: -16 | IE12: -1 | IF12: -2 | IG12: -3 | IH12: -4 | II12: -5 | IJ12: -6 | IK12: -7 | IL12: -8 | IM12: -9 | IN12: -10 | IO12: -11 | IP12: -12 | IQ12: -13 | IR12: -14 | IS12: -15 | IT12: -16 | IV12: -1 | IW12: -2 | IX12: -3 | IY12: -4 | IZ12: -5 | JA12: -6 | JB12: -7 | JC12: -8 | JD12: -9 | JE12: -10 | JF12: -11 | JG12: -12 | JH12: -13 | JI12: -14 | JJ12: -15 | JK12: -16 | JM12: -1 | JN12: -2 | JO12: -3 | JP12: -4 | JQ12: -5 | JR12: -6 | JS12: -7 | JT12: -8 | JU12: -9 | JV12: -10 | JW12: -11 | JX12: -12 | JY12: -13 | JZ12: -14 | KA12: -15 | KB12: -16 | KD12: -1 | KE12: -2 | KF12: -3 | KG12: -4 | KH12: -5 | KI12: -6 | KJ12: -7 | KK12: -8 | KL12: -9 | KM12: -10 | KN12: -11 | KO12: -12 | KP12: -13 | KQ12: -14 | KR12: -15 | KS12: -16
B13: Sayur-sayuran Semusim | S13: Sayur-sayuran Semusim | AJ13: Sayur-sayuran Semusim | BA13: Sayur-sayuran Semusim | BR13: Sayur-sayuran Semusim | CI13: Sayur-sayuran Semusim | CZ13: Sayur-sayuran Semusim | DQ13: Sayur-sayuran Semusim | EH13: Sayur-sayuran Semusim | EY13: Sayur-sayuran Semusim | FP13: Sayur-sayuran Semusim | GG13: Sayur-sayuran Semusim | GX13: Sayur-sayuran Semusim | HO13: Sayur-sayuran Semusim | IF13: Sayur-sayuran Semusim | IW13: Sayur-sayuran Semusim | JN13: Sayur-sayuran Semusim | KE13: Sayur-sayuran Semusim
A14: 1 | B14: Kentang | C14: Umbi Segar | D14: Kwintal | E14: =E115+E216+E317+E418 -> 0 | F14: =G14/E14*1000000 -> #DIV/0! | G14: =G115+G216+G317+G418 -> 0 | I14: =IFERROR(+G14*H14,"") -> 0 | K14: =K115+K216+K317+K418 -> 0 | L14: =L115+L216+L317+L418 -> 0 | M14: =IFERROR(+(IF(G14="","0",G14))+(IF(I14="","0",I14))+(IF(L14="","0",L14)),"") -> 0 | N14: 0.22414732 | O14: =IFERROR(+N14*(M14-L14),"") -> 0 | P14: =IFERROR(+(IF(M14="","0",M14))-(IF(O14="","0",O14)),"") -> 0 | R14: 1 | S14: Kentang | T14: Umbi Segar | U14: Kwintal | V14: =V115+V216+V317+V418 -> 0 | W14: =X14/V14*1000000 -> #DIV/0! | X14: =X115+X216+X317+X418 -> 0 | Z14: =IFERROR(+X14*Y14,"") -> 0 | AB14: =AB115+AB216+AB317+AB418 -> 0 | AC14: =AC115+AC216+AC317+AC418 -> 0 | AD14: =IFERROR(+(IF(X14="","0",X14))+(IF(Z14="","0",Z14))+(IF(AC14="","0",AC14)),"") -> 0 | AE14: 0.22414732 | AF14: =IFERROR(+AE14*(AD14-AC14),"") -> 0 | AG14: =IFERROR(+(IF(AD14="","0",AD14))-(IF(AF14="","0",AF14)),"") -> 0 | AI14: 1 | AJ14: Kentang | AK14: Umbi Segar | AL14: Kwintal | AM14: =AM115+AM216+AM317+AM418 -> 0 | AN14: =AO14/AM14*1000000 -> #DIV/0! | AO14: =AO115+AO216+AO317+AO418 -> 0 | AQ14: =IFERROR(+AO14*AP14,"") -> 0 | AS14: =AS115+AS216+AS317+AS418 -> 0 | AT14: =AT115+AT216+AT317+AT418 -> 0 | AU14: =IFERROR(+(IF(AO14="","0",AO14))+(IF(AQ14="","0",AQ14))+(IF(AT14="","0",AT14)),"") -> 0 | AV14: 0.22414732 | AW14: =IFERROR(+AV14*(AU14-AT14),"") -> 0 | AX14: =IFERROR(+(IF(AU14="","0",AU14))-(IF(AW14="","0",AW14)),"") -> 0 | AZ14: 1 | BA14: Kentang | BB14: Umbi Segar | BC14: Kwintal | BD14: =BD115+BD216+BD317+BD418 -> 0 | BE14: =BF14/BD14*1000000 -> #DIV/0! | BF14: =BF115+BF216+BF317+BF418 -> 0 | BH14: =IFERROR(+BF14*BG14,"") -> 0 | BJ14: =BJ115+BJ216+BJ317+BJ418 -> 0 | BK14: =BK115+BK216+BK317+BK418 -> 0 | BL14: =IFERROR(+(IF(BF14="","0",BF14))+(IF(BH14="","0",BH14))+(IF(BK14="","0",BK14)),"") -> 0 | BM14: 0.22414732 | BN14: =IFERROR(+BM14*(BL14-BK14),"") -> 0 | BO14: =IFERROR(+(IF(BL14="","0",BL14))-(IF(BN14="","0",BN14)),"") -> 0 | BQ14: 1 | BR14: Kentang | BS14: Umbi Segar | BT14: Kwintal | BU14: =BU115+BU216+BU317+BU418 -> 0 | BV14: =BW14/BU14*1000000 -> #DIV/0! | BW14: =BW115+BW216+BW317+BW418 -> 0 | BY14: =IFERROR(+BW14*BX14,"") -> 0 | CA14: =CA115+CA216+CA317+CA418 -> 0 | CB14: =CB115+CB216+CB317+CB418 -> 0 | CC14: =IFERROR(+(IF(BW14="","0",BW14))+(IF(BY14="","0",BY14))+(IF(CB14="","0",CB14)),"") -> 0 | CD14: 0.22414732 | CE14: =IFERROR(+CD14*(CC14-CB14),"") -> 0 | CF14: =IFERROR(+(IF(CC14="","0",CC14))-(IF(CE14="","0",CE14)),"") -> 0 | CH14: 1 | CI14: Kentang | CJ14: Umbi Segar | CK14: Kwintal | CL14: =CL115+CL216+CL317+CL418 -> 250 | CM14: =CN14/CL14*1000000 -> 585049.24 | CN14: =CN115+CN216+CN317+CN418 -> 146.26231 | CP14: =IFERROR(+CN14*CO14,"") -> 0 | CR14: =CR115+CR216+CR317+CR418 -> 0 | CS14: =CS115+CS216+CS317+CS418 -> 0 | CT14: =IFERROR(+(IF(CN14="","0",CN14))+(IF(CP14="","0",CP14))+(IF(CS14="","0",CS14)),"") -> 146.26231 | CU14: 0.22414732 | CV14: =IFERROR(+CU14*(CT14-CS14),"") -> 32.784305 | CW14: =IFERROR(+(IF(CT14="","0",CT14))-(IF(CV14="","0",CV14)),"") -> 113.478 | CY14: 1 | CZ14: Kentang | DA14: Umbi Segar | DB14: Kwintal | DC14: =DC115+DC216+DC317+DC418 -> 57 | DD14: =DE14/DC14*1000000 -> 585049.24 | DE14: =DE115+DE216+DE317+DE418 -> 33.347806 | DG14: =IFERROR(+DE14*DF14,"") -> 0 | DI14: =DI115+DI216+DI317+DI418 -> 0 | DJ14: =DJ115+DJ216+DJ317+DJ418 -> 0 | DK14: =IFERROR(+(IF(DE14="","0",DE14))+(IF(DG14="","0",DG14))+(IF(DJ14="","0",DJ14)),"") -> 33.347806 | DL14: 0.22414732 | DM14: =IFERROR(+DL14*(DK14-DJ14),"") -> 7.4748215 | DN14: =IFERROR(+(IF(DK14="","0",DK14))-(IF(DM14="","0",DM14)),"") -> 25.872985 | DP14: 1 | DQ14: Kentang | DR14: Umbi Segar | DS14: Kwintal | DT14: =DT115+DT216+DT317+DT418 -> 0 | DU14: =DV14/DT14*1000000 -> #DIV/0! | DV14: =DV115+DV216+DV317+DV418 -> 0 | DX14: =IFERROR(+DV14*DW14,"") -> 0 | DZ14: =DZ115+DZ216+DZ317+DZ418 -> 0 | EA14: =EA115+EA216+EA317+EA418 -> 0 | EB14: =IFERROR(+(IF(DV14="","0",DV14))+(IF(DX14="","0",DX14))+(IF(EA14="","0",EA14)),"") -> 0 | EC14: 0.22414732 | ED14: =IFERROR(+EC14*(EB14-EA14),"") -> 0 | EE14: =IFERROR(+(IF(EB14="","0",EB14))-(IF(ED14="","0",ED14)),"") -> 0 | EG14: 1 | EH14: Kentang | EI14: Umbi Segar | EJ14: Kwintal | EK14: =EK115+EK216+EK317+EK418 -> 0 | EL14: =EM14/EK14*1000000 -> #DIV/0! | EM14: =EM115+EM216+EM317+EM418 -> 0 | EO14: =IFERROR(+EM14*EN14,"") -> 0 | EQ14: =EQ115+EQ216+EQ317+EQ418 -> 0 | ER14: =ER115+ER216+ER317+ER418 -> 0 | ES14: =IFERROR(+(IF(EM14="","0",EM14))+(IF(EO14="","0",EO14))+(IF(ER14="","0",ER14)),"") -> 0 | ET14: 0.22414732 | EU14: =IFERROR(+ET14*(ES14-ER14),"") -> 0 | EV14: =IFERROR(+(IF(ES14="","0",ES14))-(IF(EU14="","0",EU14)),"") -> 0 | EX14: 1 | EY14: Kentang | EZ14: Umbi Segar | FA14: Kwintal | FB14: =FB115+FB216+FB317+FB418 -> 48 | FC14: =FD14/FB14*1000000 -> 585049.24 | FD14: =FD115+FD216+FD317+FD418 -> 28.082363 | FF14: =IFERROR(+FD14*FE14,"") -> 0 | FH14: =FH115+FH216+FH317+FH418 -> 0 | FI14: =FI115+FI216+FI317+FI418 -> 0 | FJ14: =IFERROR(+(IF(FD14="","0",FD14))+(IF(FF14="","0",FF14))+(IF(FI14="","0",FI14)),"") -> 28.082363 | FK14: 0.22414732 | FL14: =IFERROR(+FK14*(FJ14-FI14),"") -> 6.2945865 | FM14: =IFERROR(+(IF(FJ14="","0",FJ14))-(IF(FL14="","0",FL14)),"") -> 21.787777 | FO14: 1 | FP14: Kentang | FQ14: Umbi Segar | FR14: Kwintal | FS14: =FS115+FS216+FS317+FS418 -> 0 | FT14: =FU14/FS14*1000000 -> #DIV/0! | FU14: =FU115+FU216+FU317+FU418 -> 0 | FW14: =IFERROR(+FU14*FV14,"") -> 0 | FY14: =FY115+FY216+FY317+FY418 -> 0 | FZ14: =FZ115+FZ216+FZ317+FZ418 -> 0 | GA14: =IFERROR(+(IF(FU14="","0",FU14))+(IF(FW14="","0",FW14))+(IF(FZ14="","0",FZ14)),"") -> 0 | GB14: 0.22414732 | GC14: =IFERROR(+GB14*(GA14-FZ14),"") -> 0 | GD14: =IFERROR(+(IF(GA14="","0",GA14))-(IF(GC14="","0",GC14)),"") -> 0 | GF14: 1 | GG14: Kentang | GH14: Umbi Segar | GI14: Kwintal | GJ14: =GJ115+GJ216+GJ317+GJ418 -> 0 | GK14: =GL14/GJ14*1000000 -> #DIV/0! | GL14: =GL115+GL216+GL317+GL418 -> 0 | GN14: =IFERROR(+GL14*GM14,"") -> 0 | GP14: =GP115+GP216+GP317+GP418 -> 0 | GQ14: =GQ115+GQ216+GQ317+GQ418 -> 0 | GR14: =IFERROR(+(IF(GL14="","0",GL14))+(IF(GN14="","0",GN14))+(IF(GQ14="","0",GQ14)),"") -> 0 | GS14: 0.22414732 | GT14: =IFERROR(+GS14*(GR14-GQ14),"") -> 0 | GU14: =IFERROR(+(IF(GR14="","0",GR14))-(IF(GT14="","0",GT14)),"") -> 0 | GW14: 1 | GX14: Kentang | GY14: Umbi Segar | GZ14: Kwintal | HA14: =HA115+HA216+HA317+HA418 -> 0 | HB14: =HC14/HA14*1000000 -> #DIV/0! | HC14: =HC115+HC216+HC317+HC418 -> 0 | HE14: =IFERROR(+HC14*HD14,"") -> 0 | HG14: =HG115+HG216+HG317+HG418 -> 0 | HH14: =HH115+HH216+HH317+HH418 -> 0 | HI14: =IFERROR(+(IF(HC14="","0",HC14))+(IF(HE14="","0",HE14))+(IF(HH14="","0",HH14)),"") -> 0 | HJ14: 0.22414732 | HK14: =IFERROR(+HJ14*(HI14-HH14),"") -> 0 | HL14: =IFERROR(+(IF(HI14="","0",HI14))-(IF(HK14="","0",HK14)),"") -> 0 | HN14: 1 | HO14: Kentang | HP14: Umbi Segar | HQ14: Kwintal | HR14: =HR115+HR216+HR317+HR418 -> 6 | HS14: =HT14/HR14*1000000 -> 585049.24 | HT14: =HT115+HT216+HT317+HT418 -> 3.5102954 | HV14: =IFERROR(+HT14*HU14,"") -> 0 | HX14: =HX115+HX216+HX317+HX418 -> 0 | HY14: =HY115+HY216+HY317+HY418 -> 0 | HZ14: =IFERROR(+(IF(HT14="","0",HT14))+(IF(HV14="","0",HV14))+(IF(HY14="","0",HY14)),"") -> 3.5102954 | IA14: 0.22414732 | IB14: =IFERROR(+IA14*(HZ14-HY14),"") -> 0.78682332 | IC14: =IFERROR(+(IF(HZ14="","0",HZ14))-(IF(IB14="","0",IB14)),"") -> 2.7234721 | IE14: 1 | IF14: Kentang | IG14: Umbi Segar | IH14: Kwintal | II14: =II115+II216+II317+II418 -> 53 | IJ14: =IK14/II14*1000000 -> 585049.24 | IK14: =IK115+IK216+IK317+IK418 -> 31.00761 | IM14: =IFERROR(+IK14*IL14,"") -> 0 | IO14: =IO115+IO216+IO317+IO418 -> 0 | IP14: =IP115+IP216+IP317+IP418 -> 0 | IQ14: =IFERROR(+(IF(IK14="","0",IK14))+(IF(IM14="","0",IM14))+(IF(IP14="","0",IP14)),"") -> 31.00761 | IR14: 0.22414732 | IS14: =IFERROR(+IR14*(IQ14-IP14),"") -> 6.9502726 | IT14: =IFERROR(+(IF(IQ14="","0",IQ14))-(IF(IS14="","0",IS14)),"") -> 24.057337 | IV14: 1 | IW14: Kentang | IX14: Umbi Segar | IY14: Kwintal | IZ14: =IZ115+IZ216+IZ317+IZ418 -> 23 | JA14: =JB14/IZ14*1000000 -> 585049.24 | JB14: =JB115+JB216+JB317+JB418 -> 13.456132 | JD14: =IFERROR(+JB14*JC14,"") -> 0 | JF14: =JF115+JF216+JF317+JF418 -> 0 | JG14: =JG115+JG216+JG317+JG418 -> 0 | JH14: =IFERROR(+(IF(JB14="","0",JB14))+(IF(JD14="","0",JD14))+(IF(JG14="","0",JG14)),"") -> 13.456132 | JI14: 0.22414732 | JJ14: =IFERROR(+JI14*(JH14-JG14),"") -> 3.0161561 | JK14: =IFERROR(+(IF(JH14="","0",JH14))-(IF(JJ14="","0",JJ14)),"") -> 10.439976 | JM14: 1 | JN14: Kentang | JO14: Umbi Segar | JP14: Kwintal | JQ14: =JQ115+JQ216+JQ317+JQ418 -> 0 | JR14: =JS14/JQ14*1000000 -> #DIV/0! | JS14: =JS115+JS216+JS317+JS418 -> 0 | JU14: =IFERROR(+JS14*JT14,"") -> 0 | JW14: =JW115+JW216+JW317+JW418 -> 0 | JX14: =JX115+JX216+JX317+JX418 -> 0 | JY14: =IFERROR(+(IF(JS14="","0",JS14))+(IF(JU14="","0",JU14))+(IF(JX14="","0",JX14)),"") -> 0 | JZ14: 0.22414732 | KA14: =IFERROR(+JZ14*(JY14-JX14),"") -> 0 | KB14: =IFERROR(+(IF(JY14="","0",JY14))-(IF(KA14="","0",KA14)),"") -> 0 | KD14: 1 | KE14: Kentang | KF14: Umbi Segar | KG14: Kwintal | KH14: =KH115+KH216+KH317+KH418 -> 0 | KI14: =KJ14/KH14*1000000 -> #DIV/0! | KJ14: =KJ115+KJ216+KJ317+KJ418 -> 0 | KL14: =IFERROR(+KJ14*KK14,"") -> 0 | KN14: =KN115+KN216+KN317+KN418 -> 0 | KO14: =KO115+KO216+KO317+KO418 -> 0 | KP14: =IFERROR(+(IF(KJ14="","0",KJ14))+(IF(KL14="","0",KL14))+(IF(KO14="","0",KO14)),"") -> 0 | KQ14: 0.22414732 | KR14: =IFERROR(+KQ14*(KP14-KO14),"") -> 0 | KS14: =IFERROR(+(IF(KP14="","0",KP14))-(IF(KR14="","0",KR14)),"") -> 0
A15: 2 | B15: Bawang Merah | C15: Umbi Segar | D15: Kwintal | E15: =E116+E217+E318+E419 -> 6462 | F15: =G15/E15*1000000 -> 1351576.5 | G15: =G116+G217+G318+G419 -> 8733.8871 | I15: =IFERROR(+G15*H15,"") -> 0 | K15: =K116+K217+K318+K419 -> 0 | L15: =L116+L217+L318+L419 -> 0 | M15: =IFERROR(+(IF(G15="","0",G15))+(IF(I15="","0",I15))+(IF(L15="","0",L15)),"") -> 8733.8871 | N15: 0.22414732 | O15: =IFERROR(+N15*(M15-L15),"") -> 1957.6774 | P15: =IFERROR(+(IF(M15="","0",M15))-(IF(O15="","0",O15)),"") -> 6776.2097 | R15: 2 | S15: Bawang Merah | T15: Umbi Segar | U15: Kwintal | V15: =V116+V217+V318+V419 -> 1216 | W15: =X15/V15*1000000 -> 1351576.5 | X15: =X116+X217+X318+X419 -> 1643.517 | Z15: =IFERROR(+X15*Y15,"") -> 0 | AB15: =AB116+AB217+AB318+AB419 -> 0 | AC15: =AC116+AC217+AC318+AC419 -> 0 | AD15: =IFERROR(+(IF(X15="","0",X15))+(IF(Z15="","0",Z15))+(IF(AC15="","0",AC15)),"") -> 1643.517 | AE15: 0.22414732 | AF15: =IFERROR(+AE15*(AD15-AC15),"") -> 368.38993 | AG15: =IFERROR(+(IF(AD15="","0",AD15))-(IF(AF15="","0",AF15)),"") -> 1275.127 | AI15: 2 | AJ15: Bawang Merah | AK15: Umbi Segar | AL15: Kwintal | AM15: =AM116+AM217+AM318+AM419 -> 1999 | AN15: =AO15/AM15*1000000 -> 1351576.5 | AO15: =AO116+AO217+AO318+AO419 -> 2701.8013 | AQ15: =IFERROR(+AO15*AP15,"") -> 0 | AS15: =AS116+AS217+AS318+AS419 -> 0 | AT15: =AT116+AT217+AT318+AT419 -> 0 | AU15: =IFERROR(+(IF(AO15="","0",AO15))+(IF(AQ15="","0",AQ15))+(IF(AT15="","0",AT15)),"") -> 2701.8013 | AV15: 0.22414732 | AW15: =IFERROR(+AV15*(AU15-AT15),"") -> 605.60154 | AX15: =IFERROR(+(IF(AU15="","0",AU15))-(IF(AW15="","0",AW15)),"") -> 2096.1998 | AZ15: 2 | BA15: Bawang Merah | BB15: Umbi Segar | BC15: Kwintal | BD15: =BD116+BD217+BD318+BD419 -> 457 | BE15: =BF15/BD15*1000000 -> 1351576.5 | BF15: =BF116+BF217+BF318+BF419 -> 617.67044 | BH15: =IFERROR(+BF15*BG15,"") -> 0 | BJ15: =BJ116+BJ217+BJ318+BJ419 -> 0 | BK15: =BK116+BK217+BK318+BK419 -> 0 | BL15: =IFERROR(+(IF(BF15="","0",BF15))+(IF(BH15="","0",BH15))+(IF(BK15="","0",BK15)),"") -> 617.67044 | BM15: 0.22414732 | BN15: =IFERROR(+BM15*(BL15-BK15),"") -> 138.44918 | BO15: =IFERROR(+(IF(BL15="","0",BL15))-(IF(BN15="","0",BN15)),"") -> 479.22127 | BQ15: 2 | BR15: Bawang Merah | BS15: Umbi Segar | BT15: Kwintal | BU15: =BU116+BU217+BU318+BU419 -> 3569 | BV15: =BW15/BU15*1000000 -> 1351576.5 | BW15: =BW116+BW217+BW318+BW419 -> 4823.7764 | BY15: =IFERROR(+BW15*BX15,"") -> 0 | CA15: =CA116+CA217+CA318+CA419 -> 0 | CB15: =CB116+CB217+CB318+CB419 -> 0 | CC15: =IFERROR(+(IF(BW15="","0",BW15))+(IF(BY15="","0",BY15))+(IF(CB15="","0",CB15)),"") -> 4823.7764 | CD15: 0.22414732 | CE15: =IFERROR(+CD15*(CC15-CB15),"") -> 1081.2366 | CF15: =IFERROR(+(IF(CC15="","0",CC15))-(IF(CE15="","0",CE15)),"") -> 3742.5398 | CH15: 2 | CI15: Bawang Merah | CJ15: Umbi Segar | CK15: Kwintal | CL15: =CL116+CL217+CL318+CL419 -> 7884 | CM15: =CN15/CL15*1000000 -> 1351576.5 | CN15: =CN116+CN217+CN318+CN419 -> 10655.829 | CP15: =IFERROR(+CN15*CO15,"") -> 0 | CR15: =CR116+CR217+CR318+CR419 -> 0 | CS15: =CS116+CS217+CS318+CS419 -> 0 | CT15: =IFERROR(+(IF(CN15="","0",CN15))+(IF(CP15="","0",CP15))+(IF(CS15="","0",CS15)),"") -> 10655.829 | CU15: 0.22414732 | CV15: =IFERROR(+CU15*(CT15-CS15),"") -> 2388.4755 | CW15: =IFERROR(+(IF(CT15="","0",CT15))-(IF(CV15="","0",CV15)),"") -> 8267.3533 | CY15: 2 | CZ15: Bawang Merah | DA15: Umbi Segar | DB15: Kwintal | DC15: =DC116+DC217+DC318+DC419 -> 8919 | DD15: =DE15/DC15*1000000 -> 1351576.5 | DE15: =DE116+DE217+DE318+DE419 -> 12054.71 | DG15: =IFERROR(+DE15*DF15,"") -> 0 | DI15: =DI116+DI217+DI318+DI419 -> 0 | DJ15: =DJ116+DJ217+DJ318+DJ419 -> 0 | DK15: =IFERROR(+(IF(DE15="","0",DE15))+(IF(DG15="","0",DG15))+(IF(DJ15="","0",DJ15)),"") -> 12054.71 | DL15: 0.22414732 | DM15: =IFERROR(+DL15*(DK15-DJ15),"") -> 2702.0311 | DN15: =IFERROR(+(IF(DK15="","0",DK15))-(IF(DM15="","0",DM15)),"") -> 9352.6794 | DP15: 2 | DQ15: Bawang Merah | DR15: Umbi Segar | DS15: Kwintal | DT15: =DT116+DT217+DT318+DT419 -> 3978 | DU15: =DV15/DT15*1000000 -> 1351576.5 | DV15: =DV116+DV217+DV318+DV419 -> 5376.5712 | DX15: =IFERROR(+DV15*DW15,"") -> 0 | DZ15: =DZ116+DZ217+DZ318+DZ419 -> 0 | EA15: =EA116+EA217+EA318+EA419 -> 0 | EB15: =IFERROR(+(IF(DV15="","0",DV15))+(IF(DX15="","0",DX15))+(IF(EA15="","0",EA15)),"") -> 5376.5712 | EC15: 0.22414732 | ED15: =IFERROR(+EC15*(EB15-EA15),"") -> 1205.144 | EE15: =IFERROR(+(IF(EB15="","0",EB15))-(IF(ED15="","0",ED15)),"") -> 4171.4271 | EG15: 2 | EH15: Bawang Merah | EI15: Umbi Segar | EJ15: Kwintal | EK15: =EK116+EK217+EK318+EK419 -> 4857 | EL15: =EM15/EK15*1000000 -> 1351576.5 | EM15: =EM116+EM217+EM318+EM419 -> 6564.6069 | EO15: =IFERROR(+EM15*EN15,"") -> 0 | EQ15: =EQ116+EQ217+EQ318+EQ419 -> 0 | ER15: =ER116+ER217+ER318+ER419 -> 0 | ES15: =IFERROR(+(IF(EM15="","0",EM15))+(IF(EO15="","0",EO15))+(IF(ER15="","0",ER15)),"") -> 6564.6069 | ET15: 0.22414732 | EU15: =IFERROR(+ET15*(ES15-ER15),"") -> 1471.439 | EV15: =IFERROR(+(IF(ES15="","0",ES15))-(IF(EU15="","0",EU15)),"") -> 5093.1678 | EX15: 2 | EY15: Bawang Merah | EZ15: Umbi Segar | FA15: Kwintal | FB15: =FB116+FB217+FB318+FB419 -> 3900 | FC15: =FD15/FB15*1000000 -> 1351576.5 | FD15: =FD116+FD217+FD318+FD419 -> 5271.1482 | FF15: =IFERROR(+FD15*FE15,"") -> 0 | FH15: =FH116+FH217+FH318+FH419 -> 0 | FI15: =FI116+FI217+FI318+FI419 -> 0 | FJ15: =IFERROR(+(IF(FD15="","0",FD15))+(IF(FF15="","0",FF15))+(IF(FI15="","0",FI15)),"") -> 5271.1482 | FK15: 0.22414732 | FL15: =IFERROR(+FK15*(FJ15-FI15),"") -> 1181.5138 | FM15: =IFERROR(+(IF(FJ15="","0",FJ15))-(IF(FL15="","0",FL15)),"") -> 4089.6344 | FO15: 2 | FP15: Bawang Merah | FQ15: Umbi Segar | FR15: Kwintal | FS15: =FS116+FS217+FS318+FS419 -> 5864 | FT15: =FU15/FS15*1000000 -> 1351576.5 | FU15: =FU116+FU217+FU318+FU419 -> 7925.6444 | FW15: =IFERROR(+FU15*FV15,"") -> 0 | FY15: =FY116+FY217+FY318+FY419 -> 0 | FZ15: =FZ116+FZ217+FZ318+FZ419 -> 0 | GA15: =IFERROR(+(IF(FU15="","0",FU15))+(IF(FW15="","0",FW15))+(IF(FZ15="","0",FZ15)),"") -> 7925.6444 | GB15: 0.22414732 | GC15: =IFERROR(+GB15*(GA15-FZ15),"") -> 1776.512 | GD15: =IFERROR(+(IF(GA15="","0",GA15))-(IF(GC15="","0",GC15)),"") -> 6149.1324 | GF15: 2 | GG15: Bawang Merah | GH15: Umbi Segar | GI15: Kwintal | GJ15: =GJ116+GJ217+GJ318+GJ419 -> 6725.6 | GK15: =GL15/GJ15*1000000 -> 1351576.5 | GL15: =GL116+GL217+GL318+GL419 -> 9090.1626 | GN15: =IFERROR(+GL15*GM15,"") -> 0 | GP15: =GP116+GP217+GP318+GP419 -> 0 | GQ15: =GQ116+GQ217+GQ318+GQ419 -> 0 | GR15: =IFERROR(+(IF(GL15="","0",GL15))+(IF(GN15="","0",GN15))+(IF(GQ15="","0",GQ15)),"") -> 9090.1626 | GS15: 0.22414732 | GT15: =IFERROR(+GS15*(GR15-GQ15),"") -> 2037.5356 | GU15: =IFERROR(+(IF(GR15="","0",GR15))-(IF(GT15="","0",GT15)),"") -> 7052.627 | GW15: 2 | GX15: Bawang Merah | GY15: Umbi Segar | GZ15: Kwintal | HA15: =HA116+HA217+HA318+HA419 -> 4493.18 | HB15: =HC15/HA15*1000000 -> 1351576.5 | HC15: =HC116+HC217+HC318+HC419 -> 6072.8763 | HE15: =IFERROR(+HC15*HD15,"") -> 0 | HG15: =HG116+HG217+HG318+HG419 -> 0 | HH15: =HH116+HH217+HH318+HH419 -> 0 | HI15: =IFERROR(+(IF(HC15="","0",HC15))+(IF(HE15="","0",HE15))+(IF(HH15="","0",HH15)),"") -> 6072.8763 | HJ15: 0.22414732 | HK15: =IFERROR(+HJ15*(HI15-HH15),"") -> 1361.219 | HL15: =IFERROR(+(IF(HI15="","0",HI15))-(IF(HK15="","0",HK15)),"") -> 4711.6574 | HN15: 2 | HO15: Bawang Merah | HP15: Umbi Segar | HQ15: Kwintal | HR15: =HR116+HR217+HR318+HR419 -> 4907.42 | HS15: =HT15/HR15*1000000 -> 1351576.5 | HT15: =HT116+HT217+HT318+HT419 -> 6632.7533 | HV15: =IFERROR(+HT15*HU15,"") -> 0 | HX15: =HX116+HX217+HX318+HX419 -> 0 | HY15: =HY116+HY217+HY318+HY419 -> 0 | HZ15: =IFERROR(+(IF(HT15="","0",HT15))+(IF(HV15="","0",HV15))+(IF(HY15="","0",HY15)),"") -> 6632.7533 | IA15: 0.22414732 | IB15: =IFERROR(+IA15*(HZ15-HY15),"") -> 1486.7139 | IC15: =IFERROR(+(IF(HZ15="","0",HZ15))-(IF(IB15="","0",IB15)),"") -> 5146.0394 | IE15: 2 | IF15: Bawang Merah | IG15: Umbi Segar | IH15: Kwintal | II15: =II116+II217+II318+II419 -> 7821.48 | IJ15: =IK15/II15*1000000 -> 1351576.5 | IK15: =IK116+IK217+IK318+IK419 -> 10571.328 | IM15: =IFERROR(+IK15*IL15,"") -> 0 | IO15: =IO116+IO217+IO318+IO419 -> 0 | IP15: =IP116+IP217+IP318+IP419 -> 0 | IQ15: =IFERROR(+(IF(IK15="","0",IK15))+(IF(IM15="","0",IM15))+(IF(IP15="","0",IP15)),"") -> 10571.328 | IR15: 0.22414732 | IS15: =IFERROR(+IR15*(IQ15-IP15),"") -> 2369.5349 | IT15: =IFERROR(+(IF(IQ15="","0",IQ15))-(IF(IS15="","0",IS15)),"") -> 8201.7933 | IV15: 2 | IW15: Bawang Merah | IX15: Umbi Segar | IY15: Kwintal | IZ15: =IZ116+IZ217+IZ318+IZ419 -> 3970.35 | JA15: =JB15/IZ15*1000000 -> 1351576.5 | JB15: =JB116+JB217+JB318+JB419 -> 5366.2316 | JD15: =IFERROR(+JB15*JC15,"") -> 0 | JF15: =JF116+JF217+JF318+JF419 -> 0 | JG15: =JG116+JG217+JG318+JG419 -> 0 | JH15: =IFERROR(+(IF(JB15="","0",JB15))+(IF(JD15="","0",JD15))+(IF(JG15="","0",JG15)),"") -> 5366.2316 | JI15: 0.22414732 | JJ15: =IFERROR(+JI15*(JH15-JG15),"") -> 1202.8264 | JK15: =IFERROR(+(IF(JH15="","0",JH15))-(IF(JJ15="","0",JJ15)),"") -> 4163.4052 | JM15: 2 | JN15: Bawang Merah | JO15: Umbi Segar | JP15: Kwintal | JQ15: =JQ116+JQ217+JQ318+JQ419 -> 773.48 | JR15: =JS15/JQ15*1000000 -> 1351576.5 | JS15: =JS116+JS217+JS318+JS419 -> 1045.4174 | JU15: =IFERROR(+JS15*JT15,"") -> 0 | JW15: =JW116+JW217+JW318+JW419 -> 0 | JX15: =JX116+JX217+JX318+JX419 -> 0 | JY15: =IFERROR(+(IF(JS15="","0",JS15))+(IF(JU15="","0",JU15))+(IF(JX15="","0",JX15)),"") -> 1045.4174 | JZ15: 0.22414732 | KA15: =IFERROR(+JZ15*(JY15-JX15),"") -> 234.3275 | KB15: =IFERROR(+(IF(JY15="","0",JY15))-(IF(KA15="","0",KA15)),"") -> 811.08986 | KD15: 2 | KE15: Bawang Merah | KF15: Umbi Segar | KG15: Kwintal | KH15: =KH116+KH217+KH318+KH419 -> 0 | KI15: =KJ15/KH15*1000000 -> #DIV/0! | KJ15: =KJ116+KJ217+KJ318+KJ419 -> 0 | KL15: =IFERROR(+KJ15*KK15,"") -> 0 | KN15: =KN116+KN217+KN318+KN419 -> 0 | KO15: =KO116+KO217+KO318+KO419 -> 0 | KP15: =IFERROR(+(IF(KJ15="","0",KJ15))+(IF(KL15="","0",KL15))+(IF(KO15="","0",KO15)),"") -> 0 | KQ15: 0.22414732 | KR15: =IFERROR(+KQ15*(KP15-KO15),"") -> 0 | KS15: =IFERROR(+(IF(KP15="","0",KP15))-(IF(KR15="","0",KR15)),"") -> 0
