Workbook
Name H: #REF!
Name BERLAKU: #REF!
Name BERLAKU: #REF!
Name BERLAKU: #REF!

Sheet Home
A1: HOME
B2: SISTEM | H2: ALAT BANTU PENGHITUNGAN ANGKA PDRB MENURUT LAPANGAN USAHA
B3: INFORMASI
B4: RILIS
B5: ANGKA PDRB | K5: LAPANGAN USAHA | O5: : | P5: =mid(ADHB!C5,3,9)&" --- "&mid(ADHB!C7,3,100) -> Pertanian --- Jasa Pertanian, dan Perburuan
B6: MELALUI LEMBAR KERJA | K6: WILAYAH | O6: : | P6: Provinsi Sulawesi Tenggara
B7: BERBASIS | K7: TAHUN | O7: : | P7: =IFERROR(__xludf.DUMMYFUNCTION("IMPORTRANGE(""https://docs.google.com/spreadsheets/d/14EziMEzuXiAhzZqRuQw8kN9sLyynoE6QsPgaj062Fa0/edit#gid=214337323"",""'LK PDRB Lapus'!E3:E4"")"),2026.0) -> 2026
B8: ONLINE | K8: TRIWULAN | O8: : | P8: =IFERROR(__xludf.DUMMYFUNCTION("""COMPUTED_VALUE"""),"I") -> I
B11: INPUT DATA | K11: OUTPUT | T11: MONEV
B15: 1 | C15: Lembar Kerja Penghitungan PDRB Atas Dasar Harga Berlaku | K15: 1 | L15: Rekap Angka PDRB Lapangan Usaha | T15: 1 | U15: MONEV Pemasukan Data
B16: =B15+1 -> 2 | C16: Lembar Kerja Penghitungan PDRB Atas Dasar Harga Konstan | K16: =K15+1 -> 2 | T16: =T15+1 -> 2

Sheet Hitung Output
A2: PENGHITUNGAN OUTPUT JASA PERTANIAN
A4: Kategori | B4: Uraian | D4: 2008 | I4: 2009 | N4: 2010 | S4: 2011 | X4: 2012 | AC4: 2013 | AH4: 2014 | AM4: 2015 | AR4: 2016 | AW4: 2017 | BB4: 2018 | BG4: 2019 | BL4: 2020 | BQ4: =BL4+1 -> 2021 | BV4: =BQ4+1 -> 2022 | CA4: =BV4+1 -> 2023 | CF4: =CA4+1 -> 2024 | CK4: =CF4+1 -> 2025 | CP4: =CK4+1 -> 2026 | CU4: =CP4+1 -> 2027
D5: I | E5: II | F5: III | G5: IV | H5: Total | I5: I | J5: II | K5: III | L5: IV | M5: Total | N5: I | O5: II | P5: III | Q5: IV | R5: Total | S5: I | T5: II | U5: III | V5: IV | W5: Total | X5: I | Y5: II | Z5: III | AA5: IV | AB5: Total | AC5: I | AD5: II | AE5: III | AF5: IV | AG5: Total | AH5: I | AI5: II | AJ5: III | AK5: IV | AL5: Total | AM5: I | AN5: II | AO5: III | AP5: IV | AQ5: Total | AR5: I | AS5: II | AT5: III | AU5: IV | AV5: Total | AW5: I | AX5: II | AY5: III | AZ5: IV | BA5: Total | BB5: I | BC5: II | BD5: III | BE5: IV | BF5: Total | BG5: I | BH5: II | BI5: III | BJ5: IV | BK5: Total | BL5: I | BM5: II | BN5: III | BO5: IV | BP5: Total | BQ5: I | BR5: II | BS5: III | BT5: IV | BU5: Total | BV5: I | BW5: II | BX5: III | BY5: IV | BZ5: Total | CA5: I | CB5: II | CC5: III | CD5: IV | CE5: Total | CF5: I | CG5: II | CH5: III | CI5: IV | CJ5: Total | CK5: I | CL5: II | CM5: III | CN5: IV | CO5: Total | CP5: I | CQ5: II | CR5: III | CS5: IV | CT5: Total | CU5: I | CV5: II | CW5: III | CX5: IV | CY5: Total
A7: -1 | B7: -2 | D7: =B7-1 -> -3 | E7: =D7-1 -> -4 | F7: =E7-1 -> -5 | G7: =F7-1 -> -6 | H7: =G7-1 -> -7 | I7: =H7-1 -> -8 | J7: =I7-1 -> -9 | K7: =J7-1 -> -10 | L7: =K7-1 -> -11 | ... CY7: =CX7-1 -> -102
A10: A | B10: NTB ADHB subkategori penyusun
C11: a. Tanaman Pangan | D11: =IFERROR(__xludf.DUMMYFUNCTION("IMPORTRANGE(""https://docs.google.com/spreadsheets/d/1fq0UU7JJVw2Mabie5r5T24vSCZ0NCG-3waFyMjDP7Qo/edit#gid=1235587625"",""Prod_Awal!D11:ZZ16"")"),"") | N11: =IFERROR(__xludf.DUMMYFUNCTION("""COMPUTED_VALUE"""),232254.35059033884) -> 232254.35 | O11: =IFERROR(__xludf.DUMMYFUNCTION("""COMPUTED_VALUE"""),418773.9234406652) -> 418773.92 | P11: =IFERROR(__xludf.DUMMYFUNCTION("""COMPUTED_VALUE"""),381795.4781181837) -> 381795.48 | Q11: =IFERROR(__xludf.DUMMYFUNCTION("""COMPUTED_VALUE"""),309260.3277478123) -> 309260.33 | R11: =IFERROR(__xludf.DUMMYFUNCTION("""COMPUTED_VALUE"""),1342084.079897) -> 1342084.1 | S11: =IFERROR(__xludf.DUMMYFUNCTION("""COMPUTED_VALUE"""),311278.7353187434) -> 311278.74 | T11: =IFERROR(__xludf.DUMMYFUNCTION("""COMPUTED_VALUE"""),404863.7340247067) -> 404863.73 | U11: =IFERROR(__xludf.DUMMYFUNCTION("""COMPUTED_VALUE"""),430576.07589403685) -> 430576.08 | V11: =IFERROR(__xludf.DUMMYFUNCTION("""COMPUTED_VALUE"""),343536.57169487444) -> 343536.57 | W11: =IFERROR(__xludf.DUMMYFUNCTION("""COMPUTED_VALUE"""),1490255.1169323614) -> 1490255.1 | X11: =IFERROR(__xludf.DUMMYFUNCTION("""COMPUTED_VALUE"""),376375.830442591) -> 376375.83 | Y11: =IFERROR(__xludf.DUMMYFUNCTION("""COMPUTED_VALUE"""),552864.8561710732) -> 552864.86 | Z11: =IFERROR(__xludf.DUMMYFUNCTION("""COMPUTED_VALUE"""),472053.4258662213) -> 472053.43 | AA11: =IFERROR(__xludf.DUMMYFUNCTION("""COMPUTED_VALUE"""),360677.7892274253) -> 360677.79 | AB11: =IFERROR(__xludf.DUMMYFUNCTION("""COMPUTED_VALUE"""),1761971.901707311) -> 1761971.9 | AC11: =IFERROR(__xludf.DUMMYFUNCTION("""COMPUTED_VALUE"""),440716.0222510425) -> 440716.02 | AD11: =IFERROR(__xludf.DUMMYFUNCTION("""COMPUTED_VALUE"""),557367.2602548022) -> 557367.26 | AE11: =IFERROR(__xludf.DUMMYFUNCTION("""COMPUTED_VALUE"""),488909.4686740373) -> 488909.47 | AF11: =IFERROR(__xludf.DUMMYFUNCTION("""COMPUTED_VALUE"""),431644.0046495912) -> 431644 | AG11: =IFERROR(__xludf.DUMMYFUNCTION("""COMPUTED_VALUE"""),1918636.7558294733) -> 1918636.8 | AH11: =IFERROR(__xludf.DUMMYFUNCTION("""COMPUTED_VALUE"""),530973.4353016787) -> 530973.44 | AI11: =IFERROR(__xludf.DUMMYFUNCTION("""COMPUTED_VALUE"""),582480.6620408448) -> 582480.66 | AJ11: =IFERROR(__xludf.DUMMYFUNCTION("""COMPUTED_VALUE"""),663543.0815713655) -> 663543.08 | AK11: =IFERROR(__xludf.DUMMYFUNCTION("""COMPUTED_VALUE"""),503397.239797868) -> 503397.24 | AL11: =IFERROR(__xludf.DUMMYFUNCTION("""COMPUTED_VALUE"""),2280394.418711757) -> 2280394.4 | AM11: =IFERROR(__xludf.DUMMYFUNCTION("""COMPUTED_VALUE"""),467916.9855157) -> 467916.99 | AN11: =IFERROR(__xludf.DUMMYFUNCTION("""COMPUTED_VALUE"""),683524.33421106) -> 683524.33 | AO11: =IFERROR(__xludf.DUMMYFUNCTION("""COMPUTED_VALUE"""),663740.00791083) -> 663740.01 | AP11: =IFERROR(__xludf.DUMMYFUNCTION("""COMPUTED_VALUE"""),613976.6316785201) -> 613976.63 | AQ11: =IFERROR(__xludf.DUMMYFUNCTION("""COMPUTED_VALUE"""),2429157.9593161102) -> 2429158 | AR11: =IFERROR(__xludf.DUMMYFUNCTION("""COMPUTED_VALUE"""),465739.3515028147) -> 465739.35 | AS11: =IFERROR(__xludf.DUMMYFUNCTION("""COMPUTED_VALUE"""),701389.7810608575) -> 701389.78 | AT11: =IFERROR(__xludf.DUMMYFUNCTION("""COMPUTED_VALUE"""),602924.491707013) -> 602924.49 | AU11: =IFERROR(__xludf.DUMMYFUNCTION("""COMPUTED_VALUE"""),642422.8040689554) -> 642422.8 | AV11: =IFERROR(__xludf.DUMMYFUNCTION("""COMPUTED_VALUE"""),2412476.4283396406) -> 2412476.4 | AW11: =IFERROR(__xludf.DUMMYFUNCTION("""COMPUTED_VALUE"""),507075.58485550666) -> 507075.58 | AX11: =IFERROR(__xludf.DUMMYFUNCTION("""COMPUTED_VALUE"""),678798.6780578363) -> 678798.68 | AY11: =IFERROR(__xludf.DUMMYFUNCTION("""COMPUTED_VALUE"""),578735.651261969) -> 578735.65 | AZ11: =IFERROR(__xludf.DUMMYFUNCTION("""COMPUTED_VALUE"""),614972.2600069038) -> 614972.26 | BA11: =IFERROR(__xludf.DUMMYFUNCTION("""COMPUTED_VALUE"""),2379582.1741822157) -> 2379582.2 | BB11: =IFERROR(__xludf.DUMMYFUNCTION("""COMPUTED_VALUE"""),594786.3752807037) -> 594786.38 | BC11: =IFERROR(__xludf.DUMMYFUNCTION("""COMPUTED_VALUE"""),684726.3405892988) -> 684726.34 | BD11: =IFERROR(__xludf.DUMMYFUNCTION("""COMPUTED_VALUE"""),581470.1858745128) -> 581470.19 | BE11: =IFERROR(__xludf.DUMMYFUNCTION("""COMPUTED_VALUE"""),632910.8188813117) -> 632910.82 | BF11: =IFERROR(__xludf.DUMMYFUNCTION("""COMPUTED_VALUE"""),2493893.720625827) -> 2493893.7 | BG11: =IFERROR(__xludf.DUMMYFUNCTION("""COMPUTED_VALUE"""),573854.923306916) -> 573854.92 | BH11: =IFERROR(__xludf.DUMMYFUNCTION("""COMPUTED_VALUE"""),763988.347861581) -> 763988.35 | BI11: =IFERROR(__xludf.DUMMYFUNCTION("""COMPUTED_VALUE"""),571875.679107313) -> 571875.68 | BJ11: =IFERROR(__xludf.DUMMYFUNCTION("""COMPUTED_VALUE"""),630315.70187785) -> 630315.7 | BK11: =IFERROR(__xludf.DUMMYFUNCTION("""COMPUTED_VALUE"""),2540034.65215366) -> 2540034.7 | BL11: =IFERROR(__xludf.DUMMYFUNCTION("""COMPUTED_VALUE"""),558463.642795182) -> 558463.64 | BM11: =IFERROR(__xludf.DUMMYFUNCTION("""COMPUTED_VALUE"""),735594.658469192) -> 735594.66 | BN11: =IFERROR(__xludf.DUMMYFUNCTION("""COMPUTED_VALUE"""),606454.071933118) -> 606454.07 | BO11: =IFERROR(__xludf.DUMMYFUNCTION("""COMPUTED_VALUE"""),668400.221359688) -> 668400.22 | BP11: =IFERROR(__xludf.DUMMYFUNCTION("""COMPUTED_VALUE"""),2568912.59455718) -> 2568912.6 | BQ11: =IFERROR(__xludf.DUMMYFUNCTION("""COMPUTED_VALUE"""),491815.793087705) -> 491815.79 | BR11: =IFERROR(__xludf.DUMMYFUNCTION("""COMPUTED_VALUE"""),855558.825348645) -> 855558.83 | BS11: =IFERROR(__xludf.DUMMYFUNCTION("""COMPUTED_VALUE"""),596918.825687963) -> 596918.83 | BT11: =IFERROR(__xludf.DUMMYFUNCTION("""COMPUTED_VALUE"""),672648.011285686) -> 672648.01 | BU11: =IFERROR(__xludf.DUMMYFUNCTION("""COMPUTED_VALUE"""),2616941.455409999) -> 2616941.5 | BV11: =IFERROR(__xludf.DUMMYFUNCTION("""COMPUTED_VALUE"""),511943.996282232) -> 511944 | BW11: =IFERROR(__xludf.DUMMYFUNCTION("""COMPUTED_VALUE"""),823133.639176224) -> 823133.64 | BX11: =IFERROR(__xludf.DUMMYFUNCTION("""COMPUTED_VALUE"""),595525.524378957) -> 595525.52 | BY11: =IFERROR(__xludf.DUMMYFUNCTION("""COMPUTED_VALUE"""),666784.396735545) -> 666784.4 | BZ11: =IFERROR(__xludf.DUMMYFUNCTION("""COMPUTED_VALUE"""),2597387.556572958) -> 2597387.6 | CA11: =IFERROR(__xludf.DUMMYFUNCTION("""COMPUTED_VALUE"""),520413.756245516) -> 520413.76 | CB11: =IFERROR(__xludf.DUMMYFUNCTION("""COMPUTED_VALUE"""),804865.32766185) -> 804865.33 | CC11: =IFERROR(__xludf.DUMMYFUNCTION("""COMPUTED_VALUE"""),680902.83) -> 680902.83 | CD11: =IFERROR(__xludf.DUMMYFUNCTION("""COMPUTED_VALUE"""),715429.891930603) -> 715429.89 | CE11: =IFERROR(__xludf.DUMMYFUNCTION("""COMPUTED_VALUE"""),2721611.805837969) -> 2721611.8 | CF11: =IFERROR(__xludf.DUMMYFUNCTION("""COMPUTED_VALUE"""),514030.308694285) -> 514030.31 | CG11: =IFERROR(__xludf.DUMMYFUNCTION("""COMPUTED_VALUE"""),900400.843786866) -> 900400.84 | CH11: =IFERROR(__xludf.DUMMYFUNCTION("""COMPUTED_VALUE"""),750996.123989417) -> 750996.12 | CI11: =IFERROR(__xludf.DUMMYFUNCTION("""COMPUTED_VALUE"""),835861.153693755) -> 835861.15 | CJ11: =IFERROR(__xludf.DUMMYFUNCTION("""COMPUTED_VALUE"""),3001288.430164323) -> 3001288.4 | CK11: =IFERROR(__xludf.DUMMYFUNCTION("""COMPUTED_VALUE"""),583599.910397981) -> 583599.91 | CL11: =IFERROR(__xludf.DUMMYFUNCTION("""COMPUTED_VALUE"""),991190.658082767) -> 991190.66 | CM11: =IFERROR(__xludf.DUMMYFUNCTION("""COMPUTED_VALUE"""),766380.327026072) -> 766380.33 | CN11: =IFERROR(__xludf.DUMMYFUNCTION("""COMPUTED_VALUE"""),950156.541707983) -> 950156.54 | CO11: =IFERROR(__xludf.DUMMYFUNCTION("""COMPUTED_VALUE"""),3291327.437214803) -> 3291327.4 | CP11: =IFERROR(__xludf.DUMMYFUNCTION("""COMPUTED_VALUE"""),599544.460061761) -> 599544.46 | CQ11: =IFERROR(__xludf.DUMMYFUNCTION("""COMPUTED_VALUE"""),0.0) -> 0 | CR11: =IFERROR(__xludf.DUMMYFUNCTION("""COMPUTED_VALUE"""),0.0) -> 0 | CS11: =IFERROR(__xludf.DUMMYFUNCTION("""COMPUTED_VALUE"""),0.0) -> 0 | CT11: =IFERROR(__xludf.DUMMYFUNCTION("""COMPUTED_VALUE"""),599544.460061761) -> 599544.46 | CU11: =IFERROR(__xludf.DUMMYFUNCTION("""COMPUTED_VALUE"""),0.0) -> 0 | CV11: =IFERROR(__xludf.DUMMYFUNCTION("""COMPUTED_VALUE"""),0.0) -> 0 | CW11: =IFERROR(__xludf.DUMMYFUNCTION("""COMPUTED_VALUE"""),0.0) -> 0 | CX11: =IFERROR(__xludf.DUMMYFUNCTION("""COMPUTED_VALUE"""),0.0) -> 0 | CY11: =IFERROR(__xludf.DUMMYFUNCTION("""COMPUTED_VALUE"""),0.0) -> 0
C12: b. Tanaman Hortikultura Semusim | N12: =IFERROR(__xludf.DUMMYFUNCTION("""COMPUTED_VALUE"""),106712.80948560573) -> 106712.81 | O12: =IFERROR(__xludf.DUMMYFUNCTION("""COMPUTED_VALUE"""),81373.66408554834) -> 81373.664 | P12: =IFERROR(__xludf.DUMMYFUNCTION("""COMPUTED_VALUE"""),77252.86836170754) -> 77252.868 | Q12: =IFERROR(__xludf.DUMMYFUNCTION("""COMPUTED_VALUE"""),76223.93806713843) -> 76223.938 | R12: =IFERROR(__xludf.DUMMYFUNCTION("""COMPUTED_VALUE"""),341563.28) -> 341563.28 | S12: =IFERROR(__xludf.DUMMYFUNCTION("""COMPUTED_VALUE"""),83199.7351180254) -> 83199.735 | T12: =IFERROR(__xludf.DUMMYFUNCTION("""COMPUTED_VALUE"""),69826.08883842791) -> 69826.089 | U12: =IFERROR(__xludf.DUMMYFUNCTION("""COMPUTED_VALUE"""),82374.77903701128) -> 82374.779 | V12: =IFERROR(__xludf.DUMMYFUNCTION("""COMPUTED_VALUE"""),87185.18537791875) -> 87185.185 | W12: =IFERROR(__xludf.DUMMYFUNCTION("""COMPUTED_VALUE"""),322585.7883713833) -> 322585.79 | X12: =IFERROR(__xludf.DUMMYFUNCTION("""COMPUTED_VALUE"""),83944.20851002214) -> 83944.209 | Y12: =IFERROR(__xludf.DUMMYFUNCTION("""COMPUTED_VALUE"""),66953.77974233618) -> 66953.78 | Z12: =IFERROR(__xludf.DUMMYFUNCTION("""COMPUTED_VALUE"""),82541.32956735545) -> 82541.33 | AA12: =IFERROR(__xludf.DUMMYFUNCTION("""COMPUTED_VALUE"""),71413.6583434014) -> 71413.658 | AB12: =IFERROR(__xludf.DUMMYFUNCTION("""COMPUTED_VALUE"""),304852.9761631152) -> 304852.98 | AC12: =IFERROR(__xludf.DUMMYFUNCTION("""COMPUTED_VALUE"""),80774.8158491343) -> 80774.816 | AD12: =IFERROR(__xludf.DUMMYFUNCTION("""COMPUTED_VALUE"""),87546.39278080477) -> 87546.393 | AE12: =IFERROR(__xludf.DUMMYFUNCTION("""COMPUTED_VALUE"""),84516.7048682133) -> 84516.705 | AF12: =IFERROR(__xludf.DUMMYFUNCTION("""COMPUTED_VALUE"""),68560.81992184762) -> 68560.82 | AG12: =IFERROR(__xludf.DUMMYFUNCTION("""COMPUTED_VALUE"""),321398.73342) -> 321398.73 | AH12: =IFERROR(__xludf.DUMMYFUNCTION("""COMPUTED_VALUE"""),84511.13662750149) -> 84511.137 | AI12: =IFERROR(__xludf.DUMMYFUNCTION("""COMPUTED_VALUE"""),78137.82864252958) -> 78137.829 | AJ12: =IFERROR(__xludf.DUMMYFUNCTION("""COMPUTED_VALUE"""),69868.8625818765) -> 69868.863 | AK12: =IFERROR(__xludf.DUMMYFUNCTION("""COMPUTED_VALUE"""),73504.74457473971) -> 73504.745 | AL12: =IFERROR(__xludf.DUMMYFUNCTION("""COMPUTED_VALUE"""),306022.5724266473) -> 306022.57 | AM12: =IFERROR(__xludf.DUMMYFUNCTION("""COMPUTED_VALUE"""),89842.17806591999) -> 89842.178 | AN12: =IFERROR(__xludf.DUMMYFUNCTION("""COMPUTED_VALUE"""),80333.01616605) -> 80333.016 | AO12: =IFERROR(__xludf.DUMMYFUNCTION("""COMPUTED_VALUE"""),75003.0829747) -> 75003.083 | AP12: =IFERROR(__xludf.DUMMYFUNCTION("""COMPUTED_VALUE"""),72203.01911918998) -> 72203.019 | AQ12: =IFERROR(__xludf.DUMMYFUNCTION("""COMPUTED_VALUE"""),317381.29632585996) -> 317381.3 | AR12: =IFERROR(__xludf.DUMMYFUNCTION("""COMPUTED_VALUE"""),69497.75744034775) -> 69497.757 | AS12: =IFERROR(__xludf.DUMMYFUNCTION("""COMPUTED_VALUE"""),83566.5243065827) -> 83566.524 | AT12: =IFERROR(__xludf.DUMMYFUNCTION("""COMPUTED_VALUE"""),88706.20835313929) -> 88706.208 | AU12: =IFERROR(__xludf.DUMMYFUNCTION("""COMPUTED_VALUE"""),96747.21235762075) -> 96747.212 | AV12: =IFERROR(__xludf.DUMMYFUNCTION("""COMPUTED_VALUE"""),338517.7024576905) -> 338517.7 | AW12: =IFERROR(__xludf.DUMMYFUNCTION("""COMPUTED_VALUE"""),78451.00249235304) -> 78451.002 | AX12: =IFERROR(__xludf.DUMMYFUNCTION("""COMPUTED_VALUE"""),86284.98571436226) -> 86284.986 | AY12: =IFERROR(__xludf.DUMMYFUNCTION("""COMPUTED_VALUE"""),88052.58110346312) -> 88052.581 | AZ12: =IFERROR(__xludf.DUMMYFUNCTION("""COMPUTED_VALUE"""),89014.54907794476) -> 89014.549 | BA12: =IFERROR(__xludf.DUMMYFUNCTION("""COMPUTED_VALUE"""),341803.1183881232) -> 341803.12 | BB12: =IFERROR(__xludf.DUMMYFUNCTION("""COMPUTED_VALUE"""),82438.38336901153) -> 82438.383 | BC12: =IFERROR(__xludf.DUMMYFUNCTION("""COMPUTED_VALUE"""),82416.22498168358) -> 82416.225 | BD12: =IFERROR(__xludf.DUMMYFUNCTION("""COMPUTED_VALUE"""),89026.36883566417) -> 89026.369 | BE12: =IFERROR(__xludf.DUMMYFUNCTION("""COMPUTED_VALUE"""),93691.91530647707) -> 93691.915 | BF12: =IFERROR(__xludf.DUMMYFUNCTION("""COMPUTED_VALUE"""),347572.89249283634) -> 347572.89 | BG12: =IFERROR(__xludf.DUMMYFUNCTION("""COMPUTED_VALUE"""),90599.1895865457) -> 90599.19 | BH12: =IFERROR(__xludf.DUMMYFUNCTION("""COMPUTED_VALUE"""),93050.8358039458) -> 93050.836 | BI12: =IFERROR(__xludf.DUMMYFUNCTION("""COMPUTED_VALUE"""),98042.8925684924) -> 98042.893 | BJ12: =IFERROR(__xludf.DUMMYFUNCTION("""COMPUTED_VALUE"""),95519.5619650932) -> 95519.562 | BK12: =IFERROR(__xludf.DUMMYFUNCTION("""COMPUTED_VALUE"""),377212.4799240771) -> 377212.48 | BL12: =IFERROR(__xludf.DUMMYFUNCTION("""COMPUTED_VALUE"""),90139.6453145785) -> 90139.645 | BM12: =IFERROR(__xludf.DUMMYFUNCTION("""COMPUTED_VALUE"""),89288.4952285842) -> 89288.495 | BN12: =IFERROR(__xludf.DUMMYFUNCTION("""COMPUTED_VALUE"""),96142.1998056872) -> 96142.2 | BO12: =IFERROR(__xludf.DUMMYFUNCTION("""COMPUTED_VALUE"""),89273.6845337092) -> 89273.685 | BP12: =IFERROR(__xludf.DUMMYFUNCTION("""COMPUTED_VALUE"""),364844.0248825591) -> 364844.02 | BQ12: =IFERROR(__xludf.DUMMYFUNCTION("""COMPUTED_VALUE"""),94251.3716531472) -> 94251.372 | BR12: =IFERROR(__xludf.DUMMYFUNCTION("""COMPUTED_VALUE"""),94985.9553625852) -> 94985.955 | BS12: =IFERROR(__xludf.DUMMYFUNCTION("""COMPUTED_VALUE"""),95674.4008439091) -> 95674.401 | BT12: =IFERROR(__xludf.DUMMYFUNCTION("""COMPUTED_VALUE"""),92892.7716847832) -> 92892.772 | BU12: =IFERROR(__xludf.DUMMYFUNCTION("""COMPUTED_VALUE"""),377804.49954442476) -> 377804.5 | BV12: =IFERROR(__xludf.DUMMYFUNCTION("""COMPUTED_VALUE"""),92945.8781337948) -> 92945.878 | BW12: =IFERROR(__xludf.DUMMYFUNCTION("""COMPUTED_VALUE"""),99016.5864111039) -> 99016.586 | BX12: =IFERROR(__xludf.DUMMYFUNCTION("""COMPUTED_VALUE"""),113835.765376666) -> 113835.77 | BY12: =IFERROR(__xludf.DUMMYFUNCTION("""COMPUTED_VALUE"""),114587.142532471) -> 114587.14 | BZ12: =IFERROR(__xludf.DUMMYFUNCTION("""COMPUTED_VALUE"""),420385.3724540357) -> 420385.37 | CA12: =IFERROR(__xludf.DUMMYFUNCTION("""COMPUTED_VALUE"""),107041.790452659) -> 107041.79 | CB12: =IFERROR(__xludf.DUMMYFUNCTION("""COMPUTED_VALUE"""),115978.153011141) -> 115978.15 | CC12: =IFERROR(__xludf.DUMMYFUNCTION("""COMPUTED_VALUE"""),106621.067606878) -> 106621.07 | CD12: =IFERROR(__xludf.DUMMYFUNCTION("""COMPUTED_VALUE"""),113507.502094277) -> 113507.5 | CE12: =IFERROR(__xludf.DUMMYFUNCTION("""COMPUTED_VALUE"""),443148.513164955) -> 443148.51 | CF12: =IFERROR(__xludf.DUMMYFUNCTION("""COMPUTED_VALUE"""),120763.649011681) -> 120763.65 | CG12: =IFERROR(__xludf.DUMMYFUNCTION("""COMPUTED_VALUE"""),117677.550119609) -> 117677.55 | CH12: =IFERROR(__xludf.DUMMYFUNCTION("""COMPUTED_VALUE"""),107000.437336148) -> 107000.44 | CI12: =IFERROR(__xludf.DUMMYFUNCTION("""COMPUTED_VALUE"""),118190.15086481) -> 118190.15 | CJ12: =IFERROR(__xludf.DUMMYFUNCTION("""COMPUTED_VALUE"""),463631.787332248) -> 463631.79 | CK12: =IFERROR(__xludf.DUMMYFUNCTION("""COMPUTED_VALUE"""),115500.227088164) -> 115500.23 | CL12: =IFERROR(__xludf.DUMMYFUNCTION("""COMPUTED_VALUE"""),110905.185067266) -> 110905.19 | CM12: =IFERROR(__xludf.DUMMYFUNCTION("""COMPUTED_VALUE"""),113346.953891159) -> 113346.95 | CN12: =IFERROR(__xludf.DUMMYFUNCTION("""COMPUTED_VALUE"""),123789.929345131) -> 123789.93 | CO12: =IFERROR(__xludf.DUMMYFUNCTION("""COMPUTED_VALUE"""),463542.29539171996) -> 463542.3 | CP12: =IFERROR(__xludf.DUMMYFUNCTION("""COMPUTED_VALUE"""),132115.49067001772) -> 132115.49 | CQ12: =IFERROR(__xludf.DUMMYFUNCTION("""COMPUTED_VALUE"""),0.0) -> 0 | CR12: =IFERROR(__xludf.DUMMYFUNCTION("""COMPUTED_VALUE"""),0.0) -> 0 | CS12: =IFERROR(__xludf.DUMMYFUNCTION("""COMPUTED_VALUE"""),0.0) -> 0 | CT12: =IFERROR(__xludf.DUMMYFUNCTION("""COMPUTED_VALUE"""),132115.49067001772) -> 132115.49 | CU12: =IFERROR(__xludf.DUMMYFUNCTION("""COMPUTED_VALUE"""),0.0) -> 0 | CV12: =IFERROR(__xludf.DUMMYFUNCTION("""COMPUTED_VALUE"""),0.0) -> 0 | CW12: =IFERROR(__xludf.DUMMYFUNCTION("""COMPUTED_VALUE"""),0.0) -> 0 | CX12: =IFERROR(__xludf.DUMMYFUNCTION("""COMPUTED_VALUE"""),0.0) -> 0 | CY12: =IFERROR(__xludf.DUMMYFUNCTION("""COMPUTED_VALUE"""),0.0) -> 0
C13: c. Perkebunan Semusim | N13: =IFERROR(__xludf.DUMMYFUNCTION("""COMPUTED_VALUE"""),2116.3448424180465) -> 2116.3448 | O13: =IFERROR(__xludf.DUMMYFUNCTION("""COMPUTED_VALUE"""),4815.117386138665) -> 4815.1174 | P13: =IFERROR(__xludf.DUMMYFUNCTION("""COMPUTED_VALUE"""),5444.012650725363) -> 5444.0127 | Q13: =IFERROR(__xludf.DUMMYFUNCTION("""COMPUTED_VALUE"""),3729.1450907179255) -> 3729.1451 | R13: =IFERROR(__xludf.DUMMYFUNCTION("""COMPUTED_VALUE"""),16104.61997) -> 16104.62 | S13: =IFERROR(__xludf.DUMMYFUNCTION("""COMPUTED_VALUE"""),6719.892956910391) -> 6719.893 | T13: =IFERROR(__xludf.DUMMYFUNCTION("""COMPUTED_VALUE"""),10492.298482451597) -> 10492.298 | U13: =IFERROR(__xludf.DUMMYFUNCTION("""COMPUTED_VALUE"""),5931.939349346798) -> 5931.9393 | V13: =IFERROR(__xludf.DUMMYFUNCTION("""COMPUTED_VALUE"""),10566.219476529037) -> 10566.219 | W13: =IFERROR(__xludf.DUMMYFUNCTION("""COMPUTED_VALUE"""),33710.35026523782) -> 33710.35 | X13: =IFERROR(__xludf.DUMMYFUNCTION("""COMPUTED_VALUE"""),11390.65493320067) -> 11390.655 | Y13: =IFERROR(__xludf.DUMMYFUNCTION("""COMPUTED_VALUE"""),22161.095912413606) -> 22161.096 | Z13: =IFERROR(__xludf.DUMMYFUNCTION("""COMPUTED_VALUE"""),13929.269066701267) -> 13929.269 | AA13: =IFERROR(__xludf.DUMMYFUNCTION("""COMPUTED_VALUE"""),15405.82785853386) -> 15405.828 | AB13: =IFERROR(__xludf.DUMMYFUNCTION("""COMPUTED_VALUE"""),62886.8477708494) -> 62886.848 | AC13: =IFERROR(__xludf.DUMMYFUNCTION("""COMPUTED_VALUE"""),10216.471883577713) -> 10216.472 | AD13: =IFERROR(__xludf.DUMMYFUNCTION("""COMPUTED_VALUE"""),13919.10967800903) -> 13919.11 | AE13: =IFERROR(__xludf.DUMMYFUNCTION("""COMPUTED_VALUE"""),19220.349928284282) -> 19220.35 | AF13: =IFERROR(__xludf.DUMMYFUNCTION("""COMPUTED_VALUE"""),23026.464303919336) -> 23026.464 | AG13: =IFERROR(__xludf.DUMMYFUNCTION("""COMPUTED_VALUE"""),66382.39579379036) -> 66382.396 | AH13: =IFERROR(__xludf.DUMMYFUNCTION("""COMPUTED_VALUE"""),10363.288394137595) -> 10363.288 | AI13: =IFERROR(__xludf.DUMMYFUNCTION("""COMPUTED_VALUE"""),16877.05256316253) -> 16877.053 | AJ13: =IFERROR(__xludf.DUMMYFUNCTION("""COMPUTED_VALUE"""),25305.505035786824) -> 25305.505 | AK13: =IFERROR(__xludf.DUMMYFUNCTION("""COMPUTED_VALUE"""),23753.852438579543) -> 23753.852 | AL13: =IFERROR(__xludf.DUMMYFUNCTION("""COMPUTED_VALUE"""),76299.69843166649) -> 76299.698 | AM13: =IFERROR(__xludf.DUMMYFUNCTION("""COMPUTED_VALUE"""),12699.32530253) -> 12699.325 | AN13: =IFERROR(__xludf.DUMMYFUNCTION("""COMPUTED_VALUE"""),19918.57280212) -> 19918.573 | AO13: =IFERROR(__xludf.DUMMYFUNCTION("""COMPUTED_VALUE"""),31834.24460122) -> 31834.245 | AP13: =IFERROR(__xludf.DUMMYFUNCTION("""COMPUTED_VALUE"""),19308.00890652) -> 19308.009 | AQ13: =IFERROR(__xludf.DUMMYFUNCTION("""COMPUTED_VALUE"""),83760.15161239001) -> 83760.152 | AR13: =IFERROR(__xludf.DUMMYFUNCTION("""COMPUTED_VALUE"""),19382.5858433061) -> 19382.586 | AS13: =IFERROR(__xludf.DUMMYFUNCTION("""COMPUTED_VALUE"""),19188.2400098441) -> 19188.24 | AT13: =IFERROR(__xludf.DUMMYFUNCTION("""COMPUTED_VALUE"""),19183.4333743541) -> 19183.433 | AU13: =IFERROR(__xludf.DUMMYFUNCTION("""COMPUTED_VALUE"""),26378.1702168895) -> 26378.17 | AV13: =IFERROR(__xludf.DUMMYFUNCTION("""COMPUTED_VALUE"""),84132.4294443938) -> 84132.429 | AW13: =IFERROR(__xludf.DUMMYFUNCTION("""COMPUTED_VALUE"""),23961.354860871) -> 23961.355 | AX13: =IFERROR(__xludf.DUMMYFUNCTION("""COMPUTED_VALUE"""),19525.0601423297) -> 19525.06 | AY13: =IFERROR(__xludf.DUMMYFUNCTION("""COMPUTED_VALUE"""),19368.64269126) -> 19368.643 | AZ13: =IFERROR(__xludf.DUMMYFUNCTION("""COMPUTED_VALUE"""),19441.9319898109) -> 19441.932 | BA13: =IFERROR(__xludf.DUMMYFUNCTION("""COMPUTED_VALUE"""),82296.9896842716) -> 82296.99 | BB13: =IFERROR(__xludf.DUMMYFUNCTION("""COMPUTED_VALUE"""),21896.8904667456) -> 21896.89 | BC13: =IFERROR(__xludf.DUMMYFUNCTION("""COMPUTED_VALUE"""),21348.9295915327) -> 21348.93 | BD13: =IFERROR(__xludf.DUMMYFUNCTION("""COMPUTED_VALUE"""),21512.7053825152) -> 21512.705 | BE13: =IFERROR(__xludf.DUMMYFUNCTION("""COMPUTED_VALUE"""),21682.7489679934) -> 21682.749 | BF13: =IFERROR(__xludf.DUMMYFUNCTION("""COMPUTED_VALUE"""),86441.2744087869) -> 86441.274 | BG13: =IFERROR(__xludf.DUMMYFUNCTION("""COMPUTED_VALUE"""),21953.5767055757) -> 21953.577 | BH13: =IFERROR(__xludf.DUMMYFUNCTION("""COMPUTED_VALUE"""),23061.443766719) -> 23061.444 | BI13: =IFERROR(__xludf.DUMMYFUNCTION("""COMPUTED_VALUE"""),23462.3957436444) -> 23462.396 | BJ13: =IFERROR(__xludf.DUMMYFUNCTION("""COMPUTED_VALUE"""),23437.9590682014) -> 23437.959 | BK13: =IFERROR(__xludf.DUMMYFUNCTION("""COMPUTED_VALUE"""),91915.3752841405) -> 91915.375 | BL13: =IFERROR(__xludf.DUMMYFUNCTION("""COMPUTED_VALUE"""),24646.4035303814) -> 24646.404 | BM13: =IFERROR(__xludf.DUMMYFUNCTION("""COMPUTED_VALUE"""),25292.8891480748) -> 25292.889 | BN13: =IFERROR(__xludf.DUMMYFUNCTION("""COMPUTED_VALUE"""),24462.0268376755) -> 24462.027 | BO13: =IFERROR(__xludf.DUMMYFUNCTION("""COMPUTED_VALUE"""),24904.5743603591) -> 24904.574 | BP13: =IFERROR(__xludf.DUMMYFUNCTION("""COMPUTED_VALUE"""),99305.8938764908) -> 99305.894 | BQ13: =IFERROR(__xludf.DUMMYFUNCTION("""COMPUTED_VALUE"""),22766.4640306032) -> 22766.464 | BR13: =IFERROR(__xludf.DUMMYFUNCTION("""COMPUTED_VALUE"""),23818.4993596191) -> 23818.499 | BS13: =IFERROR(__xludf.DUMMYFUNCTION("""COMPUTED_VALUE"""),39263.4522471625) -> 39263.452 | BT13: =IFERROR(__xludf.DUMMYFUNCTION("""COMPUTED_VALUE"""),43720.3153523842) -> 43720.315 | BU13: =IFERROR(__xludf.DUMMYFUNCTION("""COMPUTED_VALUE"""),129568.73098976901) -> 129568.73 | BV13: =IFERROR(__xludf.DUMMYFUNCTION("""COMPUTED_VALUE"""),30069.4528335517) -> 30069.453 | BW13: =IFERROR(__xludf.DUMMYFUNCTION("""COMPUTED_VALUE"""),22189.6158289094) -> 22189.616 | BX13: =IFERROR(__xludf.DUMMYFUNCTION("""COMPUTED_VALUE"""),42660.2796991622) -> 42660.28 | BY13: =IFERROR(__xludf.DUMMYFUNCTION("""COMPUTED_VALUE"""),44980.2101691211) -> 44980.21 | BZ13: =IFERROR(__xludf.DUMMYFUNCTION("""COMPUTED_VALUE"""),139899.5585307444) -> 139899.56 | CA13: =IFERROR(__xludf.DUMMYFUNCTION("""COMPUTED_VALUE"""),23979.1398312281) -> 23979.14 | CB13: =IFERROR(__xludf.DUMMYFUNCTION("""COMPUTED_VALUE"""),26355.2296627875) -> 26355.23 | CC13: =IFERROR(__xludf.DUMMYFUNCTION("""COMPUTED_VALUE"""),46970.772942389) -> 46970.773 | CD13: =IFERROR(__xludf.DUMMYFUNCTION("""COMPUTED_VALUE"""),58158.8942387214) -> 58158.894 | CE13: =IFERROR(__xludf.DUMMYFUNCTION("""COMPUTED_VALUE"""),155464.036675126) -> 155464.04 | CF13: =IFERROR(__xludf.DUMMYFUNCTION("""COMPUTED_VALUE"""),27627.874109663) -> 27627.874 | CG13: =IFERROR(__xludf.DUMMYFUNCTION("""COMPUTED_VALUE"""),36467.241247446) -> 36467.241 | CH13: =IFERROR(__xludf.DUMMYFUNCTION("""COMPUTED_VALUE"""),70002.9621215585) -> 70002.962 | CI13: =IFERROR(__xludf.DUMMYFUNCTION("""COMPUTED_VALUE"""),168263.543529105) -> 168263.54 | CJ13: =IFERROR(__xludf.DUMMYFUNCTION("""COMPUTED_VALUE"""),302361.6210077725) -> 302361.62 | CK13: =IFERROR(__xludf.DUMMYFUNCTION("""COMPUTED_VALUE"""),95817.038380516) -> 95817.038 | CL13: =IFERROR(__xludf.DUMMYFUNCTION("""COMPUTED_VALUE"""),68444.7040835188) -> 68444.704 | CM13: =IFERROR(__xludf.DUMMYFUNCTION("""COMPUTED_VALUE"""),90955.8796444188) -> 90955.88 | CN13: =IFERROR(__xludf.DUMMYFUNCTION("""COMPUTED_VALUE"""),138760.882458869) -> 138760.88 | CO13: =IFERROR(__xludf.DUMMYFUNCTION("""COMPUTED_VALUE"""),393978.50456732255) -> 393978.5 | CP13: =IFERROR(__xludf.DUMMYFUNCTION("""COMPUTED_VALUE"""),81912.40000679449) -> 81912.4 | CQ13: =IFERROR(__xludf.DUMMYFUNCTION("""COMPUTED_VALUE"""),0.0) -> 0 | CR13: =IFERROR(__xludf.DUMMYFUNCTION("""COMPUTED_VALUE"""),0.0) -> 0 | CS13: =IFERROR(__xludf.DUMMYFUNCTION("""COMPUTED_VALUE"""),0.0) -> 0 | CT13: =IFERROR(__xludf.DUMMYFUNCTION("""COMPUTED_VALUE"""),81912.40000679449) -> 81912.4 | CU13: =IFERROR(__xludf.DUMMYFUNCTION("""COMPUTED_VALUE"""),0.0) -> 0 | CV13: =IFERROR(__xludf.DUMMYFUNCTION("""COMPUTED_VALUE"""),0.0) -> 0 | CW13: =IFERROR(__xludf.DUMMYFUNCTION("""COMPUTED_VALUE"""),0.0) -> 0 | CX13: =IFERROR(__xludf.DUMMYFUNCTION("""COMPUTED_VALUE"""),0.0) -> 0 | CY13: =IFERROR(__xludf.DUMMYFUNCTION("""COMPUTED_VALUE"""),0.0) -> 0
C14: d. Tanaman Hortikultura Tahunan & Lainnya | N14: =IFERROR(__xludf.DUMMYFUNCTION("""COMPUTED_VALUE"""),109215.43577774275) -> 109215.44 | O14: =IFERROR(__xludf.DUMMYFUNCTION("""COMPUTED_VALUE"""),148338.7761547298) -> 148338.78 | P14: =IFERROR(__xludf.DUMMYFUNCTION("""COMPUTED_VALUE"""),266813.3915232591) -> 266813.39 | Q14: =IFERROR(__xludf.DUMMYFUNCTION("""COMPUTED_VALUE"""),227278.46652586324) -> 227278.47 | R14: =IFERROR(__xludf.DUMMYFUNCTION("""COMPUTED_VALUE"""),751646.0699815949) -> 751646.07 | S14: =IFERROR(__xludf.DUMMYFUNCTION("""COMPUTED_VALUE"""),125116.4986724918) -> 125116.5 | T14: =IFERROR(__xludf.DUMMYFUNCTION("""COMPUTED_VALUE"""),91861.3180866057) -> 91861.318 | U14: =IFERROR(__xludf.DUMMYFUNCTION("""COMPUTED_VALUE"""),166507.657684949) -> 166507.66 | V14: =IFERROR(__xludf.DUMMYFUNCTION("""COMPUTED_VALUE"""),388492.9380464213) -> 388492.94 | W14: =IFERROR(__xludf.DUMMYFUNCTION("""COMPUTED_VALUE"""),771978.4124904678) -> 771978.41 | X14: =IFERROR(__xludf.DUMMYFUNCTION("""COMPUTED_VALUE"""),195554.30027510866) -> 195554.3 | Y14: =IFERROR(__xludf.DUMMYFUNCTION("""COMPUTED_VALUE"""),211994.31014850002) -> 211994.31 | Z14: =IFERROR(__xludf.DUMMYFUNCTION("""COMPUTED_VALUE"""),131125.28607157047) -> 131125.29 | AA14: =IFERROR(__xludf.DUMMYFUNCTION("""COMPUTED_VALUE"""),150811.70569482094) -> 150811.71 | AB14: =IFERROR(__xludf.DUMMYFUNCTION("""COMPUTED_VALUE"""),689485.6021900001) -> 689485.6 | AC14: =IFERROR(__xludf.DUMMYFUNCTION("""COMPUTED_VALUE"""),134117.77813120256) -> 134117.78 | AD14: =IFERROR(__xludf.DUMMYFUNCTION("""COMPUTED_VALUE"""),246419.51523205172) -> 246419.52 | AE14: =IFERROR(__xludf.DUMMYFUNCTION("""COMPUTED_VALUE"""),200369.2414846951) -> 200369.24 | AF14: =IFERROR(__xludf.DUMMYFUNCTION("""COMPUTED_VALUE"""),177432.93107418405) -> 177432.93 | AG14: =IFERROR(__xludf.DUMMYFUNCTION("""COMPUTED_VALUE"""),758339.4659221334) -> 758339.47 | AH14: =IFERROR(__xludf.DUMMYFUNCTION("""COMPUTED_VALUE"""),177886.07076749514) -> 177886.07 | AI14: =IFERROR(__xludf.DUMMYFUNCTION("""COMPUTED_VALUE"""),192487.46381731745) -> 192487.46 | AJ14: =IFERROR(__xludf.DUMMYFUNCTION("""COMPUTED_VALUE"""),174697.47961631103) -> 174697.48 | AK14: =IFERROR(__xludf.DUMMYFUNCTION("""COMPUTED_VALUE"""),137985.9444685468) -> 137985.94 | AL14: =IFERROR(__xludf.DUMMYFUNCTION("""COMPUTED_VALUE"""),683056.9586696704) -> 683056.96 | AM14: =IFERROR(__xludf.DUMMYFUNCTION("""COMPUTED_VALUE"""),217943.21951923) -> 217943.22 | AN14: =IFERROR(__xludf.DUMMYFUNCTION("""COMPUTED_VALUE"""),144608.43289153) -> 144608.43 | AO14: =IFERROR(__xludf.DUMMYFUNCTION("""COMPUTED_VALUE"""),222927.43593755) -> 222927.44 | AP14: =IFERROR(__xludf.DUMMYFUNCTION("""COMPUTED_VALUE"""),159477.99723801) -> 159478 | AQ14: =IFERROR(__xludf.DUMMYFUNCTION("""COMPUTED_VALUE"""),744957.0855863201) -> 744957.09 | AR14: =IFERROR(__xludf.DUMMYFUNCTION("""COMPUTED_VALUE"""),204432.01075383445) -> 204432.01 | AS14: =IFERROR(__xludf.DUMMYFUNCTION("""COMPUTED_VALUE"""),154443.7) -> 154443.7 | AT14: =IFERROR(__xludf.DUMMYFUNCTION("""COMPUTED_VALUE"""),160976.4671365742) -> 160976.47 | AU14: =IFERROR(__xludf.DUMMYFUNCTION("""COMPUTED_VALUE"""),182010.903424898) -> 182010.9 | AV14: =IFERROR(__xludf.DUMMYFUNCTION("""COMPUTED_VALUE"""),701863.0813153067) -> 701863.08 | AW14: =IFERROR(__xludf.DUMMYFUNCTION("""COMPUTED_VALUE"""),185301.85707843452) -> 185301.86 | AX14: =IFERROR(__xludf.DUMMYFUNCTION("""COMPUTED_VALUE"""),168089.587309174) -> 168089.59 | AY14: =IFERROR(__xludf.DUMMYFUNCTION("""COMPUTED_VALUE"""),166694.21960143326) -> 166694.22 | AZ14: =IFERROR(__xludf.DUMMYFUNCTION("""COMPUTED_VALUE"""),174256.5431013048) -> 174256.54 | BA14: =IFERROR(__xludf.DUMMYFUNCTION("""COMPUTED_VALUE"""),694342.2070903466) -> 694342.21 | BB14: =IFERROR(__xludf.DUMMYFUNCTION("""COMPUTED_VALUE"""),200322.81776253734) -> 200322.82 | BC14: =IFERROR(__xludf.DUMMYFUNCTION("""COMPUTED_VALUE"""),184323.74416901407) -> 184323.74 | BD14: =IFERROR(__xludf.DUMMYFUNCTION("""COMPUTED_VALUE"""),188398.42780079038) -> 188398.43 | BE14: =IFERROR(__xludf.DUMMYFUNCTION("""COMPUTED_VALUE"""),198564.21175991758) -> 198564.21 | BF14: =IFERROR(__xludf.DUMMYFUNCTION("""COMPUTED_VALUE"""),771609.2014922594) -> 771609.2 | BG14: =IFERROR(__xludf.DUMMYFUNCTION("""COMPUTED_VALUE"""),213502.248506687) -> 213502.25 | BH14: =IFERROR(__xludf.DUMMYFUNCTION("""COMPUTED_VALUE"""),210267.498382881) -> 210267.5 | BI14: =IFERROR(__xludf.DUMMYFUNCTION("""COMPUTED_VALUE"""),214883.485228756) -> 214883.49 | BJ14: =IFERROR(__xludf.DUMMYFUNCTION("""COMPUTED_VALUE"""),225170.267269606) -> 225170.27 | BK14: =IFERROR(__xludf.DUMMYFUNCTION("""COMPUTED_VALUE"""),863823.49938793) -> 863823.5 | BL14: =IFERROR(__xludf.DUMMYFUNCTION("""COMPUTED_VALUE"""),224648.918298923) -> 224648.92 | BM14: =IFERROR(__xludf.DUMMYFUNCTION("""COMPUTED_VALUE"""),218459.789080531) -> 218459.79 | BN14: =IFERROR(__xludf.DUMMYFUNCTION("""COMPUTED_VALUE"""),223925.962438111) -> 223925.96 | BO14: =IFERROR(__xludf.DUMMYFUNCTION("""COMPUTED_VALUE"""),224438.059059275) -> 224438.06 | BP14: =IFERROR(__xludf.DUMMYFUNCTION("""COMPUTED_VALUE"""),891472.72887684) -> 891472.73 | BQ14: =IFERROR(__xludf.DUMMYFUNCTION("""COMPUTED_VALUE"""),228462.140752216) -> 228462.14 | BR14: =IFERROR(__xludf.DUMMYFUNCTION("""COMPUTED_VALUE"""),223964.221042609) -> 223964.22 | BS14: =IFERROR(__xludf.DUMMYFUNCTION("""COMPUTED_VALUE"""),226251.76066239) -> 226251.76 | BT14: =IFERROR(__xludf.DUMMYFUNCTION("""COMPUTED_VALUE"""),249897.51784165) -> 249897.52 | BU14: =IFERROR(__xludf.DUMMYFUNCTION("""COMPUTED_VALUE"""),928575.640298865) -> 928575.64 | BV14: =IFERROR(__xludf.DUMMYFUNCTION("""COMPUTED_VALUE"""),234752.624401181) -> 234752.62 | BW14: =IFERROR(__xludf.DUMMYFUNCTION("""COMPUTED_VALUE"""),238927.285448567) -> 238927.29 | BX14: =IFERROR(__xludf.DUMMYFUNCTION("""COMPUTED_VALUE"""),242559.572984058) -> 242559.57 | BY14: =IFERROR(__xludf.DUMMYFUNCTION("""COMPUTED_VALUE"""),255159.572984058) -> 255159.57 | BZ14: =IFERROR(__xludf.DUMMYFUNCTION("""COMPUTED_VALUE"""),971399.0558178639) -> 971399.06 | CA14: =IFERROR(__xludf.DUMMYFUNCTION("""COMPUTED_VALUE"""),264302.200293002) -> 264302.2 | CB14: =IFERROR(__xludf.DUMMYFUNCTION("""COMPUTED_VALUE"""),254186.867244336) -> 254186.87 | CC14: =IFERROR(__xludf.DUMMYFUNCTION("""COMPUTED_VALUE"""),256024.339905322) -> 256024.34 | CD14: =IFERROR(__xludf.DUMMYFUNCTION("""COMPUTED_VALUE"""),261974.376649898) -> 261974.38 | CE14: =IFERROR(__xludf.DUMMYFUNCTION("""COMPUTED_VALUE"""),1036487.7840925581) -> 1036487.8 | CF14: =IFERROR(__xludf.DUMMYFUNCTION("""COMPUTED_VALUE"""),293708.452721066) -> 293708.45 | CG14: =IFERROR(__xludf.DUMMYFUNCTION("""COMPUTED_VALUE"""),253507.997442967) -> 253508 | CH14: =IFERROR(__xludf.DUMMYFUNCTION("""COMPUTED_VALUE"""),261779.62142343) -> 261779.62 | CI14: =IFERROR(__xludf.DUMMYFUNCTION("""COMPUTED_VALUE"""),265487.632822228) -> 265487.63 | CJ14: =IFERROR(__xludf.DUMMYFUNCTION("""COMPUTED_VALUE"""),1074483.704409691) -> 1074483.7 | CK14: =IFERROR(__xludf.DUMMYFUNCTION("""COMPUTED_VALUE"""),284039.62246468) -> 284039.62 | CL14: =IFERROR(__xludf.DUMMYFUNCTION("""COMPUTED_VALUE"""),253273.567597335) -> 253273.57 | CM14: =IFERROR(__xludf.DUMMYFUNCTION("""COMPUTED_VALUE"""),252410.603429681) -> 252410.6 | CN14: =IFERROR(__xludf.DUMMYFUNCTION("""COMPUTED_VALUE"""),309673.051206847) -> 309673.05 | CO14: =IFERROR(__xludf.DUMMYFUNCTION("""COMPUTED_VALUE"""),1099396.844698543) -> 1099396.8 | CP14: =IFERROR(__xludf.DUMMYFUNCTION("""COMPUTED_VALUE"""),284903.2299485325) -> 284903.23 | CQ14: =IFERROR(__xludf.DUMMYFUNCTION("""COMPUTED_VALUE"""),0.0) -> 0 | CR14: =IFERROR(__xludf.DUMMYFUNCTION("""COMPUTED_VALUE"""),0.0) -> 0 | CS14: =IFERROR(__xludf.DUMMYFUNCTION("""COMPUTED_VALUE"""),0.0) -> 0 | CT14: =IFERROR(__xludf.DUMMYFUNCTION("""COMPUTED_VALUE"""),284903.2299485325) -> 284903.23 | CU14: =IFERROR(__xludf.DUMMYFUNCTION("""COMPUTED_VALUE"""),0.0) -> 0 | CV14: =IFERROR(__xludf.DUMMYFUNCTION("""COMPUTED_VALUE"""),0.0) -> 0 | CW14: =IFERROR(__xludf.DUMMYFUNCTION("""COMPUTED_VALUE"""),0.0) -> 0 | CX14: =IFERROR(__xludf.DUMMYFUNCTION("""COMPUTED_VALUE"""),0.0) -> 0 | CY14: =IFERROR(__xludf.DUMMYFUNCTION("""COMPUTED_VALUE"""),0.0) -> 0
C15: e. Perkebunan Tahunan | N15: =IFERROR(__xludf.DUMMYFUNCTION("""COMPUTED_VALUE"""),602137.5174183884) -> 602137.52 | O15: =IFERROR(__xludf.DUMMYFUNCTION("""COMPUTED_VALUE"""),1023718.6808247706) -> 1023718.7 | P15: =IFERROR(__xludf.DUMMYFUNCTION("""COMPUTED_VALUE"""),1014932.091438585) -> 1014932.1 | Q15: =IFERROR(__xludf.DUMMYFUNCTION("""COMPUTED_VALUE"""),1186967.710266147) -> 1186967.7 | R15: =IFERROR(__xludf.DUMMYFUNCTION("""COMPUTED_VALUE"""),3827755.9999478906) -> 3827756 | S15: =IFERROR(__xludf.DUMMYFUNCTION("""COMPUTED_VALUE"""),711913.247562702) -> 711913.25 | T15: =IFERROR(__xludf.DUMMYFUNCTION("""COMPUTED_VALUE"""),985308.6139442446) -> 985308.61 | U15: =IFERROR(__xludf.DUMMYFUNCTION("""COMPUTED_VALUE"""),1333513.706923312) -> 1333513.7 | V15: =IFERROR(__xludf.DUMMYFUNCTION("""COMPUTED_VALUE"""),849103.4189824851) -> 849103.42 | W15: =IFERROR(__xludf.DUMMYFUNCTION("""COMPUTED_VALUE"""),3879838.987412744) -> 3879839 | X15: =IFERROR(__xludf.DUMMYFUNCTION("""COMPUTED_VALUE"""),834420.7132840295) -> 834420.71 | Y15: =IFERROR(__xludf.DUMMYFUNCTION("""COMPUTED_VALUE"""),1107734.1525375296) -> 1107734.2 | Z15: =IFERROR(__xludf.DUMMYFUNCTION("""COMPUTED_VALUE"""),1418291.8526917615) -> 1418291.9 | AA15: =IFERROR(__xludf.DUMMYFUNCTION("""COMPUTED_VALUE"""),1067809.8130500868) -> 1067809.8 | AB15: =IFERROR(__xludf.DUMMYFUNCTION("""COMPUTED_VALUE"""),4428256.531563407) -> 4428256.5 | AC15: =IFERROR(__xludf.DUMMYFUNCTION("""COMPUTED_VALUE"""),990535.6749296719) -> 990535.67 | AD15: =IFERROR(__xludf.DUMMYFUNCTION("""COMPUTED_VALUE"""),1248044.0503780053) -> 1248044.1 | AE15: =IFERROR(__xludf.DUMMYFUNCTION("""COMPUTED_VALUE"""),1458259.3504754952) -> 1458259.4 | AF15: =IFERROR(__xludf.DUMMYFUNCTION("""COMPUTED_VALUE"""),1137380.40133775) -> 1137380.4 | AG15: =IFERROR(__xludf.DUMMYFUNCTION("""COMPUTED_VALUE"""),4834219.477120922) -> 4834219.5 | AH15: =IFERROR(__xludf.DUMMYFUNCTION("""COMPUTED_VALUE"""),1112306.5471986558) -> 1112306.5 | AI15: =IFERROR(__xludf.DUMMYFUNCTION("""COMPUTED_VALUE"""),1463974.8764705476) -> 1463974.9 | AJ15: =IFERROR(__xludf.DUMMYFUNCTION("""COMPUTED_VALUE"""),1578622.097557781) -> 1578622.1 | AK15: =IFERROR(__xludf.DUMMYFUNCTION("""COMPUTED_VALUE"""),1202494.9975940587) -> 1202495 | AL15: =IFERROR(__xludf.DUMMYFUNCTION("""COMPUTED_VALUE"""),5357398.518821043) -> 5357398.5 | AM15: =IFERROR(__xludf.DUMMYFUNCTION("""COMPUTED_VALUE"""),1168606.7411244202) -> 1168606.7 | AN15: =IFERROR(__xludf.DUMMYFUNCTION("""COMPUTED_VALUE"""),1393876.7265054) -> 1393876.7 | AO15: =IFERROR(__xludf.DUMMYFUNCTION("""COMPUTED_VALUE"""),1554281.7272092802) -> 1554281.7 | AP15: =IFERROR(__xludf.DUMMYFUNCTION("""COMPUTED_VALUE"""),1394977.6071792003) -> 1394977.6 | AQ15: =IFERROR(__xludf.DUMMYFUNCTION("""COMPUTED_VALUE"""),5511742.802018301) -> 5511742.8 | AR15: =IFERROR(__xludf.DUMMYFUNCTION("""COMPUTED_VALUE"""),1467635.6290511084) -> 1467635.6 | AS15: =IFERROR(__xludf.DUMMYFUNCTION("""COMPUTED_VALUE"""),1477892.48869876) -> 1477892.5 | AT15: =IFERROR(__xludf.DUMMYFUNCTION("""COMPUTED_VALUE"""),1588481.3386148552) -> 1588481.3 | AU15: =IFERROR(__xludf.DUMMYFUNCTION("""COMPUTED_VALUE"""),1609709.1681762799) -> 1609709.2 | AV15: =IFERROR(__xludf.DUMMYFUNCTION("""COMPUTED_VALUE"""),6143718.624541003) -> 6143718.6 | AW15: =IFERROR(__xludf.DUMMYFUNCTION("""COMPUTED_VALUE"""),1547638.0312886229) -> 1547638 | AX15: =IFERROR(__xludf.DUMMYFUNCTION("""COMPUTED_VALUE"""),1657029.1620123) -> 1657029.2 | AY15: =IFERROR(__xludf.DUMMYFUNCTION("""COMPUTED_VALUE"""),1743307.9860910429) -> 1743308 | AZ15: =IFERROR(__xludf.DUMMYFUNCTION("""COMPUTED_VALUE"""),1835541.2639800399) -> 1835541.3 | BA15: =IFERROR(__xludf.DUMMYFUNCTION("""COMPUTED_VALUE"""),6783516.443372006) -> 6783516.4 | BB15: =IFERROR(__xludf.DUMMYFUNCTION("""COMPUTED_VALUE"""),1670981.5163096616) -> 1670981.5 | BC15: =IFERROR(__xludf.DUMMYFUNCTION("""COMPUTED_VALUE"""),1815004.7453295002) -> 1815004.7 | BD15: =IFERROR(__xludf.DUMMYFUNCTION("""COMPUTED_VALUE"""),1899145.1790209818) -> 1899145.2 | BE15: =IFERROR(__xludf.DUMMYFUNCTION("""COMPUTED_VALUE"""),1959238.29803108) -> 1959238.3 | BF15: =IFERROR(__xludf.DUMMYFUNCTION("""COMPUTED_VALUE"""),7344369.738691224) -> 7344369.7 | BG15: =IFERROR(__xludf.DUMMYFUNCTION("""COMPUTED_VALUE"""),1816511.18184097) -> 1816511.2 | BH15: =IFERROR(__xludf.DUMMYFUNCTION("""COMPUTED_VALUE"""),2031236.31308636) -> 2031236.3 | BI15: =IFERROR(__xludf.DUMMYFUNCTION("""COMPUTED_VALUE"""),2035725.8062069) -> 2035725.8 | BJ15: =IFERROR(__xludf.DUMMYFUNCTION("""COMPUTED_VALUE"""),2165400.93252933) -> 2165400.9 | BK15: =IFERROR(__xludf.DUMMYFUNCTION("""COMPUTED_VALUE"""),8048874.233663559) -> 8048874.2 | BL15: =IFERROR(__xludf.DUMMYFUNCTION("""COMPUTED_VALUE"""),2043900.97901724) -> 2043901 | BM15: =IFERROR(__xludf.DUMMYFUNCTION("""COMPUTED_VALUE"""),2022345.48432292) -> 2022345.5 | BN15: =IFERROR(__xludf.DUMMYFUNCTION("""COMPUTED_VALUE"""),1984572.80517599) -> 1984572.8 | BO15: =IFERROR(__xludf.DUMMYFUNCTION("""COMPUTED_VALUE"""),2034751.28564921) -> 2034751.3 | BP15: =IFERROR(__xludf.DUMMYFUNCTION("""COMPUTED_VALUE"""),8085570.5541653605) -> 8085570.6 | BQ15: =IFERROR(__xludf.DUMMYFUNCTION("""COMPUTED_VALUE"""),2148317.45339409) -> 2148317.5 | BR15: =IFERROR(__xludf.DUMMYFUNCTION("""COMPUTED_VALUE"""),2071668.35) -> 2071668.4 | BS15: =IFERROR(__xludf.DUMMYFUNCTION("""COMPUTED_VALUE"""),2125901.12587276) -> 2125901.1 | BT15: =IFERROR(__xludf.DUMMYFUNCTION("""COMPUTED_VALUE"""),2143168.96448895) -> 2143169 | BU15: =IFERROR(__xludf.DUMMYFUNCTION("""COMPUTED_VALUE"""),8489055.893755801) -> 8489055.9 | BV15: =IFERROR(__xludf.DUMMYFUNCTION("""COMPUTED_VALUE"""),2503201.73864588) -> 2503201.7 | BW15: =IFERROR(__xludf.DUMMYFUNCTION("""COMPUTED_VALUE"""),2401738.68267887) -> 2401738.7 | BX15: =IFERROR(__xludf.DUMMYFUNCTION("""COMPUTED_VALUE"""),2256432.57929879) -> 2256432.6 | BY15: =IFERROR(__xludf.DUMMYFUNCTION("""COMPUTED_VALUE"""),2381903.4731653) -> 2381903.5 | BZ15: =IFERROR(__xludf.DUMMYFUNCTION("""COMPUTED_VALUE"""),9543276.47378884) -> 9543276.5 | CA15: =IFERROR(__xludf.DUMMYFUNCTION("""COMPUTED_VALUE"""),2627012.45524066) -> 2627012.5 | CB15: =IFERROR(__xludf.DUMMYFUNCTION("""COMPUTED_VALUE"""),2578557.77544992) -> 2578557.8 | CC15: =IFERROR(__xludf.DUMMYFUNCTION("""COMPUTED_VALUE"""),2678147.95152602) -> 2678148 | CD15: =IFERROR(__xludf.DUMMYFUNCTION("""COMPUTED_VALUE"""),2847362.13086854) -> 2847362.1 | CE15: =IFERROR(__xludf.DUMMYFUNCTION("""COMPUTED_VALUE"""),1.0731080313085139E7) -> 10731080 | CF15: =IFERROR(__xludf.DUMMYFUNCTION("""COMPUTED_VALUE"""),3277823.30083551) -> 3277823.3 | CG15: =IFERROR(__xludf.DUMMYFUNCTION("""COMPUTED_VALUE"""),3513608.6723921) -> 3513608.7 | CH15: =IFERROR(__xludf.DUMMYFUNCTION("""COMPUTED_VALUE"""),3548100.98970006) -> 3548101 | CI15: =IFERROR(__xludf.DUMMYFUNCTION("""COMPUTED_VALUE"""),3612682.00334681) -> 3612682 | CJ15: =IFERROR(__xludf.DUMMYFUNCTION("""COMPUTED_VALUE"""),1.395221496627448E7) -> 13952215 | CK15: =IFERROR(__xludf.DUMMYFUNCTION("""COMPUTED_VALUE"""),3766568.09164883) -> 3766568.1 | CL15: =IFERROR(__xludf.DUMMYFUNCTION("""COMPUTED_VALUE"""),4120876.22151634) -> 4120876.2 | CM15: =IFERROR(__xludf.DUMMYFUNCTION("""COMPUTED_VALUE"""),4266449.32185761) -> 4266449.3 | CN15: =IFERROR(__xludf.DUMMYFUNCTION("""COMPUTED_VALUE"""),4016680.00725197) -> 4016680 | CO15: =IFERROR(__xludf.DUMMYFUNCTION("""COMPUTED_VALUE"""),1.617057364227475E7) -> 16170574 | CP15: =IFERROR(__xludf.DUMMYFUNCTION("""COMPUTED_VALUE"""),3947265.9511385583) -> 3947266 | CQ15: =IFERROR(__xludf.DUMMYFUNCTION("""COMPUTED_VALUE"""),0.0) -> 0 | CR15: =IFERROR(__xludf.DUMMYFUNCTION("""COMPUTED_VALUE"""),0.0) -> 0 | CS15: =IFERROR(__xludf.DUMMYFUNCTION("""COMPUTED_VALUE"""),0.0) -> 0 | CT15: =IFERROR(__xludf.DUMMYFUNCTION("""COMPUTED_VALUE"""),3947265.9511385583) -> 3947266 | CU15: =IFERROR(__xludf.DUMMYFUNCTION("""COMPUTED_VALUE"""),0.0) -> 0 | CV15: =IFERROR(__xludf.DUMMYFUNCTION("""COMPUTED_VALUE"""),0.0) -> 0 | CW15: =IFERROR(__xludf.DUMMYFUNCTION("""COMPUTED_VALUE"""),0.0) -> 0 | CX15: =IFERROR(__xludf.DUMMYFUNCTION("""COMPUTED_VALUE"""),0.0) -> 0 | CY15: =IFERROR(__xludf.DUMMYFUNCTION("""COMPUTED_VALUE"""),0.0) -> 0
C16: f. Peternakan | N16: =IFERROR(__xludf.DUMMYFUNCTION("""COMPUTED_VALUE"""),362240.3262) -> 362240.33 | O16: =IFERROR(__xludf.DUMMYFUNCTION("""COMPUTED_VALUE"""),362501.3177) -> 362501.32 | P16: =IFERROR(__xludf.DUMMYFUNCTION("""COMPUTED_VALUE"""),401232.7554) -> 401232.76 | Q16: =IFERROR(__xludf.DUMMYFUNCTION("""COMPUTED_VALUE"""),414320.8208) -> 414320.82 | R16: =IFERROR(__xludf.DUMMYFUNCTION("""COMPUTED_VALUE"""),1540295.2201) -> 1540295.2 | S16: =IFERROR(__xludf.DUMMYFUNCTION("""COMPUTED_VALUE"""),377051.26652603573) -> 377051.27 | T16: =IFERROR(__xludf.DUMMYFUNCTION("""COMPUTED_VALUE"""),390341.94287185423) -> 390341.94 | U16: =IFERROR(__xludf.DUMMYFUNCTION("""COMPUTED_VALUE"""),423917.9818343075) -> 423917.98 | V16: =IFERROR(__xludf.DUMMYFUNCTION("""COMPUTED_VALUE"""),435301.99881417665) -> 435302 | W16: =IFERROR(__xludf.DUMMYFUNCTION("""COMPUTED_VALUE"""),1626613.1900463742) -> 1626613.2 | X16: =IFERROR(__xludf.DUMMYFUNCTION("""COMPUTED_VALUE"""),427159.5814621727) -> 427159.58 | Y16: =IFERROR(__xludf.DUMMYFUNCTION("""COMPUTED_VALUE"""),437813.8545400495) -> 437813.85 | Z16: =IFERROR(__xludf.DUMMYFUNCTION("""COMPUTED_VALUE"""),469149.48610392923) -> 469149.49 | AA16: =IFERROR(__xludf.DUMMYFUNCTION("""COMPUTED_VALUE"""),482474.98174147174) -> 482474.98 | AB16: =IFERROR(__xludf.DUMMYFUNCTION("""COMPUTED_VALUE"""),1816597.9038476232) -> 1816597.9 | AC16: =IFERROR(__xludf.DUMMYFUNCTION("""COMPUTED_VALUE"""),472292.04128236126) -> 472292.04 | AD16: =IFERROR(__xludf.DUMMYFUNCTION("""COMPUTED_VALUE"""),469105.5069995481) -> 469105.51 | AE16: =IFERROR(__xludf.DUMMYFUNCTION("""COMPUTED_VALUE"""),499837.68370522535) -> 499837.68 | AF16: =IFERROR(__xludf.DUMMYFUNCTION("""COMPUTED_VALUE"""),523459.48198398994) -> 523459.48 | AG16: =IFERROR(__xludf.DUMMYFUNCTION("""COMPUTED_VALUE"""),1964694.7139711247) -> 1964694.7 | AH16: =IFERROR(__xludf.DUMMYFUNCTION("""COMPUTED_VALUE"""),505108.5218749903) -> 505108.52 | AI16: =IFERROR(__xludf.DUMMYFUNCTION("""COMPUTED_VALUE"""),513162.8027346973) -> 513162.8 | AJ16: =IFERROR(__xludf.DUMMYFUNCTION("""COMPUTED_VALUE"""),553219.0136763353) -> 553219.01 | AK16: =IFERROR(__xludf.DUMMYFUNCTION("""COMPUTED_VALUE"""),547018.3619524098) -> 547018.36 | AL16: =IFERROR(__xludf.DUMMYFUNCTION("""COMPUTED_VALUE"""),2118508.7002384327) -> 2118508.7 | AM16: =IFERROR(__xludf.DUMMYFUNCTION("""COMPUTED_VALUE"""),533836.31337666) -> 533836.31 | AN16: =IFERROR(__xludf.DUMMYFUNCTION("""COMPUTED_VALUE"""),540864.48864124) -> 540864.49 | AO16: =IFERROR(__xludf.DUMMYFUNCTION("""COMPUTED_VALUE"""),587679.7754391) -> 587679.78 | AP16: =IFERROR(__xludf.DUMMYFUNCTION("""COMPUTED_VALUE"""),584878.09072848) -> 584878.09 | AQ16: =IFERROR(__xludf.DUMMYFUNCTION("""COMPUTED_VALUE"""),2247258.66818548) -> 2247258.7 | AR16: =IFERROR(__xludf.DUMMYFUNCTION("""COMPUTED_VALUE"""),583483.2961394248) -> 583483.3 | AS16: =IFERROR(__xludf.DUMMYFUNCTION("""COMPUTED_VALUE"""),602741.047115364) -> 602741.05 | AT16: =IFERROR(__xludf.DUMMYFUNCTION("""COMPUTED_VALUE"""),684780.1635632575) -> 684780.16 | AU16: =IFERROR(__xludf.DUMMYFUNCTION("""COMPUTED_VALUE"""),616033.8228806028) -> 616033.82 | AV16: =IFERROR(__xludf.DUMMYFUNCTION("""COMPUTED_VALUE"""),2487038.3296986492) -> 2487038.3 | AW16: =IFERROR(__xludf.DUMMYFUNCTION("""COMPUTED_VALUE"""),615752.0291323302) -> 615752.03 | AX16: =IFERROR(__xludf.DUMMYFUNCTION("""COMPUTED_VALUE"""),674323.6406829208) -> 674323.64 | AY16: =IFERROR(__xludf.DUMMYFUNCTION("""COMPUTED_VALUE"""),729272.615326016) -> 729272.62 | AZ16: =IFERROR(__xludf.DUMMYFUNCTION("""COMPUTED_VALUE"""),735966.9461435517) -> 735966.95 | BA16: =IFERROR(__xludf.DUMMYFUNCTION("""COMPUTED_VALUE"""),2755315.2312848186) -> 2755315.2 | BB16: =IFERROR(__xludf.DUMMYFUNCTION("""COMPUTED_VALUE"""),685249.2813047878) -> 685249.28 | BC16: =IFERROR(__xludf.DUMMYFUNCTION("""COMPUTED_VALUE"""),736100.9262173842) -> 736100.93 | BD16: =IFERROR(__xludf.DUMMYFUNCTION("""COMPUTED_VALUE"""),770691.2329658972) -> 770691.23 | BE16: =IFERROR(__xludf.DUMMYFUNCTION("""COMPUTED_VALUE"""),790241.0415808649) -> 790241.04 | BF16: =IFERROR(__xludf.DUMMYFUNCTION("""COMPUTED_VALUE"""),2982282.4820689345) -> 2982282.5 | BG16: =IFERROR(__xludf.DUMMYFUNCTION("""COMPUTED_VALUE"""),753580.481815433) -> 753580.48 | BH16: =IFERROR(__xludf.DUMMYFUNCTION("""COMPUTED_VALUE"""),809182.048032302) -> 809182.05 | BI16: =IFERROR(__xludf.DUMMYFUNCTION("""COMPUTED_VALUE"""),864496.469989277) -> 864496.47 | BJ16: =IFERROR(__xludf.DUMMYFUNCTION("""COMPUTED_VALUE"""),836640.958379983) -> 836640.96 | BK16: =IFERROR(__xludf.DUMMYFUNCTION("""COMPUTED_VALUE"""),3263899.958216995) -> 3263900 | BL16: =IFERROR(__xludf.DUMMYFUNCTION("""COMPUTED_VALUE"""),825815.125724241) -> 825815.13 | BM16: =IFERROR(__xludf.DUMMYFUNCTION("""COMPUTED_VALUE"""),817135.317841383) -> 817135.32 | BN16: =IFERROR(__xludf.DUMMYFUNCTION("""COMPUTED_VALUE"""),877914.881504096) -> 877914.88 | BO16: =IFERROR(__xludf.DUMMYFUNCTION("""COMPUTED_VALUE"""),855628.301574455) -> 855628.3 | BP16: =IFERROR(__xludf.DUMMYFUNCTION("""COMPUTED_VALUE"""),3376493.626644175) -> 3376493.6 | BQ16: =IFERROR(__xludf.DUMMYFUNCTION("""COMPUTED_VALUE"""),849240.605288961) -> 849240.61 | BR16: =IFERROR(__xludf.DUMMYFUNCTION("""COMPUTED_VALUE"""),894532.302180636) -> 894532.3 | BS16: =IFERROR(__xludf.DUMMYFUNCTION("""COMPUTED_VALUE"""),885857.302180636) -> 885857.3 | BT16: =IFERROR(__xludf.DUMMYFUNCTION("""COMPUTED_VALUE"""),895879.472488258) -> 895879.47 | BU16: =IFERROR(__xludf.DUMMYFUNCTION("""COMPUTED_VALUE"""),3525509.682138491) -> 3525509.7 | BV16: =IFERROR(__xludf.DUMMYFUNCTION("""COMPUTED_VALUE"""),907065.048965356) -> 907065.05 | BW16: =IFERROR(__xludf.DUMMYFUNCTION("""COMPUTED_VALUE"""),920059.930991239) -> 920059.93 | BX16: =IFERROR(__xludf.DUMMYFUNCTION("""COMPUTED_VALUE"""),969281.760632443) -> 969281.76 | BY16: =IFERROR(__xludf.DUMMYFUNCTION("""COMPUTED_VALUE"""),926982.35138615) -> 926982.35 | BZ16: =IFERROR(__xludf.DUMMYFUNCTION("""COMPUTED_VALUE"""),3723389.091975188) -> 3723389.1 | CA16: =IFERROR(__xludf.DUMMYFUNCTION("""COMPUTED_VALUE"""),975356.83024959) -> 975356.83 | CB16: =IFERROR(__xludf.DUMMYFUNCTION("""COMPUTED_VALUE"""),1086530.59666561) -> 1086530.6 | CC16: =IFERROR(__xludf.DUMMYFUNCTION("""COMPUTED_VALUE"""),1036863.09879652) -> 1036863.1 | CD16: =IFERROR(__xludf.DUMMYFUNCTION("""COMPUTED_VALUE"""),1003677.07598025) -> 1003677.1 | CE16: =IFERROR(__xludf.DUMMYFUNCTION("""COMPUTED_VALUE"""),4102427.6016919697) -> 4102427.6 | CF16: =IFERROR(__xludf.DUMMYFUNCTION("""COMPUTED_VALUE"""),992937.74777168) -> 992937.75 | CG16: =IFERROR(__xludf.DUMMYFUNCTION("""COMPUTED_VALUE"""),1116372.00379097) -> 1116372 | CH16: =IFERROR(__xludf.DUMMYFUNCTION("""COMPUTED_VALUE"""),1043676.40651546) -> 1043676.4 | CI16: =IFERROR(__xludf.DUMMYFUNCTION("""COMPUTED_VALUE"""),1056589.51098157) -> 1056589.5 | CJ16: =IFERROR(__xludf.DUMMYFUNCTION("""COMPUTED_VALUE"""),4209575.66905968) -> 4209575.7 | CK16: =IFERROR(__xludf.DUMMYFUNCTION("""COMPUTED_VALUE"""),1116303.90868905) -> 1116303.9 | CL16: =IFERROR(__xludf.DUMMYFUNCTION("""COMPUTED_VALUE"""),1243100.34396255) -> 1243100.3 | CM16: =IFERROR(__xludf.DUMMYFUNCTION("""COMPUTED_VALUE"""),1153996.00717777) -> 1153996 | CN16: =IFERROR(__xludf.DUMMYFUNCTION("""COMPUTED_VALUE"""),1197732.44768692) -> 1197732.4 | CO16: =IFERROR(__xludf.DUMMYFUNCTION("""COMPUTED_VALUE"""),4711132.70751629) -> 4711132.7 | CP16: =IFERROR(__xludf.DUMMYFUNCTION("""COMPUTED_VALUE"""),1278176.892361933) -> 1278176.9 | CQ16: =IFERROR(__xludf.DUMMYFUNCTION("""COMPUTED_VALUE"""),0.0) -> 0 | CR16: =IFERROR(__xludf.DUMMYFUNCTION("""COMPUTED_VALUE"""),0.0) -> 0 | CS16: =IFERROR(__xludf.DUMMYFUNCTION("""COMPUTED_VALUE"""),0.0) -> 0 | CT16: =IFERROR(__xludf.DUMMYFUNCTION("""COMPUTED_VALUE"""),1278176.892361933) -> 1278176.9 | CU16: =IFERROR(__xludf.DUMMYFUNCTION("""COMPUTED_VALUE"""),0.0) -> 0 | CV16: =IFERROR(__xludf.DUMMYFUNCTION("""COMPUTED_VALUE"""),0.0) -> 0 | CW16: =IFERROR(__xludf.DUMMYFUNCTION("""COMPUTED_VALUE"""),0.0) -> 0 | CX16: =IFERROR(__xludf.DUMMYFUNCTION("""COMPUTED_VALUE"""),0.0) -> 0 | CY16: =IFERROR(__xludf.DUMMYFUNCTION("""COMPUTED_VALUE"""),0.0) -> 0
A19: B | B19: Rasio Input Antara
C20: a. Tanaman Pangan | AV20: 0.11180062 | AW20: 0.11180062 | AX20: 0.11180062 | AY20: 0.11180062 | AZ20: 0.11180062 | BA20: 0.11180062 | BB20: 0.11180062 | BC20: 0.11180062 | BD20: 0.11180062 | BE20: 0.11180062 | BF20: 0.11180062 | BG20: 0.11180062 | BH20: 0.11180062 | BI20: 0.11180062 | BJ20: 0.11180062 | BK20: 0.11180062 | BL20: 0.11180062 | BM20: 0.11180062 | BN20: 0.11180062 | BO20: 0.11180062 | BP20: 0.11180062 | BQ20: 0.11180062 | BR20: 0.11180062 | BS20: 0.11180062 | BT20: 0.11180062 | BU20: 0.11180062 | BV20: 0.11180062 | BW20: 0.11180062 | BX20: 0.11180062 | BY20: 0.11180062 | CA20: 0.11180062 | CB20: 0.11180062 | CC20: 0.11180062 | CD20: 0.11180062 | CE20: 0.11180062 | CF20: 0.11180062 | CG20: 0.11180062 | CH20: 0.11180062 | CI20: 0.11180062 | CK20: 0.11180062 | CL20: 0.11180062 | CM20: 0.11180062 | CN20: 0.11180062 | CP20: 0.11180062 | CQ20: 0.11180062 | CR20: 0.11180062 | CS20: 0.11180062
C21: b. Tanaman Hortikultura Semusim | AV21: 0.060719258 | AW21: 0.060719258 | AX21: 0.060719258 | AY21: 0.060719258 | AZ21: 0.060719258 | BA21: 0.060719258 | BB21: 0.060719258 | BC21: 0.060719258 | BD21: 0.060719258 | BE21: 0.060719258 | BF21: 0.060719258 | BG21: 0.060719258 | BH21: 0.060719258 | BI21: 0.060719258 | BJ21: 0.060719258 | BK21: 0.060719258 | BL21: 0.060719258 | BM21: 0.060719258 | BN21: 0.060719258 | BO21: 0.060719258 | BP21: 0.060719258 | BQ21: 0.060719258 | BR21: 0.060719258 | BS21: 0.060719258 | BT21: 0.060719258 | BU21: 0.060719258 | BV21: 0.060719258 | BW21: 0.060719258 | BX21: 0.060719258 | BY21: 0.060719258 | CA21: 0.060719258 | CB21: 0.060719258 | CC21: 0.060719258 | CD21: 0.060719258 | CE21: 0.060719258 | CF21: 0.060719258 | CG21: 0.060719258 | CH21: 0.060719258 | CI21: 0.060719258 | CK21: 0.060719258 | CL21: 0.060719258 | CM21: 0.060719258 | CN21: 0.060719258 | CP21: 0.060719258 | CQ21: 0.060719258 | CR21: 0.060719258 | CS21: 0.060719258
C22: c. Perkebunan Semusim | AV22: 0.18579106 | AW22: 0.18579106 | AX22: 0.18579106 | AY22: 0.18579106 | AZ22: 0.18579106 | BA22: 0.18579106 | BB22: 0.18579106 | BC22: 0.18579106 | BD22: 0.18579106 | BE22: 0.18579106 | BF22: 0.18579106 | BG22: 0.18579106 | BH22: 0.18579106 | BI22: 0.18579106 | BJ22: 0.18579106 | BK22: 0.18579106 | BL22: 0.18579106 | BM22: 0.18579106 | BN22: 0.18579106 | BO22: 0.18579106 | BP22: 0.18579106 | BQ22: 0.18579106 | BR22: 0.18579106 | BS22: 0.18579106 | BT22: 0.18579106 | BU22: 0.18579106 | BV22: 0.18579106 | BW22: 0.18579106 | BX22: 0.18579106 | BY22: 0.18579106 | CA22: 0.18579106 | CB22: 0.18579106 | CC22: 0.18579106 | CD22: 0.18579106 | CE22: 0.18579106 | CF22: 0.18579106 | CG22: 0.18579106 | CH22: 0.18579106 | CI22: 0.18579106 | CK22: 0.18579106 | CL22: 0.18579106 | CM22: 0.18579106 | CN22: 0.18579106 | CP22: 0.18579106 | CQ22: 0.18579106 | CR22: 0.18579106 | CS22: 0.18579106
C23: d. Tanaman Hortikultura Tahunan & Lainnya | AV23: 0.060719258 | AW23: 0.060719258 | AX23: 0.060719258 | AY23: 0.060719258 | AZ23: 0.060719258 | BA23: 0.060719258 | BB23: 0.060719258 | BC23: 0.060719258 | BD23: 0.060719258 | BE23: 0.060719258 | BF23: 0.060719258 | BG23: 0.060719258 | BH23: 0.060719258 | BI23: 0.060719258 | BJ23: 0.060719258 | BK23: 0.060719258 | BL23: 0.060719258 | BM23: 0.060719258 | BN23: 0.060719258 | BO23: 0.060719258 | BP23: 0.060719258 | BQ23: 0.060719258 | BR23: 0.060719258 | BS23: 0.060719258 | BT23: 0.060719258 | BU23: 0.060719258 | BV23: 0.060719258 | BW23: 0.060719258 | BX23: 0.060719258 | BY23: 0.060719258 | CA23: 0.060719258 | CB23: 0.060719258 | CC23: 0.060719258 | CD23: 0.060719258 | CE23: 0.060719258 | CF23: 0.060719258 | CG23: 0.060719258 | CH23: 0.060719258 | CI23: 0.060719258 | CK23: 0.060719258 | CL23: 0.060719258 | CM23: 0.060719258 | CN23: 0.060719258 | CP23: 0.060719258 | CQ23: 0.060719258 | CR23: 0.060719258 | CS23: 0.060719258
C24: e. Perkebunan Tahunan | AV24: 0.18579106 | AW24: 0.18579106 | AX24: 0.18579106 | AY24: 0.18579106 | AZ24: 0.18579106 | BA24: 0.18579106 | BB24: 0.18579106 | BC24: 0.18579106 | BD24: 0.18579106 | BE24: 0.18579106 | BF24: 0.18579106 | BG24: 0.18579106 | BH24: 0.18579106 | BI24: 0.18579106 | BJ24: 0.18579106 | BK24: 0.18579106 | BL24: 0.18579106 | BM24: 0.18579106 | BN24: 0.18579106 | BO24: 0.18579106 | BP24: 0.18579106 | BQ24: 0.18579106 | BR24: 0.18579106 | BS24: 0.18579106 | BT24: 0.18579106 | BU24: 0.18579106 | BV24: 0.18579106 | BW24: 0.18579106 | BX24: 0.18579106 | BY24: 0.18579106 | CA24: 0.18579106 | CB24: 0.18579106 | CC24: 0.18579106 | CD24: 0.18579106 | CE24: 0.18579106 | CF24: 0.18579106 | CG24: 0.18579106 | CH24: 0.18579106 | CI24: 0.18579106 | CK24: 0.18579106 | CL24: 0.18579106 | CM24: 0.18579106 | CN24: 0.18579106 | CP24: 0.18579106 | CQ24: 0.18579106 | CR24: 0.18579106 | CS24: 0.18579106
C25: f. Peternakan | AV25: 0.26808994 | AW25: 0.26808994 | AX25: 0.26808994 | AY25: 0.26808994 | AZ25: 0.26808994 | BA25: 0.26808994 | BB25: 0.26808994 | BC25: 0.26808994 | BD25: 0.26808994 | BE25: 0.26808994 | BF25: 0.26808994 | BG25: 0.26808994 | BH25: 0.26808994 | BI25: 0.26808994 | BJ25: 0.26808994 | BK25: 0.26808994 | BL25: 0.26808994 | BM25: 0.26808994 | BN25: 0.26808994 | BO25: 0.26808994 | BP25: 0.26808994 | BQ25: 0.26808994 | BR25: 0.26808994 | BS25: 0.26808994 | BT25: 0.26808994 | BU25: 0.26808994 | BV25: 0.26808994 | BW25: 0.26808994 | BX25: 0.26808994 | BY25: 0.26808994 | CA25: 0.26808994 | CB25: 0.26808994 | CC25: 0.26808994 | CD25: 0.26808994 | CE25: 0.26808994 | CF25: 0.26808994 | CG25: 0.26808994 | CH25: 0.26808994 | CI25: 0.26808994 | CK25: 0.26808994 | CL25: 0.26808994 | CM25: 0.26808994 | CN25: 0.26808994 | CP25: 0.26808994 | CQ25: 0.26808994 | CR25: 0.26808994 | CS25: 0.26808994
A28: C | B28: Output ADHB subkategori penyusun
C29: a. Tanaman Pangan | AW29: =AW11/(1-AW20) -> 570902.88 | AX29: =AX11/(1-AX20) -> 764241.33 | AY29: =AY11/(1-AY20) -> 651583.04 | AZ29: =AZ11/(1-AZ20) -> 692380.87 | BB29: =BB11/(1-BB20) -> 669654.12 | BC29: =BC11/(1-BC20) -> 770915.13 | BD29: =BD11/(1-BD20) -> 654661.78 | BE29: =BE11/(1-BE20) -> 712577.41 | BG29: =BG11/(1-BG20) -> 646087.96 | BH29: =BH11/(1-BH20) -> 860154.11 | BI29: =BI11/(1-BI20) -> 643859.58 | BJ29: =BJ11/(1-BJ20) -> 709655.64 | BL29: =BL11/(1-BL20) -> 628759.32 | BM29: =BM11/(1-BM20) -> 828186.41 | BN29: =BN11/(1-BN20) -> 682790.47 | BO29: =BO11/(1-BO20) -> 752533.98 | BQ29: =BQ11/(1-BQ20) -> 553722.29 | BR29: =BR11/(1-BR20) -> 963250.87 | BS29: =BS11/(1-BS20) -> 672054.99 | BT29: =BT11/(1-BT20) -> 757316.46 | BV29: =BV11/(1-BV20) -> 576384.09 | BW29: =BW11/(1-BW20) -> 926744.21 | BX29: =BX11/(1-BX20) -> 670486.31 | BY29: =BY11/(1-BY20) -> 750714.77 | CA29: =CA11/(1-CA20) -> 585919.97 | CB29: =CB11/(1-CB20) -> 906176.41 | CC29: =CC11/(1-CC20) -> 766610.34 | CD29: =CD11/(1-CD20) -> 805483.44 | CE29: =CE11/(1-CE20) -> 3064190.2 | CF29: =CF11/(1-CF20) -> 578733.02 | CG29: =CG11/(1-CG20) -> 1013737.3 | CH29: =CH11/(1-CH20) -> 845526.51 | CI29: =CI11/(1-CI20) -> 941073.78 | CK29: =CK11/(1-CK20) -> 657059.58 | CL29: =CL11/(1-CL20) -> 1115955.1 | CM29: =CM11/(1-CM20) -> 862847.17 | CN29: =CN11/(1-CN20) -> 1069755.9 | CP29: =CP11/(1-CP20) -> 675011.12 | CQ29: =CQ11/(1-CQ20) -> 0 | CR29: =CR11/(1-CR20) -> 0 | CS29: =CS11/(1-CS20) -> 0
C30: b. Tanaman Hortikultura Semusim | AW30: =AW12/(1-AW21) -> 83522.422 | AX30: =AX12/(1-AX21) -> 91862.829 | AY30: =AY12/(1-AY21) -> 93744.689 | AZ30: =AZ12/(1-AZ21) -> 94768.843 | BB30: =BB12/(1-BB21) -> 87767.565 | BC30: =BC12/(1-BC21) -> 87743.974 | BD30: =BD12/(1-BD21) -> 94781.427 | BE30: =BE12/(1-BE21) -> 99748.575 | BG30: =BG12/(1-BG21) -> 96455.922 | BH30: =BH12/(1-BH21) -> 99066.053 | BI30: =BI12/(1-BI21) -> 104380.82 | BJ30: =BJ12/(1-BJ21) -> 101694.37 | BL30: =BL12/(1-BL21) -> 95966.67 | BM30: =BM12/(1-BM21) -> 95060.498 | BN30: =BN12/(1-BN21) -> 102357.26 | BO30: =BO12/(1-BO21) -> 95044.73 | BQ30: =BQ12/(1-BQ21) -> 100344.2 | BR30: =BR12/(1-BR21) -> 101126.27 | BS30: =BS12/(1-BS21) -> 101859.22 | BT30: =BT12/(1-BT21) -> 98897.771 | BV30: =BV12/(1-BV21) -> 98954.31 | BW30: =BW12/(1-BW21) -> 105417.46 | BX30: =BX12/(1-BX21) -> 121194.61 | BY30: =BY12/(1-BY21) -> 121994.56 | CA30: =CA12/(1-CA21) -> 113961.44 | CB30: =CB12/(1-CB21) -> 123475.49 | CC30: =CC12/(1-CC21) -> 113513.52 | CD30: =CD12/(1-CD21) -> 120845.13 | CE30: =CE12/(1-CE21) -> 471795.59 | CF30: =CF12/(1-CF21) -> 128570.35 | CG30: =CG12/(1-CG21) -> 125284.75 | CH30: =CH12/(1-CH21) -> 113917.42 | CI30: =CI12/(1-CI21) -> 125830.48 | CK30: =CK12/(1-CK21) -> 122966.67 | CL30: =CL12/(1-CL21) -> 118074.59 | CM30: =CM12/(1-CM21) -> 120674.2 | CN30: =CN12/(1-CN21) -> 131792.26 | CP30: =CP12/(1-CP21) -> 140656.02 | CQ30: =CQ12/(1-CQ21) -> 0 | CR30: =CR12/(1-CR21) -> 0 | CS30: =CS12/(1-CS21) -> 0
C31: c. Perkebunan Semusim | AW31: =AW13/(1-AW22) -> 29429 | AX31: =AX13/(1-AX22) -> 23980.405 | AY31: =AY13/(1-AY22) -> 23788.295 | AZ31: =AZ13/(1-AZ22) -> 23878.308 | BB31: =BB13/(1-BB22) -> 26893.454 | BC31: =BC13/(1-BC22) -> 26220.456 | BD31: =BD13/(1-BD22) -> 26421.603 | BE31: =BE13/(1-BE22) -> 26630.448 | BG31: =BG13/(1-BG22) -> 26963.075 | BH31: =BH13/(1-BH22) -> 28323.742 | BI31: =BI13/(1-BI22) -> 28816.185 | BJ31: =BJ13/(1-BJ22) -> 28786.173 | BL31: =BL13/(1-BL22) -> 30270.367 | BM31: =BM13/(1-BM22) -> 31064.372 | BN31: =BN13/(1-BN22) -> 30043.918 | BO31: =BO13/(1-BO22) -> 30587.449 | BQ31: =BQ13/(1-BQ22) -> 27961.452 | BR31: =BR13/(1-BR22) -> 29253.547 | BS31: =BS13/(1-BS22) -> 48222.821 | BT31: =BT13/(1-BT22) -> 53696.678 | BV31: =BV13/(1-BV22) -> 36930.88 | BW31: =BW13/(1-BW22) -> 27252.975 | BX31: =BX13/(1-BX22) -> 52394.757 | BY31: =BY13/(1-BY22) -> 55244.063 | CA31: =CA13/(1-CA22) -> 29450.843 | CB31: =CB13/(1-CB22) -> 32369.123 | CC31: =CC13/(1-CC22) -> 57688.845 | CD31: =CD13/(1-CD22) -> 71429.938 | CE31: =CE13/(1-CE22) -> 190938.75 | CF31: =CF13/(1-CF22) -> 33932.168 | CG31: =CG13/(1-CG22) -> 44788.554 | CH31: =CH13/(1-CH22) -> 85976.656 | CI31: =CI13/(1-CI22) -> 206658.92 | CK31: =CK13/(1-CK22) -> 117681.14 | CL31: =CL13/(1-CL22) -> 84062.826 | CM31: =CM13/(1-CM22) -> 111710.74 | CN31: =CN13/(1-CN22) -> 170424.17 | CP31: =CP13/(1-CP22) -> 100603.66 | CQ31: =CQ13/(1-CQ22) -> 0 | CR31: =CR13/(1-CR22) -> 0 | CS31: =CS13/(1-CS22) -> 0
C32: d. Tanaman Hortikultura Tahunan & Lainnya | AW32: =AW14/(1-AW23) -> 197280.59 | AX32: =AX14/(1-AX23) -> 178955.64 | AY32: =AY14/(1-AY23) -> 177470.07 | AZ32: =AZ14/(1-AZ23) -> 185521.26 | BB32: =BB14/(1-BB23) -> 213272.57 | BC32: =BC14/(1-BC23) -> 196239.25 | BD32: =BD14/(1-BD23) -> 200577.33 | BE32: =BE14/(1-BE23) -> 211400.28 | BG32: =BG14/(1-BG23) -> 227303.98 | BH32: =BH14/(1-BH23) -> 223860.12 | BI32: =BI14/(1-BI23) -> 228774.5 | BJ32: =BJ14/(1-BJ23) -> 239726.27 | BL32: =BL14/(1-BL23) -> 239171.22 | BM32: =BM14/(1-BM23) -> 232582 | BN32: =BN14/(1-BN23) -> 238401.53 | BO32: =BO14/(1-BO23) -> 238946.73 | BQ32: =BQ14/(1-BQ23) -> 243230.94 | BR32: =BR14/(1-BR23) -> 238442.26 | BS32: =BS14/(1-BS23) -> 240877.67 | BT32: =BT14/(1-BT23) -> 266052 | BV32: =BV14/(1-BV23) -> 249928.07 | BW32: =BW14/(1-BW23) -> 254372.6 | BX32: =BX14/(1-BX23) -> 258239.7 | BY32: =BY14/(1-BY23) -> 271654.22 | CA32: =CA14/(1-CA23) -> 281387.86 | CB32: =CB14/(1-CB23) -> 270618.63 | CC32: =CC14/(1-CC23) -> 272574.88 | CD32: =CD14/(1-CD23) -> 278909.56 | CE32: =CE14/(1-CE23) -> 1103490.9 | CF32: =CF14/(1-CF23) -> 312695.07 | CG32: =CG14/(1-CG23) -> 269895.87 | CH32: =CH14/(1-CH23) -> 278702.21 | CI32: =CI14/(1-CI23) -> 282649.93 | CK32: =CK14/(1-CK23) -> 302401.2 | CL32: =CL14/(1-CL23) -> 269646.29 | CM32: =CM14/(1-CM23) -> 268727.54 | CN32: =CN14/(1-CN23) -> 329691.69 | CP32: =CP14/(1-CP23) -> 303320.63 | CQ32: =CQ14/(1-CQ23) -> 0 | CR32: =CR14/(1-CR23) -> 0 | CS32: =CS14/(1-CS23) -> 0
C33: e. Perkebunan Tahunan | AW33: =AW15/(1-AW24) -> 1900787.3 | AX33: =AX15/(1-AX24) -> 2035140 | AY33: =AY15/(1-AY24) -> 2141106.4 | AZ33: =AZ15/(1-AZ24) -> 2254386 | BB33: =BB15/(1-BB24) -> 2052276.1 | BC33: =BC15/(1-BC24) -> 2229163.4 | BD33: =BD15/(1-BD24) -> 2332503.5 | BE33: =BE15/(1-BE24) -> 2406309 | BG33: =BG15/(1-BG24) -> 2231013.6 | BH33: =BH15/(1-BH24) -> 2494736 | BI33: =BI15/(1-BI24) -> 2500249.9 | BJ33: =BJ15/(1-BJ24) -> 2659515.1 | BL33: =BL15/(1-BL24) -> 2510290.5 | BM33: =BM15/(1-BM24) -> 2483816.4 | BN33: =BN15/(1-BN24) -> 2437424.5 | BO33: =BO15/(1-BO24) -> 2499053 | BQ33: =BQ15/(1-BQ24) -> 2638533.4 | BR33: =BR15/(1-BR24) -> 2544394 | BS33: =BS15/(1-BS24) -> 2611002 | BT33: =BT15/(1-BT24) -> 2632210.1 | BV33: =BV15/(1-BV24) -> 3074397.3 | BW33: =BW15/(1-BW24) -> 2949781.8 | BX33: =BX15/(1-BX24) -> 2771318.9 | BY33: =BY15/(1-BY24) -> 2925420.4 | CA33: =CA15/(1-CA24) -> 3226459.9 | CB33: =CB15/(1-CB24) -> 3166948.5 | CC33: =CC15/(1-CC24) -> 3289263.8 | CD33: =CD15/(1-CD24) -> 3497090.2 | CE33: =CE15/(1-CE24) -> 13179762 | CF33: =CF15/(1-CF24) -> 4025776.6 | CG33: =CG15/(1-CG24) -> 4315364.9 | CH33: =CH15/(1-CH24) -> 4357727.9 | CI33: =CI15/(1-CI24) -> 4437045.4 | CK33: =CK15/(1-CK24) -> 4626046.1 | CL33: =CL15/(1-CL24) -> 5061202.4 | CM33: =CM15/(1-CM24) -> 5239993.2 | CN33: =CN15/(1-CN24) -> 4933230.1 | CP33: =CP15/(1-CP24) -> 4847976.7 | CQ33: =CQ15/(1-CQ24) -> 0 | CR33: =CR15/(1-CR24) -> 0 | CS33: =CS15/(1-CS24) -> 0
C34: f. Peternakan | AW34: =AW16/(1-AW25) -> 841294.67 | AX34: =AX16/(1-AX25) -> 921320.36 | AY34: =AY16/(1-AY25) -> 996396.49 | AZ34: =AZ16/(1-AZ25) -> 1005542.9 | BB34: =BB16/(1-BB25) -> 936247.93 | BC34: =BC16/(1-BC25) -> 1005725.9 | BD34: =BD16/(1-BD25) -> 1052986.3 | BE34: =BE16/(1-BE25) -> 1079696.9 | BG34: =BG16/(1-BG25) -> 1029608 | BH34: =BH16/(1-BH25) -> 1105575.8 | BI34: =BI16/(1-BI25) -> 1181151.2 | BJ34: =BJ16/(1-BJ25) -> 1143092.6 | BL34: =BL16/(1-BL25) -> 1128301.4 | BM34: =BM16/(1-BM25) -> 1116442.3 | BN34: =BN16/(1-BN25) -> 1199484.6 | BO34: =BO16/(1-BO25) -> 1169034.8 | BQ34: =BQ16/(1-BQ25) -> 1160307.3 | BR34: =BR16/(1-BR25) -> 1222188.8 | BS34: =BS16/(1-BS25) -> 1210336.3 | BT34: =BT16/(1-BT25) -> 1224029.5 | BV34: =BV16/(1-BV25) -> 1239312.2 | BW34: =BW16/(1-BW25) -> 1257066.9 | BX34: =BX16/(1-BX25) -> 1324318.1 | BY34: =BY16/(1-BY25) -> 1266524.9 | CA34: =CA16/(1-CA25) -> 1332618.4 | CB34: =CB16/(1-CB25) -> 1484513.8 | CC34: =CC16/(1-CC25) -> 1416653.7 | CD34: =CD16/(1-CD25) -> 1371312 | CE34: =CE16/(1-CE25) -> 5605098 | CF34: =CF16/(1-CF25) -> 1356639 | CG34: =CG16/(1-CG25) -> 1525285.8 | CH34: =CH16/(1-CH25) -> 1425962.6 | CI34: =CI16/(1-CI25) -> 1443605.7 | CK34: =CK16/(1-CK25) -> 1525192.7 | CL34: =CL16/(1-CL25) -> 1698433.2 | CM34: =CM16/(1-CM25) -> 1576691 | CN34: =CN16/(1-CN25) -> 1636447.6 | CP34: =CP16/(1-CP25) -> 1746357.9 | CQ34: =CQ16/(1-CQ25) -> 0 | CR34: =CR16/(1-CR25) -> 0 | CS34: =CS16/(1-CS25) -> 0
A41: D | B41: NTB ADHK subkategori penyusun
C42: a. Tanaman Pangan | D42: =IFERROR(__xludf.DUMMYFUNCTION("IMPORTRANGE(""https://docs.google.com/spreadsheets/d/1fq0UU7JJVw2Mabie5r5T24vSCZ0NCG-3waFyMjDP7Qo/edit#gid=1235587625"",""Prod_Awal!D88:ZZ93"")"),"") | N42: =IFERROR(__xludf.DUMMYFUNCTION("""COMPUTED_VALUE"""),235199.6116766407) -> 235199.61 | O42: =IFERROR(__xludf.DUMMYFUNCTION("""COMPUTED_VALUE"""),418525.4328186648) -> 418525.43 | P42: =IFERROR(__xludf.DUMMYFUNCTION("""COMPUTED_VALUE"""),374982.1133599372) -> 374982.11 | Q42: =IFERROR(__xludf.DUMMYFUNCTION("""COMPUTED_VALUE"""),313376.92214475723) -> 313376.92 | R42: =IFERROR(__xludf.DUMMYFUNCTION("""COMPUTED_VALUE"""),1342084.08) -> 1342084.1 | S42: =IFERROR(__xludf.DUMMYFUNCTION("""COMPUTED_VALUE"""),296884.74070147634) -> 296884.74 | T42: =IFERROR(__xludf.DUMMYFUNCTION("""COMPUTED_VALUE"""),381896.31886231614) -> 381896.32 | U42: =IFERROR(__xludf.DUMMYFUNCTION("""COMPUTED_VALUE"""),390591.83465227037) -> 390591.83 | V42: =IFERROR(__xludf.DUMMYFUNCTION("""COMPUTED_VALUE"""),318330.914108872) -> 318330.91 | W42: =IFERROR(__xludf.DUMMYFUNCTION("""COMPUTED_VALUE"""),1387703.808324935) -> 1387703.8 | X42: =IFERROR(__xludf.DUMMYFUNCTION("""COMPUTED_VALUE"""),315056.9390337876) -> 315056.94 | Y42: =IFERROR(__xludf.DUMMYFUNCTION("""COMPUTED_VALUE"""),439081.8055896354) -> 439081.81 | Z42: =IFERROR(__xludf.DUMMYFUNCTION("""COMPUTED_VALUE"""),424601.8199697286) -> 424601.82 | AA42: =IFERROR(__xludf.DUMMYFUNCTION("""COMPUTED_VALUE"""),320012.8229194667) -> 320012.82 | AB42: =IFERROR(__xludf.DUMMYFUNCTION("""COMPUTED_VALUE"""),1498753.3875126184) -> 1498753.4 | AC42: =IFERROR(__xludf.DUMMYFUNCTION("""COMPUTED_VALUE"""),366682.27046756056) -> 366682.27 | AD42: =IFERROR(__xludf.DUMMYFUNCTION("""COMPUTED_VALUE"""),456055.27586661803) -> 456055.28 | AE42: =IFERROR(__xludf.DUMMYFUNCTION("""COMPUTED_VALUE"""),384269.50658190844) -> 384269.51 | AF42: =IFERROR(__xludf.DUMMYFUNCTION("""COMPUTED_VALUE"""),342568.59697521466) -> 342568.6 | AG42: =IFERROR(__xludf.DUMMYFUNCTION("""COMPUTED_VALUE"""),1549575.649891302) -> 1549575.6 | AH42: =IFERROR(__xludf.DUMMYFUNCTION("""COMPUTED_VALUE"""),419974.242902538) -> 419974.24 | AI42: =IFERROR(__xludf.DUMMYFUNCTION("""COMPUTED_VALUE"""),455347.609475332) -> 455347.61 | AJ42: =IFERROR(__xludf.DUMMYFUNCTION("""COMPUTED_VALUE"""),518960.645683846) -> 518960.65 | AK42: =IFERROR(__xludf.DUMMYFUNCTION("""COMPUTED_VALUE"""),387344.849453196) -> 387344.85 | AL42: =IFERROR(__xludf.DUMMYFUNCTION("""COMPUTED_VALUE"""),1781627.347514912) -> 1781627.3 | AM42: =IFERROR(__xludf.DUMMYFUNCTION("""COMPUTED_VALUE"""),352019.8642) -> 352019.86 | AN42: =IFERROR(__xludf.DUMMYFUNCTION("""COMPUTED_VALUE"""),506233.7829) -> 506233.78 | AO42: =IFERROR(__xludf.DUMMYFUNCTION("""COMPUTED_VALUE"""),488080.0117) -> 488080.01 | AP42: =IFERROR(__xludf.DUMMYFUNCTION("""COMPUTED_VALUE"""),449733.8351) -> 449733.84 | AQ42: =IFERROR(__xludf.DUMMYFUNCTION("""COMPUTED_VALUE"""),1796067.4939) -> 1796067.5 | AR42: =IFERROR(__xludf.DUMMYFUNCTION("""COMPUTED_VALUE"""),339809.555333655) -> 339809.56 | AS42: =IFERROR(__xludf.DUMMYFUNCTION("""COMPUTED_VALUE"""),521713.238537941) -> 521713.24 | AT42: =IFERROR(__xludf.DUMMYFUNCTION("""COMPUTED_VALUE"""),448718.540350358) -> 448718.54 | AU42: =IFERROR(__xludf.DUMMYFUNCTION("""COMPUTED_VALUE"""),487587.509644935) -> 487587.51 | AV42: =IFERROR(__xludf.DUMMYFUNCTION("""COMPUTED_VALUE"""),1797828.843866889) -> 1797828.8 | AW42: =IFERROR(__xludf.DUMMYFUNCTION("""COMPUTED_VALUE"""),378795.6801958324) -> 378795.68 | AX42: =IFERROR(__xludf.DUMMYFUNCTION("""COMPUTED_VALUE"""),503973.33036557527) -> 503973.33 | AY42: =IFERROR(__xludf.DUMMYFUNCTION("""COMPUTED_VALUE"""),419406.1946397958) -> 419406.19 | AZ42: =IFERROR(__xludf.DUMMYFUNCTION("""COMPUTED_VALUE"""),443899.5164067599) -> 443899.52 | BA42: =IFERROR(__xludf.DUMMYFUNCTION("""COMPUTED_VALUE"""),1746074.7216079633) -> 1746074.7 | BB42: =IFERROR(__xludf.DUMMYFUNCTION("""COMPUTED_VALUE"""),428482.21793265064) -> 428482.22 | BC42: =IFERROR(__xludf.DUMMYFUNCTION("""COMPUTED_VALUE"""),499144.9108098123) -> 499144.91 | BD42: =IFERROR(__xludf.DUMMYFUNCTION("""COMPUTED_VALUE"""),413946.97053632885) -> 413946.97 | BE42: =IFERROR(__xludf.DUMMYFUNCTION("""COMPUTED_VALUE"""),433746.51601284725) -> 433746.52 | BF42: =IFERROR(__xludf.DUMMYFUNCTION("""COMPUTED_VALUE"""),1775320.615291639) -> 1775320.6 | BG42: =IFERROR(__xludf.DUMMYFUNCTION("""COMPUTED_VALUE"""),394557.783999768) -> 394557.78 | BH42: =IFERROR(__xludf.DUMMYFUNCTION("""COMPUTED_VALUE"""),544409.978330115) -> 544409.98 | BI42: =IFERROR(__xludf.DUMMYFUNCTION("""COMPUTED_VALUE"""),397688.892205125) -> 397688.89 | BJ42: =IFERROR(__xludf.DUMMYFUNCTION("""COMPUTED_VALUE"""),434849.827833959) -> 434849.83 | BK42: =IFERROR(__xludf.DUMMYFUNCTION("""COMPUTED_VALUE"""),1771506.482368967) -> 1771506.5 | BL42: =IFERROR(__xludf.DUMMYFUNCTION("""COMPUTED_VALUE"""),380775.995476644) -> 380776 | BM42: =IFERROR(__xludf.DUMMYFUNCTION("""COMPUTED_VALUE"""),501540.306330423) -> 501540.31 | BN42: =IFERROR(__xludf.DUMMYFUNCTION("""COMPUTED_VALUE"""),413434.154140691) -> 413434.15 | BO42: =IFERROR(__xludf.DUMMYFUNCTION("""COMPUTED_VALUE"""),457814.32939085) -> 457814.33 | BP42: =IFERROR(__xludf.DUMMYFUNCTION("""COMPUTED_VALUE"""),1753564.7853386078) -> 1753564.8 | BQ42: =IFERROR(__xludf.DUMMYFUNCTION("""COMPUTED_VALUE"""),336431.287118394) -> 336431.29 | BR42: =IFERROR(__xludf.DUMMYFUNCTION("""COMPUTED_VALUE"""),579185.079256859) -> 579185.08 | BS42: =IFERROR(__xludf.DUMMYFUNCTION("""COMPUTED_VALUE"""),404120.998218944) -> 404121 | BT42: =IFERROR(__xludf.DUMMYFUNCTION("""COMPUTED_VALUE"""),455801.104403999) -> 455801.1 | BU42: =IFERROR(__xludf.DUMMYFUNCTION("""COMPUTED_VALUE"""),1775538.468998196) -> 1775538.5 | BV42: =IFERROR(__xludf.DUMMYFUNCTION("""COMPUTED_VALUE"""),342948.904432928) -> 342948.9 | BW42: =IFERROR(__xludf.DUMMYFUNCTION("""COMPUTED_VALUE"""),548049.844955331) -> 548049.84 | BX42: =IFERROR(__xludf.DUMMYFUNCTION("""COMPUTED_VALUE"""),385760.211188069) -> 385760.21 | BY42: =IFERROR(__xludf.DUMMYFUNCTION("""COMPUTED_VALUE"""),429108.011624313) -> 429108.01 | BZ42: =IFERROR(__xludf.DUMMYFUNCTION("""COMPUTED_VALUE"""),1705866.972200641) -> 1705867 | CA42: =IFERROR(__xludf.DUMMYFUNCTION("""COMPUTED_VALUE"""),320759.543587446) -> 320759.54 | CB42: =IFERROR(__xludf.DUMMYFUNCTION("""COMPUTED_VALUE"""),495792.460402807) -> 495792.46 | CC42: =IFERROR(__xludf.DUMMYFUNCTION("""COMPUTED_VALUE"""),419860.96) -> 419860.96 | CD42: =IFERROR(__xludf.DUMMYFUNCTION("""COMPUTED_VALUE"""),420469.439182866) -> 420469.44 | CE42: =IFERROR(__xludf.DUMMYFUNCTION("""COMPUTED_VALUE"""),1656882.4031731188) -> 1656882.4 | CF42: =IFERROR(__xludf.DUMMYFUNCTION("""COMPUTED_VALUE"""),293753.374155266) -> 293753.37 | CG42: =IFERROR(__xludf.DUMMYFUNCTION("""COMPUTED_VALUE"""),532041.062524828) -> 532041.06 | CH42: =IFERROR(__xludf.DUMMYFUNCTION("""COMPUTED_VALUE"""),437244.236866467) -> 437244.24 | CI42: =IFERROR(__xludf.DUMMYFUNCTION("""COMPUTED_VALUE"""),486539.72442132) -> 486539.72 | CJ42: =IFERROR(__xludf.DUMMYFUNCTION("""COMPUTED_VALUE"""),1749578.397967881) -> 1749578.4 | CK42: =IFERROR(__xludf.DUMMYFUNCTION("""COMPUTED_VALUE"""),336768.958241281) -> 336768.96 | CL42: =IFERROR(__xludf.DUMMYFUNCTION("""COMPUTED_VALUE"""),566072.379036719) -> 566072.38 | CM42: =IFERROR(__xludf.DUMMYFUNCTION("""COMPUTED_VALUE"""),425478.820516099) -> 425478.82 | CN42: =IFERROR(__xludf.DUMMYFUNCTION("""COMPUTED_VALUE"""),515318.076475816) -> 515318.08 | CO42: =IFERROR(__xludf.DUMMYFUNCTION("""COMPUTED_VALUE"""),1843638.234269915) -> 1843638.2 | CP42: =IFERROR(__xludf.DUMMYFUNCTION("""COMPUTED_VALUE"""),322243.97063128976) -> 322243.97 | CQ42: =IFERROR(__xludf.DUMMYFUNCTION("""COMPUTED_VALUE"""),0.0) -> 0 | CR42: =IFERROR(__xludf.DUMMYFUNCTION("""COMPUTED_VALUE"""),0.0) -> 0 | CS42: =IFERROR(__xludf.DUMMYFUNCTION("""COMPUTED_VALUE"""),0.0) -> 0 | CT42: =IFERROR(__xludf.DUMMYFUNCTION("""COMPUTED_VALUE"""),322243.97063128976) -> 322243.97 | CU42: =IFERROR(__xludf.DUMMYFUNCTION("""COMPUTED_VALUE"""),0.0) -> 0 | CV42: =IFERROR(__xludf.DUMMYFUNCTION("""COMPUTED_VALUE"""),0.0) -> 0 | CW42: =IFERROR(__xludf.DUMMYFUNCTION("""COMPUTED_VALUE"""),0.0) -> 0 | CX42: =IFERROR(__xludf.DUMMYFUNCTION("""COMPUTED_VALUE"""),0.0) -> 0 | CY42: =IFERROR(__xludf.DUMMYFUNCTION("""COMPUTED_VALUE"""),0.0) -> 0
C43: b. Tanaman Hortikultura Semusim | N43: =IFERROR(__xludf.DUMMYFUNCTION("""COMPUTED_VALUE"""),115132.30258798756) -> 115132.3 | O43: =IFERROR(__xludf.DUMMYFUNCTION("""COMPUTED_VALUE"""),81352.14384964829) -> 81352.144 | P43: =IFERROR(__xludf.DUMMYFUNCTION("""COMPUTED_VALUE"""),71304.32410385952) -> 71304.324 | Q43: =IFERROR(__xludf.DUMMYFUNCTION("""COMPUTED_VALUE"""),73774.50941363053) -> 73774.509 | R43: =IFERROR(__xludf.DUMMYFUNCTION("""COMPUTED_VALUE"""),341563.27995512594) -> 341563.28 | S43: =IFERROR(__xludf.DUMMYFUNCTION("""COMPUTED_VALUE"""),83251.48812955071) -> 83251.488 | T43: =IFERROR(__xludf.DUMMYFUNCTION("""COMPUTED_VALUE"""),72131.86117058306) -> 72131.861 | U43: =IFERROR(__xludf.DUMMYFUNCTION("""COMPUTED_VALUE"""),84190.04177616838) -> 84190.042 | V43: =IFERROR(__xludf.DUMMYFUNCTION("""COMPUTED_VALUE"""),87917.86014895684) -> 87917.86 | W43: =IFERROR(__xludf.DUMMYFUNCTION("""COMPUTED_VALUE"""),327491.251225259) -> 327491.25 | X43: =IFERROR(__xludf.DUMMYFUNCTION("""COMPUTED_VALUE"""),89649.86610603104) -> 89649.866 | Y43: =IFERROR(__xludf.DUMMYFUNCTION("""COMPUTED_VALUE"""),71072.55865865028) -> 71072.559 | Z43: =IFERROR(__xludf.DUMMYFUNCTION("""COMPUTED_VALUE"""),86298.84452458912) -> 86298.845 | AA43: =IFERROR(__xludf.DUMMYFUNCTION("""COMPUTED_VALUE"""),75131.29983586456) -> 75131.3 | AB43: =IFERROR(__xludf.DUMMYFUNCTION("""COMPUTED_VALUE"""),322152.569125135) -> 322152.57 | AC43: =IFERROR(__xludf.DUMMYFUNCTION("""COMPUTED_VALUE"""),82618.18125765871) -> 82618.181 | AD43: =IFERROR(__xludf.DUMMYFUNCTION("""COMPUTED_VALUE"""),87013.16159471316) -> 87013.162 | AE43: =IFERROR(__xludf.DUMMYFUNCTION("""COMPUTED_VALUE"""),84061.7171330531) -> 84061.717 | AF43: =IFERROR(__xludf.DUMMYFUNCTION("""COMPUTED_VALUE"""),76454.5839727211) -> 76454.584 | AG43: =IFERROR(__xludf.DUMMYFUNCTION("""COMPUTED_VALUE"""),330147.6439581461) -> 330147.64 | AH43: =IFERROR(__xludf.DUMMYFUNCTION("""COMPUTED_VALUE"""),88020.06816544879) -> 88020.068 | AI43: =IFERROR(__xludf.DUMMYFUNCTION("""COMPUTED_VALUE"""),81082.49658671906) -> 81082.497 | AJ43: =IFERROR(__xludf.DUMMYFUNCTION("""COMPUTED_VALUE"""),71022.26157289612) -> 71022.262 | AK43: =IFERROR(__xludf.DUMMYFUNCTION("""COMPUTED_VALUE"""),72931.03122963436) -> 72931.031 | AL43: =IFERROR(__xludf.DUMMYFUNCTION("""COMPUTED_VALUE"""),313055.85755469836) -> 313055.86 | AM43: =IFERROR(__xludf.DUMMYFUNCTION("""COMPUTED_VALUE"""),90004.1856) -> 90004.186 | AN43: =IFERROR(__xludf.DUMMYFUNCTION("""COMPUTED_VALUE"""),80972.7005) -> 80972.701 | AO43: =IFERROR(__xludf.DUMMYFUNCTION("""COMPUTED_VALUE"""),70065.6595) -> 70065.659 | AP43: =IFERROR(__xludf.DUMMYFUNCTION("""COMPUTED_VALUE"""),66138.1507) -> 66138.151 | AQ43: =IFERROR(__xludf.DUMMYFUNCTION("""COMPUTED_VALUE"""),307180.6963) -> 307180.7 | AR43: =IFERROR(__xludf.DUMMYFUNCTION("""COMPUTED_VALUE"""),63549.915854261766) -> 63549.916 | AS43: =IFERROR(__xludf.DUMMYFUNCTION("""COMPUTED_VALUE"""),75686.9095987651) -> 75686.91 | AT43: =IFERROR(__xludf.DUMMYFUNCTION("""COMPUTED_VALUE"""),83032.9) -> 83032.9 | AU43: =IFERROR(__xludf.DUMMYFUNCTION("""COMPUTED_VALUE"""),89689.092313699) -> 89689.092 | AV43: =IFERROR(__xludf.DUMMYFUNCTION("""COMPUTED_VALUE"""),311958.81776672584) -> 311958.82 | AW43: =IFERROR(__xludf.DUMMYFUNCTION("""COMPUTED_VALUE"""),71808.10196571569) -> 71808.102 | AX43: =IFERROR(__xludf.DUMMYFUNCTION("""COMPUTED_VALUE"""),77374.11659816848) -> 77374.117 | AY43: =IFERROR(__xludf.DUMMYFUNCTION("""COMPUTED_VALUE"""),78496.04128884191) -> 78496.041 | AZ43: =IFERROR(__xludf.DUMMYFUNCTION("""COMPUTED_VALUE"""),82763.44960371294) -> 82763.45 | BA43: =IFERROR(__xludf.DUMMYFUNCTION("""COMPUTED_VALUE"""),310441.709456439) -> 310441.71 | BB43: =IFERROR(__xludf.DUMMYFUNCTION("""COMPUTED_VALUE"""),75632.5051173166) -> 75632.505 | BC43: =IFERROR(__xludf.DUMMYFUNCTION("""COMPUTED_VALUE"""),74439.37236128096) -> 74439.372 | BD43: =IFERROR(__xludf.DUMMYFUNCTION("""COMPUTED_VALUE"""),79720.78227220345) -> 79720.782 | BE43: =IFERROR(__xludf.DUMMYFUNCTION("""COMPUTED_VALUE"""),84366.6156218851) -> 84366.616 | BF43: =IFERROR(__xludf.DUMMYFUNCTION("""COMPUTED_VALUE"""),314159.2753726861) -> 314159.28 | BG43: =IFERROR(__xludf.DUMMYFUNCTION("""COMPUTED_VALUE"""),81702.6697215747) -> 81702.67 | BH43: =IFERROR(__xludf.DUMMYFUNCTION("""COMPUTED_VALUE"""),81230.8044093408) -> 81230.804 | BI43: =IFERROR(__xludf.DUMMYFUNCTION("""COMPUTED_VALUE"""),82568.5982234547) -> 82568.598 | BJ43: =IFERROR(__xludf.DUMMYFUNCTION("""COMPUTED_VALUE"""),80372.6156372896) -> 80372.616 | BK43: =IFERROR(__xludf.DUMMYFUNCTION("""COMPUTED_VALUE"""),325874.68799165974) -> 325874.69 | BL43: =IFERROR(__xludf.DUMMYFUNCTION("""COMPUTED_VALUE"""),76165.5110717557) -> 76165.511 | BM43: =IFERROR(__xludf.DUMMYFUNCTION("""COMPUTED_VALUE"""),77539.889777719) -> 77539.89 | BN43: =IFERROR(__xludf.DUMMYFUNCTION("""COMPUTED_VALUE"""),82289.7598115501) -> 82289.76 | BO43: =IFERROR(__xludf.DUMMYFUNCTION("""COMPUTED_VALUE"""),78065.0176092594) -> 78065.018 | BP43: =IFERROR(__xludf.DUMMYFUNCTION("""COMPUTED_VALUE"""),314060.1782702842) -> 314060.18 | BQ43: =IFERROR(__xludf.DUMMYFUNCTION("""COMPUTED_VALUE"""),78607.5827597684) -> 78607.583 | BR43: =IFERROR(__xludf.DUMMYFUNCTION("""COMPUTED_VALUE"""),78543.7665879112) -> 78543.767 | BS43: =IFERROR(__xludf.DUMMYFUNCTION("""COMPUTED_VALUE"""),78414.7074323011) -> 78414.707 | BT43: =IFERROR(__xludf.DUMMYFUNCTION("""COMPUTED_VALUE"""),76972.7672365551) -> 76972.767 | BU43: =IFERROR(__xludf.DUMMYFUNCTION("""COMPUTED_VALUE"""),312538.8240165358) -> 312538.82 | BV43: =IFERROR(__xludf.DUMMYFUNCTION("""COMPUTED_VALUE"""),77955.5883326328) -> 77955.588 | BW43: =IFERROR(__xludf.DUMMYFUNCTION("""COMPUTED_VALUE"""),77615.8330210634) -> 77615.833 | BX43: =IFERROR(__xludf.DUMMYFUNCTION("""COMPUTED_VALUE"""),81993.2703221922) -> 81993.27 | BY43: =IFERROR(__xludf.DUMMYFUNCTION("""COMPUTED_VALUE"""),83780.7236152159) -> 83780.724 | BZ43: =IFERROR(__xludf.DUMMYFUNCTION("""COMPUTED_VALUE"""),321345.4152911043) -> 321345.42 | CA43: =IFERROR(__xludf.DUMMYFUNCTION("""COMPUTED_VALUE"""),77930.6913418581) -> 77930.691 | CB43: =IFERROR(__xludf.DUMMYFUNCTION("""COMPUTED_VALUE"""),83950.3922565285) -> 83950.392 | CC43: =IFERROR(__xludf.DUMMYFUNCTION("""COMPUTED_VALUE"""),79411.3463241107) -> 79411.346 | CD43: =IFERROR(__xludf.DUMMYFUNCTION("""COMPUTED_VALUE"""),80467.138734559) -> 80467.139 | CE43: =IFERROR(__xludf.DUMMYFUNCTION("""COMPUTED_VALUE"""),321759.5686570563) -> 321759.57 | CF43: =IFERROR(__xludf.DUMMYFUNCTION("""COMPUTED_VALUE"""),82501.7690049506) -> 82501.769 | CG43: =IFERROR(__xludf.DUMMYFUNCTION("""COMPUTED_VALUE"""),78041.9497381695) -> 78041.95 | CH43: =IFERROR(__xludf.DUMMYFUNCTION("""COMPUTED_VALUE"""),76429.4933462838) -> 76429.493 | CI43: =IFERROR(__xludf.DUMMYFUNCTION("""COMPUTED_VALUE"""),85461.8943872693) -> 85461.894 | CJ43: =IFERROR(__xludf.DUMMYFUNCTION("""COMPUTED_VALUE"""),322435.10647667316) -> 322435.11 | CK43: =IFERROR(__xludf.DUMMYFUNCTION("""COMPUTED_VALUE"""),81902.7221244831) -> 81902.722 | CL43: =IFERROR(__xludf.DUMMYFUNCTION("""COMPUTED_VALUE"""),78415.4514783072) -> 78415.451 | CM43: =IFERROR(__xludf.DUMMYFUNCTION("""COMPUTED_VALUE"""),78171.0543244263) -> 78171.054 | CN43: =IFERROR(__xludf.DUMMYFUNCTION("""COMPUTED_VALUE"""),85767.7519472794) -> 85767.752 | CO43: =IFERROR(__xludf.DUMMYFUNCTION("""COMPUTED_VALUE"""),324256.97987449594) -> 324256.98 | CP43: =IFERROR(__xludf.DUMMYFUNCTION("""COMPUTED_VALUE"""),90200.11380499133) -> 90200.114 | CQ43: =IFERROR(__xludf.DUMMYFUNCTION("""COMPUTED_VALUE"""),0.0) -> 0 | CR43: =IFERROR(__xludf.DUMMYFUNCTION("""COMPUTED_VALUE"""),0.0) -> 0 | CS43: =IFERROR(__xludf.DUMMYFUNCTION("""COMPUTED_VALUE"""),0.0) -> 0 | CT43: =IFERROR(__xludf.DUMMYFUNCTION("""COMPUTED_VALUE"""),90200.11380499133) -> 90200.114 | CU43: =IFERROR(__xludf.DUMMYFUNCTION("""COMPUTED_VALUE"""),0.0) -> 0 | CV43: =IFERROR(__xludf.DUMMYFUNCTION("""COMPUTED_VALUE"""),0.0) -> 0 | CW43: =IFERROR(__xludf.DUMMYFUNCTION("""COMPUTED_VALUE"""),0.0) -> 0 | CX43: =IFERROR(__xludf.DUMMYFUNCTION("""COMPUTED_VALUE"""),0.0) -> 0 | CY43: =IFERROR(__xludf.DUMMYFUNCTION("""COMPUTED_VALUE"""),0.0) -> 0
C44: c. Perkebunan Semusim | N44: =IFERROR(__xludf.DUMMYFUNCTION("""COMPUTED_VALUE"""),2159.3447647563066) -> 2159.3448 | O44: =IFERROR(__xludf.DUMMYFUNCTION("""COMPUTED_VALUE"""),4794.76328342688) -> 4794.7633 | P44: =IFERROR(__xludf.DUMMYFUNCTION("""COMPUTED_VALUE"""),5346.4473552765185) -> 5346.4474 | Q44: =IFERROR(__xludf.DUMMYFUNCTION("""COMPUTED_VALUE"""),3804.064596537076) -> 3804.0646 | R44: =IFERROR(__xludf.DUMMYFUNCTION("""COMPUTED_VALUE"""),16104.61999999678) -> 16104.62 | S44: =IFERROR(__xludf.DUMMYFUNCTION("""COMPUTED_VALUE"""),4453.11229756521) -> 4453.1123 | T44: =IFERROR(__xludf.DUMMYFUNCTION("""COMPUTED_VALUE"""),7748.870775160262) -> 7748.8708 | U44: =IFERROR(__xludf.DUMMYFUNCTION("""COMPUTED_VALUE"""),9415.318483125367) -> 9415.3185 | V44: =IFERROR(__xludf.DUMMYFUNCTION("""COMPUTED_VALUE"""),10293.291273794963) -> 10293.291 | W44: =IFERROR(__xludf.DUMMYFUNCTION("""COMPUTED_VALUE"""),31910.592829645804) -> 31910.593 | X44: =IFERROR(__xludf.DUMMYFUNCTION("""COMPUTED_VALUE"""),5179.439196314746) -> 5179.4392 | Y44: =IFERROR(__xludf.DUMMYFUNCTION("""COMPUTED_VALUE"""),14566.924377069889) -> 14566.924 | Z44: =IFERROR(__xludf.DUMMYFUNCTION("""COMPUTED_VALUE"""),17227.161947837398) -> 17227.162 | AA44: =IFERROR(__xludf.DUMMYFUNCTION("""COMPUTED_VALUE"""),20290.04173324227) -> 20290.042 | AB44: =IFERROR(__xludf.DUMMYFUNCTION("""COMPUTED_VALUE"""),57263.5672544643) -> 57263.567 | AC44: =IFERROR(__xludf.DUMMYFUNCTION("""COMPUTED_VALUE"""),9104.411828672477) -> 9104.4118 | AD44: =IFERROR(__xludf.DUMMYFUNCTION("""COMPUTED_VALUE"""),12172.176020143717) -> 12172.176 | AE44: =IFERROR(__xludf.DUMMYFUNCTION("""COMPUTED_VALUE"""),16740.042461596993) -> 16740.042 | AF44: =IFERROR(__xludf.DUMMYFUNCTION("""COMPUTED_VALUE"""),20661.350889524456) -> 20661.351 | AG44: =IFERROR(__xludf.DUMMYFUNCTION("""COMPUTED_VALUE"""),58677.98119993764) -> 58677.981 | AH44: =IFERROR(__xludf.DUMMYFUNCTION("""COMPUTED_VALUE"""),9294.844135087304) -> 9294.8441 | AI44: =IFERROR(__xludf.DUMMYFUNCTION("""COMPUTED_VALUE"""),15004.220821439503) -> 15004.221 | AJ44: =IFERROR(__xludf.DUMMYFUNCTION("""COMPUTED_VALUE"""),21882.76906393031) -> 21882.769 | AK44: =IFERROR(__xludf.DUMMYFUNCTION("""COMPUTED_VALUE"""),19945.266606026675) -> 19945.267 | AL44: =IFERROR(__xludf.DUMMYFUNCTION("""COMPUTED_VALUE"""),66127.10062648379) -> 66127.101 | AM44: =IFERROR(__xludf.DUMMYFUNCTION("""COMPUTED_VALUE"""),10602.0663) -> 10602.066 | AN44: =IFERROR(__xludf.DUMMYFUNCTION("""COMPUTED_VALUE"""),16559.3674) -> 16559.367 | AO44: =IFERROR(__xludf.DUMMYFUNCTION("""COMPUTED_VALUE"""),26388.3738) -> 26388.374 | AP44: =IFERROR(__xludf.DUMMYFUNCTION("""COMPUTED_VALUE"""),15978.1603) -> 15978.16 | AQ44: =IFERROR(__xludf.DUMMYFUNCTION("""COMPUTED_VALUE"""),69527.9678) -> 69527.968 | AR44: =IFERROR(__xludf.DUMMYFUNCTION("""COMPUTED_VALUE"""),16038.317761843527) -> 16038.318 | AS44: =IFERROR(__xludf.DUMMYFUNCTION("""COMPUTED_VALUE"""),15839.617240783504) -> 15839.617 | AT44: =IFERROR(__xludf.DUMMYFUNCTION("""COMPUTED_VALUE"""),15812.6109861142) -> 15812.611 | AU44: =IFERROR(__xludf.DUMMYFUNCTION("""COMPUTED_VALUE"""),21579.3096622427) -> 21579.31 | AV44: =IFERROR(__xludf.DUMMYFUNCTION("""COMPUTED_VALUE"""),69269.85565098393) -> 69269.856 | AW44: =IFERROR(__xludf.DUMMYFUNCTION("""COMPUTED_VALUE"""),19529.723904014) -> 19529.724 | AX44: =IFERROR(__xludf.DUMMYFUNCTION("""COMPUTED_VALUE"""),15908.804404990999) -> 15908.804 | AY44: =IFERROR(__xludf.DUMMYFUNCTION("""COMPUTED_VALUE"""),15689.480632101498) -> 15689.481 | AZ44: =IFERROR(__xludf.DUMMYFUNCTION("""COMPUTED_VALUE"""),15731.842229808173) -> 15731.842 | BA44: =IFERROR(__xludf.DUMMYFUNCTION("""COMPUTED_VALUE"""),66859.85117091467) -> 66859.851 | BB44: =IFERROR(__xludf.DUMMYFUNCTION("""COMPUTED_VALUE"""),17590.675898304133) -> 17590.676 | BC44: =IFERROR(__xludf.DUMMYFUNCTION("""COMPUTED_VALUE"""),17028.269781555537) -> 17028.27 | BD44: =IFERROR(__xludf.DUMMYFUNCTION("""COMPUTED_VALUE"""),17066.458198870165) -> 17066.458 | BE44: =IFERROR(__xludf.DUMMYFUNCTION("""COMPUTED_VALUE"""),17093.040859499284) -> 17093.041 | BF44: =IFERROR(__xludf.DUMMYFUNCTION("""COMPUTED_VALUE"""),68778.44473822913) -> 68778.445 | BG44: =IFERROR(__xludf.DUMMYFUNCTION("""COMPUTED_VALUE"""),17330.3426424567) -> 17330.343 | BH44: =IFERROR(__xludf.DUMMYFUNCTION("""COMPUTED_VALUE"""),17910.5947595302) -> 17910.595 | BI44: =IFERROR(__xludf.DUMMYFUNCTION("""COMPUTED_VALUE"""),18195.3262238745) -> 18195.326 | BJ44: =IFERROR(__xludf.DUMMYFUNCTION("""COMPUTED_VALUE"""),18580.141783999) -> 18580.142 | BK44: =IFERROR(__xludf.DUMMYFUNCTION("""COMPUTED_VALUE"""),72016.4054098604) -> 72016.405 | BL44: =IFERROR(__xludf.DUMMYFUNCTION("""COMPUTED_VALUE"""),18994.3811401038) -> 18994.381 | BM44: =IFERROR(__xludf.DUMMYFUNCTION("""COMPUTED_VALUE"""),19624.7186724977) -> 19624.719 | BN44: =IFERROR(__xludf.DUMMYFUNCTION("""COMPUTED_VALUE"""),19094.5889228999) -> 19094.589 | BO44: =IFERROR(__xludf.DUMMYFUNCTION("""COMPUTED_VALUE"""),19112.2079925614) -> 19112.208 | BP44: =IFERROR(__xludf.DUMMYFUNCTION("""COMPUTED_VALUE"""),76825.8967280628) -> 76825.897 | BQ44: =IFERROR(__xludf.DUMMYFUNCTION("""COMPUTED_VALUE"""),17215.0211522584) -> 17215.021 | BR44: =IFERROR(__xludf.DUMMYFUNCTION("""COMPUTED_VALUE"""),17728.2523856748) -> 17728.252 | BS44: =IFERROR(__xludf.DUMMYFUNCTION("""COMPUTED_VALUE"""),30021.253406263) -> 30021.253 | BT44: =IFERROR(__xludf.DUMMYFUNCTION("""COMPUTED_VALUE"""),34117.1188601703) -> 34117.119 | BU44: =IFERROR(__xludf.DUMMYFUNCTION("""COMPUTED_VALUE"""),99081.6458043665) -> 99081.646 | BV44: =IFERROR(__xludf.DUMMYFUNCTION("""COMPUTED_VALUE"""),22707.9470876299) -> 22707.947 | BW44: =IFERROR(__xludf.DUMMYFUNCTION("""COMPUTED_VALUE"""),16993.7544421547) -> 16993.754 | BX44: =IFERROR(__xludf.DUMMYFUNCTION("""COMPUTED_VALUE"""),32148.8963792733) -> 32148.896 | BY44: =IFERROR(__xludf.DUMMYFUNCTION("""COMPUTED_VALUE"""),34068.5836852303) -> 34068.584 | BZ44: =IFERROR(__xludf.DUMMYFUNCTION("""COMPUTED_VALUE"""),105919.18159428818) -> 105919.18 | CA44: =IFERROR(__xludf.DUMMYFUNCTION("""COMPUTED_VALUE"""),17608.3835456125) -> 17608.384 | CB44: =IFERROR(__xludf.DUMMYFUNCTION("""COMPUTED_VALUE"""),18819.326453475) -> 18819.326 | CC44: =IFERROR(__xludf.DUMMYFUNCTION("""COMPUTED_VALUE"""),32806.9773751944) -> 32806.977 | CD44: =IFERROR(__xludf.DUMMYFUNCTION("""COMPUTED_VALUE"""),38295.7875225464) -> 38295.788 | CE44: =IFERROR(__xludf.DUMMYFUNCTION("""COMPUTED_VALUE"""),107530.4748968283) -> 107530.47 | CF44: =IFERROR(__xludf.DUMMYFUNCTION("""COMPUTED_VALUE"""),17327.5212458125) -> 17327.521 | CG44: =IFERROR(__xludf.DUMMYFUNCTION("""COMPUTED_VALUE"""),21266.9401597797) -> 21266.94 | CH44: =IFERROR(__xludf.DUMMYFUNCTION("""COMPUTED_VALUE"""),37577.5340353599) -> 37577.534 | CI44: =IFERROR(__xludf.DUMMYFUNCTION("""COMPUTED_VALUE"""),87883.9752753724) -> 87883.975 | CJ44: =IFERROR(__xludf.DUMMYFUNCTION("""COMPUTED_VALUE"""),164055.97071632452) -> 164055.97 | CK44: =IFERROR(__xludf.DUMMYFUNCTION("""COMPUTED_VALUE"""),49523.7958753059) -> 49523.796 | CL44: =IFERROR(__xludf.DUMMYFUNCTION("""COMPUTED_VALUE"""),39120.1798767626) -> 39120.18 | CM44: =IFERROR(__xludf.DUMMYFUNCTION("""COMPUTED_VALUE"""),54369.4647897807) -> 54369.465 | CN44: =IFERROR(__xludf.DUMMYFUNCTION("""COMPUTED_VALUE"""),83376.5152961937) -> 83376.515 | CO44: =IFERROR(__xludf.DUMMYFUNCTION("""COMPUTED_VALUE"""),226389.9558380429) -> 226389.96 | CP44: =IFERROR(__xludf.DUMMYFUNCTION("""COMPUTED_VALUE"""),48844.601954162994) -> 48844.602 | CQ44: =IFERROR(__xludf.DUMMYFUNCTION("""COMPUTED_VALUE"""),0.0) -> 0 | CR44: =IFERROR(__xludf.DUMMYFUNCTION("""COMPUTED_VALUE"""),0.0) -> 0 | CS44: =IFERROR(__xludf.DUMMYFUNCTION("""COMPUTED_VALUE"""),0.0) -> 0 | CT44: =IFERROR(__xludf.DUMMYFUNCTION("""COMPUTED_VALUE"""),48844.601954162994) -> 48844.602 | CU44: =IFERROR(__xludf.DUMMYFUNCTION("""COMPUTED_VALUE"""),0.0) -> 0 | CV44: =IFERROR(__xludf.DUMMYFUNCTION("""COMPUTED_VALUE"""),0.0) -> 0 | CW44: =IFERROR(__xludf.DUMMYFUNCTION("""COMPUTED_VALUE"""),0.0) -> 0 | CX44: =IFERROR(__xludf.DUMMYFUNCTION("""COMPUTED_VALUE"""),0.0) -> 0 | CY44: =IFERROR(__xludf.DUMMYFUNCTION("""COMPUTED_VALUE"""),0.0) -> 0
C45: d. Tanaman Hortikultura Tahunan & Lainnya | N45: =IFERROR(__xludf.DUMMYFUNCTION("""COMPUTED_VALUE"""),121194.07166172314) -> 121194.07 | O45: =IFERROR(__xludf.DUMMYFUNCTION("""COMPUTED_VALUE"""),136845.28128448405) -> 136845.28 | P45: =IFERROR(__xludf.DUMMYFUNCTION("""COMPUTED_VALUE"""),244349.19192154513) -> 244349.19 | Q45: =IFERROR(__xludf.DUMMYFUNCTION("""COMPUTED_VALUE"""),249257.5251322456) -> 249257.53 | R45: =IFERROR(__xludf.DUMMYFUNCTION("""COMPUTED_VALUE"""),751646.069999998) -> 751646.07 | S45: =IFERROR(__xludf.DUMMYFUNCTION("""COMPUTED_VALUE"""),144064.94364022318) -> 144064.94 | T45: =IFERROR(__xludf.DUMMYFUNCTION("""COMPUTED_VALUE"""),128767.20373542959) -> 128767.2 | U45: =IFERROR(__xludf.DUMMYFUNCTION("""COMPUTED_VALUE"""),226150.3863563383) -> 226150.39 | V45: =IFERROR(__xludf.DUMMYFUNCTION("""COMPUTED_VALUE"""),271914.5343680092) -> 271914.53 | W45: =IFERROR(__xludf.DUMMYFUNCTION("""COMPUTED_VALUE"""),770897.0681000003) -> 770897.07 | X45: =IFERROR(__xludf.DUMMYFUNCTION("""COMPUTED_VALUE"""),274234.6055630548) -> 274234.61 | Y45: =IFERROR(__xludf.DUMMYFUNCTION("""COMPUTED_VALUE"""),194922.8550362314) -> 194922.86 | Z45: =IFERROR(__xludf.DUMMYFUNCTION("""COMPUTED_VALUE"""),112841.83453340188) -> 112841.83 | AA45: =IFERROR(__xludf.DUMMYFUNCTION("""COMPUTED_VALUE"""),134819.59115520847) -> 134819.59 | AB45: =IFERROR(__xludf.DUMMYFUNCTION("""COMPUTED_VALUE"""),716818.8862878964) -> 716818.89 | AC45: =IFERROR(__xludf.DUMMYFUNCTION("""COMPUTED_VALUE"""),166601.44053284044) -> 166601.44 | AD45: =IFERROR(__xludf.DUMMYFUNCTION("""COMPUTED_VALUE"""),236342.66836671636) -> 236342.67 | AE45: =IFERROR(__xludf.DUMMYFUNCTION("""COMPUTED_VALUE"""),187985.69261209213) -> 187985.69 | AF45: =IFERROR(__xludf.DUMMYFUNCTION("""COMPUTED_VALUE"""),167403.0227083504) -> 167403.02 | AG45: =IFERROR(__xludf.DUMMYFUNCTION("""COMPUTED_VALUE"""),758332.8242199994) -> 758332.82 | AH45: =IFERROR(__xludf.DUMMYFUNCTION("""COMPUTED_VALUE"""),177688.72988039028) -> 177688.73 | AI45: =IFERROR(__xludf.DUMMYFUNCTION("""COMPUTED_VALUE"""),190737.09351020012) -> 190737.09 | AJ45: =IFERROR(__xludf.DUMMYFUNCTION("""COMPUTED_VALUE"""),178224.6575794983) -> 178224.66 | AK45: =IFERROR(__xludf.DUMMYFUNCTION("""COMPUTED_VALUE"""),132899.61701788337) -> 132899.62 | AL45: =IFERROR(__xludf.DUMMYFUNCTION("""COMPUTED_VALUE"""),679550.097987972) -> 679550.1 | AM45: =IFERROR(__xludf.DUMMYFUNCTION("""COMPUTED_VALUE"""),206014.9537) -> 206014.95 | AN45: =IFERROR(__xludf.DUMMYFUNCTION("""COMPUTED_VALUE"""),137735.4347) -> 137735.43 | AO45: =IFERROR(__xludf.DUMMYFUNCTION("""COMPUTED_VALUE"""),212291.6255) -> 212291.63 | AP45: =IFERROR(__xludf.DUMMYFUNCTION("""COMPUTED_VALUE"""),150493.5333) -> 150493.53 | AQ45: =IFERROR(__xludf.DUMMYFUNCTION("""COMPUTED_VALUE"""),706535.5472) -> 706535.55 | AR45: =IFERROR(__xludf.DUMMYFUNCTION("""COMPUTED_VALUE"""),185373.528417689) -> 185373.53 | AS45: =IFERROR(__xludf.DUMMYFUNCTION("""COMPUTED_VALUE"""),137648.04) -> 137648.04 | AT45: =IFERROR(__xludf.DUMMYFUNCTION("""COMPUTED_VALUE"""),145268.341791549) -> 145268.34 | AU45: =IFERROR(__xludf.DUMMYFUNCTION("""COMPUTED_VALUE"""),162756.370375727) -> 162756.37 | AV45: =IFERROR(__xludf.DUMMYFUNCTION("""COMPUTED_VALUE"""),631046.280584965) -> 631046.28 | AW45: =IFERROR(__xludf.DUMMYFUNCTION("""COMPUTED_VALUE"""),162519.1363206675) -> 162519.14 | AX45: =IFERROR(__xludf.DUMMYFUNCTION("""COMPUTED_VALUE"""),146635.34566256497) -> 146635.35 | AY45: =IFERROR(__xludf.DUMMYFUNCTION("""COMPUTED_VALUE"""),144435.8154776265) -> 144435.82 | AZ45: =IFERROR(__xludf.DUMMYFUNCTION("""COMPUTED_VALUE"""),150949.87075566745) -> 150949.87 | BA45: =IFERROR(__xludf.DUMMYFUNCTION("""COMPUTED_VALUE"""),604540.1682165264) -> 604540.17 | BB45: =IFERROR(__xludf.DUMMYFUNCTION("""COMPUTED_VALUE"""),172995.40033159405) -> 172995.4 | BC45: =IFERROR(__xludf.DUMMYFUNCTION("""COMPUTED_VALUE"""),157169.973813409) -> 157169.97 | BD45: =IFERROR(__xludf.DUMMYFUNCTION("""COMPUTED_VALUE"""),157609.296569635) -> 157609.3 | BE45: =IFERROR(__xludf.DUMMYFUNCTION("""COMPUTED_VALUE"""),163381.80698301442) -> 163381.81 | BF45: =IFERROR(__xludf.DUMMYFUNCTION("""COMPUTED_VALUE"""),651156.4776976524) -> 651156.48 | BG45: =IFERROR(__xludf.DUMMYFUNCTION("""COMPUTED_VALUE"""),176627.068466029) -> 176627.07 | BH45: =IFERROR(__xludf.DUMMYFUNCTION("""COMPUTED_VALUE"""),171508.0735978) -> 171508.07 | BI45: =IFERROR(__xludf.DUMMYFUNCTION("""COMPUTED_VALUE"""),173234.931670554) -> 173234.93 | BJ45: =IFERROR(__xludf.DUMMYFUNCTION("""COMPUTED_VALUE"""),175111.485359265) -> 175111.49 | BK45: =IFERROR(__xludf.DUMMYFUNCTION("""COMPUTED_VALUE"""),696481.559093648) -> 696481.56 | BL45: =IFERROR(__xludf.DUMMYFUNCTION("""COMPUTED_VALUE"""),174571.224655479) -> 174571.22 | BM45: =IFERROR(__xludf.DUMMYFUNCTION("""COMPUTED_VALUE"""),169907.536040145) -> 169907.54 | BN45: =IFERROR(__xludf.DUMMYFUNCTION("""COMPUTED_VALUE"""),169286.901854543) -> 169286.9 | BO45: =IFERROR(__xludf.DUMMYFUNCTION("""COMPUTED_VALUE"""),167325.926927904) -> 167325.93 | BP45: =IFERROR(__xludf.DUMMYFUNCTION("""COMPUTED_VALUE"""),681091.589478071) -> 681091.59 | BQ45: =IFERROR(__xludf.DUMMYFUNCTION("""COMPUTED_VALUE"""),172177.512676921) -> 172177.51 | BR45: =IFERROR(__xludf.DUMMYFUNCTION("""COMPUTED_VALUE"""),167514.693183276) -> 167514.69 | BS45: =IFERROR(__xludf.DUMMYFUNCTION("""COMPUTED_VALUE"""),167319.628557235) -> 167319.63 | BT45: =IFERROR(__xludf.DUMMYFUNCTION("""COMPUTED_VALUE"""),182671.440921915) -> 182671.44 | BU45: =IFERROR(__xludf.DUMMYFUNCTION("""COMPUTED_VALUE"""),689683.275339347) -> 689683.28 | BV45: =IFERROR(__xludf.DUMMYFUNCTION("""COMPUTED_VALUE"""),172136.758699699) -> 172136.76 | BW45: =IFERROR(__xludf.DUMMYFUNCTION("""COMPUTED_VALUE"""),171761.320728538) -> 171761.32 | BX45: =IFERROR(__xludf.DUMMYFUNCTION("""COMPUTED_VALUE"""),171727.302473963) -> 171727.3 | BY45: =IFERROR(__xludf.DUMMYFUNCTION("""COMPUTED_VALUE"""),183443.438822726) -> 183443.44 | BZ45: =IFERROR(__xludf.DUMMYFUNCTION("""COMPUTED_VALUE"""),699068.8207249261) -> 699068.82 | CA45: =IFERROR(__xludf.DUMMYFUNCTION("""COMPUTED_VALUE"""),189182.783717674) -> 189182.78 | CB45: =IFERROR(__xludf.DUMMYFUNCTION("""COMPUTED_VALUE"""),180895.546191042) -> 180895.55 | CC45: =IFERROR(__xludf.DUMMYFUNCTION("""COMPUTED_VALUE"""),187530.561790499) -> 187530.56 | CD45: =IFERROR(__xludf.DUMMYFUNCTION("""COMPUTED_VALUE"""),182645.456586841) -> 182645.46 | CE45: =IFERROR(__xludf.DUMMYFUNCTION("""COMPUTED_VALUE"""),740254.3482860561) -> 740254.35 | CF45: =IFERROR(__xludf.DUMMYFUNCTION("""COMPUTED_VALUE"""),197323.32305413) -> 197323.32 | CG45: =IFERROR(__xludf.DUMMYFUNCTION("""COMPUTED_VALUE"""),168889.27618168) -> 168889.28 | CH45: =IFERROR(__xludf.DUMMYFUNCTION("""COMPUTED_VALUE"""),173777.283827785) -> 173777.28 | CI45: =IFERROR(__xludf.DUMMYFUNCTION("""COMPUTED_VALUE"""),177390.529682656) -> 177390.53 | CJ45: =IFERROR(__xludf.DUMMYFUNCTION("""COMPUTED_VALUE"""),717380.4127462511) -> 717380.41 | CK45: =IFERROR(__xludf.DUMMYFUNCTION("""COMPUTED_VALUE"""),189492.823797654) -> 189492.82 | CL45: =IFERROR(__xludf.DUMMYFUNCTION("""COMPUTED_VALUE"""),167354.768485553) -> 167354.77 | CM45: =IFERROR(__xludf.DUMMYFUNCTION("""COMPUTED_VALUE"""),165412.938248791) -> 165412.94 | CN45: =IFERROR(__xludf.DUMMYFUNCTION("""COMPUTED_VALUE"""),203471.908721787) -> 203471.91 | CO45: =IFERROR(__xludf.DUMMYFUNCTION("""COMPUTED_VALUE"""),725732.4392537851) -> 725732.44 | CP45: =IFERROR(__xludf.DUMMYFUNCTION("""COMPUTED_VALUE"""),185094.38534415956) -> 185094.39 | CQ45: =IFERROR(__xludf.DUMMYFUNCTION("""COMPUTED_VALUE"""),0.0) -> 0 | CR45: =IFERROR(__xludf.DUMMYFUNCTION("""COMPUTED_VALUE"""),0.0) -> 0 | CS45: =IFERROR(__xludf.DUMMYFUNCTION("""COMPUTED_VALUE"""),0.0) -> 0 | CT45: =IFERROR(__xludf.DUMMYFUNCTION("""COMPUTED_VALUE"""),185094.38534415956) -> 185094.39 | CU45: =IFERROR(__xludf.DUMMYFUNCTION("""COMPUTED_VALUE"""),0.0) -> 0 | CV45: =IFERROR(__xludf.DUMMYFUNCTION("""COMPUTED_VALUE"""),0.0) -> 0 | CW45: =IFERROR(__xludf.DUMMYFUNCTION("""COMPUTED_VALUE"""),0.0) -> 0 | CX45: =IFERROR(__xludf.DUMMYFUNCTION("""COMPUTED_VALUE"""),0.0) -> 0 | CY45: =IFERROR(__xludf.DUMMYFUNCTION("""COMPUTED_VALUE"""),0.0) -> 0
C46: e. Perkebunan Tahunan | N46: =IFERROR(__xludf.DUMMYFUNCTION("""COMPUTED_VALUE"""),822116.0076357522) -> 822116.01 | O46: =IFERROR(__xludf.DUMMYFUNCTION("""COMPUTED_VALUE"""),1059846.689654265) -> 1059846.7 | P46: =IFERROR(__xludf.DUMMYFUNCTION("""COMPUTED_VALUE"""),981215.191616866) -> 981215.19 | Q46: =IFERROR(__xludf.DUMMYFUNCTION("""COMPUTED_VALUE"""),964578.1110931168) -> 964578.11 | R46: =IFERROR(__xludf.DUMMYFUNCTION("""COMPUTED_VALUE"""),3827756.0) -> 3827756 | S46: =IFERROR(__xludf.DUMMYFUNCTION("""COMPUTED_VALUE"""),647171.5939432707) -> 647171.59 | T46: =IFERROR(__xludf.DUMMYFUNCTION("""COMPUTED_VALUE"""),830590.1768831284) -> 830590.18 | U46: =IFERROR(__xludf.DUMMYFUNCTION("""COMPUTED_VALUE"""),1054511.8997524378) -> 1054511.9 | V46: =IFERROR(__xludf.DUMMYFUNCTION("""COMPUTED_VALUE"""),1143905.0175135864) -> 1143905 | W46: =IFERROR(__xludf.DUMMYFUNCTION("""COMPUTED_VALUE"""),3676178.6880924236) -> 3676178.7 | X46: =IFERROR(__xludf.DUMMYFUNCTION("""COMPUTED_VALUE"""),772121.3083040908) -> 772121.31 | Y46: =IFERROR(__xludf.DUMMYFUNCTION("""COMPUTED_VALUE"""),1019804.7295311303) -> 1019804.7 | Z46: =IFERROR(__xludf.DUMMYFUNCTION("""COMPUTED_VALUE"""),1273800.8787092618) -> 1273800.9 | AA46: =IFERROR(__xludf.DUMMYFUNCTION("""COMPUTED_VALUE"""),938845.8208942388) -> 938845.82 | AB46: =IFERROR(__xludf.DUMMYFUNCTION("""COMPUTED_VALUE"""),4004572.7374387216) -> 4004572.7 | AC46: =IFERROR(__xludf.DUMMYFUNCTION("""COMPUTED_VALUE"""),890837.473493444) -> 890837.47 | AD46: =IFERROR(__xludf.DUMMYFUNCTION("""COMPUTED_VALUE"""),1062156.0326994562) -> 1062156 | AE46: =IFERROR(__xludf.DUMMYFUNCTION("""COMPUTED_VALUE"""),1291880.538714243) -> 1291880.5 | AF46: =IFERROR(__xludf.DUMMYFUNCTION("""COMPUTED_VALUE"""),1000883.4461749967) -> 1000883.4 | AG46: =IFERROR(__xludf.DUMMYFUNCTION("""COMPUTED_VALUE"""),4245757.49108214) -> 4245757.5 | AH46: =IFERROR(__xludf.DUMMYFUNCTION("""COMPUTED_VALUE"""),983131.4427521051) -> 983131.44 | AI46: =IFERROR(__xludf.DUMMYFUNCTION("""COMPUTED_VALUE"""),1239014.3262945951) -> 1239014.3 | AJ46: =IFERROR(__xludf.DUMMYFUNCTION("""COMPUTED_VALUE"""),1348141.6754199786) -> 1348141.7 | AK46: =IFERROR(__xludf.DUMMYFUNCTION("""COMPUTED_VALUE"""),1031912.6336020502) -> 1031912.6 | AL46: =IFERROR(__xludf.DUMMYFUNCTION("""COMPUTED_VALUE"""),4602200.078068729) -> 4602200.1 | AM46: =IFERROR(__xludf.DUMMYFUNCTION("""COMPUTED_VALUE"""),992784.5902) -> 992784.59 | AN46: =IFERROR(__xludf.DUMMYFUNCTION("""COMPUTED_VALUE"""),1179252.7297) -> 1179252.7 | AO46: =IFERROR(__xludf.DUMMYFUNCTION("""COMPUTED_VALUE"""),1301307.5412) -> 1301307.5 | AP46: =IFERROR(__xludf.DUMMYFUNCTION("""COMPUTED_VALUE"""),1164519.2480000001) -> 1164519.2 | AQ46: =IFERROR(__xludf.DUMMYFUNCTION("""COMPUTED_VALUE"""),4637864.109100001) -> 4637864.1 | AR46: =IFERROR(__xludf.DUMMYFUNCTION("""COMPUTED_VALUE"""),1213766.20705375) -> 1213766.2 | AS46: =IFERROR(__xludf.DUMMYFUNCTION("""COMPUTED_VALUE"""),1230520.6689778548) -> 1230520.7 | AT46: =IFERROR(__xludf.DUMMYFUNCTION("""COMPUTED_VALUE"""),1305916.1111083) -> 1305916.1 | AU46: =IFERROR(__xludf.DUMMYFUNCTION("""COMPUTED_VALUE"""),1313229.5486799204) -> 1313229.5 | AV46: =IFERROR(__xludf.DUMMYFUNCTION("""COMPUTED_VALUE"""),5063432.535819825) -> 5063432.5 | AW46: =IFERROR(__xludf.DUMMYFUNCTION("""COMPUTED_VALUE"""),1245737.12363818) -> 1245737.1 | AX46: =IFERROR(__xludf.DUMMYFUNCTION("""COMPUTED_VALUE"""),1321590.9031948193) -> 1321590.9 | AY46: =IFERROR(__xludf.DUMMYFUNCTION("""COMPUTED_VALUE"""),1391238.7437931863) -> 1391238.7 | AZ46: =IFERROR(__xludf.DUMMYFUNCTION("""COMPUTED_VALUE"""),1456968.80705236) -> 1456968.8 | BA46: =IFERROR(__xludf.DUMMYFUNCTION("""COMPUTED_VALUE"""),5415535.577678546) -> 5415535.6 | BB46: =IFERROR(__xludf.DUMMYFUNCTION("""COMPUTED_VALUE"""),1325264.20741278) -> 1325264.2 | BC46: =IFERROR(__xludf.DUMMYFUNCTION("""COMPUTED_VALUE"""),1445066.81444317) -> 1445066.8 | BD46: =IFERROR(__xludf.DUMMYFUNCTION("""COMPUTED_VALUE"""),1527966.4803789007) -> 1527966.5 | BE46: =IFERROR(__xludf.DUMMYFUNCTION("""COMPUTED_VALUE"""),1593563.3809669728) -> 1593563.4 | BF46: =IFERROR(__xludf.DUMMYFUNCTION("""COMPUTED_VALUE"""),5891860.883201824) -> 5891860.9 | BG46: =IFERROR(__xludf.DUMMYFUNCTION("""COMPUTED_VALUE"""),1445902.68565253) -> 1445902.7 | BH46: =IFERROR(__xludf.DUMMYFUNCTION("""COMPUTED_VALUE"""),1583730.87892514) -> 1583730.9 | BI46: =IFERROR(__xludf.DUMMYFUNCTION("""COMPUTED_VALUE"""),1618071.91544372) -> 1618071.9 | BJ46: =IFERROR(__xludf.DUMMYFUNCTION("""COMPUTED_VALUE"""),1653076.47466732) -> 1653076.5 | BK46: =IFERROR(__xludf.DUMMYFUNCTION("""COMPUTED_VALUE"""),6300781.95468871) -> 6300782 | BL46: =IFERROR(__xludf.DUMMYFUNCTION("""COMPUTED_VALUE"""),1526644.5636438) -> 1526644.6 | BM46: =IFERROR(__xludf.DUMMYFUNCTION("""COMPUTED_VALUE"""),1521348.60129987) -> 1521348.6 | BN46: =IFERROR(__xludf.DUMMYFUNCTION("""COMPUTED_VALUE"""),1498028.94398159) -> 1498028.9 | BO46: =IFERROR(__xludf.DUMMYFUNCTION("""COMPUTED_VALUE"""),1507706.93441581) -> 1507706.9 | BP46: =IFERROR(__xludf.DUMMYFUNCTION("""COMPUTED_VALUE"""),6053729.0433410695) -> 6053729 | BQ46: =IFERROR(__xludf.DUMMYFUNCTION("""COMPUTED_VALUE"""),1608842.75474721) -> 1608842.8 | BR46: =IFERROR(__xludf.DUMMYFUNCTION("""COMPUTED_VALUE"""),1527468.35) -> 1527468.4 | BS46: =IFERROR(__xludf.DUMMYFUNCTION("""COMPUTED_VALUE"""),1526169.13249786) -> 1526169.1 | BT46: =IFERROR(__xludf.DUMMYFUNCTION("""COMPUTED_VALUE"""),1521605.28862791) -> 1521605.3 | BU46: =IFERROR(__xludf.DUMMYFUNCTION("""COMPUTED_VALUE"""),6184085.525872979) -> 6184085.5 | BV46: =IFERROR(__xludf.DUMMYFUNCTION("""COMPUTED_VALUE"""),1698433.89390608) -> 1698433.9 | BW46: =IFERROR(__xludf.DUMMYFUNCTION("""COMPUTED_VALUE"""),1669616.5672909) -> 1669616.6 | BX46: =IFERROR(__xludf.DUMMYFUNCTION("""COMPUTED_VALUE"""),1624131.86633005) -> 1624131.9 | BY46: =IFERROR(__xludf.DUMMYFUNCTION("""COMPUTED_VALUE"""),1674246.22959658) -> 1674246.2 | BZ46: =IFERROR(__xludf.DUMMYFUNCTION("""COMPUTED_VALUE"""),6666428.557123609) -> 6666428.6 | CA46: =IFERROR(__xludf.DUMMYFUNCTION("""COMPUTED_VALUE"""),1791430.76924477) -> 1791430.8 | CB46: =IFERROR(__xludf.DUMMYFUNCTION("""COMPUTED_VALUE"""),1698801.38986907) -> 1698801.4 | CC46: =IFERROR(__xludf.DUMMYFUNCTION("""COMPUTED_VALUE"""),1678933.32027464) -> 1678933.3 | CD46: =IFERROR(__xludf.DUMMYFUNCTION("""COMPUTED_VALUE"""),1679307.42544526) -> 1679307.4 | CE46: =IFERROR(__xludf.DUMMYFUNCTION("""COMPUTED_VALUE"""),6848472.90483374) -> 6848472.9 | CF46: =IFERROR(__xludf.DUMMYFUNCTION("""COMPUTED_VALUE"""),1852521.80823646) -> 1852521.8 | CG46: =IFERROR(__xludf.DUMMYFUNCTION("""COMPUTED_VALUE"""),1891161.17483027) -> 1891161.2 | CH46: =IFERROR(__xludf.DUMMYFUNCTION("""COMPUTED_VALUE"""),1897431.09821808) -> 1897431.1 | CI46: =IFERROR(__xludf.DUMMYFUNCTION("""COMPUTED_VALUE"""),1875612.71002649) -> 1875612.7 | CJ46: =IFERROR(__xludf.DUMMYFUNCTION("""COMPUTED_VALUE"""),7516726.791311299) -> 7516726.8 | CK46: =IFERROR(__xludf.DUMMYFUNCTION("""COMPUTED_VALUE"""),1872578.26506589) -> 1872578.3 | CL46: =IFERROR(__xludf.DUMMYFUNCTION("""COMPUTED_VALUE"""),2027746.52761084) -> 2027746.5 | CM46: =IFERROR(__xludf.DUMMYFUNCTION("""COMPUTED_VALUE"""),2080323.12930784) -> 2080323.1 | CN46: =IFERROR(__xludf.DUMMYFUNCTION("""COMPUTED_VALUE"""),1960782.87561618) -> 1960782.9 | CO46: =IFERROR(__xludf.DUMMYFUNCTION("""COMPUTED_VALUE"""),7941430.79760075) -> 7941430.8 | CP46: =IFERROR(__xludf.DUMMYFUNCTION("""COMPUTED_VALUE"""),1921401.8148632185) -> 1921401.8 | CQ46: =IFERROR(__xludf.DUMMYFUNCTION("""COMPUTED_VALUE"""),0.0) -> 0 | CR46: =IFERROR(__xludf.DUMMYFUNCTION("""COMPUTED_VALUE"""),0.0) -> 0 | CS46: =IFERROR(__xludf.DUMMYFUNCTION("""COMPUTED_VALUE"""),0.0) -> 0 | CT46: =IFERROR(__xludf.DUMMYFUNCTION("""COMPUTED_VALUE"""),1921401.8148632185) -> 1921401.8 | CU46: =IFERROR(__xludf.DUMMYFUNCTION("""COMPUTED_VALUE"""),0.0) -> 0 | CV46: =IFERROR(__xludf.DUMMYFUNCTION("""COMPUTED_VALUE"""),0.0) -> 0 | CW46: =IFERROR(__xludf.DUMMYFUNCTION("""COMPUTED_VALUE"""),0.0) -> 0 | CX46: =IFERROR(__xludf.DUMMYFUNCTION("""COMPUTED_VALUE"""),0.0) -> 0 | CY46: =IFERROR(__xludf.DUMMYFUNCTION("""COMPUTED_VALUE"""),0.0) -> 0
C47: f. Peternakan | N47: =IFERROR(__xludf.DUMMYFUNCTION("""COMPUTED_VALUE"""),370240.3261597871) -> 370240.33 | O47: =IFERROR(__xludf.DUMMYFUNCTION("""COMPUTED_VALUE"""),369501.31766999635) -> 369501.32 | P47: =IFERROR(__xludf.DUMMYFUNCTION("""COMPUTED_VALUE"""),394232.7553894941) -> 394232.76 | Q47: =IFERROR(__xludf.DUMMYFUNCTION("""COMPUTED_VALUE"""),406320.8207807224) -> 406320.82 | R47: =IFERROR(__xludf.DUMMYFUNCTION("""COMPUTED_VALUE"""),1540295.22) -> 1540295.2 | S47: =IFERROR(__xludf.DUMMYFUNCTION("""COMPUTED_VALUE"""),367196.41175525234) -> 367196.41 | T47: =IFERROR(__xludf.DUMMYFUNCTION("""COMPUTED_VALUE"""),382990.4019674379) -> 382990.4 | U47: =IFERROR(__xludf.DUMMYFUNCTION("""COMPUTED_VALUE"""),402755.60105412354) -> 402755.6 | V47: =IFERROR(__xludf.DUMMYFUNCTION("""COMPUTED_VALUE"""),411278.826578487) -> 411278.83 | W47: =IFERROR(__xludf.DUMMYFUNCTION("""COMPUTED_VALUE"""),1564221.2413553006) -> 1564221.2 | X47: =IFERROR(__xludf.DUMMYFUNCTION("""COMPUTED_VALUE"""),391615.6206979969) -> 391615.62 | Y47: =IFERROR(__xludf.DUMMYFUNCTION("""COMPUTED_VALUE"""),402267.55286932504) -> 402267.55 | Z47: =IFERROR(__xludf.DUMMYFUNCTION("""COMPUTED_VALUE"""),427087.4584821423) -> 427087.46 | AA47: =IFERROR(__xludf.DUMMYFUNCTION("""COMPUTED_VALUE"""),439387.5654166023) -> 439387.57 | AB47: =IFERROR(__xludf.DUMMYFUNCTION("""COMPUTED_VALUE"""),1660358.1974660666) -> 1660358.2 | AC47: =IFERROR(__xludf.DUMMYFUNCTION("""COMPUTED_VALUE"""),419452.0816745915) -> 419452.08 | AD47: =IFERROR(__xludf.DUMMYFUNCTION("""COMPUTED_VALUE"""),423311.5583311262) -> 423311.56 | AE47: =IFERROR(__xludf.DUMMYFUNCTION("""COMPUTED_VALUE"""),447873.60999409045) -> 447873.61 | AF47: =IFERROR(__xludf.DUMMYFUNCTION("""COMPUTED_VALUE"""),460271.5049873807) -> 460271.51 | AG47: =IFERROR(__xludf.DUMMYFUNCTION("""COMPUTED_VALUE"""),1750908.7549871888) -> 1750908.8 | AH47: =IFERROR(__xludf.DUMMYFUNCTION("""COMPUTED_VALUE"""),437778.2300875285) -> 437778.23 | AI47: =IFERROR(__xludf.DUMMYFUNCTION("""COMPUTED_VALUE"""),446344.96193328453) -> 446344.96 | AJ47: =IFERROR(__xludf.DUMMYFUNCTION("""COMPUTED_VALUE"""),470224.40601473465) -> 470224.41 | AK47: =IFERROR(__xludf.DUMMYFUNCTION("""COMPUTED_VALUE"""),467497.1044803092) -> 467497.1 | AL47: =IFERROR(__xludf.DUMMYFUNCTION("""COMPUTED_VALUE"""),1821844.7025158568) -> 1821844.7 | AM47: =IFERROR(__xludf.DUMMYFUNCTION("""COMPUTED_VALUE"""),445197.4926) -> 445197.49 | AN47: =IFERROR(__xludf.DUMMYFUNCTION("""COMPUTED_VALUE"""),452365.1722) -> 452365.17 | AO47: =IFERROR(__xludf.DUMMYFUNCTION("""COMPUTED_VALUE"""),476123.937) -> 476123.94 | AP47: =IFERROR(__xludf.DUMMYFUNCTION("""COMPUTED_VALUE"""),471219.8604) -> 471219.86 | AQ47: =IFERROR(__xludf.DUMMYFUNCTION("""COMPUTED_VALUE"""),1844906.4622) -> 1844906.5 | AR47: =IFERROR(__xludf.DUMMYFUNCTION("""COMPUTED_VALUE"""),464782.523692349) -> 464782.52 | AS47: =IFERROR(__xludf.DUMMYFUNCTION("""COMPUTED_VALUE"""),479125.4539888252) -> 479125.45 | AT47: =IFERROR(__xludf.DUMMYFUNCTION("""COMPUTED_VALUE"""),523649.23847496253) -> 523649.24 | AU47: =IFERROR(__xludf.DUMMYFUNCTION("""COMPUTED_VALUE"""),473786.8474692198) -> 473786.85 | AV47: =IFERROR(__xludf.DUMMYFUNCTION("""COMPUTED_VALUE"""),1941344.0636253566) -> 1941344.1 | AW47: =IFERROR(__xludf.DUMMYFUNCTION("""COMPUTED_VALUE"""),466507.52614981175) -> 466507.53 | AX47: =IFERROR(__xludf.DUMMYFUNCTION("""COMPUTED_VALUE"""),508958.7705886422) -> 508958.77 | AY47: =IFERROR(__xludf.DUMMYFUNCTION("""COMPUTED_VALUE"""),542244.6741851394) -> 542244.67 | AZ47: =IFERROR(__xludf.DUMMYFUNCTION("""COMPUTED_VALUE"""),551896.6293856348) -> 551896.63 | BA47: =IFERROR(__xludf.DUMMYFUNCTION("""COMPUTED_VALUE"""),2069607.600309228) -> 2069607.6 | BB47: =IFERROR(__xludf.DUMMYFUNCTION("""COMPUTED_VALUE"""),508178.60450489336) -> 508178.6 | BC47: =IFERROR(__xludf.DUMMYFUNCTION("""COMPUTED_VALUE"""),537108.8121990401) -> 537108.81 | BD47: =IFERROR(__xludf.DUMMYFUNCTION("""COMPUTED_VALUE"""),550601.7284427712) -> 550601.73 | BE47: =IFERROR(__xludf.DUMMYFUNCTION("""COMPUTED_VALUE"""),568389.4756678727) -> 568389.48 | BF47: =IFERROR(__xludf.DUMMYFUNCTION("""COMPUTED_VALUE"""),2164278.6208145777) -> 2164278.6 | BG47: =IFERROR(__xludf.DUMMYFUNCTION("""COMPUTED_VALUE"""),539939.806711738) -> 539939.81 | BH47: =IFERROR(__xludf.DUMMYFUNCTION("""COMPUTED_VALUE"""),574358.74183178) -> 574358.74 | BI47: =IFERROR(__xludf.DUMMYFUNCTION("""COMPUTED_VALUE"""),605065.127728845) -> 605065.13 | BJ47: =IFERROR(__xludf.DUMMYFUNCTION("""COMPUTED_VALUE"""),585365.138298897) -> 585365.14 | BK47: =IFERROR(__xludf.DUMMYFUNCTION("""COMPUTED_VALUE"""),2304728.81457126) -> 2304728.8 | BL47: =IFERROR(__xludf.DUMMYFUNCTION("""COMPUTED_VALUE"""),572567.211481546) -> 572567.21 | BM47: =IFERROR(__xludf.DUMMYFUNCTION("""COMPUTED_VALUE"""),565700.638764201) -> 565700.64 | BN47: =IFERROR(__xludf.DUMMYFUNCTION("""COMPUTED_VALUE"""),597485.364220024) -> 597485.36 | BO47: =IFERROR(__xludf.DUMMYFUNCTION("""COMPUTED_VALUE"""),584257.277063974) -> 584257.28 | BP47: =IFERROR(__xludf.DUMMYFUNCTION("""COMPUTED_VALUE"""),2320010.491529745) -> 2320010.5 | BQ47: =IFERROR(__xludf.DUMMYFUNCTION("""COMPUTED_VALUE"""),576492.995624174) -> 576493 | BR47: =IFERROR(__xludf.DUMMYFUNCTION("""COMPUTED_VALUE"""),610694.519326618) -> 610694.52 | BS47: =IFERROR(__xludf.DUMMYFUNCTION("""COMPUTED_VALUE"""),597194.519326618) -> 597194.52 | BT47: =IFERROR(__xludf.DUMMYFUNCTION("""COMPUTED_VALUE"""),612954.791599768) -> 612954.79 | BU47: =IFERROR(__xludf.DUMMYFUNCTION("""COMPUTED_VALUE"""),2397336.8258771785) -> 2397336.8 | BV47: =IFERROR(__xludf.DUMMYFUNCTION("""COMPUTED_VALUE"""),614022.93901869) -> 614022.94 | BW47: =IFERROR(__xludf.DUMMYFUNCTION("""COMPUTED_VALUE"""),608417.420738083) -> 608417.42 | BX47: =IFERROR(__xludf.DUMMYFUNCTION("""COMPUTED_VALUE"""),638570.863756657) -> 638570.86 | BY47: =IFERROR(__xludf.DUMMYFUNCTION("""COMPUTED_VALUE"""),609577.474431656) -> 609577.47 | BZ47: =IFERROR(__xludf.DUMMYFUNCTION("""COMPUTED_VALUE"""),2470588.697945086) -> 2470588.7 | CA47: =IFERROR(__xludf.DUMMYFUNCTION("""COMPUTED_VALUE"""),637767.690829) -> 637767.69 | CB47: =IFERROR(__xludf.DUMMYFUNCTION("""COMPUTED_VALUE"""),701812.134198771) -> 701812.13 | CC47: =IFERROR(__xludf.DUMMYFUNCTION("""COMPUTED_VALUE"""),665494.062584482) -> 665494.06 | CD47: =IFERROR(__xludf.DUMMYFUNCTION("""COMPUTED_VALUE"""),652061.972629356) -> 652061.97 | CE47: =IFERROR(__xludf.DUMMYFUNCTION("""COMPUTED_VALUE"""),2657135.8602416087) -> 2657135.9 | CF47: =IFERROR(__xludf.DUMMYFUNCTION("""COMPUTED_VALUE"""),639270.130986216) -> 639270.13 | CG47: =IFERROR(__xludf.DUMMYFUNCTION("""COMPUTED_VALUE"""),699299.423615159) -> 699299.42 | CH47: =IFERROR(__xludf.DUMMYFUNCTION("""COMPUTED_VALUE"""),660893.903954399) -> 660893.9 | CI47: =IFERROR(__xludf.DUMMYFUNCTION("""COMPUTED_VALUE"""),668914.552991284) -> 668914.55 | CJ47: =IFERROR(__xludf.DUMMYFUNCTION("""COMPUTED_VALUE"""),2668378.011547058) -> 2668378 | CK47: =IFERROR(__xludf.DUMMYFUNCTION("""COMPUTED_VALUE"""),699847.1350361) -> 699847.14 | CL47: =IFERROR(__xludf.DUMMYFUNCTION("""COMPUTED_VALUE"""),778627.82010864) -> 778627.82 | CM47: =IFERROR(__xludf.DUMMYFUNCTION("""COMPUTED_VALUE"""),717711.585831126) -> 717711.59 | CN47: =IFERROR(__xludf.DUMMYFUNCTION("""COMPUTED_VALUE"""),734328.925633531) -> 734328.93 | CO47: =IFERROR(__xludf.DUMMYFUNCTION("""COMPUTED_VALUE"""),2930515.466609397) -> 2930515.5 | CP47: =IFERROR(__xludf.DUMMYFUNCTION("""COMPUTED_VALUE"""),778680.771367886) -> 778680.77 | CQ47: =IFERROR(__xludf.DUMMYFUNCTION("""COMPUTED_VALUE"""),0.0) -> 0 | CR47: =IFERROR(__xludf.DUMMYFUNCTION("""COMPUTED_VALUE"""),0.0) -> 0 | CS47: =IFERROR(__xludf.DUMMYFUNCTION("""COMPUTED_VALUE"""),0.0) -> 0 | CT47: =IFERROR(__xludf.DUMMYFUNCTION("""COMPUTED_VALUE"""),778680.771367886) -> 778680.77 | CU47: =IFERROR(__xludf.DUMMYFUNCTION("""COMPUTED_VALUE"""),0.0) -> 0 | CV47: =IFERROR(__xludf.DUMMYFUNCTION("""COMPUTED_VALUE"""),0.0) -> 0 | CW47: =IFERROR(__xludf.DUMMYFUNCTION("""COMPUTED_VALUE"""),0.0) -> 0 | CX47: =IFERROR(__xludf.DUMMYFUNCTION("""COMPUTED_VALUE"""),0.0) -> 0 | CY47: =IFERROR(__xludf.DUMMYFUNCTION("""COMPUTED_VALUE"""),0.0) -> 0
A50: E | B50: Rasio Input Antara
C51: a. Tanaman Pangan | AV51: 0.11180062 | AW51: 0.11180062 | AX51: 0.11180062 | AY51: 0.11180062 | AZ51: 0.11180062 | BA51: 0.11180062 | BB51: 0.11180062 | BC51: 0.11180062 | BD51: 0.11180062 | BE51: 0.11180062 | BF51: 0.11180062 | BG51: 0.11180062 | BH51: 0.11180062 | BI51: 0.11180062 | BJ51: 0.11180062 | BK51: 0.11180062 | BL51: 0.11180062 | BM51: 0.11180062 | BN51: 0.11180062 | BO51: 0.11180062 | BP51: 0.11180062 | BQ51: 0.11180062 | BR51: 0.11180062 | BS51: 0.11180062 | BT51: 0.11180062 | BU51: 0.11180062 | BV51: 0.11180062 | BW51: 0.11180062 | BX51: 0.11180062 | BY51: 0.11180062 | CA51: 0.11180062 | CB51: 0.11180062 | CC51: 0.11180062 | CD51: 0.11180062 | CE51: 0.11180062 | CF51: 0.11180062 | CG51: 0.11180062 | CH51: 0.11180062 | CI51: 0.11180062 | CJ51: 0.11180062 | CK51: 0.11180062 | CL51: 0.11180062 | CM51: 0.11180062 | CN51: 0.11180062 | CO51: 0.11180062 | CP51: 0.11180062 | CQ51: 0.11180062 | CR51: 0.11180062 | CS51: 0.11180062 | CT51: 0.11180062
C52: b. Tanaman Hortikultura Semusim | AV52: 0.060719258 | AW52: 0.060719258 | AX52: 0.060719258 | AY52: 0.060719258 | AZ52: 0.060719258 | BA52: 0.060719258 | BB52: 0.060719258 | BC52: 0.060719258 | BD52: 0.060719258 | BE52: 0.060719258 | BF52: 0.060719258 | BG52: 0.060719258 | BH52: 0.060719258 | BI52: 0.060719258 | BJ52: 0.060719258 | BK52: 0.060719258 | BL52: 0.060719258 | BM52: 0.060719258 | BN52: 0.060719258 | BO52: 0.060719258 | BP52: 0.060719258 | BQ52: 0.060719258 | BR52: 0.060719258 | BS52: 0.060719258 | BT52: 0.060719258 | BU52: 0.060719258 | BV52: 0.060719258 | BW52: 0.060719258 | BX52: 0.060719258 | BY52: 0.060719258 | CA52: 0.060719258 | CB52: 0.060719258 | CC52: 0.060719258 | CD52: 0.060719258 | CE52: 0.060719258 | CF52: 0.060719258 | CG52: 0.060719258 | CH52: 0.060719258 | CI52: 0.060719258 | CJ52: 0.060719258 | CK52: 0.060719258 | CL52: 0.060719258 | CM52: 0.060719258 | CN52: 0.060719258 | CO52: 0.060719258 | CP52: 0.060719258 | CQ52: 0.060719258 | CR52: 0.060719258 | CS52: 0.060719258 | CT52: 0.060719258
C53: c. Perkebunan Semusim | AV53: 0.18579106 | AW53: 0.18579106 | AX53: 0.18579106 | AY53: 0.18579106 | AZ53: 0.18579106 | BA53: 0.18579106 | BB53: 0.18579106 | BC53: 0.18579106 | BD53: 0.18579106 | BE53: 0.18579106 | BF53: 0.18579106 | BG53: 0.18579106 | BH53: 0.18579106 | BI53: 0.18579106 | BJ53: 0.18579106 | BK53: 0.18579106 | BL53: 0.18579106 | BM53: 0.18579106 | BN53: 0.18579106 | BO53: 0.18579106 | BP53: 0.18579106 | BQ53: 0.18579106 | BR53: 0.18579106 | BS53: 0.18579106 | BT53: 0.18579106 | BU53: 0.18579106 | BV53: 0.18579106 | BW53: 0.18579106 | BX53: 0.18579106 | BY53: 0.18579106 | CA53: 0.18579106 | CB53: 0.18579106 | CC53: 0.18579106 | CD53: 0.18579106 | CE53: 0.18579106 | CF53: 0.18579106 | CG53: 0.18579106 | CH53: 0.18579106 | CI53: 0.18579106 | CJ53: 0.18579106 | CK53: 0.18579106 | CL53: 0.18579106 | CM53: 0.18579106 | CN53: 0.18579106 | CO53: 0.18579106 | CP53: 0.18579106 | CQ53: 0.18579106 | CR53: 0.18579106 | CS53: 0.18579106 | CT53: 0.18579106
C54: d. Tanaman Hortikultura Tahunan & Lainnya | AV54: 0.060719258 | AW54: 0.060719258 | AX54: 0.060719258 | AY54: 0.060719258 | AZ54: 0.060719258 | BA54: 0.060719258 | BB54: 0.060719258 | BC54: 0.060719258 | BD54: 0.060719258 | BE54: 0.060719258 | BF54: 0.060719258 | BG54: 0.060719258 | BH54: 0.060719258 | BI54: 0.060719258 | BJ54: 0.060719258 | BK54: 0.060719258 | BL54: 0.060719258 | BM54: 0.060719258 | BN54: 0.060719258 | BO54: 0.060719258 | BP54: 0.060719258 | BQ54: 0.060719258 | BR54: 0.060719258 | BS54: 0.060719258 | BT54: 0.060719258 | BU54: 0.060719258 | BV54: 0.060719258 | BW54: 0.060719258 | BX54: 0.060719258 | BY54: 0.060719258 | CA54: 0.060719258 | CB54: 0.060719258 | CC54: 0.060719258 | CD54: 0.060719258 | CE54: 0.060719258 | CF54: 0.060719258 | CG54: 0.060719258 | CH54: 0.060719258 | CI54: 0.060719258 | CJ54: 0.060719258 | CK54: 0.060719258 | CL54: 0.060719258 | CM54: 0.060719258 | CN54: 0.060719258 | CO54: 0.060719258 | CP54: 0.060719258 | CQ54: 0.060719258 | CR54: 0.060719258 | CS54: 0.060719258 | CT54: 0.060719258
C55: e. Perkebunan Tahunan | AV55: 0.18579106 | AW55: 0.18579106 | AX55: 0.18579106 | AY55: 0.18579106 | AZ55: 0.18579106 | BA55: 0.18579106 | BB55: 0.18579106 | BC55: 0.18579106 | BD55: 0.18579106 | BE55: 0.18579106 | BF55: 0.18579106 | BG55: 0.18579106 | BH55: 0.18579106 | BI55: 0.18579106 | BJ55: 0.18579106 | BK55: 0.18579106 | BL55: 0.18579106 | BM55: 0.18579106 | BN55: 0.18579106 | BO55: 0.18579106 | BP55: 0.18579106 | BQ55: 0.18579106 | BR55: 0.18579106 | BS55: 0.18579106 | BT55: 0.18579106 | BU55: 0.18579106 | BV55: 0.18579106 | BW55: 0.18579106 | BX55: 0.18579106 | BY55: 0.18579106 | CA55: 0.18579106 | CB55: 0.18579106 | CC55: 0.18579106 | CD55: 0.18579106 | CE55: 0.18579106 | CF55: 0.18579106 | CG55: 0.18579106 | CH55: 0.18579106 | CI55: 0.18579106 | CJ55: 0.18579106 | CK55: 0.18579106 | CL55: 0.18579106 | CM55: 0.18579106 | CN55: 0.18579106 | CO55: 0.18579106 | CP55: 0.18579106 | CQ55: 0.18579106 | CR55: 0.18579106 | CS55: 0.18579106 | CT55: 0.18579106
C56: f. Peternakan | AV56: 0.26808994 | AW56: 0.26808994 | AX56: 0.26808994 | AY56: 0.26808994 | AZ56: 0.26808994 | BA56: 0.26808994 | BB56: 0.26808994 | BC56: 0.26808994 | BD56: 0.26808994 | BE56: 0.26808994 | BF56: 0.26808994 | BG56: 0.26808994 | BH56: 0.26808994 | BI56: 0.26808994 | BJ56: 0.26808994 | BK56: 0.26808994 | BL56: 0.26808994 | BM56: 0.26808994 | BN56: 0.26808994 | BO56: 0.26808994 | BP56: 0.26808994 | BQ56: 0.26808994 | BR56: 0.26808994 | BS56: 0.26808994 | BT56: 0.26808994 | BU56: 0.26808994 | BV56: 0.26808994 | BW56: 0.26808994 | BX56: 0.26808994 | BY56: 0.26808994 | CA56: 0.26808994 | CB56: 0.26808994 | CC56: 0.26808994 | CD56: 0.26808994 | CE56: 0.26808994 | CF56: 0.26808994 | CG56: 0.26808994 | CH56: 0.26808994 | CI56: 0.26808994 | CJ56: 0.26808994 | CK56: 0.26808994 | CL56: 0.26808994 | CM56: 0.26808994 | CN56: 0.26808994 | CO56: 0.26808994 | CP56: 0.26808994 | CQ56: 0.26808994 | CR56: 0.26808994 | CS56: 0.26808994 | CT56: 0.26808994
A59: F | B59: Output ADHK subkategori penyusun
C60: a. Tanaman Pangan | AW60: =AW42/(1-AW51) -> 426475.96 | AX60: =AX42/(1-AX51) -> 567410.13 | AY60: =AY42/(1-AY51) -> 472198.25 | AZ60: =AZ42/(1-AZ51) -> 499774.63 | BB60: =BB42/(1-BB51) -> 482416.7 | BC60: =BC42/(1-BC51) -> 561973.94 | BD60: =BD42/(1-BD51) -> 466051.86 | BE60: =BE42/(1-BE51) -> 488343.64 | BG60: =BG42/(1-BG51) -> 444222.09 | BH60: =BH42/(1-BH51) -> 612936.68 | BI60: =BI42/(1-BI51) -> 447747.32 | BJ60: =BJ42/(1-BJ51) -> 489585.83 | BL60: =BL42/(1-BL51) -> 428705.54 | BM60: =BM42/(1-BM51) -> 564670.86 | BN60: =BN42/(1-BN51) -> 465474.49 | BO60: =BO42/(1-BO51) -> 515440.94 | BQ60: =BQ42/(1-BQ51) -> 378779.01 | BR60: =BR42/(1-BR51) -> 652089.04 | BS60: =BS42/(1-BS51) -> 454989.06 | BT60: =BT42/(1-BT51) -> 513174.31 | BV60: =BV42/(1-BV51) -> 386117.03 | BW60: =BW42/(1-BW51) -> 617034.71 | BX60: =BX42/(1-BX51) -> 434317.13 | BY60: =BY42/(1-BY51) -> 483121.27 | CA60: =CA42/(1-CA51) -> 361134.62 | CB60: =CB42/(1-CB51) -> 558199.51 | CC60: =CC42/(1-CC51) -> 472710.26 | CD60: =CD42/(1-CD51) -> 473395.33 | CE60: =CE42/(1-CE51) -> 1865439.7 | CF60: =CF42/(1-CF51) -> 330729.09 | CG60: =CG42/(1-CG51) -> 599010.84 | CH60: =CH42/(1-CH51) -> 492281.63 | CI60: =CI42/(1-CI51) -> 547782.1 | CK60: =CK42/(1-CK51) -> 379159.19 | CL60: =CL42/(1-CL51) -> 637325.8 | CM60: =CM42/(1-CM51) -> 479035.26 | CN60: =CN42/(1-CN51) -> 580182.88 | CP60: =CP42/(1-CP51) -> 362805.89 | CQ60: =CQ42/(1-CQ51) -> 0 | CR60: =CR42/(1-CR51) -> 0 | CS60: =CS42/(1-CS51) -> 0
C61: b. Tanaman Hortikultura Semusim | AW61: =AW43/(1-AW52) -> 76450.095 | AX61: =AX43/(1-AX52) -> 82375.921 | AY61: =AY43/(1-AY52) -> 83570.372 | AZ61: =AZ43/(1-AZ52) -> 88113.645 | BB61: =BB43/(1-BB52) -> 80521.725 | BC61: =BC43/(1-BC52) -> 79251.462 | BD61: =BD43/(1-BD52) -> 84874.286 | BE61: =BE43/(1-BE52) -> 89820.447 | BG61: =BG43/(1-BG52) -> 86984.291 | BH61: =BH43/(1-BH52) -> 86481.923 | BI61: =BI43/(1-BI52) -> 87906.197 | BJ61: =BJ43/(1-BJ52) -> 85568.257 | BL61: =BL43/(1-BL52) -> 81089.186 | BM61: =BM43/(1-BM52) -> 82552.411 | BN61: =BN43/(1-BN52) -> 87609.334 | BO61: =BO43/(1-BO52) -> 83111.485 | BQ61: =BQ43/(1-BQ52) -> 83689.124 | BR61: =BR43/(1-BR52) -> 83621.183 | BS61: =BS43/(1-BS52) -> 83483.781 | BT61: =BT43/(1-BT52) -> 81948.627 | BV61: =BV43/(1-BV52) -> 82994.982 | BW61: =BW43/(1-BW52) -> 82633.263 | BX61: =BX43/(1-BX52) -> 87293.678 | BY61: =BY43/(1-BY52) -> 89196.68 | CA61: =CA43/(1-CA52) -> 82968.476 | CB61: =CB43/(1-CB52) -> 89377.317 | CC61: =CC43/(1-CC52) -> 84544.847 | CD61: =CD43/(1-CD52) -> 85668.89 | CE61: =CE43/(1-CE52) -> 342559.53 | CF61: =CF43/(1-CF52) -> 87835.048 | CG61: =CG43/(1-CG52) -> 83086.926 | CH61: =CH43/(1-CH52) -> 81370.234 | CI61: =CI43/(1-CI52) -> 90986.529 | CK61: =CK43/(1-CK52) -> 87197.276 | CL61: =CL43/(1-CL52) -> 83484.573 | CM61: =CM43/(1-CM52) -> 83224.377 | CN61: =CN43/(1-CN52) -> 91312.158 | CP61: =CP43/(1-CP52) -> 96031.048 | CQ61: =CQ43/(1-CQ52) -> 0 | CR61: =CR43/(1-CR52) -> 0 | CS61: =CS43/(1-CS52) -> 0
C62: c. Perkebunan Semusim | AW62: =AW44/(1-AW53) -> 23986.133 | AX62: =AX44/(1-AX53) -> 19538.97 | AY62: =AY44/(1-AY53) -> 19269.6 | AZ62: =AZ44/(1-AZ53) -> 19321.628 | BB62: =BB44/(1-BB53) -> 21604.621 | BC62: =BC44/(1-BC53) -> 20913.882 | BD62: =BD44/(1-BD53) -> 20960.785 | BE62: =BE44/(1-BE53) -> 20993.433 | BG62: =BG44/(1-BG53) -> 21284.884 | BH62: =BH44/(1-BH53) -> 21997.541 | BI62: =BI44/(1-BI53) -> 22347.245 | BJ62: =BJ44/(1-BJ53) -> 22819.87 | BL62: =BL44/(1-BL53) -> 23328.633 | BM62: =BM44/(1-BM53) -> 24102.804 | BN62: =BN44/(1-BN53) -> 23451.706 | BO62: =BO44/(1-BO53) -> 23473.346 | BQ62: =BQ44/(1-BQ53) -> 21143.248 | BR62: =BR44/(1-BR53) -> 21773.591 | BS62: =BS44/(1-BS53) -> 36871.682 | BT62: =BT44/(1-BT53) -> 41902.167 | BV62: =BV44/(1-BV53) -> 27889.582 | BW62: =BW44/(1-BW53) -> 20871.491 | BX62: =BX44/(1-BX53) -> 39484.824 | BY62: =BY44/(1-BY53) -> 41842.557 | CA62: =CA44/(1-CA53) -> 21626.37 | CB62: =CB44/(1-CB53) -> 23113.633 | CC62: =CC44/(1-CC53) -> 40293.07 | CD62: =CD44/(1-CD53) -> 47034.349 | CE62: =CE44/(1-CE53) -> 132067.42 | CF62: =CF44/(1-CF53) -> 21281.419 | CG62: =CG44/(1-CG53) -> 26119.758 | CH62: =CH44/(1-CH53) -> 46152.2 | CI62: =CI44/(1-CI53) -> 107937.87 | CK62: =CK44/(1-CK53) -> 60824.432 | CL62: =CL44/(1-CL53) -> 48046.856 | CM62: =CM44/(1-CM53) -> 66775.814 | CN62: =CN44/(1-CN53) -> 102401.87 | CP62: =CP44/(1-CP53) -> 59990.255 | CQ62: =CQ44/(1-CQ53) -> 0 | CR62: =CR44/(1-CR53) -> 0 | CS62: =CS44/(1-CS53) -> 0
C63: d. Tanaman Hortikultura Tahunan & Lainnya | AW63: =AW45/(1-AW54) -> 173025.09 | AX63: =AX45/(1-AX54) -> 156114.5 | AY63: =AY45/(1-AY54) -> 153772.78 | AZ63: =AZ45/(1-AZ54) -> 160707.94 | BB63: =BB45/(1-BB54) -> 184178.59 | BC63: =BC45/(1-BC54) -> 167330.14 | BD63: =BD45/(1-BD54) -> 167797.86 | BE63: =BE45/(1-BE54) -> 173943.53 | BG63: =BG45/(1-BG54) -> 188045.02 | BH63: =BH45/(1-BH54) -> 182595.11 | BI63: =BI45/(1-BI54) -> 184433.6 | BJ63: =BJ45/(1-BJ54) -> 186431.47 | BL63: =BL45/(1-BL54) -> 185856.28 | BM63: =BM45/(1-BM54) -> 180891.11 | BN63: =BN45/(1-BN54) -> 180230.36 | BO63: =BO45/(1-BO54) -> 178142.61 | BQ63: =BQ45/(1-BQ54) -> 183307.83 | BR63: =BR45/(1-BR54) -> 178343.58 | BS63: =BS45/(1-BS54) -> 178135.91 | BT63: =BT45/(1-BT54) -> 194480.13 | BV63: =BV45/(1-BV54) -> 183264.44 | BW63: =BW45/(1-BW54) -> 182864.73 | BX63: =BX45/(1-BX54) -> 182828.51 | BY63: =BY45/(1-BY54) -> 195302.03 | CA63: =CA45/(1-CA54) -> 201412.39 | CB63: =CB45/(1-CB54) -> 192589.43 | CC63: =CC45/(1-CC54) -> 199653.37 | CD63: =CD45/(1-CD54) -> 194452.47 | CE63: =CE45/(1-CE54) -> 788107.66 | CF63: =CF45/(1-CF54) -> 210079.17 | CG63: =CG45/(1-CG54) -> 179807.03 | CH63: =CH45/(1-CH54) -> 185011.02 | CI63: =CI45/(1-CI54) -> 188857.84 | CK63: =CK45/(1-CK54) -> 201742.48 | CL63: =CL45/(1-CL54) -> 178173.32 | CM63: =CM45/(1-CM54) -> 176105.96 | CN63: =CN45/(1-CN54) -> 216625.23 | CP63: =CP45/(1-CP54) -> 197059.7 | CQ63: =CQ45/(1-CQ54) -> 0 | CR63: =CR45/(1-CR54) -> 0 | CS63: =CS45/(1-CS54) -> 0
C64: e. Perkebunan Tahunan | AW64: =AW46/(1-AW55) -> 1529996.9 | AX64: =AX46/(1-AX55) -> 1623159.4 | AY64: =AY46/(1-AY55) -> 1708699.9 | AZ64: =AZ46/(1-AZ55) -> 1789428.7 | BB64: =BB46/(1-BB55) -> 1627670.9 | BC64: =BC46/(1-BC55) -> 1774810.8 | BD64: =BD46/(1-BD55) -> 1876627 | BE64: =BE46/(1-BE55) -> 1957192.2 | BG64: =BG46/(1-BG55) -> 1775837.4 | BH64: =BH46/(1-BH55) -> 1945116.1 | BI64: =BI46/(1-BI55) -> 1987293.2 | BJ64: =BJ46/(1-BJ55) -> 2030285.3 | BL64: =BL46/(1-BL55) -> 1875003.4 | BM64: =BM46/(1-BM55) -> 1868499 | BN64: =BN46/(1-BN55) -> 1839858.1 | BO64: =BO46/(1-BO55) -> 1851744.5 | BQ64: =BQ46/(1-BQ55) -> 1975958.1 | BR64: =BR46/(1-BR55) -> 1876015.2 | BS64: =BS46/(1-BS55) -> 1874419.5 | BT64: =BT46/(1-BT55) -> 1868814.3 | BV64: =BV46/(1-BV55) -> 2085992.7 | BW64: =BW46/(1-BW55) -> 2050599.7 | BX64: =BX46/(1-BX55) -> 1994736 | BY64: =BY46/(1-BY55) -> 2056285.7 | CA64: =CA46/(1-CA55) -> 2200210.1 | CB64: =CB46/(1-CB55) -> 2086444 | CC64: =CC46/(1-CC55) -> 2062042.4 | CD64: =CD46/(1-CD55) -> 2062501.8 | CE64: =CE46/(1-CE55) -> 8411198.4 | CF64: =CF46/(1-CF55) -> 2275241.3 | CG64: =CG46/(1-CG55) -> 2322697.6 | CH64: =CH46/(1-CH55) -> 2330398.3 | CI64: =CI46/(1-CI55) -> 2303601.2 | CK64: =CK46/(1-CK55) -> 2299874.4 | CL64: =CL46/(1-CL55) -> 2490449.8 | CM64: =CM46/(1-CM55) -> 2555023.7 | CN64: =CN46/(1-CN55) -> 2408206 | CP64: =CP46/(1-CP55) -> 2359838.8 | CQ64: =CQ46/(1-CQ55) -> 0 | CR64: =CR46/(1-CR55) -> 0 | CS64: =CS46/(1-CS55) -> 0
C65: f. Peternakan | AW65: =AW47/(1-AW56) -> 637383.68 | AX65: =AX47/(1-AX56) -> 695384.31 | AY65: =AY47/(1-AY56) -> 740862.44 | AZ65: =AZ47/(1-AZ56) -> 754049.79 | BB65: =BB47/(1-BB56) -> 694318.38 | BC65: =BC47/(1-BC56) -> 733845.37 | BD65: =BD47/(1-BD56) -> 752280.59 | BE65: =BE47/(1-BE56) -> 776583.77 | BG65: =BG47/(1-BG56) -> 737713.33 | BH65: =BH47/(1-BH56) -> 784739.51 | BI65: =BI47/(1-BI56) -> 826693.28 | BJ65: =BJ47/(1-BJ56) -> 799777.42 | BL65: =BL47/(1-BL56) -> 782291.76 | BM65: =BM47/(1-BM56) -> 772910.05 | BN65: =BN47/(1-BN56) -> 816337.14 | BO65: =BO47/(1-BO56) -> 798263.76 | BQ65: =BQ47/(1-BQ56) -> 787655.52 | BR65: =BR47/(1-BR56) -> 834384.65 | BS65: =BS47/(1-BS56) -> 815939.76 | BT65: =BT47/(1-BT56) -> 837472.83 | BV65: =BV47/(1-BV56) -> 838932.23 | BW65: =BW47/(1-BW56) -> 831273.48 | BX65: =BX47/(1-BX56) -> 872471.77 | BY65: =BY47/(1-BY56) -> 832858.44 | CA65: =CA47/(1-CA56) -> 871374.4 | CB65: =CB47/(1-CB56) -> 958877.56 | CC65: =CC47/(1-CC56) -> 909256.61 | CD65: =CD47/(1-CD56) -> 890904.51 | CE65: =CE47/(1-CE56) -> 3630413.1 | CF65: =CF47/(1-CF56) -> 873427.17 | CG65: =CG47/(1-CG56) -> 955444.48 | CH65: =CH47/(1-CH56) -> 902971.47 | CI65: =CI47/(1-CI56) -> 913929.99 | CK65: =CK47/(1-CK56) -> 956192.81 | CL65: =CL47/(1-CL56) -> 1063829.9 | CM65: =CM47/(1-CM56) -> 980600.79 | CN65: =CN47/(1-CN56) -> 1003304.9 | CP65: =CP47/(1-CP56) -> 1063902.3 | CQ65: =CQ47/(1-CQ56) -> 0 | CR65: =CR47/(1-CR56) -> 0 | CS65: =CS47/(1-CS56) -> 0

Sheet ADHK
A1: Home | B1: 1.1 Pertanian, Kehutanan & Perikanan | C1: 2010 | D1: 2012 | E1: 2014 | F1: 2016 | G1: 2018 | H1: 2020 | I1: 2022 | J1: 2024 | O1: 2010 | P1: 2012 | Q1: 2014 | R1: 2016 | S1: 2018 | T1: 2020 | U1: 2022 | V1: 2024 | AA1: 2010 | AB1: 2012 | AC1: 2014 | AD1: 2016 | AE1: 2018 | AF1: 2020 | AG1: 2022 | AH1: 2024 | AM1: 2010 | AN1: 2012 | AO1: 2014 | AP1: 2016 | AQ1: 2018 | AR1: 2020 | AS1: 2022 | AT1: 2024 | AY1: 2010 | AZ1: 2012 | BA1: 2014 | BB1: 2016 | BC1: 2018 | BD1: 2020 | BE1: 2022 | BF1: 2024 | BK1: 2010 | BL1: 2012 | BM1: 2014 | BN1: 2016 | BO1: 2018 | BP1: 2020 | BQ1: 2022 | BR1: 2024 | BW1: 2010 | BX1: 2012 | BY1: 2014 | BZ1: 2016 | CA1: 2018 | CB1: 2020 | CC1: 2022 | CD1: 2024 | CI1: 2010 | CJ1: 2012 | CK1: 2014 | CL1: 2016 | CM1: 2018 | CN1: 2020 | CO1: 2022 | CP1: 2024 | CU1: 2010 | CV1: 2012 | CW1: 2014 | CX1: 2016 | CY1: 2018 | CZ1: 2020 | DA1: 2022 | DB1: 2024 | DG1: 2010 | DH1: 2012 | DI1: 2014 | DJ1: 2016 | DK1: 2018 | DL1: 2020 | DM1: 2022 | DN1: 2024 | DS1: 2010 | DT1: 2012 | DU1: 2014 | DV1: 2016 | DW1: 2018 | DX1: 2020 | DY1: 2022 | DZ1: 2024 | EE1: 2010 | EF1: 2012 | EG1: 2014 | EH1: 2016 | EI1: 2018 | EJ1: 2020 | EK1: 2022 | EL1: 2024 | EQ1: 2010 | ER1: 2012 | ES1: 2014 | ET1: 2016 | EU1: 2018 | EV1: 2020 | EW1: 2022 | EX1: 2024 | FC1: 2010 | FD1: 2012 | FE1: 2014 | FF1: 2016 | FG1: 2018 | FH1: 2020 | FI1: 2022 | FJ1: 2024 | FO1: 2010 | FP1: 2012 | FQ1: 2014 | FR1: 2016 | FS1: 2018 | FT1: 2020 | FU1: 2022 | FV1: 2024 | GA1: 2010 | GB1: 2012 | GC1: 2014 | GD1: 2016 | GE1: 2018 | GF1: 2020 | GG1: 2022 | GH1: 2024 | GM1: 2010 | GN1: 2012 | GO1: 2014 | GP1: 2016 | GQ1: 2018 | GR1: 2020 | GS1: 2022 | GT1: 2024 | GY1: 2010 | GZ1: 2012 | HA1: 2014 | HB1: 2016 | HC1: 2018 | HD1: 2020 | HE1: 2022 | HF1: 2024
C2: 2011 | D2: 2013 | E2: 2015 | F2: 2017 | G2: 2019 | H2: 2021 | I2: 2023 | J2: 2025 | O2: 2011 | P2: 2013 | Q2: 2015 | R2: 2017 | S2: 2019 | T2: 2021 | U2: 2023 | V2: 2025 | AA2: 2011 | AB2: 2013 | AC2: 2015 | AD2: 2017 | AE2: 2019 | AF2: 2021 | AG2: 2023 | AH2: 2025 | AM2: 2011 | AN2: 2013 | AO2: 2015 | AP2: 2017 | AQ2: 2019 | AR2: 2021 | AS2: 2023 | AT2: 2025 | AY2: 2011 | AZ2: 2013 | BA2: 2015 | BB2: 2017 | BC2: 2019 | BD2: 2021 | BE2: 2023 | BF2: 2025 | BK2: 2011 | BL2: 2013 | BM2: 2015 | BN2: 2017 | BO2: 2019 | BP2: 2021 | BQ2: 2023 | BR2: 2025 | BW2: 2011 | BX2: 2013 | BY2: 2015 | BZ2: 2017 | CA2: 2019 | CB2: 2021 | CC2: 2023 | CD2: 2025 | CI2: 2011 | CJ2: 2013 | CK2: 2015 | CL2: 2017 | CM2: 2019 | CN2: 2021 | CO2: 2023 | CP2: 2025 | CU2: 2011 | CV2: 2013 | CW2: 2015 | CX2: 2017 | CY2: 2019 | CZ2: 2021 | DA2: 2023 | DB2: 2025 | DG2: 2011 | DH2: 2013 | DI2: 2015 | DJ2: 2017 | DK2: 2019 | DL2: 2021 | DM2: 2023 | DN2: 2025 | DS2: 2011 | DT2: 2013 | DU2: 2015 | DV2: 2017 | DW2: 2019 | DX2: 2021 | DY2: 2023 | DZ2: 2025 | EE2: 2011 | EF2: 2013 | EG2: 2015 | EH2: 2017 | EI2: 2019 | EJ2: 2021 | EK2: 2023 | EL2: 2025 | EQ2: 2011 | ER2: 2013 | ES2: 2015 | ET2: 2017 | EU2: 2019 | EV2: 2021 | EW2: 2023 | EX2: 2025 | FC2: 2011 | FD2: 2013 | FE2: 2015 | FF2: 2017 | FG2: 2019 | FH2: 2021 | FI2: 2023 | FJ2: 2025 | FO2: 2011 | FP2: 2013 | FQ2: 2015 | FR2: 2017 | FS2: 2019 | FT2: 2021 | FU2: 2023 | FV2: 2025 | GA2: 2011 | GB2: 2013 | GC2: 2015 | GD2: 2017 | GE2: 2019 | GF2: 2021 | GG2: 2023 | GH2: 2025 | GM2: 2011 | GN2: 2013 | GO2: 2015 | GP2: 2017 | GQ2: 2019 | GR2: 2021 | GS2: 2023 | GT2: 2025 | GY2: 2011 | GZ2: 2013 | HA2: 2015 | HB2: 2017 | HC2: 2019 | HD2: 2021 | HE2: 2023 | HF2: 2025
B4: Wilayah | C4: : Provinsi Sulawesi Tenggara | G4: Lembar Pengolahan Penghitungan | K4: ADHK | N4: Wilayah | O4: : Provinsi Sulawesi Tenggara | S4: Lembar Pengolahan Penghitungan | W4: ADHK | Z4: Wilayah | AA4: : Provinsi Sulawesi Tenggara | AE4: Lembar Pengolahan Penghitungan | AI4: ADHK | AL4: Wilayah | AM4: : Provinsi Sulawesi Tenggara | AQ4: Lembar Pengolahan Penghitungan | AU4: ADHK | AX4: Wilayah | AY4: : Provinsi Sulawesi Tenggara | BC4: Lembar Pengolahan Penghitungan | BG4: ADHK | BJ4: Wilayah | BK4: : Provinsi Sulawesi Tenggara | BO4: Lembar Pengolahan Penghitungan | BS4: ADHK | BV4: Wilayah | BW4: : Provinsi Sulawesi Tenggara | CA4: Lembar Pengolahan Penghitungan | CE4: ADHK | CH4: Wilayah | CI4: : Provinsi Sulawesi Tenggara | CM4: Lembar Pengolahan Penghitungan | CQ4: ADHK | CT4: Wilayah | CU4: : Provinsi Sulawesi Tenggara | CY4: Lembar Pengolahan Penghitungan | DC4: ADHK | DF4: Wilayah | DG4: : Provinsi Sulawesi Tenggara | DK4: Lembar Pengolahan Penghitungan | DO4: ADHK | DR4: Wilayah | DS4: : Provinsi Sulawesi Tenggara | DW4: Lembar Pengolahan Penghitungan | EA4: ADHK | ED4: Wilayah | EE4: : Provinsi Sulawesi Tenggara | EI4: Lembar Pengolahan Penghitungan | EM4: ADHK | EP4: Wilayah | EQ4: : Provinsi Sulawesi Tenggara | EU4: Lembar Pengolahan Penghitungan | EY4: ADHK | FB4: Wilayah | FC4: : Provinsi Sulawesi Tenggara | FG4: Lembar Pengolahan Penghitungan | FK4: ADHK | FN4: Wilayah | FO4: : Provinsi Sulawesi Tenggara | FS4: Lembar Pengolahan Penghitungan | FW4: ADHK | FZ4: Wilayah | GA4: : Provinsi Sulawesi Tenggara | GE4: Lembar Pengolahan Penghitungan | GI4: ADHK | GL4: Wilayah | GM4: : Provinsi Sulawesi Tenggara | GQ4: Lembar Pengolahan Penghitungan | GU4: ADHK | GX4: Wilayah | GY4: : Provinsi Sulawesi Tenggara | HC4: Lembar Pengolahan Penghitungan | HG4: ADHK
B5: Kategori | C5: : Pertanian, Kehutanan, dan Perikanan | G5: Nilai Tambah Bruto | N5: Kategori | O5: : Pertanian, Kehutanan, dan Perikanan | S5: Nilai Tambah Bruto | Z5: Kategori | AA5: : Pertanian, Kehutanan, dan Perikanan | AE5: Nilai Tambah Bruto | AL5: Kategori | AM5: : Pertanian, Kehutanan, dan Perikanan | AQ5: Nilai Tambah Bruto | AX5: Kategori | AY5: : Pertanian, Kehutanan, dan Perikanan | BC5: Nilai Tambah Bruto | BJ5: Kategori | BK5: : Pertanian, Kehutanan, dan Perikanan | BO5: Nilai Tambah Bruto | BV5: Kategori | BW5: : Pertanian, Kehutanan, dan Perikanan | CA5: Nilai Tambah Bruto | CH5: Kategori | CI5: : Pertanian, Kehutanan, dan Perikanan | CM5: Nilai Tambah Bruto | CT5: Kategori | CU5: : Pertanian, Kehutanan, dan Perikanan | CY5: Nilai Tambah Bruto | DF5: Kategori | DG5: : Pertanian, Kehutanan, dan Perikanan | DK5: Nilai Tambah Bruto | DR5: Kategori | DS5: : Pertanian, Kehutanan, dan Perikanan | DW5: Nilai Tambah Bruto | ED5: Kategori | EE5: : Pertanian, Kehutanan, dan Perikanan | EI5: Nilai Tambah Bruto | EP5: Kategori | EQ5: : Pertanian, Kehutanan, dan Perikanan | EU5: Nilai Tambah Bruto | FB5: Kategori | FC5: : Pertanian, Kehutanan, dan Perikanan | FG5: Nilai Tambah Bruto | FN5: Kategori | FO5: : Pertanian, Kehutanan, dan Perikanan | FS5: Nilai Tambah Bruto | FZ5: Kategori | GA5: : Pertanian, Kehutanan, dan Perikanan | GE5: Nilai Tambah Bruto | GL5: Kategori | GM5: : Pertanian, Kehutanan, dan Perikanan | GQ5: Nilai Tambah Bruto | GX5: Kategori | GY5: : Pertanian, Kehutanan, dan Perikanan | HC5: Nilai Tambah Bruto
B6: Subkategori | C6: : Pertanian, Peternakan, Perburuan dan Jasa Pertanian | G6: Atas Dasar Harga Konstan 2010=100 | K6: 2010 | N6: Subkategori | O6: : Pertanian, Peternakan, Perburuan dan Jasa Pertanian | S6: Atas Dasar Harga Konstan 2010=100 | W6: =K6+1 -> 2011 | Z6: Subkategori | AA6: : Pertanian, Peternakan, Perburuan dan Jasa Pertanian | AE6: Atas Dasar Harga Konstan 2010=100 | AI6: =W6+1 -> 2012 | AL6: Subkategori | AM6: : Pertanian, Peternakan, Perburuan dan Jasa Pertanian | AQ6: Atas Dasar Harga Konstan 2010=100 | AU6: =AI6+1 -> 2013 | AX6: Subkategori | AY6: : Pertanian, Peternakan, Perburuan dan Jasa Pertanian | BC6: Atas Dasar Harga Konstan 2010=100 | BG6: =AU6+1 -> 2014 | BJ6: Subkategori | BK6: : Pertanian, Peternakan, Perburuan dan Jasa Pertanian | BO6: Atas Dasar Harga Konstan 2010=100 | BS6: =BG6+1 -> 2015 | BV6: Subkategori | BW6: : Pertanian, Peternakan, Perburuan dan Jasa Pertanian | CA6: Atas Dasar Harga Konstan 2010=100 | CE6: =BS6+1 -> 2016 | CH6: Subkategori | CI6: : Pertanian, Peternakan, Perburuan dan Jasa Pertanian | CM6: Atas Dasar Harga Konstan 2010=100 | CQ6: =CE6+1 -> 2017 | CT6: Subkategori | CU6: : Pertanian, Peternakan, Perburuan dan Jasa Pertanian | CY6: Atas Dasar Harga Konstan 2010=100 | DC6: =CQ6+1 -> 2018 | DF6: Subkategori | DG6: : Pertanian, Peternakan, Perburuan dan Jasa Pertanian | DK6: Atas Dasar Harga Konstan 2010=100 | DO6: =DC6+1 -> 2019 | DR6: Subkategori | DS6: : Pertanian, Peternakan, Perburuan dan Jasa Pertanian | DW6: Atas Dasar Harga Konstan 2010=100 | EA6: =DO6+1 -> 2020 | ED6: Subkategori | EE6: : Pertanian, Peternakan, Perburuan dan Jasa Pertanian | EI6: Atas Dasar Harga Konstan 2010=100 | EM6: =EA6+1 -> 2021 | EP6: Subkategori | EQ6: : Pertanian, Peternakan, Perburuan dan Jasa Pertanian | EU6: Atas Dasar Harga Konstan 2010=100 | EY6: =EM6+1 -> 2022 | FB6: Subkategori | FC6: : Pertanian, Peternakan, Perburuan dan Jasa Pertanian | FG6: Atas Dasar Harga Konstan 2010=100 | FK6: =EY6+1 -> 2023 | FN6: Subkategori | FO6: : Pertanian, Peternakan, Perburuan dan Jasa Pertanian | FS6: Atas Dasar Harga Konstan 2010=100 | FW6: =FK6+1 -> 2024 | FZ6: Subkategori | GA6: : Pertanian, Peternakan, Perburuan dan Jasa Pertanian | GE6: Atas Dasar Harga Konstan 2010=100 | GI6: =FW6+1 -> 2025 | GL6: Subkategori | GM6: : Pertanian, Peternakan, Perburuan dan Jasa Pertanian | GQ6: Atas Dasar Harga Konstan 2010=100 | GU6: =GI6+1 -> 2026 | GX6: Subkategori | GY6: : Pertanian, Peternakan, Perburuan dan Jasa Pertanian | HC6: Atas Dasar Harga Konstan 2010=100 | HG6: =GU6+1 -> 2027
B7: Jenis Kegiatan | C7: : Jasa Pertanian, dan Perburuan | G7: ="Tahun "&K$6 -> Tahun 2010 | N7: Jenis Kegiatan | O7: : Jasa Pertanian, dan Perburuan | S7: ="Tahun "&W$6 -> Tahun 2011 | Z7: Jenis Kegiatan | AA7: : Jasa Pertanian, dan Perburuan | AE7: ="Tahun "&AI$6 -> Tahun 2012 | AL7: Jenis Kegiatan | AM7: : Jasa Pertanian, dan Perburuan | AQ7: ="Tahun "&AU$6 -> Tahun 2013 | AX7: Jenis Kegiatan | AY7: : Jasa Pertanian, dan Perburuan | BC7: ="Tahun "&BG$6 -> Tahun 2014 | BJ7: Jenis Kegiatan | BK7: : Jasa Pertanian, dan Perburuan | BO7: ="Tahun "&BS$6 -> Tahun 2015 | BV7: Jenis Kegiatan | BW7: : Jasa Pertanian, dan Perburuan | CA7: ="Tahun "&CE$6 -> Tahun 2016 | CH7: Jenis Kegiatan | CI7: : Jasa Pertanian, dan Perburuan | CM7: ="Tahun "&CQ$6 -> Tahun 2017 | CT7: Jenis Kegiatan | CU7: : Jasa Pertanian, dan Perburuan | CY7: ="Tahun "&DC$6 -> Tahun 2018 | DF7: Jenis Kegiatan | DG7: : Jasa Pertanian, dan Perburuan | DK7: ="Tahun "&DO$6 -> Tahun 2019 | DR7: Jenis Kegiatan | DS7: : Jasa Pertanian, dan Perburuan | DW7: ="Tahun "&EA$6 -> Tahun 2020 | ED7: Jenis Kegiatan | EE7: : Jasa Pertanian, dan Perburuan | EI7: ="Tahun "&EM$6 -> Tahun 2021 | EP7: Jenis Kegiatan | EQ7: : Jasa Pertanian, dan Perburuan | EU7: ="Tahun "&EY$6 -> Tahun 2022 | FB7: Jenis Kegiatan | FC7: : Jasa Pertanian, dan Perburuan | FG7: ="Tahun "&FK$6 -> Tahun 2023 | FN7: Jenis Kegiatan | FO7: : Jasa Pertanian, dan Perburuan | FS7: ="Tahun "&FW$6 -> Tahun 2024 | FZ7: Jenis Kegiatan | GA7: : Jasa Pertanian, dan Perburuan | GE7: ="Tahun "&GI$6 -> Tahun 2025 | GL7: Jenis Kegiatan | GM7: : Jasa Pertanian, dan Perburuan | GQ7: ="Tahun "&GU$6 -> Tahun 2026 | GX7: Jenis Kegiatan | GY7: : Jasa Pertanian, dan Perburuan | HC7: ="Tahun "&HG$6 -> Tahun 2027
B8: Metode Estimasi Output | C8: : Revaluasi | N8: Metode Estimasi Output | O8: : Revaluasi | Z8: Metode Estimasi Output | AA8: : Revaluasi | AL8: Metode Estimasi Output | AM8: : Revaluasi | AX8: Metode Estimasi Output | AY8: : Revaluasi | BJ8: Metode Estimasi Output | BK8: : Revaluasi | BV8: Metode Estimasi Output | BW8: : Revaluasi | CH8: Metode Estimasi Output | CI8: : Revaluasi | CT8: Metode Estimasi Output | CU8: : Revaluasi | DF8: Metode Estimasi Output | DG8: : Revaluasi | DR8: Metode Estimasi Output | DS8: : Revaluasi | ED8: Metode Estimasi Output | EE8: : Revaluasi | EP8: Metode Estimasi Output | EQ8: : Revaluasi | FB8: Metode Estimasi Output | FC8: : Revaluasi | FN8: Metode Estimasi Output | FO8: : Revaluasi | FZ8: Metode Estimasi Output | GA8: : Revaluasi | GL8: Metode Estimasi Output | GM8: : Revaluasi | GX8: Metode Estimasi Output | GY8: : Revaluasi
A10: No. | B10: Subkategori/Jenis Kegiatan/Uraian Komoditi | C10: Nilai Produksi Utama ADHK Subkategori (Juta Rp) | D10: Rasio Jasa Pertanian Konstan | E10: Nilai Jasa Pertanian (3) X (4) | F10: Konsumsi Antara | H10: Nilai Tambah Bruto (Juta Rp) (5)-(7) | M10: No. | N10: Subkategori/Jenis Kegiatan/Uraian Komoditi | O10: Nilai Produksi Utama ADHK Subkategori (Juta Rp) | P10: Rasio Jasa Pertanian Konstan | Q10: Nilai Jasa Pertanian (3) X (4) | R10: Konsumsi Antara | T10: Nilai Tambah Bruto (Juta Rp) (5)-(7) | Y10: No. | Z10: Subkategori/Jenis Kegiatan/Uraian Komoditi | AA10: Nilai Produksi Utama ADHK Subkategori (Juta Rp) | AB10: Rasio Jasa Pertanian Konstan | AC10: Nilai Jasa Pertanian (3) X (4) | AD10: Konsumsi Antara | AF10: Nilai Tambah Bruto (Juta Rp) (5)-(7) | AK10: No. | AL10: Subkategori/Jenis Kegiatan/Uraian Komoditi | AM10: Nilai Produksi Utama ADHK Subkategori (Juta Rp) | AN10: Rasio Jasa Pertanian Konstan | AO10: Nilai Jasa Pertanian (3) X (4) | AP10: Konsumsi Antara | AR10: Nilai Tambah Bruto (Juta Rp) (5)-(7) | AW10: No. | AX10: Subkategori/Jenis Kegiatan/Uraian Komoditi | AY10: Nilai Produksi Utama ADHK Subkategori (Juta Rp) | AZ10: Rasio Jasa Pertanian Konstan | BA10: Nilai Jasa Pertanian (3) X (4) | BB10: Konsumsi Antara | BD10: Nilai Tambah Bruto (Juta Rp) (5)-(7) | BI10: No. | BJ10: Subkategori/Jenis Kegiatan/Uraian Komoditi | BK10: Nilai Produksi Utama ADHK Subkategori (Juta Rp) | BL10: Rasio Jasa Pertanian Konstan | BM10: Nilai Jasa Pertanian (3) X (4) | BN10: Konsumsi Antara | BP10: Nilai Tambah Bruto (Juta Rp) (5)-(7) | BU10: No. | BV10: Subkategori/Jenis Kegiatan/Uraian Komoditi | BW10: Nilai Produksi Utama ADHK Subkategori (Juta Rp) | BX10: Rasio Jasa Pertanian Konstan | BY10: Nilai Jasa Pertanian (3) X (4) | BZ10: Konsumsi Antara | CB10: Nilai Tambah Bruto (Juta Rp) (5)-(7) | CG10: No. | CH10: Subkategori/Jenis Kegiatan/Uraian Komoditi | CI10: Nilai Produksi Utama ADHK Subkategori (Juta Rp) | CJ10: Rasio Jasa Pertanian Konstan | CK10: Nilai Jasa Pertanian (3) X (4) | CL10: Konsumsi Antara | CN10: Nilai Tambah Bruto (Juta Rp) (5)-(7) | CS10: No. | CT10: Subkategori/Jenis Kegiatan/Uraian Komoditi | CU10: Nilai Produksi Utama ADHK Subkategori (Juta Rp) | CV10: Rasio Jasa Pertanian Konstan | CW10: Nilai Jasa Pertanian (3) X (4) | CX10: Konsumsi Antara | CZ10: Nilai Tambah Bruto (Juta Rp) (5)-(7) | DE10: No. | DF10: Subkategori/Jenis Kegiatan/Uraian Komoditi | DG10: Nilai Produksi Utama ADHK Subkategori (Juta Rp) | DH10: Rasio Jasa Pertanian Konstan | DI10: Nilai Jasa Pertanian (3) X (4) | DJ10: Konsumsi Antara | DL10: Nilai Tambah Bruto (Juta Rp) (5)-(7) | DQ10: No. | DR10: Subkategori/Jenis Kegiatan/Uraian Komoditi | DS10: Nilai Produksi Utama ADHK Subkategori (Juta Rp) | DT10: Rasio Jasa Pertanian Konstan | DU10: Nilai Jasa Pertanian (3) X (4) | DV10: Konsumsi Antara | DX10: Nilai Tambah Bruto (Juta Rp) (5)-(7) | EC10: No. | ED10: Subkategori/Jenis Kegiatan/Uraian Komoditi | EE10: Nilai Produksi Utama ADHK Subkategori (Juta Rp) | EF10: Rasio Jasa Pertanian Konstan | EG10: Nilai Jasa Pertanian (3) X (4) | EH10: Konsumsi Antara | EJ10: Nilai Tambah Bruto (Juta Rp) (5)-(7) | EO10: No. | EP10: Subkategori/Jenis Kegiatan/Uraian Komoditi | EQ10: Nilai Produksi Utama ADHK Subkategori (Juta Rp) | ER10: Rasio Jasa Pertanian Konstan | ES10: Nilai Jasa Pertanian (3) X (4) | ET10: Konsumsi Antara | EV10: Nilai Tambah Bruto (Juta Rp) (5)-(7) | FA10: No. | FB10: Subkategori/Jenis Kegiatan/Uraian Komoditi | FC10: Nilai Produksi Utama ADHK Subkategori (Juta Rp) | FD10: Rasio Jasa Pertanian Konstan | FE10: Nilai Jasa Pertanian (3) X (4) | FF10: Konsumsi Antara | FH10: Nilai Tambah Bruto (Juta Rp) (5)-(7) | FM10: No. | FN10: Subkategori/Jenis Kegiatan/Uraian Komoditi | FO10: Nilai Produksi Utama ADHK Subkategori (Juta Rp) | FP10: Rasio Jasa Pertanian Konstan | FQ10: Nilai Jasa Pertanian (3) X (4) | FR10: Konsumsi Antara | FT10: Nilai Tambah Bruto (Juta Rp) (5)-(7) | FY10: No. | FZ10: Subkategori/Jenis Kegiatan/Uraian Komoditi | GA10: Nilai Produksi Utama ADHK Subkategori (Juta Rp) | GB10: Rasio Jasa Pertanian Konstan | GC10: Nilai Jasa Pertanian (3) X (4) | GD10: Konsumsi Antara | GF10: Nilai Tambah Bruto (Juta Rp) (5)-(7) | GK10: No. | GL10: Subkategori/Jenis Kegiatan/Uraian Komoditi | GM10: Nilai Produksi Utama ADHK Subkategori (Juta Rp) | GN10: Rasio Jasa Pertanian Konstan | GO10: Nilai Jasa Pertanian (3) X (4) | GP10: Konsumsi Antara | GR10: Nilai Tambah Bruto (Juta Rp) (5)-(7) | GW10: No. | GX10: Subkategori/Jenis Kegiatan/Uraian Komoditi | GY10: Nilai Produksi Utama ADHK Subkategori (Juta Rp) | GZ10: Rasio Jasa Pertanian Konstan | HA10: Nilai Jasa Pertanian (3) X (4) | HB10: Konsumsi Antara | HD10: Nilai Tambah Bruto (Juta Rp) (5)-(7)
F11: Rasio Tahun 2010 | G11: Nilai (Juta Rp) (6)x(5) | R11: Rasio Tahun 2010 | S11: Nilai (Juta Rp) (6)x(5) | AD11: Rasio Tahun 2010 | AE11: Nilai (Juta Rp) (6)x(5) | AP11: Rasio Tahun 2010 | AQ11: Nilai (Juta Rp) (6)x(5) | BB11: Rasio Tahun 2010 | BC11: Nilai (Juta Rp) (6)x(5) | BN11: Rasio Tahun 2010 | BO11: Nilai (Juta Rp) (6)x(5) | BZ11: Rasio Tahun 2010 | CA11: Nilai (Juta Rp) (6)x(5) | CL11: Rasio Tahun 2010 | CM11: Nilai (Juta Rp) (6)x(5) | CX11: Rasio Tahun 2010 | CY11: Nilai (Juta Rp) (6)x(5) | DJ11: Rasio Tahun 2010 | DK11: Nilai (Juta Rp) (6)x(5) | DV11: Rasio Tahun 2010 | DW11: Nilai (Juta Rp) (6)x(5) | EH11: Rasio Tahun 2010 | EI11: Nilai (Juta Rp) (6)x(5) | ET11: Rasio Tahun 2010 | EU11: Nilai (Juta Rp) (6)x(5) | FF11: Rasio Tahun 2010 | FG11: Nilai (Juta Rp) (6)x(5) | FR11: Rasio Tahun 2010 | FS11: Nilai (Juta Rp) (6)x(5) | GD11: Rasio Tahun 2010 | GE11: Nilai (Juta Rp) (6)x(5) | GP11: Rasio Tahun 2010 | GQ11: Nilai (Juta Rp) (6)x(5) | HB11: Rasio Tahun 2010 | HC11: Nilai (Juta Rp) (6)x(5)
A12: -1 | B12: -2 | C12: -3 | D12: -4 | E12: -5 | F12: -6 | G12: -7 | H12: -8 | M12: -1 | N12: -2 | O12: -3 | P12: -4 | Q12: -5 | R12: -6 | S12: -7 | T12: -8 | Y12: -1 | Z12: -2 | AA12: -3 | AB12: -4 | AC12: -5 | AD12: -6 | AE12: -7 | AF12: -8 | AK12: -1 | AL12: -2 | AM12: -3 | AN12: -4 | AO12: -5 | AP12: -6 | AQ12: -7 | AR12: -8 | AW12: -1 | AX12: -2 | AY12: -3 | AZ12: -4 | BA12: -5 | BB12: -6 | BC12: -7 | BD12: -8 | BI12: -1 | BJ12: -2 | BK12: -3 | BL12: -4 | BM12: -5 | BN12: -6 | BO12: -7 | BP12: -8 | BU12: -1 | BV12: -2 | BW12: -3 | BX12: -4 | BY12: -5 | BZ12: -6 | CA12: -7 | CB12: -8 | CG12: -1 | CH12: -2 | CI12: -3 | CJ12: -4 | CK12: -5 | CL12: -6 | CM12: -7 | CN12: -8 | CS12: -1 | CT12: -2 | CU12: -3 | CV12: -4 | CW12: -5 | CX12: -6 | CY12: -7 | CZ12: -8 | DE12: -1 | DF12: -2 | DG12: -3 | DH12: -4 | DI12: -5 | DJ12: -6 | DK12: -7 | DL12: -8 | DQ12: -1 | DR12: -2 | DS12: -3 | DT12: -4 | DU12: -5 | DV12: -6 | DW12: -7 | DX12: -8 | EC12: -1 | ED12: -2 | EE12: -3 | EF12: -4 | EG12: -5 | EH12: -6 | EI12: -7 | EJ12: -8 | EO12: -1 | EP12: -2 | EQ12: -3 | ER12: -4 | ES12: -5 | ET12: -6 | EU12: -7 | EV12: -8 | FA12: -1 | FB12: -2 | FC12: -3 | FD12: -4 | FE12: -5 | FF12: -6 | FG12: -7 | FH12: -8 | FM12: -1 | FN12: -2 | FO12: -3 | FP12: -4 | FQ12: -5 | FR12: -6 | FS12: -7 | FT12: -8 | FY12: -1 | FZ12: -2 | GA12: -3 | GB12: -4 | GC12: -5 | GD12: -6 | GE12: -7 | GF12: -8 | GK12: -1 | GL12: -2 | GM12: -3 | GN12: -4 | GO12: -5 | GP12: -6 | GQ12: -7 | GR12: -8 | GW12: -1 | GX12: -2 | GY12: -3 | GZ12: -4 | HA12: -5 | HB12: -6 | HC12: -7 | HD12: -8
A14: 1 | B14: Tanaman Pangan | D14: =1.16180660667508/100 -> 0.011618066 | E14: =IFERROR(+D14*C14,"0") -> 0 | F14: 0.16716267 | G14: =IFERROR(+E14*F14,"") -> 0 | H14: =IFERROR(+(IF(E14="","0",E14))-(IF(G14="","0",G14)),"") -> 0 | M14: 1 | N14: Tanaman Pangan | P14: =1.16180660667508/100 -> 0.011618066 | Q14: =IFERROR(+P14*O14,"0") -> 0 | R14: 0.16716267 | S14: =IFERROR(+Q14*R14,"") -> 0 | T14: =IFERROR(+(IF(Q14="","0",Q14))-(IF(S14="","0",S14)),"") -> 0 | Y14: 1 | Z14: Tanaman Pangan | AB14: =1.16180660667508/100 -> 0.011618066 | AC14: =IFERROR(+AB14*AA14,"0") -> 0 | AD14: 0.16716267 | AE14: =IFERROR(+AC14*AD14,"") -> 0 | AF14: =IFERROR(+(IF(AC14="","0",AC14))-(IF(AE14="","0",AE14)),"") -> 0 | AK14: 1 | AL14: Tanaman Pangan | AN14: =1.16180660667508/100 -> 0.011618066 | AO14: =IFERROR(+AN14*AM14,"0") -> 0 | AP14: 0.16716267 | AQ14: =IFERROR(+AO14*AP14,"") -> 0 | AR14: =IFERROR(+(IF(AO14="","0",AO14))-(IF(AQ14="","0",AQ14)),"") -> 0 | AW14: 1 | AX14: Tanaman Pangan | AZ14: =1.16180660667508/100 -> 0.011618066 | BA14: =IFERROR(+AZ14*AY14,"0") -> 0 | BB14: 0.16716267 | BC14: =IFERROR(+BA14*BB14,"") -> 0 | BD14: =IFERROR(+(IF(BA14="","0",BA14))-(IF(BC14="","0",BC14)),"") -> 0 | BI14: 1 | BJ14: Tanaman Pangan | BL14: =1.16180660667508/100 -> 0.011618066 | BM14: =IFERROR(+BL14*BK14,"0") -> 0 | BN14: 0.16716267 | BO14: =IFERROR(+BM14*BN14,"") -> 0 | BP14: =IFERROR(+(IF(BM14="","0",BM14))-(IF(BO14="","0",BO14)),"") -> 0 | BU14: 1 | BV14: Tanaman Pangan | BX14: =1.16180660667508/100 -> 0.011618066 | BY14: =IFERROR(+BX14*BW14,"0") -> 0 | BZ14: 0.16716267 | CA14: =IFERROR(+BY14*BZ14,"") -> 0 | CB14: =IFERROR(+(IF(BY14="","0",BY14))-(IF(CA14="","0",CA14)),"") -> 0 | CG14: 1 | CH14: Tanaman Pangan | CJ14: =1.16180660667508/100 -> 0.011618066 | CK14: =IFERROR(+CJ14*CI14,"0") -> 0 | CL14: 0.16716267 | CM14: =IFERROR(+CK14*CL14,"") -> 0 | CN14: =IFERROR(+(IF(CK14="","0",CK14))-(IF(CM14="","0",CM14)),"") -> 0 | CS14: 1 | CT14: Tanaman Pangan | CV14: =1.16180660667508/100 -> 0.011618066 | CW14: =IFERROR(+CV14*CU14,"0") -> 0 | CX14: 0.16716267 | CY14: =IFERROR(+CW14*CX14,"") -> 0 | CZ14: =IFERROR(+(IF(CW14="","0",CW14))-(IF(CY14="","0",CY14)),"") -> 0 | DE14: 1 | DF14: Tanaman Pangan | DH14: =1.16180660667508/100 -> 0.011618066 | DI14: =IFERROR(+DH14*DG14,"0") -> 0 | DJ14: 0.16716267 | DK14: =IFERROR(+DI14*DJ14,"") -> 0 | DL14: =IFERROR(+(IF(DI14="","0",DI14))-(IF(DK14="","0",DK14)),"") -> 0 | DQ14: 1 | DR14: Tanaman Pangan | DT14: =1.16180660667508/100 -> 0.011618066 | DU14: =IFERROR(+DT14*DS14,"0") -> 0 | DV14: 0.16716267 | DW14: =IFERROR(+DU14*DV14,"") -> 0 | DX14: =IFERROR(+(IF(DU14="","0",DU14))-(IF(DW14="","0",DW14)),"") -> 0 | EC14: 1 | ED14: Tanaman Pangan | EF14: =1.16180660667508/100 -> 0.011618066 | EG14: =IFERROR(+EF14*EE14,"0") -> 0 | EH14: 0.16716267 | EI14: =IFERROR(+EG14*EH14,"") -> 0 | EJ14: =IFERROR(+(IF(EG14="","0",EG14))-(IF(EI14="","0",EI14)),"") -> 0 | EO14: 1 | EP14: Tanaman Pangan | ER14: =1.16180660667508/100 -> 0.011618066 | ES14: =IFERROR(+ER14*EQ14,"0") -> 0 | ET14: 0.16716267 | EU14: =IFERROR(+ES14*ET14,"") -> 0 | EV14: =IFERROR(+(IF(ES14="","0",ES14))-(IF(EU14="","0",EU14)),"") -> 0 | FA14: 1 | FB14: Tanaman Pangan | FD14: =1.16180660667508/100 -> 0.011618066 | FE14: =IFERROR(+FD14*FC14,"0") -> 0 | FF14: 0.16716267 | FG14: =IFERROR(+FE14*FF14,"") -> 0 | FH14: =IFERROR(+(IF(FE14="","0",FE14))-(IF(FG14="","0",FG14)),"") -> 0 | FM14: 1 | FN14: Tanaman Pangan | FP14: =1.16180660667508/100 -> 0.011618066 | FQ14: =IFERROR(+FP14*FO14,"0") -> 0 | FR14: 0.16716267 | FS14: =IFERROR(+FQ14*FR14,"") -> 0 | FT14: =IFERROR(+(IF(FQ14="","0",FQ14))-(IF(FS14="","0",FS14)),"") -> 0 | FY14: 1 | FZ14: Tanaman Pangan | GB14: =1.16180660667508/100 -> 0.011618066 | GC14: =IFERROR(+GB14*GA14,"0") -> 0 | GD14: 0.16716267 | GE14: =IFERROR(+GC14*GD14,"") -> 0 | GF14: =IFERROR(+(IF(GC14="","0",GC14))-(IF(GE14="","0",GE14)),"") -> 0 | GK14: 1 | GL14: Tanaman Pangan | GN14: =1.16180660667508/100 -> 0.011618066 | GO14: =IFERROR(+GN14*GM14,"0") -> 0 | GP14: 0.16716267 | GQ14: =IFERROR(+GO14*GP14,"") -> 0 | GR14: =IFERROR(+(IF(GO14="","0",GO14))-(IF(GQ14="","0",GQ14)),"") -> 0 | GW14: 1 | GX14: Tanaman Pangan | GZ14: =1.16180660667508/100 -> 0.011618066 | HA14: =IFERROR(+GZ14*GY14,"0") -> 0 | HB14: 0.16716267 | HC14: =IFERROR(+HA14*HB14,"") -> 0 | HD14: =IFERROR(+(IF(HA14="","0",HA14))-(IF(HC14="","0",HC14)),"") -> 0
A15: =A14+1 -> 2 | B15: Tanaman Hortikultura Semusim | D15: =1.16180660667508/100 -> 0.011618066 | E15: =IFERROR(+D15*C15,"0") -> 0 | F15: 0.16716267 | G15: =IFERROR(+E15*F15,"") -> 0 | H15: =IFERROR(+(IF(E15="","0",E15))-(IF(G15="","0",G15)),"") -> 0 | M15: =M14+1 -> 2 | N15: Tanaman Hortikultura Semusim | P15: =1.16180660667508/100 -> 0.011618066 | Q15: =IFERROR(+P15*O15,"0") -> 0 | R15: 0.16716267 | S15: =IFERROR(+Q15*R15,"") -> 0 | T15: =IFERROR(+(IF(Q15="","0",Q15))-(IF(S15="","0",S15)),"") -> 0 | Y15: =Y14+1 -> 2 | Z15: Tanaman Hortikultura Semusim | AB15: =1.16180660667508/100 -> 0.011618066 | AC15: =IFERROR(+AB15*AA15,"0") -> 0 | AD15: 0.16716267 | AE15: =IFERROR(+AC15*AD15,"") -> 0 | AF15: =IFERROR(+(IF(AC15="","0",AC15))-(IF(AE15="","0",AE15)),"") -> 0 | AK15: =AK14+1 -> 2 | AL15: Tanaman Hortikultura Semusim | AN15: =1.16180660667508/100 -> 0.011618066 | AO15: =IFERROR(+AN15*AM15,"0") -> 0 | AP15: 0.16716267 | AQ15: =IFERROR(+AO15*AP15,"") -> 0 | AR15: =IFERROR(+(IF(AO15="","0",AO15))-(IF(AQ15="","0",AQ15)),"") -> 0 | AW15: =AW14+1 -> 2 | AX15: Tanaman Hortikultura Semusim | AZ15: =1.16180660667508/100 -> 0.011618066 | BA15: =IFERROR(+AZ15*AY15,"0") -> 0 | BB15: 0.16716267 | BC15: =IFERROR(+BA15*BB15,"") -> 0 | BD15: =IFERROR(+(IF(BA15="","0",BA15))-(IF(BC15="","0",BC15)),"") -> 0 | BI15: =BI14+1 -> 2 | BJ15: Tanaman Hortikultura Semusim | BL15: =1.16180660667508/100 -> 0.011618066 | BM15: =IFERROR(+BL15*BK15,"0") -> 0 | BN15: 0.16716267 | BO15: =IFERROR(+BM15*BN15,"") -> 0 | BP15: =IFERROR(+(IF(BM15="","0",BM15))-(IF(BO15="","0",BO15)),"") -> 0 | BU15: =BU14+1 -> 2 | BV15: Tanaman Hortikultura Semusim | BX15: =1.16180660667508/100 -> 0.011618066 | BY15: =IFERROR(+BX15*BW15,"0") -> 0 | BZ15: 0.16716267 | CA15: =IFERROR(+BY15*BZ15,"") -> 0 | CB15: =IFERROR(+(IF(BY15="","0",BY15))-(IF(CA15="","0",CA15)),"") -> 0 | CG15: =CG14+1 -> 2 | CH15: Tanaman Hortikultura Semusim | CJ15: =1.16180660667508/100 -> 0.011618066 | CK15: =IFERROR(+CJ15*CI15,"0") -> 0 | CL15: 0.16716267 | CM15: =IFERROR(+CK15*CL15,"") -> 0 | CN15: =IFERROR(+(IF(CK15="","0",CK15))-(IF(CM15="","0",CM15)),"") -> 0 | CS15: =CS14+1 -> 2 | CT15: Tanaman Hortikultura Semusim | CV15: =1.16180660667508/100 -> 0.011618066 | CW15: =IFERROR(+CV15*CU15,"0") -> 0 | CX15: 0.16716267 | CY15: =IFERROR(+CW15*CX15,"") -> 0 | CZ15: =IFERROR(+(IF(CW15="","0",CW15))-(IF(CY15="","0",CY15)),"") -> 0 | DE15: =DE14+1 -> 2 | DF15: Tanaman Hortikultura Semusim | DH15: =1.16180660667508/100 -> 0.011618066 | DI15: =IFERROR(+DH15*DG15,"0") -> 0 | DJ15: 0.16716267 | DK15: =IFERROR(+DI15*DJ15,"") -> 0 | DL15: =IFERROR(+(IF(DI15="","0",DI15))-(IF(DK15="","0",DK15)),"") -> 0 | DQ15: =DQ14+1 -> 2 | DR15: Tanaman Hortikultura Semusim | DT15: =1.16180660667508/100 -> 0.011618066 | DU15: =IFERROR(+DT15*DS15,"0") -> 0 | DV15: 0.16716267 | DW15: =IFERROR(+DU15*DV15,"") -> 0 | DX15: =IFERROR(+(IF(DU15="","0",DU15))-(IF(DW15="","0",DW15)),"") -> 0 | EC15: =EC14+1 -> 2 | ED15: Tanaman Hortikultura Semusim | EF15: =1.16180660667508/100 -> 0.011618066 | EG15: =IFERROR(+EF15*EE15,"0") -> 0 | EH15: 0.16716267 | EI15: =IFERROR(+EG15*EH15,"") -> 0 | EJ15: =IFERROR(+(IF(EG15="","0",EG15))-(IF(EI15="","0",EI15)),"") -> 0 | EO15: =EO14+1 -> 2 | EP15: Tanaman Hortikultura Semusim | ER15: =1.16180660667508/100 -> 0.011618066 | ES15: =IFERROR(+ER15*EQ15,"0") -> 0 | ET15: 0.16716267 | EU15: =IFERROR(+ES15*ET15,"") -> 0 | EV15: =IFERROR(+(IF(ES15="","0",ES15))-(IF(EU15="","0",EU15)),"") -> 0 | FA15: =FA14+1 -> 2 | FB15: Tanaman Hortikultura Semusim | FD15: =1.16180660667508/100 -> 0.011618066 | FE15: =IFERROR(+FD15*FC15,"0") -> 0 | FF15: 0.16716267 | FG15: =IFERROR(+FE15*FF15,"") -> 0 | FH15: =IFERROR(+(IF(FE15="","0",FE15))-(IF(FG15="","0",FG15)),"") -> 0 | FM15: =FM14+1 -> 2 | FN15: Tanaman Hortikultura Semusim | FP15: =1.16180660667508/100 -> 0.011618066 | FQ15: =IFERROR(+FP15*FO15,"0") -> 0 | FR15: 0.16716267 | FS15: =IFERROR(+FQ15*FR15,"") -> 0 | FT15: =IFERROR(+(IF(FQ15="","0",FQ15))-(IF(FS15="","0",FS15)),"") -> 0 | FY15: =FY14+1 -> 2 | FZ15: Tanaman Hortikultura Semusim | GB15: =1.16180660667508/100 -> 0.011618066 | GC15: =IFERROR(+GB15*GA15,"0") -> 0 | GD15: 0.16716267 | GE15: =IFERROR(+GC15*GD15,"") -> 0 | GF15: =IFERROR(+(IF(GC15="","0",GC15))-(IF(GE15="","0",GE15)),"") -> 0 | GK15: =GK14+1 -> 2 | GL15: Tanaman Hortikultura Semusim | GN15: =1.16180660667508/100 -> 0.011618066 | GO15: =IFERROR(+GN15*GM15,"0") -> 0 | GP15: 0.16716267 | GQ15: =IFERROR(+GO15*GP15,"") -> 0 | GR15: =IFERROR(+(IF(GO15="","0",GO15))-(IF(GQ15="","0",GQ15)),"") -> 0 | GW15: =GW14+1 -> 2 | GX15: Tanaman Hortikultura Semusim | GZ15: =1.16180660667508/100 -> 0.011618066 | HA15: =IFERROR(+GZ15*GY15,"0") -> 0 | HB15: 0.16716267 | HC15: =IFERROR(+HA15*HB15,"") -> 0 | HD15: =IFERROR(+(IF(HA15="","0",HA15))-(IF(HC15="","0",HC15)),"") -> 0
A16: =A15+1 -> 3 | B16: Perkebunan Semusim | D16: =1.16180660667508/100 -> 0.011618066 | E16: =IFERROR(+D16*C16,"0") -> 0 | F16: 0.16716267 | G16: =IFERROR(+E16*F16,"") -> 0 | H16: =IFERROR(+(IF(E16="","0",E16))-(IF(G16="","0",G16)),"") -> 0 | M16: =M15+1 -> 3 | N16: Perkebunan Semusim | P16: =1.16180660667508/100 -> 0.011618066 | Q16: =IFERROR(+P16*O16,"0") -> 0 | R16: 0.16716267 | S16: =IFERROR(+Q16*R16,"") -> 0 | T16: =IFERROR(+(IF(Q16="","0",Q16))-(IF(S16="","0",S16)),"") -> 0 | Y16: =Y15+1 -> 3 | Z16: Perkebunan Semusim | AB16: =1.16180660667508/100 -> 0.011618066 | AC16: =IFERROR(+AB16*AA16,"0") -> 0 | AD16: 0.16716267 | AE16: =IFERROR(+AC16*AD16,"") -> 0 | AF16: =IFERROR(+(IF(AC16="","0",AC16))-(IF(AE16="","0",AE16)),"") -> 0 | AK16: =AK15+1 -> 3 | AL16: Perkebunan Semusim | AN16: =1.16180660667508/100 -> 0.011618066 | AO16: =IFERROR(+AN16*AM16,"0") -> 0 | AP16: 0.16716267 | AQ16: =IFERROR(+AO16*AP16,"") -> 0 | AR16: =IFERROR(+(IF(AO16="","0",AO16))-(IF(AQ16="","0",AQ16)),"") -> 0 | AW16: =AW15+1 -> 3 | AX16: Perkebunan Semusim | AZ16: =1.16180660667508/100 -> 0.011618066 | BA16: =IFERROR(+AZ16*AY16,"0") -> 0 | BB16: 0.16716267 | BC16: =IFERROR(+BA16*BB16,"") -> 0 | BD16: =IFERROR(+(IF(BA16="","0",BA16))-(IF(BC16="","0",BC16)),"") -> 0 | BI16: =BI15+1 -> 3 | BJ16: Perkebunan Semusim | BL16: =1.16180660667508/100 -> 0.011618066 | BM16: =IFERROR(+BL16*BK16,"0") -> 0 | BN16: 0.16716267 | BO16: =IFERROR(+BM16*BN16,"") -> 0 | BP16: =IFERROR(+(IF(BM16="","0",BM16))-(IF(BO16="","0",BO16)),"") -> 0 | BU16: =BU15+1 -> 3 | BV16: Perkebunan Semusim | BX16: =1.16180660667508/100 -> 0.011618066 | BY16: =IFERROR(+BX16*BW16,"0") -> 0 | BZ16: 0.16716267 | CA16: =IFERROR(+BY16*BZ16,"") -> 0 | CB16: =IFERROR(+(IF(BY16="","0",BY16))-(IF(CA16="","0",CA16)),"") -> 0 | CG16: =CG15+1 -> 3 | CH16: Perkebunan Semusim | CJ16: =1.16180660667508/100 -> 0.011618066 | CK16: =IFERROR(+CJ16*CI16,"0") -> 0 | CL16: 0.16716267 | CM16: =IFERROR(+CK16*CL16,"") -> 0 | CN16: =IFERROR(+(IF(CK16="","0",CK16))-(IF(CM16="","0",CM16)),"") -> 0 | CS16: =CS15+1 -> 3 | CT16: Perkebunan Semusim | CV16: =1.16180660667508/100 -> 0.011618066 | CW16: =IFERROR(+CV16*CU16,"0") -> 0 | CX16: 0.16716267 | CY16: =IFERROR(+CW16*CX16,"") -> 0 | CZ16: =IFERROR(+(IF(CW16="","0",CW16))-(IF(CY16="","0",CY16)),"") -> 0 | DE16: =DE15+1 -> 3 | DF16: Perkebunan Semusim | DH16: =1.16180660667508/100 -> 0.011618066 | DI16: =IFERROR(+DH16*DG16,"0") -> 0 | DJ16: 0.16716267 | DK16: =IFERROR(+DI16*DJ16,"") -> 0 | DL16: =IFERROR(+(IF(DI16="","0",DI16))-(IF(DK16="","0",DK16)),"") -> 0 | DQ16: =DQ15+1 -> 3 | DR16: Perkebunan Semusim | DT16: =1.16180660667508/100 -> 0.011618066 | DU16: =IFERROR(+DT16*DS16,"0") -> 0 | DV16: 0.16716267 | DW16: =IFERROR(+DU16*DV16,"") -> 0 | DX16: =IFERROR(+(IF(DU16="","0",DU16))-(IF(DW16="","0",DW16)),"") -> 0 | EC16: =EC15+1 -> 3 | ED16: Perkebunan Semusim | EF16: =1.16180660667508/100 -> 0.011618066 | EG16: =IFERROR(+EF16*EE16,"0") -> 0 | EH16: 0.16716267 | EI16: =IFERROR(+EG16*EH16,"") -> 0 | EJ16: =IFERROR(+(IF(EG16="","0",EG16))-(IF(EI16="","0",EI16)),"") -> 0 | EO16: =EO15+1 -> 3 | EP16: Perkebunan Semusim | ER16: =1.16180660667508/100 -> 0.011618066 | ES16: =IFERROR(+ER16*EQ16,"0") -> 0 | ET16: 0.16716267 | EU16: =IFERROR(+ES16*ET16,"") -> 0 | EV16: =IFERROR(+(IF(ES16="","0",ES16))-(IF(EU16="","0",EU16)),"") -> 0 | FA16: =FA15+1 -> 3 | FB16: Perkebunan Semusim | FD16: =1.16180660667508/100 -> 0.011618066 | FE16: =IFERROR(+FD16*FC16,"0") -> 0 | FF16: 0.16716267 | FG16: =IFERROR(+FE16*FF16,"") -> 0 | FH16: =IFERROR(+(IF(FE16="","0",FE16))-(IF(FG16="","0",FG16)),"") -> 0 | FM16: =FM15+1 -> 3 | FN16: Perkebunan Semusim | FP16: =1.16180660667508/100 -> 0.011618066 | FQ16: =IFERROR(+FP16*FO16,"0") -> 0 | FR16: 0.16716267 | FS16: =IFERROR(+FQ16*FR16,"") -> 0 | FT16: =IFERROR(+(IF(FQ16="","0",FQ16))-(IF(FS16="","0",FS16)),"") -> 0 | FY16: =FY15+1 -> 3 | FZ16: Perkebunan Semusim | GB16: =1.16180660667508/100 -> 0.011618066 | GC16: =IFERROR(+GB16*GA16,"0") -> 0 | GD16: 0.16716267 | GE16: =IFERROR(+GC16*GD16,"") -> 0 | GF16: =IFERROR(+(IF(GC16="","0",GC16))-(IF(GE16="","0",GE16)),"") -> 0 | GK16: =GK15+1 -> 3 | GL16: Perkebunan Semusim | GN16: =1.16180660667508/100 -> 0.011618066 | GO16: =IFERROR(+GN16*GM16,"0") -> 0 | GP16: 0.16716267 | GQ16: =IFERROR(+GO16*GP16,"") -> 0 | GR16: =IFERROR(+(IF(GO16="","0",GO16))-(IF(GQ16="","0",GQ16)),"") -> 0 | GW16: =GW15+1 -> 3 | GX16: Perkebunan Semusim | GZ16: =1.16180660667508/100 -> 0.011618066 | HA16: =IFERROR(+GZ16*GY16,"0") -> 0 | HB16: 0.16716267 | HC16: =IFERROR(+HA16*HB16,"") -> 0 | HD16: =IFERROR(+(IF(HA16="","0",HA16))-(IF(HC16="","0",HC16)),"") -> 0
A17: =A16+1 -> 4 | B17: Tanaman Hortikultura Tahunan & Lainnya | D17: =1.16180660667508/100 -> 0.011618066 | E17: =IFERROR(+D17*C17,"0") -> 0 | F17: 0.16716267 | G17: =IFERROR(+E17*F17,"") -> 0 | H17: =IFERROR(+(IF(E17="","0",E17))-(IF(G17="","0",G17)),"") -> 0 | M17: =M16+1 -> 4 | N17: Tanaman Hortikultura Tahunan & Lainnya | P17: =1.16180660667508/100 -> 0.011618066 | Q17: =IFERROR(+P17*O17,"0") -> 0 | R17: 0.16716267 | S17: =IFERROR(+Q17*R17,"") -> 0 | T17: =IFERROR(+(IF(Q17="","0",Q17))-(IF(S17="","0",S17)),"") -> 0 | Y17: =Y16+1 -> 4 | Z17: Tanaman Hortikultura Tahunan & Lainnya | AB17: =1.16180660667508/100 -> 0.011618066 | AC17: =IFERROR(+AB17*AA17,"0") -> 0 | AD17: 0.16716267 | AE17: =IFERROR(+AC17*AD17,"") -> 0 | AF17: =IFERROR(+(IF(AC17="","0",AC17))-(IF(AE17="","0",AE17)),"") -> 0 | AK17: =AK16+1 -> 4 | AL17: Tanaman Hortikultura Tahunan & Lainnya | AN17: =1.16180660667508/100 -> 0.011618066 | AO17: =IFERROR(+AN17*AM17,"0") -> 0 | AP17: 0.16716267 | AQ17: =IFERROR(+AO17*AP17,"") -> 0 | AR17: =IFERROR(+(IF(AO17="","0",AO17))-(IF(AQ17="","0",AQ17)),"") -> 0 | AW17: =AW16+1 -> 4 | AX17: Tanaman Hortikultura Tahunan & Lainnya | AZ17: =1.16180660667508/100 -> 0.011618066 | BA17: =IFERROR(+AZ17*AY17,"0") -> 0 | BB17: 0.16716267 | BC17: =IFERROR(+BA17*BB17,"") -> 0 | BD17: =IFERROR(+(IF(BA17="","0",BA17))-(IF(BC17="","0",BC17)),"") -> 0 | BI17: =BI16+1 -> 4 | BJ17: Tanaman Hortikultura Tahunan & Lainnya | BL17: =1.16180660667508/100 -> 0.011618066 | BM17: =IFERROR(+BL17*BK17,"0") -> 0 | BN17: 0.16716267 | BO17: =IFERROR(+BM17*BN17,"") -> 0 | BP17: =IFERROR(+(IF(BM17="","0",BM17))-(IF(BO17="","0",BO17)),"") -> 0 | BU17: =BU16+1 -> 4 | BV17: Tanaman Hortikultura Tahunan & Lainnya | BX17: =1.16180660667508/100 -> 0.011618066 | BY17: =IFERROR(+BX17*BW17,"0") -> 0 | BZ17: 0.16716267 | CA17: =IFERROR(+BY17*BZ17,"") -> 0 | CB17: =IFERROR(+(IF(BY17="","0",BY17))-(IF(CA17="","0",CA17)),"") -> 0 | CG17: =CG16+1 -> 4 | CH17: Tanaman Hortikultura Tahunan & Lainnya | CJ17: =1.16180660667508/100 -> 0.011618066 | CK17: =IFERROR(+CJ17*CI17,"0") -> 0 | CL17: 0.16716267 | CM17: =IFERROR(+CK17*CL17,"") -> 0 | CN17: =IFERROR(+(IF(CK17="","0",CK17))-(IF(CM17="","0",CM17)),"") -> 0 | CS17: =CS16+1 -> 4 | CT17: Tanaman Hortikultura Tahunan & Lainnya | CV17: =1.16180660667508/100 -> 0.011618066 | CW17: =IFERROR(+CV17*CU17,"0") -> 0 | CX17: 0.16716267 | CY17: =IFERROR(+CW17*CX17,"") -> 0 | CZ17: =IFERROR(+(IF(CW17="","0",CW17))-(IF(CY17="","0",CY17)),"") -> 0 | DE17: =DE16+1 -> 4 | DF17: Tanaman Hortikultura Tahunan & Lainnya | DH17: =1.16180660667508/100 -> 0.011618066 | DI17: =IFERROR(+DH17*DG17,"0") -> 0 | DJ17: 0.16716267 | DK17: =IFERROR(+DI17*DJ17,"") -> 0 | DL17: =IFERROR(+(IF(DI17="","0",DI17))-(IF(DK17="","0",DK17)),"") -> 0 | DQ17: =DQ16+1 -> 4 | DR17: Tanaman Hortikultura Tahunan & Lainnya | DT17: =1.16180660667508/100 -> 0.011618066 | DU17: =IFERROR(+DT17*DS17,"0") -> 0 | DV17: 0.16716267 | DW17: =IFERROR(+DU17*DV17,"") -> 0 | DX17: =IFERROR(+(IF(DU17="","0",DU17))-(IF(DW17="","0",DW17)),"") -> 0 | EC17: =EC16+1 -> 4 | ED17: Tanaman Hortikultura Tahunan & Lainnya | EF17: =1.16180660667508/100 -> 0.011618066 | EG17: =IFERROR(+EF17*EE17,"0") -> 0 | EH17: 0.16716267 | EI17: =IFERROR(+EG17*EH17,"") -> 0 | EJ17: =IFERROR(+(IF(EG17="","0",EG17))-(IF(EI17="","0",EI17)),"") -> 0 | EO17: =EO16+1 -> 4 | EP17: Tanaman Hortikultura Tahunan & Lainnya | ER17: =1.16180660667508/100 -> 0.011618066 | ES17: =IFERROR(+ER17*EQ17,"0") -> 0 | ET17: 0.16716267 | EU17: =IFERROR(+ES17*ET17,"") -> 0 | EV17: =IFERROR(+(IF(ES17="","0",ES17))-(IF(EU17="","0",EU17)),"") -> 0 | FA17: =FA16+1 -> 4 | FB17: Tanaman Hortikultura Tahunan & Lainnya | FD17: =1.16180660667508/100 -> 0.011618066 | FE17: =IFERROR(+FD17*FC17,"0") -> 0 | FF17: 0.16716267 | FG17: =IFERROR(+FE17*FF17,"") -> 0 | FH17: =IFERROR(+(IF(FE17="","0",FE17))-(IF(FG17="","0",FG17)),"") -> 0 | FM17: =FM16+1 -> 4 | FN17: Tanaman Hortikultura Tahunan & Lainnya | FP17: =1.16180660667508/100 -> 0.011618066 | FQ17: =IFERROR(+FP17*FO17,"0") -> 0 | FR17: 0.16716267 | FS17: =IFERROR(+FQ17*FR17,"") -> 0 | FT17: =IFERROR(+(IF(FQ17="","0",FQ17))-(IF(FS17="","0",FS17)),"") -> 0 | FY17: =FY16+1 -> 4 | FZ17: Tanaman Hortikultura Tahunan & Lainnya | GB17: =1.16180660667508/100 -> 0.011618066 | GC17: =IFERROR(+GB17*GA17,"0") -> 0 | GD17: 0.16716267 | GE17: =IFERROR(+GC17*GD17,"") -> 0 | GF17: =IFERROR(+(IF(GC17="","0",GC17))-(IF(GE17="","0",GE17)),"") -> 0 | GK17: =GK16+1 -> 4 | GL17: Tanaman Hortikultura Tahunan & Lainnya | GN17: =1.16180660667508/100 -> 0.011618066 | GO17: =IFERROR(+GN17*GM17,"0") -> 0 | GP17: 0.16716267 | GQ17: =IFERROR(+GO17*GP17,"") -> 0 | GR17: =IFERROR(+(IF(GO17="","0",GO17))-(IF(GQ17="","0",GQ17)),"") -> 0 | GW17: =GW16+1 -> 4 | GX17: Tanaman Hortikultura Tahunan & Lainnya | GZ17: =1.16180660667508/100 -> 0.011618066 | HA17: =IFERROR(+GZ17*GY17,"0") -> 0 | HB17: 0.16716267 | HC17: =IFERROR(+HA17*HB17,"") -> 0 | HD17: =IFERROR(+(IF(HA17="","0",HA17))-(IF(HC17="","0",HC17)),"") -> 0
A18: =A17+1 -> 5 | B18: Perkebunan Tahunan | D18: =1.16180660667508/100 -> 0.011618066 | E18: =IFERROR(+D18*C18,"0") -> 0 | F18: 0.16716267 | G18: =IFERROR(+E18*F18,"") -> 0 | H18: =IFERROR(+(IF(E18="","0",E18))-(IF(G18="","0",G18)),"") -> 0 | M18: =M17+1 -> 5 | N18: Perkebunan Tahunan | P18: =1.16180660667508/100 -> 0.011618066 | Q18: =IFERROR(+P18*O18,"0") -> 0 | R18: 0.16716267 | S18: =IFERROR(+Q18*R18,"") -> 0 | T18: =IFERROR(+(IF(Q18="","0",Q18))-(IF(S18="","0",S18)),"") -> 0 | Y18: =Y17+1 -> 5 | Z18: Perkebunan Tahunan | AB18: =1.16180660667508/100 -> 0.011618066 | AC18: =IFERROR(+AB18*AA18,"0") -> 0 | AD18: 0.16716267 | AE18: =IFERROR(+AC18*AD18,"") -> 0 | AF18: =IFERROR(+(IF(AC18="","0",AC18))-(IF(AE18="","0",AE18)),"") -> 0 | AK18: =AK17+1 -> 5 | AL18: Perkebunan Tahunan | AN18: =1.16180660667508/100 -> 0.011618066 | AO18: =IFERROR(+AN18*AM18,"0") -> 0 | AP18: 0.16716267 | AQ18: =IFERROR(+AO18*AP18,"") -> 0 | AR18: =IFERROR(+(IF(AO18="","0",AO18))-(IF(AQ18="","0",AQ18)),"") -> 0 | AW18: =AW17+1 -> 5 | AX18: Perkebunan Tahunan | AZ18: =1.16180660667508/100 -> 0.011618066 | BA18: =IFERROR(+AZ18*AY18,"0") -> 0 | BB18: 0.16716267 | BC18: =IFERROR(+BA18*BB18,"") -> 0 | BD18: =IFERROR(+(IF(BA18="","0",BA18))-(IF(BC18="","0",BC18)),"") -> 0 | BI18: =BI17+1 -> 5 | BJ18: Perkebunan Tahunan | BL18: =1.16180660667508/100 -> 0.011618066 | BM18: =IFERROR(+BL18*BK18,"0") -> 0 | BN18: 0.16716267 | BO18: =IFERROR(+BM18*BN18,"") -> 0 | BP18: =IFERROR(+(IF(BM18="","0",BM18))-(IF(BO18="","0",BO18)),"") -> 0 | BU18: =BU17+1 -> 5 | BV18: Perkebunan Tahunan | BX18: =1.16180660667508/100 -> 0.011618066 | BY18: =IFERROR(+BX18*BW18,"0") -> 0 | BZ18: 0.16716267 | CA18: =IFERROR(+BY18*BZ18,"") -> 0 | CB18: =IFERROR(+(IF(BY18="","0",BY18))-(IF(CA18="","0",CA18)),"") -> 0 | CG18: =CG17+1 -> 5 | CH18: Perkebunan Tahunan | CJ18: =1.16180660667508/100 -> 0.011618066 | CK18: =IFERROR(+CJ18*CI18,"0") -> 0 | CL18: 0.16716267 | CM18: =IFERROR(+CK18*CL18,"") -> 0 | CN18: =IFERROR(+(IF(CK18="","0",CK18))-(IF(CM18="","0",CM18)),"") -> 0 | CS18: =CS17+1 -> 5 | CT18: Perkebunan Tahunan | CV18: =1.16180660667508/100 -> 0.011618066 | CW18: =IFERROR(+CV18*CU18,"0") -> 0 | CX18: 0.16716267 | CY18: =IFERROR(+CW18*CX18,"") -> 0 | CZ18: =IFERROR(+(IF(CW18="","0",CW18))-(IF(CY18="","0",CY18)),"") -> 0 | DE18: =DE17+1 -> 5 | DF18: Perkebunan Tahunan | DH18: =1.16180660667508/100 -> 0.011618066 | DI18: =IFERROR(+DH18*DG18,"0") -> 0 | DJ18: 0.16716267 | DK18: =IFERROR(+DI18*DJ18,"") -> 0 | DL18: =IFERROR(+(IF(DI18="","0",DI18))-(IF(DK18="","0",DK18)),"") -> 0 | DQ18: =DQ17+1 -> 5 | DR18: Perkebunan Tahunan | DT18: =1.16180660667508/100 -> 0.011618066 | DU18: =IFERROR(+DT18*DS18,"0") -> 0 | DV18: 0.16716267 | DW18: =IFERROR(+DU18*DV18,"") -> 0 | DX18: =IFERROR(+(IF(DU18="","0",DU18))-(IF(DW18="","0",DW18)),"") -> 0 | EC18: =EC17+1 -> 5 | ED18: Perkebunan Tahunan | EF18: =1.16180660667508/100 -> 0.011618066 | EG18: =IFERROR(+EF18*EE18,"0") -> 0 | EH18: 0.16716267 | EI18: =IFERROR(+EG18*EH18,"") -> 0 | EJ18: =IFERROR(+(IF(EG18="","0",EG18))-(IF(EI18="","0",EI18)),"") -> 0 | EO18: =EO17+1 -> 5 | EP18: Perkebunan Tahunan | ER18: =1.16180660667508/100 -> 0.011618066 | ES18: =IFERROR(+ER18*EQ18,"0") -> 0 | ET18: 0.16716267 | EU18: =IFERROR(+ES18*ET18,"") -> 0 | EV18: =IFERROR(+(IF(ES18="","0",ES18))-(IF(EU18="","0",EU18)),"") -> 0 | FA18: =FA17+1 -> 5 | FB18: Perkebunan Tahunan | FD18: =1.16180660667508/100 -> 0.011618066 | FE18: =IFERROR(+FD18*FC18,"0") -> 0 | FF18: 0.16716267 | FG18: =IFERROR(+FE18*FF18,"") -> 0 | FH18: =IFERROR(+(IF(FE18="","0",FE18))-(IF(FG18="","0",FG18)),"") -> 0 | FM18: =FM17+1 -> 5 | FN18: Perkebunan Tahunan | FP18: =1.16180660667508/100 -> 0.011618066 | FQ18: =IFERROR(+FP18*FO18,"0") -> 0 | FR18: 0.16716267 | FS18: =IFERROR(+FQ18*FR18,"") -> 0 | FT18: =IFERROR(+(IF(FQ18="","0",FQ18))-(IF(FS18="","0",FS18)),"") -> 0 | FY18: =FY17+1 -> 5 | FZ18: Perkebunan Tahunan | GB18: =1.16180660667508/100 -> 0.011618066 | GC18: =IFERROR(+GB18*GA18,"0") -> 0 | GD18: 0.16716267 | GE18: =IFERROR(+GC18*GD18,"") -> 0 | GF18: =IFERROR(+(IF(GC18="","0",GC18))-(IF(GE18="","0",GE18)),"") -> 0 | GK18: =GK17+1 -> 5 | GL18: Perkebunan Tahunan | GN18: =1.16180660667508/100 -> 0.011618066 | GO18: =IFERROR(+GN18*GM18,"0") -> 0 | GP18: 0.16716267 | GQ18: =IFERROR(+GO18*GP18,"") -> 0 | GR18: =IFERROR(+(IF(GO18="","0",GO18))-(IF(GQ18="","0",GQ18)),"") -> 0 | GW18: =GW17+1 -> 5 | GX18: Perkebunan Tahunan | GZ18: =1.16180660667508/100 -> 0.011618066 | HA18: =IFERROR(+GZ18*GY18,"0") -> 0 | HB18: 0.16716267 | HC18: =IFERROR(+HA18*HB18,"") -> 0 | HD18: =IFERROR(+(IF(HA18="","0",HA18))-(IF(HC18="","0",HC18)),"") -> 0
A19: =A18+1 -> 6 | B19: Peternakan | D19: =1.16180660667508/100 -> 0.011618066 | E19: =IFERROR(+D19*C19,"0") -> 0 | F19: 0.16716267 | G19: =IFERROR(+E19*F19,"") -> 0 | H19: =IFERROR(+(IF(E19="","0",E19))-(IF(G19="","0",G19)),"") -> 0 | M19: =M18+1 -> 6 | N19: Peternakan | P19: =1.16180660667508/100 -> 0.011618066 | Q19: =IFERROR(+P19*O19,"0") -> 0 | R19: 0.16716267 | S19: =IFERROR(+Q19*R19,"") -> 0 | T19: =IFERROR(+(IF(Q19="","0",Q19))-(IF(S19="","0",S19)),"") -> 0 | Y19: =Y18+1 -> 6 | Z19: Peternakan | AB19: =1.16180660667508/100 -> 0.011618066 | AC19: =IFERROR(+AB19*AA19,"0") -> 0 | AD19: 0.16716267 | AE19: =IFERROR(+AC19*AD19,"") -> 0 | AF19: =IFERROR(+(IF(AC19="","0",AC19))-(IF(AE19="","0",AE19)),"") -> 0 | AK19: =AK18+1 -> 6 | AL19: Peternakan | AN19: =1.16180660667508/100 -> 0.011618066 | AO19: =IFERROR(+AN19*AM19,"0") -> 0 | AP19: 0.16716267 | AQ19: =IFERROR(+AO19*AP19,"") -> 0 | AR19: =IFERROR(+(IF(AO19="","0",AO19))-(IF(AQ19="","0",AQ19)),"") -> 0 | AW19: =AW18+1 -> 6 | AX19: Peternakan | AZ19: =1.16180660667508/100 -> 0.011618066 | BA19: =IFERROR(+AZ19*AY19,"0") -> 0 | BB19: 0.16716267 | BC19: =IFERROR(+BA19*BB19,"") -> 0 | BD19: =IFERROR(+(IF(BA19="","0",BA19))-(IF(BC19="","0",BC19)),"") -> 0 | BI19: =BI18+1 -> 6 | BJ19: Peternakan | BL19: =1.16180660667508/100 -> 0.011618066 | BM19: =IFERROR(+BL19*BK19,"0") -> 0 | BN19: 0.16716267 | BO19: =IFERROR(+BM19*BN19,"") -> 0 | BP19: =IFERROR(+(IF(BM19="","0",BM19))-(IF(BO19="","0",BO19)),"") -> 0 | BU19: =BU18+1 -> 6 | BV19: Peternakan | BX19: =1.16180660667508/100 -> 0.011618066 | BY19: =IFERROR(+BX19*BW19,"0") -> 0 | BZ19: 0.16716267 | CA19: =IFERROR(+BY19*BZ19,"") -> 0 | CB19: =IFERROR(+(IF(BY19="","0",BY19))-(IF(CA19="","0",CA19)),"") -> 0 | CG19: =CG18+1 -> 6 | CH19: Peternakan | CJ19: =1.16180660667508/100 -> 0.011618066 | CK19: =IFERROR(+CJ19*CI19,"0") -> 0 | CL19: 0.16716267 | CM19: =IFERROR(+CK19*CL19,"") -> 0 | CN19: =IFERROR(+(IF(CK19="","0",CK19))-(IF(CM19="","0",CM19)),"") -> 0 | CS19: =CS18+1 -> 6 | CT19: Peternakan | CV19: =1.16180660667508/100 -> 0.011618066 | CW19: =IFERROR(+CV19*CU19,"0") -> 0 | CX19: 0.16716267 | CY19: =IFERROR(+CW19*CX19,"") -> 0 | CZ19: =IFERROR(+(IF(CW19="","0",CW19))-(IF(CY19="","0",CY19)),"") -> 0 | DE19: =DE18+1 -> 6 | DF19: Peternakan | DH19: =1.16180660667508/100 -> 0.011618066 | DI19: =IFERROR(+DH19*DG19,"0") -> 0 | DJ19: 0.16716267 | DK19: =IFERROR(+DI19*DJ19,"") -> 0 | DL19: =IFERROR(+(IF(DI19="","0",DI19))-(IF(DK19="","0",DK19)),"") -> 0 | DQ19: =DQ18+1 -> 6 | DR19: Peternakan | DT19: =1.16180660667508/100 -> 0.011618066 | DU19: =IFERROR(+DT19*DS19,"0") -> 0 | DV19: 0.16716267 | DW19: =IFERROR(+DU19*DV19,"") -> 0 | DX19: =IFERROR(+(IF(DU19="","0",DU19))-(IF(DW19="","0",DW19)),"") -> 0 | EC19: =EC18+1 -> 6 | ED19: Peternakan | EF19: =1.16180660667508/100 -> 0.011618066 | EG19: =IFERROR(+EF19*EE19,"0") -> 0 | EH19: 0.16716267 | EI19: =IFERROR(+EG19*EH19,"") -> 0 | EJ19: =IFERROR(+(IF(EG19="","0",EG19))-(IF(EI19="","0",EI19)),"") -> 0 | EO19: =EO18+1 -> 6 | EP19: Peternakan | ER19: =1.16180660667508/100 -> 0.011618066 | ES19: =IFERROR(+ER19*EQ19,"0") -> 0 | ET19: 0.16716267 | EU19: =IFERROR(+ES19*ET19,"") -> 0 | EV19: =IFERROR(+(IF(ES19="","0",ES19))-(IF(EU19="","0",EU19)),"") -> 0 | FA19: =FA18+1 -> 6 | FB19: Peternakan | FD19: =1.16180660667508/100 -> 0.011618066 | FE19: =IFERROR(+FD19*FC19,"0") -> 0 | FF19: 0.16716267 | FG19: =IFERROR(+FE19*FF19,"") -> 0 | FH19: =IFERROR(+(IF(FE19="","0",FE19))-(IF(FG19="","0",FG19)),"") -> 0 | FM19: =FM18+1 -> 6 | FN19: Peternakan | FP19: =1.16180660667508/100 -> 0.011618066 | FQ19: =IFERROR(+FP19*FO19,"0") -> 0 | FR19: 0.16716267 | FS19: =IFERROR(+FQ19*FR19,"") -> 0 | FT19: =IFERROR(+(IF(FQ19="","0",FQ19))-(IF(FS19="","0",FS19)),"") -> 0 | FY19: =FY18+1 -> 6 | FZ19: Peternakan | GB19: =1.16180660667508/100 -> 0.011618066 | GC19: =IFERROR(+GB19*GA19,"0") -> 0 | GD19: 0.16716267 | GE19: =IFERROR(+GC19*GD19,"") -> 0 | GF19: =IFERROR(+(IF(GC19="","0",GC19))-(IF(GE19="","0",GE19)),"") -> 0 | GK19: =GK18+1 -> 6 | GL19: Peternakan | GN19: =1.16180660667508/100 -> 0.011618066 | GO19: =IFERROR(+GN19*GM19,"0") -> 0 | GP19: 0.16716267 | GQ19: =IFERROR(+GO19*GP19,"") -> 0 | GR19: =IFERROR(+(IF(GO19="","0",GO19))-(IF(GQ19="","0",GQ19)),"") -> 0 | GW19: =GW18+1 -> 6 | GX19: Peternakan | GZ19: =1.16180660667508/100 -> 0.011618066 | HA19: =IFERROR(+GZ19*GY19,"0") -> 0 | HB19: 0.16716267 | HC19: =IFERROR(+HA19*HB19,"") -> 0 | HD19: =IFERROR(+(IF(HA19="","0",HA19))-(IF(HC19="","0",HC19)),"") -> 0
A21: Sub Jumlah | C21: =SUM(C14:C20) -> 0 | E21: =SUM(E14:E20) -> 0 | G21: =SUM(G14:G20) -> 0 | H21: =SUM(H14:H20) -> 0 | M21: Sub Jumlah | O21: =SUM(O14:O20) -> 0 | Q21: =SUM(Q14:Q20) -> 0 | S21: =SUM(S14:S20) -> 0 | T21: =SUM(T14:T20) -> 0 | Y21: Sub Jumlah | AA21: =SUM(AA14:AA20) -> 0 | AC21: =SUM(AC14:AC20) -> 0 | AE21: =SUM(AE14:AE20) -> 0 | AF21: =SUM(AF14:AF20) -> 0 | AK21: Sub Jumlah | AM21: =SUM(AM14:AM20) -> 0 | AO21: =SUM(AO14:AO20) -> 0 | AQ21: =SUM(AQ14:AQ20) -> 0 | AR21: =SUM(AR14:AR20) -> 0 | AW21: Sub Jumlah | AY21: =SUM(AY14:AY20) -> 0 | BA21: =SUM(BA14:BA20) -> 0 | BC21: =SUM(BC14:BC20) -> 0 | BD21: =SUM(BD14:BD20) -> 0 | BI21: Sub Jumlah | BK21: =SUM(BK14:BK20) -> 0 | BM21: =SUM(BM14:BM20) -> 0 | BO21: =SUM(BO14:BO20) -> 0 | BP21: =SUM(BP14:BP20) -> 0 | BU21: Sub Jumlah | BW21: =SUM(BW14:BW20) -> 0 | BY21: =SUM(BY14:BY20) -> 0 | CA21: =SUM(CA14:CA20) -> 0 | CB21: =SUM(CB14:CB20) -> 0 | CG21: Sub Jumlah | CI21: =SUM(CI14:CI20) -> 0 | CK21: =SUM(CK14:CK20) -> 0 | CM21: =SUM(CM14:CM20) -> 0 | CN21: =SUM(CN14:CN20) -> 0 | CS21: Sub Jumlah | CU21: =SUM(CU14:CU20) -> 0 | CW21: =SUM(CW14:CW20) -> 0 | CY21: =SUM(CY14:CY20) -> 0 | CZ21: =SUM(CZ14:CZ20) -> 0 | DE21: Sub Jumlah | DG21: =SUM(DG14:DG20) -> 0 | DI21: =SUM(DI14:DI20) -> 0 | DK21: =SUM(DK14:DK20) -> 0 | DL21: =SUM(DL14:DL20) -> 0 | DQ21: Sub Jumlah | DS21: =SUM(DS14:DS20) -> 0 | DU21: =SUM(DU14:DU20) -> 0 | DW21: =SUM(DW14:DW20) -> 0 | DX21: =SUM(DX14:DX20) -> 0 | EC21: Sub Jumlah | EE21: =SUM(EE14:EE20) -> 0 | EG21: =SUM(EG14:EG20) -> 0 | EI21: =SUM(EI14:EI20) -> 0 | EJ21: =SUM(EJ14:EJ20) -> 0 | EO21: Sub Jumlah | EQ21: =SUM(EQ14:EQ20) -> 0 | ES21: =SUM(ES14:ES20) -> 0 | EU21: =SUM(EU14:EU20) -> 0 | EV21: =SUM(EV14:EV20) -> 0 | FA21: Sub Jumlah | FC21: =SUM(FC14:FC20) -> 0 | FE21: =SUM(FE14:FE20) -> 0 | FG21: =SUM(FG14:FG20) -> 0 | FH21: =SUM(FH14:FH20) -> 0 | FM21: Sub Jumlah | FO21: =SUM(FO14:FO20) -> 0 | FQ21: =SUM(FQ14:FQ20) -> 0 | FS21: =SUM(FS14:FS20) -> 0 | FT21: =SUM(FT14:FT20) -> 0 | FY21: Sub Jumlah | GA21: =SUM(GA14:GA20) -> 0 | GC21: =SUM(GC14:GC20) -> 0 | GE21: =SUM(GE14:GE20) -> 0 | GF21: =SUM(GF14:GF20) -> 0 | GK21: Sub Jumlah | GM21: =SUM(GM14:GM20) -> 0 | GO21: =SUM(GO14:GO20) -> 0 | GQ21: =SUM(GQ14:GQ20) -> 0 | GR21: =SUM(GR14:GR20) -> 0 | GW21: Sub Jumlah | GY21: =SUM(GY14:GY20) -> 0 | HA21: =SUM(HA14:HA20) -> 0 | HC21: =SUM(HC14:HC20) -> 0 | HD21: =SUM(HD14:HD20) -> 0
B23: ="Adjusment "&" %" -> Adjusment % | E23: =E48+E73+E97+E122 -> 0 | G23: =IFERROR(+E23-H23,"") -> 0 | H23: =H48+H73+H97+H122 -> 0 | N23: ="Adjusment "&" %" -> Adjusment % | Q23: =Q48+Q73+Q97+Q122 -> 0 | S23: =IFERROR(+Q23-T23,"") -> 0 | T23: =T48+T73+T97+T122 -> 0 | Z23: ="Adjusment "&" %" -> Adjusment % | AC23: =AC48+AC73+AC97+AC122 -> 0 | AE23: =IFERROR(+AC23-AF23,"") -> 0 | AF23: =AF48+AF73+AF97+AF122 -> 0 | AL23: ="Adjusment "&" %" -> Adjusment % | AO23: =AO48+AO73+AO97+AO122 -> 0 | AQ23: =IFERROR(+AO23-AR23,"") -> 0 | AR23: =AR48+AR73+AR97+AR122 -> 0 | AX23: ="Adjusment "&" %" -> Adjusment % | BA23: =BA48+BA73+BA97+BA122 -> 0 | BC23: =IFERROR(+BA23-BD23,"") -> 0 | BD23: =BD48+BD73+BD97+BD122 -> 0 | BJ23: ="Adjusment "&" %" -> Adjusment % | BM23: =BM48+BM73+BM97+BM122 -> 0 | BO23: =IFERROR(+BM23-BP23,"") -> 0 | BP23: =BP48+BP73+BP97+BP122 -> 0 | BV23: ="Adjusment "&" %" -> Adjusment % | BY23: =BY48+BY73+BY97+BY122 -> 0 | CA23: =IFERROR(+BY23-CB23,"") -> 0 | CB23: =CB48+CB73+CB97+CB122 -> 0 | CH23: ="Adjusment "&" %" -> Adjusment % | CK23: =CK48+CK73+CK97+CK122 -> 0 | CM23: =IFERROR(+CK23-CN23,"") -> 0 | CN23: =CN48+CN73+CN97+CN122 -> 0 | CT23: ="Adjusment "&" %" -> Adjusment % | CW23: =CW48+CW73+CW97+CW122 -> 0 | CY23: =IFERROR(+CW23-CZ23,"") -> 0 | CZ23: =CZ48+CZ73+CZ97+CZ122 -> 0 | DF23: ="Adjusment "&" %" -> Adjusment % | DI23: =DI48+DI73+DI97+DI122 -> 0 | DK23: =IFERROR(+DI23-DL23,"") -> 0 | DL23: =DL48+DL73+DL97+DL122 -> 0 | DR23: ="Adjusment "&" %" -> Adjusment % | DU23: =DS23/100*DU21 -> 0 | DW23: =IFERROR(+DU23-DX23,"") -> 0 | DX23: =DS23/100*DX21 -> 0 | ED23: ="Adjusment "&" %" -> Adjusment % | EG23: =EG48+EG73+EG97+EG122 -> 0 | EI23: =IFERROR(+EG23-EJ23,"") -> 0 | EJ23: =EJ48+EJ73+EJ97+EJ122 -> 0 | EP23: ="Adjusment "&" %" -> Adjusment % | ES23: =ES48+ES73+ES97+ES122 -> 0 | EU23: =IFERROR(+ES23-EV23,"") -> 0 | EV23: =EV48+EV73+EV97+EV122 -> 0 | FB23: ="Adjusment "&" %" -> Adjusment % | FE23: =FE48+FE73+FE97+FE122 -> 0 | FG23: =IFERROR(+FE23-FH23,"") -> 0 | FH23: =FH48+FH73+FH97+FH122 -> 0 | FN23: ="Adjusment "&" %" -> Adjusment % | FQ23: =FQ48+FQ73+FQ97+FQ122 -> 0 | FS23: =IFERROR(+FQ23-FT23,"") -> 0 | FT23: =FT48+FT73+FT97+FT122 -> 0 | FZ23: ="Adjusment "&" %" -> Adjusment % | GC23: =GC48+GC73+GC97+GC122 -> 0 | GE23: =IFERROR(+GC23-GF23,"") -> 0 | GF23: =GF48+GF73+GF97+GF122 -> 0 | GL23: ="Adjusment "&" %" -> Adjusment % | GO23: =GO48+GO73+GO97+GO122 -> 0 | GQ23: =IFERROR(+GO23-GR23,"") -> 0 | GR23: =GR48+GR73+GR97+GR122 -> 0 | GX23: ="Adjusment "&" %" -> Adjusment % | HA23: =HA48+HA73+HA97+HA122 -> 0 | HC23: =IFERROR(+HA23-HD23,"") -> 0 | HD23: =HD48+HD73+HD97+HD122 -> 0
A25: Jumlah | C25: =SUM(C21:C24) -> 0 | E25: =SUM(E21:E24) -> 0 | G25: =SUM(G21:G24) -> 0 | H25: =SUM(H21:H24) -> 0 | M25: Jumlah | O25: =SUM(O21:O24) -> 0 | Q25: =SUM(Q21:Q24) -> 0 | S25: =SUM(S21:S24) -> 0 | T25: =SUM(T21:T24) -> 0 | Y25: Jumlah | AA25: =SUM(AA21:AA24) -> 0 | AC25: =SUM(AC21:AC24) -> 0 | AE25: =SUM(AE21:AE24) -> 0 | AF25: =SUM(AF21:AF24) -> 0 | AK25: Jumlah | AM25: =SUM(AM21:AM24) -> 0 | AO25: =SUM(AO21:AO24) -> 0 | AQ25: =SUM(AQ21:AQ24) -> 0 | AR25: =SUM(AR21:AR24) -> 0 | AW25: Jumlah | AY25: =SUM(AY21:AY24) -> 0 | BA25: =SUM(BA21:BA24) -> 0 | BC25: =SUM(BC21:BC24) -> 0 | BD25: =SUM(BD21:BD24) -> 0 | BI25: Jumlah | BK25: =SUM(BK21:BK24) -> 0 | BM25: =SUM(BM21:BM24) -> 0 | BO25: =SUM(BO21:BO24) -> 0 | BP25: =SUM(BP21:BP24) -> 0 | BU25: Jumlah | BW25: =SUM(BW21:BW24) -> 0 | BY25: =SUM(BY21:BY24) -> 0 | CA25: =SUM(CA21:CA24) -> 0 | CB25: =SUM(CB21:CB24) -> 0 | CG25: Jumlah | CI25: =SUM(CI21:CI24) -> 0 | CK25: =SUM(CK21:CK24) -> 0 | CM25: =SUM(CM21:CM24) -> 0 | CN25: =SUM(CN21:CN24) -> 0 | CS25: Jumlah | CU25: =SUM(CU21:CU24) -> 0 | CW25: =SUM(CW21:CW24) -> 0 | CY25: =SUM(CY21:CY24) -> 0 | CZ25: =SUM(CZ21:CZ24) -> 0 | DE25: Jumlah | DG25: =SUM(DG21:DG24) -> 0 | DI25: =SUM(DI21:DI24) -> 0 | DK25: =SUM(DK21:DK24) -> 0 | DL25: =SUM(DL21:DL24) -> 0 | DQ25: Jumlah | DS25: =SUM(DS21:DS24) -> 0 | DU25: =SUM(DU21:DU24) -> 0 | DW25: =SUM(DW21:DW24) -> 0 | DX25: =SUM(DX21:DX24) -> 0 | EC25: Jumlah | EE25: =SUM(EE21:EE24) -> 0 | EG25: =SUM(EG21:EG24) -> 0 | EI25: =SUM(EI21:EI24) -> 0 | EJ25: =SUM(EJ21:EJ24) -> 0 | EO25: Jumlah | EQ25: =SUM(EQ21:EQ24) -> 0 | ES25: =SUM(ES21:ES24) -> 0 | EU25: =SUM(EU21:EU24) -> 0 | EV25: =SUM(EV21:EV24) -> 0 | FA25: Jumlah | FC25: =SUM(FC21:FC24) -> 0 | FE25: =SUM(FE21:FE24) -> 0 | FG25: =SUM(FG21:FG24) -> 0 | FH25: =SUM(FH21:FH24) -> 0 | FM25: Jumlah | FO25: =SUM(FO21:FO24) -> 0 | FQ25: =SUM(FQ21:FQ24) -> 0 | FS25: =SUM(FS21:FS24) -> 0 | FT25: =SUM(FT21:FT24) -> 0 | FY25: Jumlah | GA25: =SUM(GA21:GA24) -> 0 | GC25: =SUM(GC21:GC24) -> 0 | GE25: =SUM(GE21:GE24) -> 0 | GF25: =SUM(GF21:GF24) -> 0 | GK25: Jumlah | GM25: =SUM(GM21:GM24) -> 0 | GO25: =SUM(GO21:GO24) -> 0 | GQ25: =SUM(GQ21:GQ24) -> 0 | GR25: =SUM(GR21:GR24) -> 0 | GW25: Jumlah | GY25: =SUM(GY21:GY24) -> 0 | HA25: =SUM(HA21:HA24) -> 0 | HC25: =SUM(HC21:HC24) -> 0 | HD25: =SUM(HD21:HD24) -> 0
B29: Wilayah | C29: : Provinsi Sulawesi Tenggara | G29: Lembar Pengolahan Penghitungan | K29: ADHK | N29: Wilayah | O29: : Provinsi Sulawesi Tenggara | S29: Lembar Pengolahan Penghitungan | W29: ADHK | Z29: Wilayah | AA29: : Provinsi Sulawesi Tenggara | AE29: Lembar Pengolahan Penghitungan | AI29: ADHK | AL29: Wilayah | AM29: : Provinsi Sulawesi Tenggara | AQ29: Lembar Pengolahan Penghitungan | AU29: ADHK | AX29: Wilayah | AY29: : Provinsi Sulawesi Tenggara | BC29: Lembar Pengolahan Penghitungan | BG29: ADHK | BJ29: Wilayah | BK29: : Provinsi Sulawesi Tenggara | BO29: Lembar Pengolahan Penghitungan | BS29: ADHK | BV29: Wilayah | BW29: : Provinsi Sulawesi Tenggara | CA29: Lembar Pengolahan Penghitungan | CE29: ADHK | CH29: Wilayah | CI29: : Provinsi Sulawesi Tenggara | CM29: Lembar Pengolahan Penghitungan | CQ29: ADHK | CT29: Wilayah | CU29: : Provinsi Sulawesi Tenggara | CY29: Lembar Pengolahan Penghitungan | DC29: ADHK | DF29: Wilayah | DG29: : Provinsi Sulawesi Tenggara | DK29: Lembar Pengolahan Penghitungan | DO29: ADHK | DR29: Wilayah | DS29: : Provinsi Sulawesi Tenggara | DW29: Lembar Pengolahan Penghitungan | EA29: ADHK | ED29: Wilayah | EE29: : Provinsi Sulawesi Tenggara | EI29: Lembar Pengolahan Penghitungan | EM29: ADHK | EP29: Wilayah | EQ29: : Provinsi Sulawesi Tenggara | EU29: Lembar Pengolahan Penghitungan | EY29: ADHK | FB29: Wilayah | FC29: : Provinsi Sulawesi Tenggara | FG29: Lembar Pengolahan Penghitungan | FK29: ADHK | FN29: Wilayah | FO29: : Provinsi Sulawesi Tenggara | FS29: Lembar Pengolahan Penghitungan | FW29: ADHK | FZ29: Wilayah | GA29: : Provinsi Sulawesi Tenggara | GE29: Lembar Pengolahan Penghitungan | GI29: ADHK | GL29: Wilayah | GM29: : Provinsi Sulawesi Tenggara | GQ29: Lembar Pengolahan Penghitungan | GU29: ADHK | GX29: Wilayah | GY29: : Provinsi Sulawesi Tenggara | HC29: Lembar Pengolahan Penghitungan | HG29: ADHK
B30: Kategori | C30: : Pertanian, Kehutanan, dan Perikanan | G30: Nilai Tambah Bruto | N30: Kategori | O30: : Pertanian, Kehutanan, dan Perikanan | S30: Nilai Tambah Bruto | Z30: Kategori | AA30: : Pertanian, Kehutanan, dan Perikanan | AE30: Nilai Tambah Bruto | AL30: Kategori | AM30: : Pertanian, Kehutanan, dan Perikanan | AQ30: Nilai Tambah Bruto | AX30: Kategori | AY30: : Pertanian, Kehutanan, dan Perikanan | BC30: Nilai Tambah Bruto | BJ30: Kategori | BK30: : Pertanian, Kehutanan, dan Perikanan | BO30: Nilai Tambah Bruto | BV30: Kategori | BW30: : Pertanian, Kehutanan, dan Perikanan | CA30: Nilai Tambah Bruto | CH30: Kategori | CI30: : Pertanian, Kehutanan, dan Perikanan | CM30: Nilai Tambah Bruto | CT30: Kategori | CU30: : Pertanian, Kehutanan, dan Perikanan | CY30: Nilai Tambah Bruto | DF30: Kategori | DG30: : Pertanian, Kehutanan, dan Perikanan | DK30: Nilai Tambah Bruto | DR30: Kategori | DS30: : Pertanian, Kehutanan, dan Perikanan | DW30: Nilai Tambah Bruto | ED30: Kategori | EE30: : Pertanian, Kehutanan, dan Perikanan | EI30: Nilai Tambah Bruto | EP30: Kategori | EQ30: : Pertanian, Kehutanan, dan Perikanan | EU30: Nilai Tambah Bruto | FB30: Kategori | FC30: : Pertanian, Kehutanan, dan Perikanan | FG30: Nilai Tambah Bruto | FN30: Kategori | FO30: : Pertanian, Kehutanan, dan Perikanan | FS30: Nilai Tambah Bruto | FZ30: Kategori | GA30: : Pertanian, Kehutanan, dan Perikanan | GE30: Nilai Tambah Bruto | GL30: Kategori | GM30: : Pertanian, Kehutanan, dan Perikanan | GQ30: Nilai Tambah Bruto | GX30: Kategori | GY30: : Pertanian, Kehutanan, dan Perikanan | HC30: Nilai Tambah Bruto
B31: Subkategori | C31: : Pertanian, Peternakan, Perburuan dan Jasa Pertanian | G31: Atas Dasar Harga Konstan 2010=100 | K31: ="I/"&K$6 -> I/2010 | N31: Subkategori | O31: : Pertanian, Peternakan, Perburuan dan Jasa Pertanian | S31: Atas Dasar Harga Konstan 2010=100 | W31: ="I/"&W$6 -> I/2011 | Z31: Subkategori | AA31: : Pertanian, Peternakan, Perburuan dan Jasa Pertanian | AE31: Atas Dasar Harga Konstan 2010=100 | AI31: ="I/"&AI$6 -> I/2012 | AL31: Subkategori | AM31: : Pertanian, Peternakan, Perburuan dan Jasa Pertanian | AQ31: Atas Dasar Harga Konstan 2010=100 | AU31: ="I/"&AU$6 -> I/2013 | AX31: Subkategori | AY31: : Pertanian, Peternakan, Perburuan dan Jasa Pertanian | BC31: Atas Dasar Harga Konstan 2010=100 | BG31: ="I/"&BG$6 -> I/2014 | BJ31: Subkategori | BK31: : Pertanian, Peternakan, Perburuan dan Jasa Pertanian | BO31: Atas Dasar Harga Konstan 2010=100 | BS31: ="I/"&BS$6 -> I/2015 | BV31: Subkategori | BW31: : Pertanian, Peternakan, Perburuan dan Jasa Pertanian | CA31: Atas Dasar Harga Konstan 2010=100 | CE31: ="I/"&CE$6 -> I/2016 | CH31: Subkategori | CI31: : Pertanian, Peternakan, Perburuan dan Jasa Pertanian | CM31: Atas Dasar Harga Konstan 2010=100 | CQ31: ="I/"&CQ$6 -> I/2017 | CT31: Subkategori | CU31: : Pertanian, Peternakan, Perburuan dan Jasa Pertanian | CY31: Atas Dasar Harga Konstan 2010=100 | DC31: ="I/"&DC$6 -> I/2018 | DF31: Subkategori | DG31: : Pertanian, Peternakan, Perburuan dan Jasa Pertanian | DK31: Atas Dasar Harga Konstan 2010=100 | DO31: ="I/"&DO$6 -> I/2019 | DR31: Subkategori | DS31: : Pertanian, Peternakan, Perburuan dan Jasa Pertanian | DW31: Atas Dasar Harga Konstan 2010=100 | EA31: ="I/"&EA$6 -> I/2020 | ED31: Subkategori | EE31: : Pertanian, Peternakan, Perburuan dan Jasa Pertanian | EI31: Atas Dasar Harga Konstan 2010=100 | EM31: ="I/"&EM$6 -> I/2021 | EP31: Subkategori | EQ31: : Pertanian, Peternakan, Perburuan dan Jasa Pertanian | EU31: Atas Dasar Harga Konstan 2010=100 | EY31: ="I/"&EY$6 -> I/2022 | FB31: Subkategori | FC31: : Pertanian, Peternakan, Perburuan dan Jasa Pertanian | FG31: Atas Dasar Harga Konstan 2010=100 | FK31: ="I/"&FK$6 -> I/2023 | FN31: Subkategori | FO31: : Pertanian, Peternakan, Perburuan dan Jasa Pertanian | FS31: Atas Dasar Harga Konstan 2010=100 | FW31: ="I/"&FW$6 -> I/2024 | FZ31: Subkategori | GA31: : Pertanian, Peternakan, Perburuan dan Jasa Pertanian | GE31: Atas Dasar Harga Konstan 2010=100 | GI31: ="I/"&GI$6 -> I/2025 | GL31: Subkategori | GM31: : Pertanian, Peternakan, Perburuan dan Jasa Pertanian | GQ31: Atas Dasar Harga Konstan 2010=100 | GU31: ="I/"&GU$6 -> I/2026 | GX31: Subkategori | GY31: : Pertanian, Peternakan, Perburuan dan Jasa Pertanian | HC31: Atas Dasar Harga Konstan 2010=100 | HG31: ="I/"&HG$6 -> I/2027
B32: Jenis Kegiatan | C32: : Jasa Pertanian, dan Perburuan | G32: Triwulan I | N32: Jenis Kegiatan | O32: : Jasa Pertanian, dan Perburuan | S32: Triwulan I | Z32: Jenis Kegiatan | AA32: : Jasa Pertanian, dan Perburuan | AE32: Triwulan I | AL32: Jenis Kegiatan | AM32: : Jasa Pertanian, dan Perburuan | AQ32: Triwulan I | AX32: Jenis Kegiatan | AY32: : Jasa Pertanian, dan Perburuan | BC32: Triwulan I | BJ32: Jenis Kegiatan | BK32: : Jasa Pertanian, dan Perburuan | BO32: Triwulan I | BV32: Jenis Kegiatan | BW32: : Jasa Pertanian, dan Perburuan | CA32: Triwulan I | CH32: Jenis Kegiatan | CI32: : Jasa Pertanian, dan Perburuan | CM32: Triwulan I | CT32: Jenis Kegiatan | CU32: : Jasa Pertanian, dan Perburuan | CY32: Triwulan I | DF32: Jenis Kegiatan | DG32: : Jasa Pertanian, dan Perburuan | DK32: Triwulan I | DR32: Jenis Kegiatan | DS32: : Jasa Pertanian, dan Perburuan | DW32: Triwulan I | ED32: Jenis Kegiatan | EE32: : Jasa Pertanian, dan Perburuan | EI32: Triwulan I | EP32: Jenis Kegiatan | EQ32: : Jasa Pertanian, dan Perburuan | EU32: Triwulan I | FB32: Jenis Kegiatan | FC32: : Jasa Pertanian, dan Perburuan | FG32: Triwulan I | FN32: Jenis Kegiatan | FO32: : Jasa Pertanian, dan Perburuan | FS32: Triwulan I | FZ32: Jenis Kegiatan | GA32: : Jasa Pertanian, dan Perburuan | GE32: Triwulan I | GL32: Jenis Kegiatan | GM32: : Jasa Pertanian, dan Perburuan | GQ32: Triwulan I | GX32: Jenis Kegiatan | GY32: : Jasa Pertanian, dan Perburuan | HC32: Triwulan I
B33: Metode Estimasi Output | C33: : Revaluasi | G33: ="Tahun "&K$6 -> Tahun 2010 | N33: Metode Estimasi Output | O33: : Revaluasi | S33: ="Tahun "&W$6 -> Tahun 2011 | Z33: Metode Estimasi Output | AA33: : Revaluasi | AE33: ="Tahun "&AI$6 -> Tahun 2012 | AL33: Metode Estimasi Output | AM33: : Revaluasi | AQ33: ="Tahun "&AU$6 -> Tahun 2013 | AX33: Metode Estimasi Output | AY33: : Revaluasi | BC33: ="Tahun "&BG$6 -> Tahun 2014 | BJ33: Metode Estimasi Output | BK33: : Revaluasi | BO33: ="Tahun "&BS$6 -> Tahun 2015 | BV33: Metode Estimasi Output | BW33: : Revaluasi | CA33: ="Tahun "&CE$6 -> Tahun 2016 | CH33: Metode Estimasi Output | CI33: : Revaluasi | CM33: ="Tahun "&CQ$6 -> Tahun 2017 | CT33: Metode Estimasi Output | CU33: : Revaluasi | CY33: ="Tahun "&DC$6 -> Tahun 2018 | DF33: Metode Estimasi Output | DG33: : Revaluasi | DK33: ="Tahun "&DO$6 -> Tahun 2019 | DR33: Metode Estimasi Output | DS33: : Revaluasi | DW33: ="Tahun "&EA$6 -> Tahun 2020 | ED33: Metode Estimasi Output | EE33: : Revaluasi | EI33: ="Tahun "&EM$6 -> Tahun 2021 | EP33: Metode Estimasi Output | EQ33: : Revaluasi | EU33: ="Tahun "&EY$6 -> Tahun 2022 | FB33: Metode Estimasi Output | FC33: : Revaluasi | FG33: ="Tahun "&FK$6 -> Tahun 2023 | FN33: Metode Estimasi Output | FO33: : Revaluasi | FS33: ="Tahun "&FW$6 -> Tahun 2024 | FZ33: Metode Estimasi Output | GA33: : Revaluasi | GE33: ="Tahun "&GI$6 -> Tahun 2025 | GL33: Metode Estimasi Output | GM33: : Revaluasi | GQ33: ="Tahun "&GU$6 -> Tahun 2026 | GX33: Metode Estimasi Output | GY33: : Revaluasi | HC33: ="Tahun "&HG$6 -> Tahun 2027
A35: No. | B35: Subkategori/Jenis Kegiatan/Uraian Komoditi | C35: Nilai Produksi Utama ADHK Subkategori (Juta Rp) | D35: Rasio Jasa Pertanian Konstan | E35: Nilai Jasa Pertanian (3) X (4) | F35: Konsumsi Antara | H35: Nilai Tambah Bruto (Juta Rp) (5)-(7) | M35: No. | N35: Subkategori/Jenis Kegiatan/Uraian Komoditi | O35: Nilai Produksi Utama ADHK Subkategori (Juta Rp) | P35: Rasio Jasa Pertanian Konstan | Q35: Nilai Jasa Pertanian (3) X (4) | R35: Konsumsi Antara | T35: Nilai Tambah Bruto (Juta Rp) (5)-(7) | Y35: No. | Z35: Subkategori/Jenis Kegiatan/Uraian Komoditi | AA35: Nilai Produksi Utama ADHK Subkategori (Juta Rp) | AB35: Rasio Jasa Pertanian Konstan | AC35: Nilai Jasa Pertanian (3) X (4) | AD35: Konsumsi Antara | AF35: Nilai Tambah Bruto (Juta Rp) (5)-(7) | AK35: No. | AL35: Subkategori/Jenis Kegiatan/Uraian Komoditi | AM35: Nilai Produksi Utama ADHK Subkategori (Juta Rp) | AN35: Rasio Jasa Pertanian Konstan | AO35: Nilai Jasa Pertanian (3) X (4) | AP35: Konsumsi Antara | AR35: Nilai Tambah Bruto (Juta Rp) (5)-(7) | AW35: No. | AX35: Subkategori/Jenis Kegiatan/Uraian Komoditi | AY35: Nilai Produksi Utama ADHK Subkategori (Juta Rp) | AZ35: Rasio Jasa Pertanian Konstan | BA35: Nilai Jasa Pertanian (3) X (4) | BB35: Konsumsi Antara | BD35: Nilai Tambah Bruto (Juta Rp) (5)-(7) | BI35: No. | BJ35: Subkategori/Jenis Kegiatan/Uraian Komoditi | BK35: Nilai Produksi Utama ADHK Subkategori (Juta Rp) | BL35: Rasio Jasa Pertanian Konstan | BM35: Nilai Jasa Pertanian (3) X (4) | BN35: Konsumsi Antara | BP35: Nilai Tambah Bruto (Juta Rp) (5)-(7) | BU35: No. | BV35: Subkategori/Jenis Kegiatan/Uraian Komoditi | BW35: Nilai Produksi Utama ADHK Subkategori (Juta Rp) | BX35: Rasio Jasa Pertanian Konstan | BY35: Nilai Jasa Pertanian (3) X (4) | BZ35: Konsumsi Antara | CB35: Nilai Tambah Bruto (Juta Rp) (5)-(7) | CG35: No. | CH35: Subkategori/Jenis Kegiatan/Uraian Komoditi | CI35: Nilai Produksi Utama ADHK Subkategori (Juta Rp) | CJ35: Rasio Jasa Pertanian Konstan | CK35: Nilai Jasa Pertanian (3) X (4) | CL35: Konsumsi Antara | CN35: Nilai Tambah Bruto (Juta Rp) (5)-(7) | CS35: No. | CT35: Subkategori/Jenis Kegiatan/Uraian Komoditi | CU35: Nilai Produksi Utama ADHK Subkategori (Juta Rp) | CV35: Rasio Jasa Pertanian Konstan | CW35: Nilai Jasa Pertanian (3) X (4) | CX35: Konsumsi Antara | CZ35: Nilai Tambah Bruto (Juta Rp) (5)-(7) | DE35: No. | DF35: Subkategori/Jenis Kegiatan/Uraian Komoditi | DG35: Nilai Produksi Utama ADHK Subkategori (Juta Rp) | DH35: Rasio Jasa Pertanian Konstan | DI35: Nilai Jasa Pertanian (3) X (4) | DJ35: Konsumsi Antara | DL35: Nilai Tambah Bruto (Juta Rp) (5)-(7) | DQ35: No. | DR35: Subkategori/Jenis Kegiatan/Uraian Komoditi | DS35: Nilai Produksi Utama ADHK Subkategori (Juta Rp) | DT35: Rasio Jasa Pertanian Konstan | DU35: Nilai Jasa Pertanian (3) X (4) | DV35: Konsumsi Antara | DX35: Nilai Tambah Bruto (Juta Rp) (5)-(7) | EC35: No. | ED35: Subkategori/Jenis Kegiatan/Uraian Komoditi | EE35: Nilai Produksi Utama ADHK Subkategori (Juta Rp) | EF35: Rasio Jasa Pertanian Konstan | EG35: Nilai Jasa Pertanian (3) X (4) | EH35: Konsumsi Antara | EJ35: Nilai Tambah Bruto (Juta Rp) (5)-(7) | EO35: No. | EP35: Subkategori/Jenis Kegiatan/Uraian Komoditi | EQ35: Nilai Produksi Utama ADHK Subkategori (Juta Rp) | ER35: Rasio Jasa Pertanian Konstan | ES35: Nilai Jasa Pertanian (3) X (4) | ET35: Konsumsi Antara | EV35: Nilai Tambah Bruto (Juta Rp) (5)-(7) | FA35: No. | FB35: Subkategori/Jenis Kegiatan/Uraian Komoditi | FC35: Nilai Produksi Utama ADHK Subkategori (Juta Rp) | FD35: Rasio Jasa Pertanian Konstan | FE35: Nilai Jasa Pertanian (3) X (4) | FF35: Konsumsi Antara | FH35: Nilai Tambah Bruto (Juta Rp) (5)-(7) | FM35: No. | FN35: Subkategori/Jenis Kegiatan/Uraian Komoditi | FO35: Nilai Produksi Utama ADHK Subkategori (Juta Rp) | FP35: Rasio Jasa Pertanian Konstan | FQ35: Nilai Jasa Pertanian (3) X (4) | FR35: Konsumsi Antara | FT35: Nilai Tambah Bruto (Juta Rp) (5)-(7) | FY35: No. | FZ35: Subkategori/Jenis Kegiatan/Uraian Komoditi | GA35: Nilai Produksi Utama ADHK Subkategori (Juta Rp) | GB35: Rasio Jasa Pertanian Konstan | GC35: Nilai Jasa Pertanian (3) X (4) | GD35: Konsumsi Antara | GF35: Nilai Tambah Bruto (Juta Rp) (5)-(7) | GK35: No. | GL35: Subkategori/Jenis Kegiatan/Uraian Komoditi | GM35: Nilai Produksi Utama ADHK Subkategori (Juta Rp) | GN35: Rasio Jasa Pertanian Konstan | GO35: Nilai Jasa Pertanian (3) X (4) | GP35: Konsumsi Antara | GR35: Nilai Tambah Bruto (Juta Rp) (5)-(7) | GW35: No. | GX35: Subkategori/Jenis Kegiatan/Uraian Komoditi | GY35: Nilai Produksi Utama ADHK Subkategori (Juta Rp) | GZ35: Rasio Jasa Pertanian Konstan | HA35: Nilai Jasa Pertanian (3) X (4) | HB35: Konsumsi Antara | HD35: Nilai Tambah Bruto (Juta Rp) (5)-(7)
