Workbook
Name BERLAKU: #REF!
Name BERLAKU: #REF!
Name BERLAKU: #REF!
Name H: #REF!

Sheet Home
A1: HOME
B2: SISTEM | H2: ALAT BANTU PENGHITUNGAN ANGKA PDRB MENURUT LAPANGAN USAHA
B3: INFORMASI
B4: RILIS
B5: ANGKA PDRB | K5: LAPANGAN USAHA | O5: : | P5: =mid(ADHB!C5,3,9)&" --- "&mid(ADHB!C7,3,100) -> Pertanian --- Perikanan
B6: MELALUI LEMBAR KERJA | K6: WILAYAH | O6: : | P6: Provinsi Sulawesi Tenggara
B7: BERBASIS | K7: TAHUN | O7: : | P7: =IFERROR(__xludf.DUMMYFUNCTION("IMPORTRANGE(""https://docs.google.com/spreadsheets/d/14EziMEzuXiAhzZqRuQw8kN9sLyynoE6QsPgaj062Fa0/edit#gid=214337323"",""'LK PDRB Lapus'!E3:E4"")"),2026.0) -> 2026
B8: ONLINE | K8: TRIWULAN | O8: : | P8: =IFERROR(__xludf.DUMMYFUNCTION("""COMPUTED_VALUE"""),"I") -> I
B11: INPUT DATA | K11: OUTPUT | T11: MONEV
B15: 1 | C15: Lembar Kerja Penghitungan PDRB Atas Dasar Harga Berlaku | K15: 1 | L15: Rekap Angka PDRB Lapangan Usaha | T15: 1 | U15: MONEV Pemasukan Data
B16: =B15+1 -> 2 | C16: Lembar Kerja Penghitungan PDRB Atas Dasar Harga Konstan | K16: =K15+1 -> 2 | T16: =T15+1 -> 2

Sheet Produksi dan Harga
A1: , | CJ1: =CJ5/CH5*100-100 -> -23.799203
A2: No | B2: Lapangan Usaha | C2: 2008 | H2: 2009 | M2: 2010 | R2: 2011 | W2: 2012 | AB2: 2013 | AG2: 2014 | AL2: 2015 | AQ2: 2016 | AV2: 2017 | BA2: 2018 | BF2: 2019 | BK2: 2020 | BP2: 2021 | BU2: 2022 | BZ2: 2023 | CE2: 2024 | CJ2: 2025 | CO2: 2026
C3: I | D3: II | E3: III | F3: IV | G3: Jumlah | H3: I | I3: II | J3: III | K3: IV | L3: Jumlah | M3: I | N3: II | O3: III | P3: IV | Q3: Jumlah | R3: I | S3: II | T3: III | U3: IV | V3: Jumlah | W3: I | X3: II | Y3: III | Z3: IV | AA3: Jumlah | AB3: I | AC3: II | AD3: III | AE3: IV | AF3: Jumlah | AG3: I | AH3: II | AI3: III | AJ3: IV | AK3: Jumlah | AL3: I | AM3: II | AN3: III | AO3: IV | AP3: Jumlah | AQ3: I | AR3: II | AS3: III | AT3: IV | AU3: Jumlah | AV3: I | AW3: II | AX3: III | AY3: IV | AZ3: Jumlah | BA3: I | BB3: II | BC3: III | BD3: IV | BE3: Jumlah | BF3: I | BG3: II | BH3: III | BI3: IV | BJ3: Jumlah | BK3: I | BL3: II | BM3: III | BN3: IV | BO3: Jumlah | BP3: I | BQ3: II | BR3: III | BS3: IV | BT3: Jumlah | BU3: I | BV3: II | BW3: III | BX3: IV | BY3: Jumlah | BZ3: I | CA3: II | CB3: III | CC3: IV | CD3: Jumlah | CE3: I | CF3: II | CG3: III | CH3: IV | CI3: Jumlah | CJ3: I | CK3: II | CL3: III | CM3: IV | CN3: Jumlah | CO3: I | CP3: II | CQ3: III | CR3: IV | CS3: Jumlah
A4: -1 | B4: =A4-1 -> -2 | C4: =B4-1 -> -3 | D4: =C4-1 -> -4 | E4: =D4-1 -> -5 | F4: =E4-1 -> -6 | G4: =F4-1 -> -7 | H4: =G4-1 -> -8 | I4: =H4-1 -> -9 | ... CS4: =CR4-1 -> -97
B5: REKAP DATA PP-TPI | AV5: 15189.02 | AW5: 14220.82 | AX5: 18257.39 | AY5: 19115.83 | AZ5: 66783.06 | BA5: 15243.83 | BB5: 12532.64 | BC5: 88871.37 | BD5: 69074.34 | BE5: 185722.2 | BF5: 11046.162 | BG5: 5989.518 | BH5: 5518.506 | BI5: 6920.687 | BJ5: 294748.73 | BK5: 8735.885 | BL5: 5447.974 | BM5: 6235.596 | BN5: 9116.937 | BO5: 295363.92 | BP5: 8514.915 | BQ5: 5925.615 | BR5: 2823.964 | BS5: 8523.062 | BT5: 265351.57 | BU5: 8015.256 | BV5: 4665.455 | BW5: 9303.76 | BX5: 10058.887 | BY5: 0 | BZ5: 11366.47 | CA5: 5321.45 | CB5: 4754.47 | CC5: 6431.25 | CE5: 9281.51 | CF5: 5101.9 | CG5: 6847.32 | CH5: 7640.34 | CJ5: 5822 | CK5: 6024.42 | CL5: 6754.1 | CM5: 9269.763 | CO5: 9308.85
B6: REKAP DATA PIT | AV6: 49407.55 | AW6: 80476.59 | AX6: 84901.23 | AY6: 110942 | AZ6: 325727.15 | BA6: 72835.74 | BB6: 74552.38 | BC6: 79234.08 | BD6: 91600.2 | BE6: 318222.35 | BF6: 14018.474 | BG6: 9215.906 | BH6: 11448.917 | BI6: 11362.86 | BJ6: 460461.59 | BK6: 8684.122 | BL6: 9138.043 | BM6: 10347.365 | BN6: 10231.2 | BO6: 384007.78 | BP6: 8684.981 | BQ6: 8437.492 | BR6: 10213.718 | BS6: 3300.129 | BT6: 393391.69 | BU6: 11367.548 | BV6: 13358.201 | BW6: 8605.463 | BX6: 6832.258 | BY6: 0 | BZ6: 7594.56 | CA6: 8025.27 | CB6: 8535.39 | CC6: 9792.17 | CE6: 12578.02 | CF6: 12563.19 | CG6: 10126.47 | CH6: 11957.69 | CJ6: 13192.09 | CK6: 12160.1 | CL6: 9912.43 | CM6: 11518.84 | CO6: 9151.27
C8: =SUM(C6:C7) -> 0 | D8: =SUM(D6:D7) -> 0 | E8: =SUM(E6:E7) -> 0 | F8: =SUM(F6:F7) -> 0 | G8: =SUM(G6:G7) -> 0 | H8: =SUM(H6:H7) -> 0 | I8: =SUM(I6:I7) -> 0 | J8: =SUM(J6:J7) -> 0 | ... L8: =SUM(L6:L7) -> 0 | M8: =sum(M5:M6) -> 0 | N8: =sum(N5:N6) -> 0 | O8: =sum(O5:O6) -> 0 | P8: =sum(P5:P6) -> 0 | Q8: =sum(Q5:Q6) -> 0 | R8: =sum(R5:R6) -> 0 | S8: =sum(S5:S6) -> 0 | T8: =sum(T5:T6) -> 0 | ... CS8: =sum(CS5:CS6) -> 0
B10: Q to Q | BK10: =BK8/BI8*100-100 -> -4.7230442 | BL10: =BL8/BK8*100-100 -> -16.268593 | BM10: =BM8/BL8*100-100 -> 13.690811 | BN10: =BN8/BM8*100-100 -> 16.674803 | BP10: =BP8/BN8*100-100 -> -11.10309 | BQ10: =BQ8/BP8*100-100 -> -16.493059 | BR10: =BR8/BQ8*100-100 -> -9.2279825 | BS10: =BS8/BR8*100-100 -> -9.3152372 | BU10: =BU8/BS8*100-100 -> 63.938855 | BV10: =BV8/BU8*100-100 -> -7.012133 | BW10: =BW8/BV8*100-100 -> -0.63490448 | BX10: =BX8/BW8*100-100 -> -5.6846576 | BZ10: =BZ8/BX8*100-100 -> 12.254261 | CA10: =CA8/BZ8*100-100 -> -29.609731 | CB10: =CB8/CA8*100-100 -> -0.42602227 | CC10: =CC8/CB8*100-100 -> 22.073671 | CE10: =CE8/CC8*100-100 -> 34.740579 | CF10: =CF8/CE8*100-100 -> -19.188153 | CG10: =CG8/CF8*100-100 -> -3.9133681 | CH10: =CH8/CG8*100-100 -> 15.460542 | CJ10: =CJ8/CH8*100-100 -> -2.9795852 | CK10: =CK8/CJ8*100-100 -> -4.3629224 | CL10: =CL8/CK8*100-100 -> -8.3477045 | CM10: =CM8/CL8*100-100 -> 24.732641 | CO10: =CO8/CM8*100-100 -> -11.200767 | CP10: =CP8/CO8*100-100 -> -100 | CQ10: =CQ8/CP8*100-100 -> #DIV/0! | CR10: =CR8/CQ8*100-100 -> #DIV/0!
B11: Y on Y | BK11: =BK8/BF8*100-100 -> -30.499661 | BL11: =BL8/BG8*100-100 -> -4.0735924 | BM11: =BM8/BH8*100-100 -> -2.2658833 | BN11: =BN8/BI8*100-100 -> 5.8226667 | BP11: =BP8/BK8*100-100 -> -1.2635529 | BQ11: =BQ8/BL8*100-100 -> -1.5282445 | BR11: =BR8/BM8*100-100 -> -21.379047 | BS11: =BS8/BN8*100-100 -> -38.892354 | BU11: =BU8/BP8*100-100 -> 12.691402 | BV11: =BV8/BQ8*100-100 -> 25.485774 | BW11: =BW8/BR8*100-100 -> 37.365085 | BX11: =BX8/BS8*100-100 -> 42.864519 | BZ11: =BZ8/BU8*100-100 -> -2.1760216 | CA11: =CA8/BV8*100-100 -> -25.948875 | CB11: =CB8/BW8*100-100 -> -25.793207 | CC11: =CC8/BX8*100-100 -> -3.9531068 | CE11: =CE8/BZ8*100-100 -> 15.286617 | CF11: =CF8/CA8*100-100 -> 32.35529 | CG11: =CG8/CB8*100-100 -> 27.719856 | CH11: =CH8/CC8*100-100 -> 20.800855 | CJ11: =CJ8/CE8*100-100 -> -13.016931 | CK11: =CK8/CF8*100-100 -> 2.9404322 | CL11: =CL8/CG8*100-100 -> -1.8102027 | CM11: =CM8/CH8*100-100 -> 6.0749626 | CO11: =CO8/CJ8*100-100 -> -2.913471 | CP11: =CP8/CK8*100-100 -> -100 | CQ11: =CQ8/CL8*100-100 -> -100 | CR11: =CR8/CM8*100-100 -> -100
B12: C to C | BK12: =BK8/BF8*100-100 -> -30.499661 | BL12: =SUM(BK8:BL8)/SUM(BF8:BG8)*100-100 -> -20.521539 | BM12: =SUM(BK8:BM8)/SUM(BF8:BH8)*100-100 -> -15.10985 | BN12: =SUM(BK8:BN8)/SUM(BF8:BI8)*100-100 -> -10.042114 | BP12: =BP8/BK8*100-100 -> -1.2635529 | BQ12: =SUM(BP8:BQ8)/SUM(BK8:BL8)*100-100 -> -1.3841801 | BR12: =SUM(BP8:BR8)/SUM(BK8:BM8)*100-100 -> -8.208239 | BS12: =SUM(BP8:BS8)/SUM(BK8:BN8)*100-100 -> -16.946915 | BU12: =BU8/BP8*100-100 -> 12.691402 | BV12: =SUM(BU8:BV8)/SUM(BP8:BQ8)*100-100 -> 18.513628 | BW12: =SUM(BU8:BW8)/SUM(BP8:BR8)*100-100 -> 24.02429 | BX12: =SUM(BU8:BX8)/SUM(BP8:BS8)*100-100 -> 27.972116 | BZ12: =BZ8/BU8*100-100 -> -2.1760216 | CA12: =SUM(BZ8:CA8)/SUM(BU8:BV8)*100-100 -> -13.63056 | CB12: =SUM(BZ8:CB8)/SUM(BU8:BW8)*100-100 -> -17.568387 | CC12: =SUM(BZ8:CC8)/SUM(BU8:BX8)*100-100 -> -14.383402 | CE12: =CE8/BZ8*100-100 -> 15.286617 | CF12: =SUM(CE8:CF8)/SUM(BZ8:CA8)*100-100 -> 22.337891 | CG12: =SUM(CE8:CG8)/SUM(BZ8:CB8)*100-100 -> 23.906516 | CH12: =SUM(CE8:CH8)/SUM(BZ8:CC8)*100-100 -> 23.091511 | CJ12: =CJ8/CE8*100-100 -> -13.016931 | CK12: =SUM(CJ8:CK8)/SUM(CE8:CF8)*100-100 -> -5.8849649 | CL12: =SUM(CJ8:CL8)/SUM(CE8:CG8)*100-100 -> -4.660786 | CM12: =SUM(CJ8:CM8)/SUM(CE8:CH8)*100-100 -> -1.8958798 | CO12: =CO8/CJ8*100-100 -> -2.913471 | CP12: =SUM(CO8:CP8)/SUM(CJ8:CK8)*100-100 -> -50.374167 | CQ12: =SUM(CO8:CQ8)/SUM(CJ8:CL8)*100-100 -> -65.729004 | CR12: =SUM(CO8:CR8)/SUM(CJ8:CM8)*100-100 -> -75.272345
A15: IHP | M15: 2010 | R15: 2011 | W15: 2012 | AB15: 2013 | AG15: 2014 | AL15: 2015 | AQ15: 2016 | AV15: 2017 | BA15: 2018 | BF15: 2019 | BK15: 2020 | BP15: 2021 | BU15: 2022 | BZ15: 2023 | CE15: 2024 | CJ15: 2025 | CO15: 2025
M16: I | N16: II | O16: III | P16: IV | Q16: Jumlah | R16: I | S16: II | T16: III | U16: IV | V16: Jumlah | W16: I | X16: II | Y16: III | Z16: IV | AA16: Jumlah | AB16: I | AC16: II | AD16: III | AE16: IV | AF16: Jumlah | AG16: I | AH16: II | AI16: III | AJ16: IV | AK16: Jumlah | AL16: I | AM16: II | AN16: III | AO16: IV | AP16: Jumlah | AQ16: I | AR16: II | AS16: III | AT16: IV | AU16: Jumlah | AV16: I | AW16: II | AX16: III | AY16: IV | AZ16: Jumlah | BA16: I | BB16: II | BC16: III | BD16: IV | BE16: Jumlah | BF16: I | BG16: II | BH16: III | BI16: IV | BJ16: Jumlah | BK16: I | BL16: II | BM16: III | BN16: IV | BO16: Jumlah | BP16: I | BQ16: II | BR16: III | BS16: IV | BT16: Jumlah | BU16: I | BV16: II | BW16: III | BX16: IV | BY16: Jumlah | BZ16: I | CA16: II | CB16: III | CC16: IV | CD16: Jumlah | CE16: I | CF16: II | CG16: III | CH16: IV | CI16: Jumlah | CJ16: I | CK16: II | CL16: III | CM16: IV | CN16: Jumlah | CO16: I | CP16: II | CQ16: III | CR16: IV | CS16: Jumlah
M17: =L17-1 -> -1 | N17: =M17-1 -> -2 | O17: =N17-1 -> -3 | P17: =O17-1 -> -4 | Q17: =P17-1 -> -5 | R17: =Q17-1 -> -6 | S17: =R17-1 -> -7 | T17: =S17-1 -> -8 | ... CS17: =CR17-1 -> -85
B18: Perikanan Tangkap | M18: 98,53 | N18: 98,90 | O18: 100,96 | P18: 101,60 | R18: 102,84 | S18: 104,00 | T18: 105,07 | U18: 105,44 | W18: 106,05 | X18: 106,90 | Y18: 108,45 | Z18: 108,98 | AB18: 110,79 | AC18: 111,49 | AD18: 115,39 | AE18: 116,05 | AG18: 119,34 | AH18: 120,43 | AI18: 124,58 | AJ18: 126,76 | AL18: 130,36 | AM18: 130,90 | AN18: 134,61 | AO18: 134,54 | AQ18: 134,94 | AR18: 135,21 | AS18: 137,42 | AT18: 138,38 | AV18: 141,08 | AW18: 142,64 | AX18: 144,92 | AY18: 145,84 | BA18: 148,77 | BB18: 149,98 | BC18: 152,50 | BD18: 151,81 | BF18: 151,53 | BG18: 152,18 | BH18: 154,48 | BI18: 153,97 | BK18: 155,23 | BL18: 153,39 | BM18: 155,23 | BN18: 156,57 | BP18: 159.4102 | BQ18: 161.71088 | BR18: 162.84633 | BS18: 164.4242 | BU18: 166.39 | BV18: 168.89 | BW18: 172.33 | BX18: 173.5 | BZ18: 177.31 | CA18: 178.02 | CB18: 178.67 | CC18: 175.08 | CE18: =CC18+(CC18*-0.86/100) -> 173.57431 | CF18: =CE18+(CE18*1.0828941014689/100) -> 175.45394 | CG18: =CF18+(CF18*-0.13/100) -> 175.22585 | CH18: =CG18+(CG18*0.24/100) -> 175.64639 | CJ18: =CH18+(CH18*1.52/100) -> 178.31621 | CK18: =CJ18+(CJ18*2.53/100) -> 182.82762 | CL18: =CK18+(CK18*1.24/100) -> 185.09468 | CM18: =CL18+(CL18*1.24/100) -> 187.38985 | CO18: =CM18+(CM18*1.52/100) -> 190.23818
A21: HARGA | M21: 2010 | R21: 2011 | W21: 2012 | AB21: 2013 | AG21: 2014 | AL21: 2015 | AQ21: 2016 | AV21: 2017 | BA21: 2018 | BF21: 2019 | BK21: 2020 | BP21: 2021 | BU21: 2022 | BZ21: 2023 | CE21: 2024 | CJ21: 2025 | CO21: 2025
M22: I | N22: II | O22: III | P22: IV | Q22: Jumlah | R22: I | S22: II | T22: III | U22: IV | V22: Jumlah | W22: I | X22: II | Y22: III | Z22: IV | AA22: Jumlah | AB22: I | AC22: II | AD22: III | AE22: IV | AF22: Jumlah | AG22: I | AH22: II | AI22: III | AJ22: IV | AK22: Jumlah | AL22: I | AM22: II | AN22: III | AO22: IV | AP22: Jumlah | AQ22: I | AR22: II | AS22: III | AT22: IV | AU22: Jumlah | AV22: I | AW22: II | AX22: III | AY22: IV | AZ22: Jumlah | BA22: I | BB22: II | BC22: III | BD22: IV | BE22: Jumlah | BF22: I | BG22: II | BH22: III | BI22: IV | BJ22: Jumlah | BK22: I | BL22: II | BM22: III | BN22: IV | BO22: Jumlah | BP22: I | BQ22: II | BR22: III | BS22: IV | BT22: Jumlah | BU22: I | BV22: II | BW22: III | BX22: IV | BY22: Jumlah | BZ22: I | CA22: II | CB22: III | CC22: IV | CD22: Jumlah | CE22: I | CF22: II | CG22: III | CH22: IV | CI22: Jumlah | CJ22: I | CK22: II | CL22: III | CM22: IV | CN22: Jumlah | CO22: I | CP22: II | CQ22: III | CR22: IV | CS22: Jumlah
M23: =L23-1 -> -1 | N23: =M23-1 -> -2 | O23: =N23-1 -> -3 | P23: =O23-1 -> -4 | Q23: =P23-1 -> -5 | R23: =Q23-1 -> -6 | S23: =R23-1 -> -7 | T23: =S23-1 -> -8 | ... CS23: =CR23-1 -> -85
B24: Perikanan Tangkap | M24: =N24*M18/N18 -> 7339918.3 | N24: =O24*N18/O18 -> 7367481.2 | O24: =P24*O18/P18 -> 7520939.3 | P24: =R24*P18/R18 -> 7568615.6 | R24: =S24*R18/S18 -> 7660988.5 | S24: =T24*S18/T18 -> 7747401.8 | T24: =U24*T18/U18 -> 7827110.7 | U24: =W24*U18/W18 -> 7854673.5 | W24: =X24*W18/X18 -> 7900115 | X24: =Y24*X18/Y18 -> 7963435.1 | Y24: =Z24*Y18/Z18 -> 8078901.2 | Z24: =AB24*Z18/AB18 -> 8118383.2 | AB24: =AC24*AB18/AC18 -> 8253217.8 | AC24: =AD24*AC18/AD18 -> 8305363.7 | AD24: =AE24*AD18/AE18 -> 8595891.3 | AE24: =AG24*AE18/AG18 -> 8645057.5 | AG24: =AH24*AG18/AH18 -> 8890143.6 | AH24: =AI24*AH18/AI18 -> 8971342.3 | AI24: =AJ24*AI18/AJ18 -> 9280493.4 | AJ24: =AL24*AJ18/AL18 -> 9442890.9 | AL24: =AM24*AL18/AM18 -> 9711070.2 | AM24: =AN24*AM18/AN18 -> 9751297.1 | AN24: =AO24*AN18/AO18 -> 10027671 | AO24: =AQ24*AO18/AQ18 -> 10022456 | AQ24: =AR24*AQ18/AR18 -> 10052254 | AR24: =AS24*AR18/AS18 -> 10072367 | AS24: =AT24*AS18/AT18 -> 10237000 | AT24: =AV24*AT18/AV18 -> 10308514 | AV24: =AW24*AV18/AW18 -> 10509649 | AW24: =AX24*AW18/AX18 -> 10625860 | AX24: =AY24*AX18/AY18 -> 10795706 | AY24: =BA24*AY18/BA18 -> 10864241 | BA24: =BB24*BA18/BB18 -> 11082509 | BB24: =BC24*BB18/BC18 -> 11172647 | BC24: =BD24*BC18/BD18 -> 11360373 | BD24: =BF24*BD18/BF18 -> 11308972 | BF24: 11288113 | BG24: 25123396 | BH24: 28039260 | BI24: 21167297 | BK24: 18622076 | BL24: 23659216 | BM24: 23714951 | BN24: 20747544 | BP24: 18765434 | BQ24: 22958306 | BR24: 27917803 | BS24: 24537434 | BU24: 19506559 | BV24: 23117365 | BW24: 20417871 | BX24: 20726706 | BZ24: 20901190 | CA24: 25575244 | CB24: 23240809 | CC24: 20510160 | CE24: 20681316 | CF24: 23873976 | CG24: 24348246 | CH24: 23690341 | CJ24: 20477635 | CK24: 21417172 | CL24: 27272194 | CM24: 24818555 | CO24: =CM24+(CM24*1.52/100) -> 25195797
B30: DATA TERBARU PER TANGGAL 29 MEI 2024 PUKUL 10.46 | BU30: 2022 | BZ30: 2023 | CE30: 2024
BU31: I | BV31: II | BW31: III | BX31: IV | BY31: Jumlah | BZ31: I | CA31: II | CB31: III | CC31: IV | CD31: Jumlah | CE31: I | CF31: II | CG31: III | CH31: IV | CI31: Jumlah
BU32: =BT32-1 -> -1 | BV32: =BU32-1 -> -2 | BW32: =BV32-1 -> -3 | BX32: =BW32-1 -> -4 | BY32: =BX32-1 -> -5 | BZ32: =BY32-1 -> -6 | CA32: =BZ32-1 -> -7 | CB32: =CA32-1 -> -8 | ... CI32: =CH32-1 -> -15
BU33: 8015.256 | BV33: 4665.455 | BW33: 9303.76 | BX33: 10058.887 | BY33: 0 | BZ33: 11366.47 | CA33: 5321.45 | CB33: 4754.47 | CC33: 6431.25 | CE33: 9281.51 | CF33: 4391.59
BU34: 11367.548 | BV34: 13358.201 | BW34: 8605.463 | BX34: 6832.258 | BY34: 0 | BZ34: 7594.56 | CA34: 8025.27 | CB34: 8535.39 | CC34: 9792.17 | CE34: 12578.01 | CF34: 10960.67
BU36: =sum(BU33:BU34) -> 19382.804 | BV36: =sum(BV33:BV34) -> 18023.656 | BW36: =sum(BW33:BW34) -> 17909.223 | BX36: =sum(BX33:BX34) -> 16891.145 | BY36: =sum(BY33:BY34) -> 0 | BZ36: =sum(BZ33:BZ34) -> 18961.03 | CA36: =sum(CA33:CA34) -> 13346.72 | CB36: =sum(CB33:CB34) -> 13289.86 | ... CI36: =sum(CI33:CI34) -> 0
B38: Q to Q | BU38: =BU36/BS36*100-100 -> #DIV/0! | BV38: =BV36/BU36*100-100 -> -7.012133 | BW38: =BW36/BV36*100-100 -> -0.63490448 | BX38: =BX36/BW36*100-100 -> -5.6846576 | BZ38: =BZ36/BX36*100-100 -> 12.254261 | CA38: =CA36/BZ36*100-100 -> -29.609731 | CB38: =CB36/CA36*100-100 -> -0.42602227 | CC38: =CC36/CB36*100-100 -> 22.073671 | CE38: =CE36/CC36*100-100 -> 34.740517 | CF38: =CF36/CE36*100-100 -> -29.76854 | CG38: =CG36/CF36*100-100 -> -100 | CH38: =CH36/CG36*100-100 -> #DIV/0!
B39: Y on Y | BU39: =BU36/BP36*100-100 -> #DIV/0! | BV39: =BV36/BQ36*100-100 -> #DIV/0! | BW39: =BW36/BR36*100-100 -> #DIV/0! | BX39: =BX36/BS36*100-100 -> #DIV/0! | BZ39: =BZ36/BU36*100-100 -> -2.1760216 | CA39: =CA36/BV36*100-100 -> -25.948875 | CB39: =CB36/BW36*100-100 -> -25.793207 | CC39: =CC36/BX36*100-100 -> -3.9531068 | CE39: =CE36/BZ36*100-100 -> 15.286564 | CF39: =CF36/CA36*100-100 -> 15.026463 | CG39: =CG36/CB36*100-100 -> -100 | CH39: =CH36/CC36*100-100 -> -100
B40: C to C | BU40: =BU36/BP36*100-100 -> #DIV/0! | BV40: =SUM(BU36:BV36)/SUM(BP36:BQ36)*100-100 -> #DIV/0! | BW40: =SUM(BU36:BW36)/SUM(BP36:BR36)*100-100 -> #DIV/0! | BX40: =SUM(BU36:BX36)/SUM(BP36:BS36)*100-100 -> #DIV/0! | BZ40: =BZ36/BU36*100-100 -> -2.1760216 | CA40: =SUM(BZ36:CA36)/SUM(BU36:BV36)*100-100 -> -13.63056 | CB40: =SUM(BZ36:CB36)/SUM(BU36:BW36)*100-100 -> -17.568387 | CC40: =SUM(BZ36:CC36)/SUM(BU36:BX36)*100-100 -> -14.383402 | CE40: =CE36/BZ36*100-100 -> 15.286564 | CF40: =SUM(CE36:CF36)/SUM(BZ36:CA36)*100-100 -> 15.179113 | CG40: =SUM(CE36:CG36)/SUM(BZ36:CB36)*100-100 -> -18.390942 | CH40: =SUM(CE36:CH36)/SUM(BZ36:CC36)*100-100 -> -39.807247
BY42: Data sebelum perubahan | BZ42: 11190.55 | CA42: 5240.26 | CB42: 4726.27 | CC42: 10913.01
BY43: Data sebelum perubahan | BZ43: 14752.43 | CA43: 13506.73 | CB43: 11511.1 | CC43: 26293.82
CC48: DATA PPS DARI IG
CC50: 45681 | CD50: 1757808 | CF50: 45682 | CG50: 1217280 | CI50: Januari 2026 | CJ50: =1275828+479365 -> 1755193
CC51: 45712 | CD51: 2368331 | CF51: 45713 | CG51: 885112 | CI51: Februari 2026 | CJ51: =1845837+693240 -> 2539077
CC52: 45740 | CD52: 2339668 | CF52: 45741 | CG52: 1108536 | CI52: Maret 2026 | CJ52: 2339187
CC53: 45771 | CD53: 1037222 | CF53: 45772
CC54: 45801 | CD54: 990494 | CF54: 45802
CC55: 45832 | CD55: 849049 | CF55: 45833 | CG55: 1148164
CC56: 45862 | CD56: 970434 | CF56: 45863 | CG56: 1031640
CC57: 45893 | CD57: 1512590 | CF57: 45894 | CG57: 1258208
CC58: 45924 | CD58: 1277393 | CF58: 45925 | CG58: 1331123
CC59: 45954 | CD59: 1229250 | CF59: 45955
CC60: 45985 | CD60: 836999 | CF60: 45986 | CG60: 1835077
CC61: 46015 | CD61: 1427593 | CF61: 46016 | CG61: 2169350

Sheet ADHK
A1: Home | B1: 1.1 Pertanian, Kehutanan & Perikanan | D1: 2010 | E1: 2012 | F1: 2014 | G1: 2016 | H1: 2018 | I1: 2020 | J1: 2022 | K1: 2024 | U1: 2010 | V1: 2012 | W1: 2014 | X1: 2016 | Y1: 2018 | Z1: 2020 | AA1: 2022 | AB1: 2024 | AL1: 2010 | AM1: 2012 | AN1: 2014 | AO1: 2016 | AP1: 2018 | AQ1: 2020 | AR1: 2022 | AS1: 2024 | BC1: 2010 | BD1: 2012 | BE1: 2014 | BF1: 2016 | BG1: 2018 | BH1: 2020 | BI1: 2022 | BJ1: 2024 | BT1: 2010 | BU1: 2012 | BV1: 2014 | BW1: 2016 | BX1: 2018 | BY1: 2020 | BZ1: 2022 | CA1: 2024 | CK1: 2010 | CL1: 2012 | CM1: 2014 | CN1: 2016 | CO1: 2018 | CP1: 2020 | CQ1: 2022 | CR1: 2024 | DB1: 2010 | DC1: 2012 | DD1: 2014 | DE1: 2016 | DF1: 2018 | DG1: 2020 | DH1: 2022 | DI1: 2024 | DS1: 2010 | DT1: 2012 | DU1: 2014 | DV1: 2016 | DW1: 2018 | DX1: 2020 | DY1: 2022 | DZ1: 2024 | EJ1: 2010 | EK1: 2012 | EL1: 2014 | EM1: 2016 | EN1: 2018 | EO1: 2020 | EP1: 2022 | EQ1: 2024 | FA1: 2010 | FB1: 2012 | FC1: 2014 | FD1: 2016 | FE1: 2018 | FF1: 2020 | FG1: 2022 | FH1: 2024 | FR1: 2010 | FS1: 2012 | FT1: 2014 | FU1: 2016 | FV1: 2018 | FW1: 2020 | FX1: 2022 | FY1: 2024 | GI1: 2010 | GJ1: 2012 | GK1: 2014 | GL1: 2016 | GM1: 2018 | GN1: 2020 | GO1: 2022 | GP1: 2024 | GZ1: 2010 | HA1: 2012 | HB1: 2014 | HC1: 2016 | HD1: 2018 | HE1: 2020 | HF1: 2022 | HG1: 2024 | HQ1: 2010 | HR1: 2012 | HS1: 2014 | HT1: 2016 | HU1: 2018 | HV1: 2020 | HW1: 2022 | HX1: 2024 | IH1: 2010 | II1: 2012 | IJ1: 2014 | IK1: 2016 | IL1: 2018 | IM1: 2020 | IN1: 2022 | IO1: 2024 | IY1: 2010 | IZ1: 2012 | JA1: 2014 | JB1: 2016 | JC1: 2018 | JD1: 2020 | JE1: 2022 | JF1: 2024 | JP1: 2010 | JQ1: 2012 | JR1: 2014 | JS1: 2016 | JT1: 2018 | JU1: 2020 | JV1: 2022 | JW1: 2024 | KG1: 2010 | KH1: 2012 | KI1: 2014 | KJ1: 2016 | KK1: 2018 | KL1: 2020 | KM1: 2022 | KN1: 2024
D2: 2011 | E2: 2013 | F2: 2015 | G2: 2017 | H2: 2019 | I2: 2021 | J2: 2023 | K2: 2025 | U2: 2011 | V2: 2013 | W2: 2015 | X2: 2017 | Y2: 2019 | Z2: 2021 | AA2: 2023 | AB2: 2025 | AL2: 2011 | AM2: 2013 | AN2: 2015 | AO2: 2017 | AP2: 2019 | AQ2: 2021 | AR2: 2023 | AS2: 2025 | BC2: 2011 | BD2: 2013 | BE2: 2015 | BF2: 2017 | BG2: 2019 | BH2: 2021 | BI2: 2023 | BJ2: 2025 | BT2: 2011 | BU2: 2013 | BV2: 2015 | BW2: 2017 | BX2: 2019 | BY2: 2021 | BZ2: 2023 | CA2: 2025 | CK2: 2011 | CL2: 2013 | CM2: 2015 | CN2: 2017 | CO2: 2019 | CP2: 2021 | CQ2: 2023 | CR2: 2025 | DB2: 2011 | DC2: 2013 | DD2: 2015 | DE2: 2017 | DF2: 2019 | DG2: 2021 | DH2: 2023 | DI2: 2025 | DS2: 2011 | DT2: 2013 | DU2: 2015 | DV2: 2017 | DW2: 2019 | DX2: 2021 | DY2: 2023 | DZ2: 2025 | EJ2: 2011 | EK2: 2013 | EL2: 2015 | EM2: 2017 | EN2: 2019 | EO2: 2021 | EP2: 2023 | EQ2: 2025 | FA2: 2011 | FB2: 2013 | FC2: 2015 | FD2: 2017 | FE2: 2019 | FF2: 2021 | FG2: 2023 | FH2: 2025 | FR2: 2011 | FS2: 2013 | FT2: 2015 | FU2: 2017 | FV2: 2019 | FW2: 2021 | FX2: 2023 | FY2: 2025 | GI2: 2011 | GJ2: 2013 | GK2: 2015 | GL2: 2017 | GM2: 2019 | GN2: 2021 | GO2: 2023 | GP2: 2025 | GZ2: 2011 | HA2: 2013 | HB2: 2015 | HC2: 2017 | HD2: 2019 | HE2: 2021 | HF2: 2023 | HG2: 2025 | HQ2: 2011 | HR2: 2013 | HS2: 2015 | HT2: 2017 | HU2: 2019 | HV2: 2021 | HW2: 2023 | HX2: 2025 | IH2: 2011 | II2: 2013 | IJ2: 2015 | IK2: 2017 | IL2: 2019 | IM2: 2021 | IN2: 2023 | IO2: 2025 | IY2: 2011 | IZ2: 2013 | JA2: 2015 | JB2: 2017 | JC2: 2019 | JD2: 2021 | JE2: 2023 | JF2: 2025 | JP2: 2011 | JQ2: 2013 | JR2: 2015 | JS2: 2017 | JT2: 2019 | JU2: 2021 | JV2: 2023 | JW2: 2025 | KG2: 2011 | KH2: 2013 | KI2: 2015 | KJ2: 2017 | KK2: 2019 | KL2: 2021 | KM2: 2023 | KN2: 2025
B4: Wilayah | C4: : Provinsi Sulawesi Tenggara | G4: Lembar Pengolahan Penghitungan | P4: ADHK | S4: Wilayah | T4: =C4 -> : Provinsi Sulawesi Tenggara | X4: Lembar Pengolahan Penghitungan | AG4: ADHK | AJ4: Wilayah | AK4: =T4 -> : Provinsi Sulawesi Tenggara | AO4: Lembar Pengolahan Penghitungan | AX4: ADHK | BA4: Wilayah | BB4: =AK4 -> : Provinsi Sulawesi Tenggara | BF4: Lembar Pengolahan Penghitungan | BO4: ADHK | BR4: Wilayah | BS4: =BB4 -> : Provinsi Sulawesi Tenggara | BW4: Lembar Pengolahan Penghitungan | CF4: ADHK | CI4: Wilayah | CJ4: =BS4 -> : Provinsi Sulawesi Tenggara | CN4: Lembar Pengolahan Penghitungan | CW4: ADHK | CZ4: Wilayah | DA4: =CJ4 -> : Provinsi Sulawesi Tenggara | DE4: Lembar Pengolahan Penghitungan | DN4: ADHK | DQ4: Wilayah | DR4: =DA4 -> : Provinsi Sulawesi Tenggara | DV4: Lembar Pengolahan Penghitungan | EE4: ADHK | EH4: Wilayah | EI4: =DR4 -> : Provinsi Sulawesi Tenggara | EM4: Lembar Pengolahan Penghitungan | EV4: ADHK | EY4: Wilayah | EZ4: =EI4 -> : Provinsi Sulawesi Tenggara | FD4: Lembar Pengolahan Penghitungan | FM4: ADHK | FP4: Wilayah | FQ4: =EZ4 -> : Provinsi Sulawesi Tenggara | FU4: Lembar Pengolahan Penghitungan | GD4: ADHK | GG4: Wilayah | GH4: =FQ4 -> : Provinsi Sulawesi Tenggara | GL4: Lembar Pengolahan Penghitungan | GU4: ADHK | GX4: Wilayah | GY4: =GH4 -> : Provinsi Sulawesi Tenggara | HC4: Lembar Pengolahan Penghitungan | HL4: ADHK | HO4: Wilayah | HP4: =GY4 -> : Provinsi Sulawesi Tenggara | HT4: Lembar Pengolahan Penghitungan | IC4: ADHK | IF4: Wilayah | IG4: =HP4 -> : Provinsi Sulawesi Tenggara | IK4: Lembar Pengolahan Penghitungan | IT4: ADHK | IW4: Wilayah | IX4: =IG4 -> : Provinsi Sulawesi Tenggara | JB4: Lembar Pengolahan Penghitungan | JK4: ADHK | JN4: Wilayah | JO4: =IX4 -> : Provinsi Sulawesi Tenggara | JS4: Lembar Pengolahan Penghitungan | KB4: ADHK | KE4: Wilayah | KF4: =JO4 -> : Provinsi Sulawesi Tenggara | KJ4: Lembar Pengolahan Penghitungan | KS4: ADHK
B5: Kategori | C5: : Pertanian, Kehutanan, dan Perikanan | G5: Nilai Tambah Bruto | S5: Kategori | T5: : Pertanian, Kehutanan, dan Perikanan | X5: Nilai Tambah Bruto | AJ5: Kategori | AK5: : Pertanian, Kehutanan, dan Perikanan | AO5: Nilai Tambah Bruto | BA5: Kategori | BB5: : Pertanian, Kehutanan, dan Perikanan | BF5: Nilai Tambah Bruto | BR5: Kategori | BS5: : Pertanian, Kehutanan, dan Perikanan | BW5: Nilai Tambah Bruto | CI5: Kategori | CJ5: : Pertanian, Kehutanan, dan Perikanan | CN5: Nilai Tambah Bruto | CZ5: Kategori | DA5: : Pertanian, Kehutanan, dan Perikanan | DE5: Nilai Tambah Bruto | DQ5: Kategori | DR5: : Pertanian, Kehutanan, dan Perikanan | DV5: Nilai Tambah Bruto | EH5: Kategori | EI5: : Pertanian, Kehutanan, dan Perikanan | EM5: Nilai Tambah Bruto | EY5: Kategori | EZ5: : Pertanian, Kehutanan, dan Perikanan | FD5: Nilai Tambah Bruto | FP5: Kategori | FQ5: : Pertanian, Kehutanan, dan Perikanan | FU5: Nilai Tambah Bruto | GG5: Kategori | GH5: : Pertanian, Kehutanan, dan Perikanan | GL5: Nilai Tambah Bruto | GX5: Kategori | GY5: : Pertanian, Kehutanan, dan Perikanan | HC5: Nilai Tambah Bruto | HO5: Kategori | HP5: : Pertanian, Kehutanan, dan Perikanan | HT5: Nilai Tambah Bruto | IF5: Kategori | IG5: : Pertanian, Kehutanan, dan Perikanan | IK5: Nilai Tambah Bruto | IW5: Kategori | IX5: : Pertanian, Kehutanan, dan Perikanan | JB5: Nilai Tambah Bruto | JN5: Kategori | JO5: : Pertanian, Kehutanan, dan Perikanan | JS5: Nilai Tambah Bruto | KE5: Kategori | KF5: : Pertanian, Kehutanan, dan Perikanan | KJ5: Nilai Tambah Bruto
B6: Subkategori | C6: : Perikanan | G6: Atas Dasar Harga Konstan 2010=100 | P6: 2010 | S6: Subkategori | T6: : Perikanan | X6: Atas Dasar Harga Konstan 2010=100 | AG6: =P6+1 -> 2011 | AJ6: Subkategori | AK6: : Perikanan | AO6: Atas Dasar Harga Konstan 2010=100 | AX6: =AG6+1 -> 2012 | BA6: Subkategori | BB6: : Perikanan | BF6: Atas Dasar Harga Konstan 2010=100 | BO6: =AX6+1 -> 2013 | BR6: Subkategori | BS6: : Perikanan | BW6: Atas Dasar Harga Konstan 2010=100 | CF6: =BO6+1 -> 2014 | CI6: Subkategori | CJ6: : Perikanan | CN6: Atas Dasar Harga Konstan 2010=100 | CW6: =CF6+1 -> 2015 | CZ6: Subkategori | DA6: : Perikanan | DE6: Atas Dasar Harga Konstan 2010=100 | DN6: =CW6+1 -> 2016 | DQ6: Subkategori | DR6: : Perikanan | DV6: Atas Dasar Harga Konstan 2010=100 | EE6: =DN6+1 -> 2017 | EH6: Subkategori | EI6: : Perikanan | EM6: Atas Dasar Harga Konstan 2010=100 | EV6: =EE6+1 -> 2018 | EY6: Subkategori | EZ6: : Perikanan | FD6: Atas Dasar Harga Konstan 2010=100 | FM6: =EV6+1 -> 2019 | FP6: Subkategori | FQ6: : Perikanan | FU6: Atas Dasar Harga Konstan 2010=100 | GD6: =FM6+1 -> 2020 | GG6: Subkategori | GH6: : Perikanan | GL6: Atas Dasar Harga Konstan 2010=100 | GU6: =GD6+1 -> 2021 | GX6: Subkategori | GY6: : Perikanan | HC6: Atas Dasar Harga Konstan 2010=100 | HL6: =GU6+1 -> 2022 | HO6: Subkategori | HP6: : Perikanan | HT6: Atas Dasar Harga Konstan 2010=100 | IC6: =HL6+1 -> 2023 | IF6: Subkategori | IG6: : Perikanan | IK6: Atas Dasar Harga Konstan 2010=100 | IT6: =IC6+1 -> 2024 | IW6: Subkategori | IX6: : Perikanan | JB6: Atas Dasar Harga Konstan 2010=100 | JK6: =IT6+1 -> 2025 | JN6: Subkategori | JO6: : Perikanan | JS6: Atas Dasar Harga Konstan 2010=100 | KB6: =JK6+1 -> 2026 | KE6: Subkategori | KF6: : Perikanan | KJ6: Atas Dasar Harga Konstan 2010=100 | KS6: =KB6+1 -> 2027
B7: Jenis Kegiatan | C7: : Perikanan | G7: ="Tahun "&P$6 -> Tahun 2010 | S7: Jenis Kegiatan | T7: : Perikanan | X7: ="Tahun "&AG$6 -> Tahun 2011 | AJ7: Jenis Kegiatan | AK7: : Perikanan | AO7: ="Tahun "&AX$6 -> Tahun 2012 | BA7: Jenis Kegiatan | BB7: : Perikanan | BF7: ="Tahun "&BO$6 -> Tahun 2013 | BR7: Jenis Kegiatan | BS7: : Perikanan | BW7: ="Tahun "&CF$6 -> Tahun 2014 | CI7: Jenis Kegiatan | CJ7: : Perikanan | CN7: ="Tahun "&CW$6 -> Tahun 2015 | CZ7: Jenis Kegiatan | DA7: : Perikanan | DE7: ="Tahun "&DN$6 -> Tahun 2016 | DQ7: Jenis Kegiatan | DR7: : Perikanan | DV7: ="Tahun "&EE$6 -> Tahun 2017 | EH7: Jenis Kegiatan | EI7: : Perikanan | EM7: ="Tahun "&EV$6 -> Tahun 2018 | EY7: Jenis Kegiatan | EZ7: : Perikanan | FD7: ="Tahun "&FM$6 -> Tahun 2019 | FP7: Jenis Kegiatan | FQ7: : Perikanan | FU7: ="Tahun "&GD$6 -> Tahun 2020 | GG7: Jenis Kegiatan | GH7: : Perikanan | GL7: ="Tahun "&GU$6 -> Tahun 2021 | GX7: Jenis Kegiatan | GY7: : Perikanan | HC7: ="Tahun "&HL$6 -> Tahun 2022 | HO7: Jenis Kegiatan | HP7: : Perikanan | HT7: ="Tahun "&IC$6 -> Tahun 2023 | IF7: Jenis Kegiatan | IG7: : Perikanan | IK7: ="Tahun "&IT$6 -> Tahun 2024 | IW7: Jenis Kegiatan | IX7: : Perikanan | JB7: ="Tahun "&JK$6 -> Tahun 2025 | JN7: Jenis Kegiatan | JO7: : Perikanan | JS7: ="Tahun "&KB$6 -> Tahun 2026 | KE7: Jenis Kegiatan | KF7: : Perikanan | KJ7: ="Tahun "&KS$6 -> Tahun 2027
B8: Metode Estimasi Output | C8: : Revaluasi | S8: Metode Estimasi Output | T8: : Revaluasi | AJ8: Metode Estimasi Output | AK8: : Revaluasi | BA8: Metode Estimasi Output | BB8: : Revaluasi | BR8: Metode Estimasi Output | BS8: : Revaluasi | CI8: Metode Estimasi Output | CJ8: : Revaluasi | CZ8: Metode Estimasi Output | DA8: : Revaluasi | DQ8: Metode Estimasi Output | DR8: : Revaluasi | EH8: Metode Estimasi Output | EI8: : Revaluasi | EY8: Metode Estimasi Output | EZ8: : Revaluasi | FP8: Metode Estimasi Output | FQ8: : Revaluasi | GG8: Metode Estimasi Output | GH8: : Revaluasi | GX8: Metode Estimasi Output | GY8: : Revaluasi | HO8: Metode Estimasi Output | HP8: : Revaluasi | IF8: Metode Estimasi Output | IG8: : Revaluasi | IW8: Metode Estimasi Output | IX8: : Revaluasi | JN8: Metode Estimasi Output | JO8: : Revaluasi | KE8: Metode Estimasi Output | KF8: : Revaluasi
A10: No. | B10: Subkategori/Jenis Kegiatan/Uraian Komoditi | C10: Output Utama | H10: Output Ikutan | J10: CBR/WIP | M10: Output ADH Produsen (Juta Rp) [(7)+(9)+(12)] | N10: Konsumsi Antara | P10: Nilai Tambah Bruto (Juta Rp) (13)-(15) | R10: No. | S10: Subkategori/Jenis Kegiatan/Uraian Komoditi | T10: Output Utama | Y10: Output Ikutan | AA10: CBR/WIP | AD10: Output ADH Produsen (Juta Rp) [(7)+(9)+(12)] | AE10: Konsumsi Antara | AG10: Nilai Tambah Bruto (Juta Rp) (13)-(15) | AI10: No. | AJ10: Subkategori/Jenis Kegiatan/Uraian Komoditi | AK10: Output Utama | AP10: Output Ikutan | AR10: CBR/WIP | AU10: Output ADH Produsen (Juta Rp) [(7)+(9)+(12)] | AV10: Konsumsi Antara | AX10: Nilai Tambah Bruto (Juta Rp) (13)-(15) | AZ10: No. | BA10: Subkategori/Jenis Kegiatan/Uraian Komoditi | BB10: Output Utama | BG10: Output Ikutan | BI10: CBR/WIP | BL10: Output ADH Produsen (Juta Rp) [(7)+(9)+(12)] | BM10: Konsumsi Antara | BO10: Nilai Tambah Bruto (Juta Rp) (13)-(15) | BQ10: No. | BR10: Subkategori/Jenis Kegiatan/Uraian Komoditi | BS10: Output Utama | BX10: Output Ikutan | BZ10: CBR/WIP | CC10: Output ADH Produsen (Juta Rp) [(7)+(9)+(12)] | CD10: Konsumsi Antara | CF10: Nilai Tambah Bruto (Juta Rp) (13)-(15) | CH10: No. | CI10: Subkategori/Jenis Kegiatan/Uraian Komoditi | CJ10: Output Utama | CO10: Output Ikutan | CQ10: CBR/WIP | CT10: Output ADH Produsen (Juta Rp) [(7)+(9)+(12)] | CU10: Konsumsi Antara | CW10: Nilai Tambah Bruto (Juta Rp) (13)-(15) | CY10: No. | CZ10: Subkategori/Jenis Kegiatan/Uraian Komoditi | DA10: Output Utama | DF10: Output Ikutan | DH10: CBR/WIP | DK10: Output ADH Produsen (Juta Rp) [(7)+(9)+(12)] | DL10: Konsumsi Antara | DN10: Nilai Tambah Bruto (Juta Rp) (13)-(15) | DP10: No. | DQ10: Subkategori/Jenis Kegiatan/Uraian Komoditi | DR10: Output Utama | DW10: Output Ikutan | DY10: CBR/WIP | EB10: Output ADH Produsen (Juta Rp) [(7)+(9)+(12)] | EC10: Konsumsi Antara | EE10: Nilai Tambah Bruto (Juta Rp) (13)-(15) | EG10: No. | EH10: Subkategori/Jenis Kegiatan/Uraian Komoditi | EI10: Output Utama | EN10: Output Ikutan | EP10: CBR/WIP | ES10: Output ADH Produsen (Juta Rp) [(7)+(9)+(12)] | ET10: Konsumsi Antara | EV10: Nilai Tambah Bruto (Juta Rp) (13)-(15) | EX10: No. | EY10: Subkategori/Jenis Kegiatan/Uraian Komoditi | EZ10: Output Utama | FE10: Output Ikutan | FG10: CBR/WIP | FJ10: Output ADH Produsen (Juta Rp) [(7)+(9)+(12)] | FK10: Konsumsi Antara | FM10: Nilai Tambah Bruto (Juta Rp) (13)-(15) | FO10: No. | FP10: Subkategori/Jenis Kegiatan/Uraian Komoditi | FQ10: Output Utama | FV10: Output Ikutan | FX10: CBR/WIP | GA10: Output ADH Produsen (Juta Rp) [(7)+(9)+(12)] | GB10: Konsumsi Antara | GD10: Nilai Tambah Bruto (Juta Rp) (13)-(15) | GF10: No. | GG10: Subkategori/Jenis Kegiatan/Uraian Komoditi | GH10: Output Utama | GM10: Output Ikutan | GO10: CBR/WIP | GR10: Output ADH Produsen (Juta Rp) [(7)+(9)+(12)] | GS10: Konsumsi Antara | GU10: Nilai Tambah Bruto (Juta Rp) (13)-(15) | GW10: No. | GX10: Subkategori/Jenis Kegiatan/Uraian Komoditi | GY10: Output Utama | HD10: Output Ikutan | HF10: CBR/WIP | HI10: Output ADH Produsen (Juta Rp) [(7)+(9)+(12)] | HJ10: Konsumsi Antara | HL10: Nilai Tambah Bruto (Juta Rp) (13)-(15) | HN10: No. | HO10: Subkategori/Jenis Kegiatan/Uraian Komoditi | HP10: Output Utama | HU10: Output Ikutan | HW10: CBR/WIP | HZ10: Output ADH Produsen (Juta Rp) [(7)+(9)+(12)] | IA10: Konsumsi Antara | IC10: Nilai Tambah Bruto (Juta Rp) (13)-(15) | IE10: No. | IF10: Subkategori/Jenis Kegiatan/Uraian Komoditi | IG10: Output Utama | IL10: Output Ikutan | IN10: CBR/WIP | IQ10: Output ADH Produsen (Juta Rp) [(7)+(9)+(12)] | IR10: Konsumsi Antara | IT10: Nilai Tambah Bruto (Juta Rp) (13)-(15) | IV10: No. | IW10: Subkategori/Jenis Kegiatan/Uraian Komoditi | IX10: Output Utama | JC10: Output Ikutan | JE10: CBR/WIP | JH10: Output ADH Produsen (Juta Rp) [(7)+(9)+(12)] | JI10: Konsumsi Antara | JK10: Nilai Tambah Bruto (Juta Rp) (13)-(15) | JM10: No. | JN10: Subkategori/Jenis Kegiatan/Uraian Komoditi | JO10: Output Utama | JT10: Output Ikutan | JV10: CBR/WIP | JY10: Output ADH Produsen (Juta Rp) [(7)+(9)+(12)] | JZ10: Konsumsi Antara | KB10: Nilai Tambah Bruto (Juta Rp) (13)-(15) | KD10: No. | KE10: Subkategori/Jenis Kegiatan/Uraian Komoditi | KF10: Output Utama | KK10: Output Ikutan | KM10: CBR/WIP | KP10: Output ADH Produsen (Juta Rp) [(7)+(9)+(12)] | KQ10: Konsumsi Antara | KS10: Nilai Tambah Bruto (Juta Rp) (13)-(15)
C11: Wujud/ Kegiatan | D11: Satuan/ Unit | E11: Kuantum | F11: Harga Produsen tahun 2010 (Rp/Unit) | G11: Nilai (Juta Rp) (5)x(6) | H11: Rasio Tahun 2010 | I11: Nilai (Juta Rp) (8)x(7) | J11: Deflator | K11: CBR/WIP Berlaku (Juta Rp) | L11: Nilai (Juta Rp) (11) / (10) x 100 | N11: Rasio Tahun 2010 | O11: Nilai (Juta Rp) ((13)-(12))x(14) | T11: Wujud/ Kegiatan | U11: Satuan/ Unit | V11: Kuantum | W11: Harga Produsen tahun 2010 (Rp/Unit) | X11: Nilai (Juta Rp) (5)x(6) | Y11: Rasio Tahun 2010 | Z11: Nilai (Juta Rp) (8)x(7) | AA11: Deflator | AB11: CBR/WIP Berlaku (Juta Rp) | AC11: Nilai (Juta Rp) (11) / (10) x 100 | AE11: Rasio Tahun 2010 | AF11: Nilai (Juta Rp) ((13)-(12))x(14) | AK11: Wujud/ Kegiatan | AL11: Satuan/ Unit | AM11: Kuantum | AN11: Harga Produsen tahun 2010 (Rp/Unit) | AO11: Nilai (Juta Rp) (5)x(6) | AP11: Rasio Tahun 2010 | AQ11: Nilai (Juta Rp) (8)x(7) | AR11: Deflator | AS11: CBR/WIP Berlaku (Juta Rp) | AT11: Nilai (Juta Rp) (11) / (10) x 100 | AV11: Rasio Tahun 2010 | AW11: Nilai (Juta Rp) ((13)-(12))x(14) | BB11: Wujud/ Kegiatan | BC11: Satuan/ Unit | BD11: Kuantum | BE11: Harga Produsen tahun 2010 (Rp/Unit) | BF11: Nilai (Juta Rp) (5)x(6) | BG11: Rasio Tahun 2010 | BH11: Nilai (Juta Rp) (8)x(7) | BI11: Deflator | BJ11: CBR/WIP Berlaku (Juta Rp) | BK11: Nilai (Juta Rp) (11) / (10) x 100 | BM11: Rasio Tahun 2010 | BN11: Nilai (Juta Rp) ((13)-(12))x(14) | BS11: Wujud/ Kegiatan | BT11: Satuan/ Unit | BU11: Kuantum | BV11: Harga Produsen tahun 2010 (Rp/Unit) | BW11: Nilai (Juta Rp) (5)x(6) | BX11: Rasio Tahun 2010 | BY11: Nilai (Juta Rp) (8)x(7) | BZ11: Deflator | CA11: CBR/WIP Berlaku (Juta Rp) | CB11: Nilai (Juta Rp) (11) / (10) x 100 | CD11: Rasio Tahun 2010 | CE11: Nilai (Juta Rp) ((13)-(12))x(14) | CJ11: Wujud/ Kegiatan | CK11: Satuan/ Unit | CL11: Kuantum | CM11: Harga Produsen tahun 2010 (Rp/Unit) | CN11: Nilai (Juta Rp) (5)x(6) | CO11: Rasio Tahun 2010 | CP11: Nilai (Juta Rp) (8)x(7) | CQ11: Deflator | CR11: CBR/WIP Berlaku (Juta Rp) | CS11: Nilai (Juta Rp) (11) / (10) x 100 | CU11: Rasio Tahun 2010 | CV11: Nilai (Juta Rp) ((13)-(12))x(14) | DA11: Wujud/ Kegiatan | DB11: Satuan/ Unit | DC11: Kuantum | DD11: Harga Produsen tahun 2010 (Rp/Unit) | DE11: Nilai (Juta Rp) (5)x(6) | DF11: Rasio Tahun 2010 | DG11: Nilai (Juta Rp) (8)x(7) | DH11: Deflator | DI11: CBR/WIP Berlaku (Juta Rp) | DJ11: Nilai (Juta Rp) (11) / (10) x 100 | DL11: Rasio Tahun 2010 | DM11: Nilai (Juta Rp) ((13)-(12))x(14) | DR11: Wujud/ Kegiatan | DS11: Satuan/ Unit | DT11: Kuantum | DU11: Harga Produsen tahun 2010 (Rp/Unit) | DV11: Nilai (Juta Rp) (5)x(6) | DW11: Rasio Tahun 2010 | DX11: Nilai (Juta Rp) (8)x(7) | DY11: Deflator | DZ11: CBR/WIP Berlaku (Juta Rp) | EA11: Nilai (Juta Rp) (11) / (10) x 100 | EC11: Rasio Tahun 2010 | ED11: Nilai (Juta Rp) ((13)-(12))x(14) | EI11: Wujud/ Kegiatan | EJ11: Satuan/ Unit | EK11: Kuantum | EL11: Harga Produsen tahun 2010 (Rp/Unit) | EM11: Nilai (Juta Rp) (5)x(6) | EN11: Rasio Tahun 2010 | EO11: Nilai (Juta Rp) (8)x(7) | EP11: Deflator | EQ11: CBR/WIP Berlaku (Juta Rp) | ER11: Nilai (Juta Rp) (11) / (10) x 100 | ET11: Rasio Tahun 2010 | EU11: Nilai (Juta Rp) ((13)-(12))x(14) | EZ11: Wujud/ Kegiatan | FA11: Satuan/ Unit | FB11: Kuantum | FC11: Harga Produsen tahun 2010 (Rp/Unit) | FD11: Nilai (Juta Rp) (5)x(6) | FE11: Rasio Tahun 2010 | FF11: Nilai (Juta Rp) (8)x(7) | FG11: Deflator | FH11: CBR/WIP Berlaku (Juta Rp) | FI11: Nilai (Juta Rp) (11) / (10) x 100 | FK11: Rasio Tahun 2010 | FL11: Nilai (Juta Rp) ((13)-(12))x(14) | FQ11: Wujud/ Kegiatan | FR11: Satuan/ Unit | FS11: Kuantum | FT11: Harga Produsen tahun 2010 (Rp/Unit) | FU11: Nilai (Juta Rp) (5)x(6) | FV11: Rasio Tahun 2010 | FW11: Nilai (Juta Rp) (8)x(7) | FX11: Deflator | FY11: CBR/WIP Berlaku (Juta Rp) | FZ11: Nilai (Juta Rp) (11) / (10) x 100 | GB11: Rasio Tahun 2010 | GC11: Nilai (Juta Rp) ((13)-(12))x(14) | GH11: Wujud/ Kegiatan | GI11: Satuan/ Unit | GJ11: Kuantum | GK11: Harga Produsen tahun 2010 (Rp/Unit) | GL11: Nilai (Juta Rp) (5)x(6) | GM11: Rasio Tahun 2010 | GN11: Nilai (Juta Rp) (8)x(7) | GO11: Deflator | GP11: CBR/WIP Berlaku (Juta Rp) | GQ11: Nilai (Juta Rp) (11) / (10) x 100 | GS11: Rasio Tahun 2010 | GT11: Nilai (Juta Rp) ((13)-(12))x(14) | GY11: Wujud/ Kegiatan | GZ11: Satuan/ Unit | HA11: Kuantum | HB11: Harga Produsen tahun 2010 (Rp/Unit) | HC11: Nilai (Juta Rp) (5)x(6) | HD11: Rasio Tahun 2010 | HE11: Nilai (Juta Rp) (8)x(7) | HF11: Deflator | HG11: CBR/WIP Berlaku (Juta Rp) | HH11: Nilai (Juta Rp) (11) / (10) x 100 | HJ11: Rasio Tahun 2010 | HK11: Nilai (Juta Rp) ((13)-(12))x(14) | HP11: Wujud/ Kegiatan | HQ11: Satuan/ Unit | HR11: Kuantum | HS11: Harga Produsen tahun 2010 (Rp/Unit) | HT11: Nilai (Juta Rp) (5)x(6) | HU11: Rasio Tahun 2010 | HV11: Nilai (Juta Rp) (8)x(7) | HW11: Deflator | HX11: CBR/WIP Berlaku (Juta Rp) | HY11: Nilai (Juta Rp) (11) / (10) x 100 | IA11: Rasio Tahun 2010 | IB11: Nilai (Juta Rp) ((13)-(12))x(14) | IG11: Wujud/ Kegiatan | IH11: Satuan/ Unit | II11: Kuantum | IJ11: Harga Produsen tahun 2010 (Rp/Unit) | IK11: Nilai (Juta Rp) (5)x(6) | IL11: Rasio Tahun 2010 | IM11: Nilai (Juta Rp) (8)x(7) | IN11: Deflator | IO11: CBR/WIP Berlaku (Juta Rp) | IP11: Nilai (Juta Rp) (11) / (10) x 100 | IR11: Rasio Tahun 2010 | IS11: Nilai (Juta Rp) ((13)-(12))x(14) | IX11: Wujud/ Kegiatan | IY11: Satuan/ Unit | IZ11: Kuantum | JA11: Harga Produsen tahun 2010 (Rp/Unit) | JB11: Nilai (Juta Rp) (5)x(6) | JC11: Rasio Tahun 2010 | JD11: Nilai (Juta Rp) (8)x(7) | JE11: Deflator | JF11: CBR/WIP Berlaku (Juta Rp) | JG11: Nilai (Juta Rp) (11) / (10) x 100 | JI11: Rasio Tahun 2010 | JJ11: Nilai (Juta Rp) ((13)-(12))x(14) | JO11: Wujud/ Kegiatan | JP11: Satuan/ Unit | JQ11: Kuantum | JR11: Harga Produsen tahun 2010 (Rp/Unit) | JS11: Nilai (Juta Rp) (5)x(6) | JT11: Rasio Tahun 2010 | JU11: Nilai (Juta Rp) (8)x(7) | JV11: Deflator | JW11: CBR/WIP Berlaku (Juta Rp) | JX11: Nilai (Juta Rp) (11) / (10) x 100 | JZ11: Rasio Tahun 2010 | KA11: Nilai (Juta Rp) ((13)-(12))x(14) | KF11: Wujud/ Kegiatan | KG11: Satuan/ Unit | KH11: Kuantum | KI11: Harga Produsen tahun 2010 (Rp/Unit) | KJ11: Nilai (Juta Rp) (5)x(6) | KK11: Rasio Tahun 2010 | KL11: Nilai (Juta Rp) (8)x(7) | KM11: Deflator | KN11: CBR/WIP Berlaku (Juta Rp) | KO11: Nilai (Juta Rp) (11) / (10) x 100 | KQ11: Rasio Tahun 2010 | KR11: Nilai (Juta Rp) ((13)-(12))x(14)
A12: -1 | B12: -2 | C12: -3 | D12: -4 | E12: -5 | F12: -6 | G12: -7 | H12: -8 | I12: -9 | J12: -10 | K12: -11 | L12: -12 | M12: -13 | N12: -14 | O12: -15 | P12: -16 | R12: -1 | S12: -2 | T12: -3 | U12: -4 | V12: -5 | W12: -6 | X12: -7 | Y12: -8 | Z12: -9 | AA12: -10 | AB12: -11 | AC12: -12 | AD12: -13 | AE12: -14 | AF12: -15 | AG12: -16 | AI12: -1 | AJ12: -2 | AK12: -3 | AL12: -4 | AM12: -5 | AN12: -6 | AO12: -7 | AP12: -8 | AQ12: -9 | AR12: -10 | AS12: -11 | AT12: -12 | AU12: -13 | AV12: -14 | AW12: -15 | AX12: -16 | AZ12: -1 | BA12: -2 | BB12: -3 | BC12: -4 | BD12: -5 | BE12: -6 | BF12: -7 | BG12: -8 | BH12: -9 | BI12: -10 | BJ12: -11 | BK12: -12 | BL12: -13 | BM12: -14 | BN12: -15 | BO12: -16 | BQ12: -1 | BR12: -2 | BS12: -3 | BT12: -4 | BU12: -5 | BV12: -6 | BW12: -7 | BX12: -8 | BY12: -9 | BZ12: -10 | CA12: -11 | CB12: -12 | CC12: -13 | CD12: -14 | CE12: -15 | CF12: -16 | CH12: -1 | CI12: -2 | CJ12: -3 | CK12: -4 | CL12: -5 | CM12: -6 | CN12: -7 | CO12: -8 | CP12: -9 | CQ12: -10 | CR12: -11 | CS12: -12 | CT12: -13 | CU12: -14 | CV12: -15 | CW12: -16 | CY12: -1 | CZ12: -2 | DA12: -3 | DB12: -4 | DC12: -5 | DD12: -6 | DE12: -7 | DF12: -8 | DG12: -9 | DH12: -10 | DI12: -11 | DJ12: -12 | DK12: -13 | DL12: -14 | DM12: -15 | DN12: -16 | DP12: -1 | DQ12: -2 | DR12: -3 | DS12: -4 | DT12: -5 | DU12: -6 | DV12: -7 | DW12: -8 | DX12: -9 | DY12: -10 | DZ12: -11 | EA12: -12 | EB12: -13 | EC12: -14 | ED12: -15 | EE12: -16 | EG12: -1 | EH12: -2 | EI12: -3 | EJ12: -4 | EK12: -5 | EL12: -6 | EM12: -7 | EN12: -8 | EO12: -9 | EP12: -10 | EQ12: -11 | ER12: -12 | ES12: -13 | ET12: -14 | EU12: -15 | EV12: -16 | EX12: -1 | EY12: -2 | EZ12: -3 | FA12: -4 | FB12: -5 | FC12: -6 | FD12: -7 | FE12: -8 | FF12: -9 | FG12: -10 | FH12: -11 | FI12: -12 | FJ12: -13 | FK12: -14 | FL12: -15 | FM12: -16 | FO12: -1 | FP12: -2 | FQ12: -3 | FR12: -4 | FS12: -5 | FT12: -6 | FU12: -7 | FV12: -8 | FW12: -9 | FX12: -10 | FY12: -11 | FZ12: -12 | GA12: -13 | GB12: -14 | GC12: -15 | GD12: -16 | GF12: -1 | GG12: -2 | GH12: -3 | GI12: -4 | GJ12: -5 | GK12: -6 | GL12: -7 | GM12: -8 | GN12: -9 | GO12: -10 | GP12: -11 | GQ12: -12 | GR12: -13 | GS12: -14 | GT12: -15 | GU12: -16 | GW12: -1 | GX12: -2 | GY12: -3 | GZ12: -4 | HA12: -5 | HB12: -6 | HC12: -7 | HD12: -8 | HE12: -9 | HF12: -10 | HG12: -11 | HH12: -12 | HI12: -13 | HJ12: -14 | HK12: -15 | HL12: -16 | HN12: -1 | HO12: -2 | HP12: -3 | HQ12: -4 | HR12: -5 | HS12: -6 | HT12: -7 | HU12: -8 | HV12: -9 | HW12: -10 | HX12: -11 | HY12: -12 | HZ12: -13 | IA12: -14 | IB12: -15 | IC12: -16 | IE12: -1 | IF12: -2 | IG12: -3 | IH12: -4 | II12: -5 | IJ12: -6 | IK12: -7 | IL12: -8 | IM12: -9 | IN12: -10 | IO12: -11 | IP12: -12 | IQ12: -13 | IR12: -14 | IS12: -15 | IT12: -16 | IV12: -1 | IW12: -2 | IX12: -3 | IY12: -4 | IZ12: -5 | JA12: -6 | JB12: -7 | JC12: -8 | JD12: -9 | JE12: -10 | JF12: -11 | JG12: -12 | JH12: -13 | JI12: -14 | JJ12: -15 | JK12: -16 | JM12: -1 | JN12: -2 | JO12: -3 | JP12: -4 | JQ12: -5 | JR12: -6 | JS12: -7 | JT12: -8 | JU12: -9 | JV12: -10 | JW12: -11 | JX12: -12 | JY12: -13 | JZ12: -14 | KA12: -15 | KB12: -16 | KD12: -1 | KE12: -2 | KF12: -3 | KG12: -4 | KH12: -5 | KI12: -6 | KJ12: -7 | KK12: -8 | KL12: -9 | KM12: -10 | KN12: -11 | KO12: -12 | KP12: -13 | KQ12: -14 | KR12: -15 | KS12: -16
B13: Perikanan Tangkap | S13: Perikanan Tangkap | AJ13: Perikanan Tangkap | BA13: Perikanan Tangkap | BR13: Perikanan Tangkap | CI13: Perikanan Tangkap | CZ13: Perikanan Tangkap | DQ13: Perikanan Tangkap | EH13: Perikanan Tangkap | EY13: Perikanan Tangkap | FP13: Perikanan Tangkap | GG13: Perikanan Tangkap | GX13: Perikanan Tangkap | HO13: Perikanan Tangkap | IF13: Perikanan Tangkap | IW13: Perikanan Tangkap | JN13: Perikanan Tangkap | KE13: Perikanan Tangkap
A14: 1 | B14: Ikan di Laut | D14: Ton | E14: =E115+E216+E317+E418 -> 0 | F14: =IFERROR(G14/E14*1000000,0) -> 0 | G14: =G115+G216+G317+G418 -> 0 | I14: =I115+I216+I317+I418 -> 0 | M14: =M115+M216+M317+M418 -> 0 | N14: 0.29428987 | O14: =O115+O216+O317+O418 -> 0 | P14: =IFERROR(+(IF(M14="","0",M14))-(IF(O14="","0",O14)),"") -> 0 | R14: 1 | S14: Ikan di Laut | U14: Ton | V14: =V115+V216+V317+V418 -> 0 | W14: =IFERROR(X14/V14*1000000,0) -> 0 | X14: =X115+X216+X317+X418 -> 0 | Z14: =Z115+Z216+Z317+Z418 -> 0 | AD14: =AD115+AD216+AD317+AD418 -> 0 | AE14: 0.29428987 | AF14: =AF115+AF216+AF317+AF418 -> 0 | AG14: =IFERROR(+(IF(AD14="","0",AD14))-(IF(AF14="","0",AF14)),"") -> 0 | AI14: 1 | AJ14: Ikan di Laut | AL14: Ton | AM14: =AM115+AM216+AM317+AM418 -> 0 | AN14: =IFERROR(AO14/AM14*1000000,0) -> 0 | AO14: =AO115+AO216+AO317+AO418 -> 0 | AQ14: =AQ115+AQ216+AQ317+AQ418 -> 0 | AU14: =AU115+AU216+AU317+AU418 -> 0 | AV14: 0.29428987 | AW14: =AW115+AW216+AW317+AW418 -> 0 | AX14: =IFERROR(+(IF(AU14="","0",AU14))-(IF(AW14="","0",AW14)),"") -> 0 | AZ14: 1 | BA14: Ikan di Laut | BC14: Ton | BD14: =BD115+BD216+BD317+BD418 -> 0 | BE14: =IFERROR(BF14/BD14*1000000,0) -> 0 | BF14: =BF115+BF216+BF317+BF418 -> 0 | BH14: =BH115+BH216+BH317+BH418 -> 0 | BL14: =BL115+BL216+BL317+BL418 -> 0 | BM14: 0.29428987 | BN14: =BN115+BN216+BN317+BN418 -> 0 | BO14: =IFERROR(+(IF(BL14="","0",BL14))-(IF(BN14="","0",BN14)),"") -> 0 | BQ14: 1 | BR14: Ikan di Laut | BT14: Ton | BU14: =BU115+BU216+BU317+BU418 -> 0 | BV14: =IFERROR(BW14/BU14*1000000,0) -> 0 | BW14: =BW115+BW216+BW317+BW418 -> 0 | BY14: =BY115+BY216+BY317+BY418 -> 0 | CC14: =CC115+CC216+CC317+CC418 -> 0 | CD14: 0.29428987 | CE14: =CE115+CE216+CE317+CE418 -> 0 | CF14: =IFERROR(+(IF(CC14="","0",CC14))-(IF(CE14="","0",CE14)),"") -> 0 | CH14: 1 | CI14: Ikan di Laut | CK14: Ton | CL14: =CL115+CL216+CL317+CL418 -> 0 | CM14: =IFERROR(CN14/CL14*1000000,0) -> 0 | CN14: =CN115+CN216+CN317+CN418 -> 0 | CP14: =CP115+CP216+CP317+CP418 -> 0 | CT14: =CT115+CT216+CT317+CT418 -> 0 | CU14: 0.29428987 | CV14: =CV115+CV216+CV317+CV418 -> 0 | CW14: =IFERROR(+(IF(CT14="","0",CT14))-(IF(CV14="","0",CV14)),"") -> 0 | CY14: 1 | CZ14: Ikan di Laut | DB14: Ton | DC14: =DC115+DC216+DC317+DC418 -> 0 | DD14: =IFERROR(DE14/DC14*1000000,0) -> 0 | DE14: =DE115+DE216+DE317+DE418 -> 0 | DG14: =DG115+DG216+DG317+DG418 -> 0 | DK14: =DK115+DK216+DK317+DK418 -> 0 | DL14: 0.29428987 | DM14: =DM115+DM216+DM317+DM418 -> 0 | DN14: =IFERROR(+(IF(DK14="","0",DK14))-(IF(DM14="","0",DM14)),"") -> 0 | DP14: 1 | DQ14: Ikan di Laut | DS14: Ton | DT14: =DT115+DT216+DT317+DT418 -> 0 | DU14: =IFERROR(DV14/DT14*1000000,0) -> 0 | DV14: =DV115+DV216+DV317+DV418 -> 0 | DX14: =DX115+DX216+DX317+DX418 -> 0 | EB14: =EB115+EB216+EB317+EB418 -> 0 | EC14: 0.29428987 | ED14: =ED115+ED216+ED317+ED418 -> 0 | EE14: =IFERROR(+(IF(EB14="","0",EB14))-(IF(ED14="","0",ED14)),"") -> 0 | EG14: 1 | EH14: Ikan di Laut | EJ14: Ton | EK14: =EK115+EK216+EK317+EK418 -> 0 | EL14: =IFERROR(EM14/EK14*1000000,0) -> 0 | EM14: =EM115+EM216+EM317+EM418 -> 0 | EO14: =EO115+EO216+EO317+EO418 -> 0 | ES14: =ES115+ES216+ES317+ES418 -> 0 | ET14: 0.29428987 | EU14: =EU115+EU216+EU317+EU418 -> 0 | EV14: =IFERROR(+(IF(ES14="","0",ES14))-(IF(EU14="","0",EU14)),"") -> 0 | EX14: 1 | EY14: Ikan di Laut | FA14: Ton | FB14: =FB115+FB216+FB317+FB418 -> 75521.03 | FC14: =IFERROR(FD14/FB14*1000000,0) -> 7441505.4 | FD14: =FD115+FD216+FD317+FD418 -> 561990.15 | FF14: =FF115+FF216+FF317+FF418 -> 0 | FJ14: =FJ115+FJ216+FJ317+FJ418 -> 561990.15 | FK14: 0.29428987 | FL14: =FL115+FL216+FL317+FL418 -> 165388.01 | FM14: =IFERROR(+(IF(FJ14="","0",FJ14))-(IF(FL14="","0",FL14)),"") -> 396602.15 | FO14: 1 | FP14: Ikan di Laut | FR14: Ton | FS14: =FS115+FS216+FS317+FS418 -> 67937.122 | FT14: =IFERROR(FU14/FS14*1000000,0) -> 7455153.7 | FU14: =FU115+FU216+FU317+FU418 -> 506481.69 | FW14: =FW115+FW216+FW317+FW418 -> 0 | GA14: =GA115+GA216+GA317+GA418 -> 506481.69 | GB14: 0.29428987 | GC14: =GC115+GC216+GC317+GC418 -> 149052.43 | GD14: =IFERROR(+(IF(GA14="","0",GA14))-(IF(GC14="","0",GC14)),"") -> 357429.26 | GF14: 1 | GG14: Ikan di Laut | GI14: Ton | GJ14: =GJ115+GJ216+GJ317+GJ418 -> 56423.876 | GK14: =IFERROR(GL14/GJ14*1000000,0) -> 7436684.3 | GL14: =GL115+GL216+GL317+GL418 -> 419606.55 | GN14: =GN115+GN216+GN317+GN418 -> 0 | GR14: =GR115+GR216+GR317+GR418 -> 419606.55 | GS14: 0.29428987 | GT14: =GT115+GT216+GT317+GT418 -> 123485.96 | GU14: =IFERROR(+(IF(GR14="","0",GR14))-(IF(GT14="","0",GT14)),"") -> 296120.6 | GW14: 1 | GX14: Ikan di Laut | GZ14: Ton | HA14: =HA115+HA216+HA317+HA418 -> 72206.828 | HB14: =IFERROR(HC14/HA14*1000000,0) -> 7445194.9 | HC14: =HC115+HC216+HC317+HC418 -> 537593.91 | HE14: =HE115+HE216+HE317+HE418 -> 0 | HI14: =HI115+HI216+HI317+HI418 -> 537593.91 | HJ14: 0.29428987 | HK14: =HK115+HK216+HK317+HK418 -> 158208.44 | HL14: =IFERROR(+(IF(HI14="","0",HI14))-(IF(HK14="","0",HK14)),"") -> 379385.47 | HN14: 1 | HO14: Ikan di Laut | HQ14: Ton | HR14: =HR115+HR216+HR317+HR418 -> 61821.03 | HS14: =IFERROR(HT14/HR14*1000000,0) -> 7444799.6 | HT14: =HT115+HT216+HT317+HT418 -> 460245.18 | HV14: =HV115+HV216+HV317+HV418 -> 0 | HZ14: =HZ115+HZ216+HZ317+HZ418 -> 460245.18 | IA14: 0.29428987 | IB14: =IB115+IB216+IB317+IB418 -> 135445.49 | IC14: =IFERROR(+(IF(HZ14="","0",HZ14))-(IF(IB14="","0",IB14)),"") -> 324799.69 | IE14: 1 | IF14: Ikan di Laut | IH14: Ton | II14: =II115+II216+II317+II418 -> 76096.44 | IJ14: =IFERROR(IK14/II14*1000000,0) -> 7445593.8 | IK14: =IK115+IK216+IK317+IK418 -> 566583.18 | IM14: =IM115+IM216+IM317+IM418 -> 0 | IQ14: =IQ115+IQ216+IQ317+IQ418 -> 566583.18 | IR14: 0.29428987 | IS14: =IS115+IS216+IS317+IS418 -> 166739.69 | IT14: =IFERROR(+(IF(IQ14="","0",IQ14))-(IF(IS14="","0",IS14)),"") -> 399843.49 | IV14: 1 | IW14: Ikan di Laut | IY14: Ton | IZ14: =IZ115+IZ216+IZ317+IZ418 -> 74653.743 | JA14: =IFERROR(JB14/IZ14*1000000,0) -> 7339918.3 | JB14: =JB115+JB216+JB317+JB418 -> 547952.37 | JD14: =JD115+JD216+JD317+JD418 -> 0 | JH14: =JH115+JH216+JH317+JH418 -> 547952.37 | JI14: 0.29428987 | JJ14: =JJ115+JJ216+JJ317+JJ418 -> 161256.83 | JK14: =IFERROR(+(IF(JH14="","0",JH14))-(IF(JJ14="","0",JJ14)),"") -> 386695.54 | JM14: 1 | JN14: Ikan di Laut | JP14: Ton | JQ14: =JQ115+JQ216+JQ317+JQ418 -> 18460.12 | JR14: =IFERROR(JS14/JQ14*1000000,0) -> 7339918.3 | JS14: =JS115+JS216+JS317+JS418 -> 135495.77 | JU14: =JU115+JU216+JU317+JU418 -> 0 | JY14: =JY115+JY216+JY317+JY418 -> 135495.77 | JZ14: 0.29428987 | KA14: =KA115+KA216+KA317+KA418 -> 39875.033 | KB14: =IFERROR(+(IF(JY14="","0",JY14))-(IF(KA14="","0",KA14)),"") -> 95620.74 | KD14: 1 | KE14: Ikan di Laut | KG14: Ton | KH14: =KH115+KH216+KH317+KH418 -> 0 | KI14: =IFERROR(KJ14/KH14*1000000,0) -> 0 | KJ14: =KJ115+KJ216+KJ317+KJ418 -> 0 | KL14: =KL115+KL216+KL317+KL418 -> 0 | KP14: =KP115+KP216+KP317+KP418 -> 0 | KQ14: 0.29428987 | KR14: =KR115+KR216+KR317+KR418 -> 0 | KS14: =IFERROR(+(IF(KP14="","0",KP14))-(IF(KR14="","0",KR14)),"") -> 0
A15: 2 | B15: Ikan di Perairan Umum | D15: Ton | E15: =E116+E217+E318+E419 -> 0 | F15: =IFERROR(G15/E15*1000000,0) -> 0 | G15: =G116+G217+G318+G419 -> 0 | I15: =I116+I217+I318+I419 -> 0 | M15: =M116+M217+M318+M419 -> 0 | N15: 0.29428987 | O15: =O116+O217+O318+O419 -> 0 | P15: =IFERROR(+(IF(M15="","0",M15))-(IF(O15="","0",O15)),"") -> 0 | R15: 2 | S15: Ikan di Perairan Umum | U15: Ton | V15: =V116+V217+V318+V419 -> 0 | W15: =IFERROR(X15/V15*1000000,0) -> 0 | X15: =X116+X217+X318+X419 -> 0 | Z15: =Z116+Z217+Z318+Z419 -> 0 | AD15: =AD116+AD217+AD318+AD419 -> 0 | AE15: 0.29428987 | AF15: =AF116+AF217+AF318+AF419 -> 0 | AG15: =IFERROR(+(IF(AD15="","0",AD15))-(IF(AF15="","0",AF15)),"") -> 0 | AI15: 2 | AJ15: Ikan di Perairan Umum | AL15: Ton | AM15: =AM116+AM217+AM318+AM419 -> 0 | AN15: =IFERROR(AO15/AM15*1000000,0) -> 0 | AO15: =AO116+AO217+AO318+AO419 -> 0 | AQ15: =AQ116+AQ217+AQ318+AQ419 -> 0 | AU15: =AU116+AU217+AU318+AU419 -> 0 | AV15: 0.29428987 | AW15: =AW116+AW217+AW318+AW419 -> 0 | AX15: =IFERROR(+(IF(AU15="","0",AU15))-(IF(AW15="","0",AW15)),"") -> 0 | AZ15: 2 | BA15: Ikan di Perairan Umum | BC15: Ton | BD15: =BD116+BD217+BD318+BD419 -> 0 | BE15: =IFERROR(BF15/BD15*1000000,0) -> 0 | BF15: =BF116+BF217+BF318+BF419 -> 0 | BH15: =BH116+BH217+BH318+BH419 -> 0 | BL15: =BL116+BL217+BL318+BL419 -> 0 | BM15: 0.29428987 | BN15: =BN116+BN217+BN318+BN419 -> 0 | BO15: =IFERROR(+(IF(BL15="","0",BL15))-(IF(BN15="","0",BN15)),"") -> 0 | BQ15: 2 | BR15: Ikan di Perairan Umum | BT15: Ton | BU15: =BU116+BU217+BU318+BU419 -> 0 | BV15: =IFERROR(BW15/BU15*1000000,0) -> 0 | BW15: =BW116+BW217+BW318+BW419 -> 0 | BY15: =BY116+BY217+BY318+BY419 -> 0 | CC15: =CC116+CC217+CC318+CC419 -> 0 | CD15: 0.29428987 | CE15: =CE116+CE217+CE318+CE419 -> 0 | CF15: =IFERROR(+(IF(CC15="","0",CC15))-(IF(CE15="","0",CE15)),"") -> 0 | CH15: 2 | CI15: Ikan di Perairan Umum | CK15: Ton | CL15: =CL116+CL217+CL318+CL419 -> 0 | CM15: =IFERROR(CN15/CL15*1000000,0) -> 0 | CN15: =CN116+CN217+CN318+CN419 -> 0 | CP15: =CP116+CP217+CP318+CP419 -> 0 | CT15: =CT116+CT217+CT318+CT419 -> 0 | CU15: 0.29428987 | CV15: =CV116+CV217+CV318+CV419 -> 0 | CW15: =IFERROR(+(IF(CT15="","0",CT15))-(IF(CV15="","0",CV15)),"") -> 0 | CY15: 2 | CZ15: Ikan di Perairan Umum | DB15: Ton | DC15: =DC116+DC217+DC318+DC419 -> 0 | DD15: =IFERROR(DE15/DC15*1000000,0) -> 0 | DE15: =DE116+DE217+DE318+DE419 -> 0 | DG15: =DG116+DG217+DG318+DG419 -> 0 | DK15: =DK116+DK217+DK318+DK419 -> 0 | DL15: 0.29428987 | DM15: =DM116+DM217+DM318+DM419 -> 0 | DN15: =IFERROR(+(IF(DK15="","0",DK15))-(IF(DM15="","0",DM15)),"") -> 0 | DP15: 2 | DQ15: Ikan di Perairan Umum | DS15: Ton | DT15: =DT116+DT217+DT318+DT419 -> 0 | DU15: =IFERROR(DV15/DT15*1000000,0) -> 0 | DV15: =DV116+DV217+DV318+DV419 -> 0 | DX15: =DX116+DX217+DX318+DX419 -> 0 | EB15: =EB116+EB217+EB318+EB419 -> 0 | EC15: 0.29428987 | ED15: =ED116+ED217+ED318+ED419 -> 0 | EE15: =IFERROR(+(IF(EB15="","0",EB15))-(IF(ED15="","0",ED15)),"") -> 0 | EG15: 2 | EH15: Ikan di Perairan Umum | EJ15: Ton | EK15: =EK116+EK217+EK318+EK419 -> 0 | EL15: =IFERROR(EM15/EK15*1000000,0) -> 0 | EM15: =EM116+EM217+EM318+EM419 -> 0 | EO15: =EO116+EO217+EO318+EO419 -> 0 | ES15: =ES116+ES217+ES318+ES419 -> 0 | ET15: 0.29428987 | EU15: =EU116+EU217+EU318+EU419 -> 0 | EV15: =IFERROR(+(IF(ES15="","0",ES15))-(IF(EU15="","0",EU15)),"") -> 0 | EX15: 2 | EY15: Ikan di Perairan Umum | FA15: Ton | FB15: =FB116+FB217+FB318+FB419 -> 0 | FC15: =IFERROR(FD15/FB15*1000000,0) -> 0 | FD15: =FD116+FD217+FD318+FD419 -> 0 | FF15: =FF116+FF217+FF318+FF419 -> 0 | FJ15: =FJ116+FJ217+FJ318+FJ419 -> 0 | FK15: 0.29428987 | FL15: =FL116+FL217+FL318+FL419 -> 0 | FM15: =IFERROR(+(IF(FJ15="","0",FJ15))-(IF(FL15="","0",FL15)),"") -> 0 | FO15: 2 | FP15: Ikan di Perairan Umum | FR15: Ton | FS15: =FS116+FS217+FS318+FS419 -> 0 | FT15: =IFERROR(FU15/FS15*1000000,0) -> 0 | FU15: =FU116+FU217+FU318+FU419 -> 0 | FW15: =FW116+FW217+FW318+FW419 -> 0 | GA15: =GA116+GA217+GA318+GA419 -> 0 | GB15: 0.29428987 | GC15: =GC116+GC217+GC318+GC419 -> 0 | GD15: =IFERROR(+(IF(GA15="","0",GA15))-(IF(GC15="","0",GC15)),"") -> 0 | GF15: 2 | GG15: Ikan di Perairan Umum | GI15: Ton | GJ15: =GJ116+GJ217+GJ318+GJ419 -> 0 | GK15: =IFERROR(GL15/GJ15*1000000,0) -> 0 | GL15: =GL116+GL217+GL318+GL419 -> 0 | GN15: =GN116+GN217+GN318+GN419 -> 0 | GR15: =GR116+GR217+GR318+GR419 -> 0 | GS15: 0.29428987 | GT15: =GT116+GT217+GT318+GT419 -> 0 | GU15: =IFERROR(+(IF(GR15="","0",GR15))-(IF(GT15="","0",GT15)),"") -> 0 | GW15: 2 | GX15: Ikan di Perairan Umum | GZ15: Ton | HA15: =HA116+HA217+HA318+HA419 -> 0 | HB15: =IFERROR(HC15/HA15*1000000,0) -> 0 | HC15: =HC116+HC217+HC318+HC419 -> 0 | HE15: =HE116+HE217+HE318+HE419 -> 0 | HI15: =HI116+HI217+HI318+HI419 -> 0 | HJ15: 0.29428987 | HK15: =HK116+HK217+HK318+HK419 -> 0 | HL15: =IFERROR(+(IF(HI15="","0",HI15))-(IF(HK15="","0",HK15)),"") -> 0 | HN15: 2 | HO15: Ikan di Perairan Umum | HQ15: Ton | HR15: =HR116+HR217+HR318+HR419 -> 0 | HS15: =IFERROR(HT15/HR15*1000000,0) -> 0 | HT15: =HT116+HT217+HT318+HT419 -> 0 | HV15: =HV116+HV217+HV318+HV419 -> 0 | HZ15: =HZ116+HZ217+HZ318+HZ419 -> 0 | IA15: 0.29428987 | IB15: =IB116+IB217+IB318+IB419 -> 0 | IC15: =IFERROR(+(IF(HZ15="","0",HZ15))-(IF(IB15="","0",IB15)),"") -> 0 | IE15: 2 | IF15: Ikan di Perairan Umum | IH15: Ton | II15: =II116+II217+II318+II419 -> 0 | IJ15: =IFERROR(IK15/II15*1000000,0) -> 0 | IK15: =IK116+IK217+IK318+IK419 -> 0 | IM15: =IM116+IM217+IM318+IM419 -> 0 | IQ15: =IQ116+IQ217+IQ318+IQ419 -> 0 | IR15: 0.29428987 | IS15: =IS116+IS217+IS318+IS419 -> 0 | IT15: =IFERROR(+(IF(IQ15="","0",IQ15))-(IF(IS15="","0",IS15)),"") -> 0 | IV15: 2 | IW15: Ikan di Perairan Umum | IY15: Ton | IZ15: =IZ116+IZ217+IZ318+IZ419 -> 0 | JA15: =IFERROR(JB15/IZ15*1000000,0) -> 0 | JB15: =JB116+JB217+JB318+JB419 -> 0 | JD15: =JD116+JD217+JD318+JD419 -> 0 | JH15: =JH116+JH217+JH318+JH419 -> 0 | JI15: 0.29428987 | JJ15: =JJ116+JJ217+JJ318+JJ419 -> 0 | JK15: =IFERROR(+(IF(JH15="","0",JH15))-(IF(JJ15="","0",JJ15)),"") -> 0 | JM15: 2 | JN15: Ikan di Perairan Umum | JP15: Ton | JQ15: =JQ116+JQ217+JQ318+JQ419 -> 0 | JR15: =IFERROR(JS15/JQ15*1000000,0) -> 0 | JS15: =JS116+JS217+JS318+JS419 -> 0 | JU15: =JU116+JU217+JU318+JU419 -> 0 | JY15: =JY116+JY217+JY318+JY419 -> 0 | JZ15: 0.29428987 | KA15: =KA116+KA217+KA318+KA419 -> 0 | KB15: =IFERROR(+(IF(JY15="","0",JY15))-(IF(KA15="","0",KA15)),"") -> 0 | KD15: 2 | KE15: Ikan di Perairan Umum | KG15: Ton | KH15: =KH116+KH217+KH318+KH419 -> 0 | KI15: =IFERROR(KJ15/KH15*1000000,0) -> 0 | KJ15: =KJ116+KJ217+KJ318+KJ419 -> 0 | KL15: =KL116+KL217+KL318+KL419 -> 0 | KP15: =KP116+KP217+KP318+KP419 -> 0 | KQ15: 0.29428987 | KR15: =KR116+KR217+KR318+KR419 -> 0 | KS15: =IFERROR(+(IF(KP15="","0",KP15))-(IF(KR15="","0",KR15)),"") -> 0
A16: 3 | B16: Kepiting/Rajungan | D16: Ton | E16: =E117+E218+E319+E420 -> 0 | F16: =IFERROR(G16/E16*1000000,0) -> 0 | G16: =G117+G218+G319+G420 -> 0 | I16: =I117+I218+I319+I420 -> 0 | M16: =M117+M218+M319+M420 -> 0 | N16: 0.29428987 | O16: =O117+O218+O319+O420 -> 0 | P16: =IFERROR(+(IF(M16="","0",M16))-(IF(O16="","0",O16)),"") -> 0 | R16: 3 | S16: Kepiting/Rajungan | U16: Ton | V16: =V117+V218+V319+V420 -> 0 | W16: =IFERROR(X16/V16*1000000,0) -> 0 | X16: =X117+X218+X319+X420 -> 0 | Z16: =Z117+Z218+Z319+Z420 -> 0 | AD16: =AD117+AD218+AD319+AD420 -> 0 | AE16: 0.29428987 | AF16: =AF117+AF218+AF319+AF420 -> 0 | AG16: =IFERROR(+(IF(AD16="","0",AD16))-(IF(AF16="","0",AF16)),"") -> 0 | AI16: 3 | AJ16: Kepiting/Rajungan | AL16: Ton | AM16: =AM117+AM218+AM319+AM420 -> 0 | AN16: =IFERROR(AO16/AM16*1000000,0) -> 0 | AO16: =AO117+AO218+AO319+AO420 -> 0 | AQ16: =AQ117+AQ218+AQ319+AQ420 -> 0 | AU16: =AU117+AU218+AU319+AU420 -> 0 | AV16: 0.29428987 | AW16: =AW117+AW218+AW319+AW420 -> 0 | AX16: =IFERROR(+(IF(AU16="","0",AU16))-(IF(AW16="","0",AW16)),"") -> 0 | AZ16: 3 | BA16: Kepiting/Rajungan | BC16: Ton | BD16: =BD117+BD218+BD319+BD420 -> 0 | BE16: =IFERROR(BF16/BD16*1000000,0) -> 0 | BF16: =BF117+BF218+BF319+BF420 -> 0 | BH16: =BH117+BH218+BH319+BH420 -> 0 | BL16: =BL117+BL218+BL319+BL420 -> 0 | BM16: 0.29428987 | BN16: =BN117+BN218+BN319+BN420 -> 0 | BO16: =IFERROR(+(IF(BL16="","0",BL16))-(IF(BN16="","0",BN16)),"") -> 0 | BQ16: 3 | BR16: Kepiting/Rajungan | BT16: Ton | BU16: =BU117+BU218+BU319+BU420 -> 0 | BV16: =IFERROR(BW16/BU16*1000000,0) -> 0 | BW16: =BW117+BW218+BW319+BW420 -> 0 | BY16: =BY117+BY218+BY319+BY420 -> 0 | CC16: =CC117+CC218+CC319+CC420 -> 0 | CD16: 0.29428987 | CE16: =CE117+CE218+CE319+CE420 -> 0 | CF16: =IFERROR(+(IF(CC16="","0",CC16))-(IF(CE16="","0",CE16)),"") -> 0 | CH16: 3 | CI16: Kepiting/Rajungan | CK16: Ton | CL16: =CL117+CL218+CL319+CL420 -> 0 | CM16: =IFERROR(CN16/CL16*1000000,0) -> 0 | CN16: =CN117+CN218+CN319+CN420 -> 0 | CP16: =CP117+CP218+CP319+CP420 -> 0 | CT16: =CT117+CT218+CT319+CT420 -> 0 | CU16: 0.29428987 | CV16: =CV117+CV218+CV319+CV420 -> 0 | CW16: =IFERROR(+(IF(CT16="","0",CT16))-(IF(CV16="","0",CV16)),"") -> 0 | CY16: 3 | CZ16: Kepiting/Rajungan | DB16: Ton | DC16: =DC117+DC218+DC319+DC420 -> 0 | DD16: =IFERROR(DE16/DC16*1000000,0) -> 0 | DE16: =DE117+DE218+DE319+DE420 -> 0 | DG16: =DG117+DG218+DG319+DG420 -> 0 | DK16: =DK117+DK218+DK319+DK420 -> 0 | DL16: 0.29428987 | DM16: =DM117+DM218+DM319+DM420 -> 0 | DN16: =IFERROR(+(IF(DK16="","0",DK16))-(IF(DM16="","0",DM16)),"") -> 0 | DP16: 3 | DQ16: Kepiting/Rajungan | DS16: Ton | DT16: =DT117+DT218+DT319+DT420 -> 0 | DU16: =IFERROR(DV16/DT16*1000000,0) -> 0 | DV16: =DV117+DV218+DV319+DV420 -> 0 | DX16: =DX117+DX218+DX319+DX420 -> 0 | EB16: =EB117+EB218+EB319+EB420 -> 0 | EC16: 0.29428987 | ED16: =ED117+ED218+ED319+ED420 -> 0 | EE16: =IFERROR(+(IF(EB16="","0",EB16))-(IF(ED16="","0",ED16)),"") -> 0 | EG16: 3 | EH16: Kepiting/Rajungan | EJ16: Ton | EK16: =EK117+EK218+EK319+EK420 -> 0 | EL16: =IFERROR(EM16/EK16*1000000,0) -> 0 | EM16: =EM117+EM218+EM319+EM420 -> 0 | EO16: =EO117+EO218+EO319+EO420 -> 0 | ES16: =ES117+ES218+ES319+ES420 -> 0 | ET16: 0.29428987 | EU16: =EU117+EU218+EU319+EU420 -> 0 | EV16: =IFERROR(+(IF(ES16="","0",ES16))-(IF(EU16="","0",EU16)),"") -> 0 | EX16: 3 | EY16: Kepiting/Rajungan | FA16: Ton | FB16: =FB117+FB218+FB319+FB420 -> 0 | FC16: =IFERROR(FD16/FB16*1000000,0) -> 0 | FD16: =FD117+FD218+FD319+FD420 -> 0 | FF16: =FF117+FF218+FF319+FF420 -> 0 | FJ16: =FJ117+FJ218+FJ319+FJ420 -> 0 | FK16: 0.29428987 | FL16: =FL117+FL218+FL319+FL420 -> 0 | FM16: =IFERROR(+(IF(FJ16="","0",FJ16))-(IF(FL16="","0",FL16)),"") -> 0 | FO16: 3 | FP16: Kepiting/Rajungan | FR16: Ton | FS16: =FS117+FS218+FS319+FS420 -> 0 | FT16: =IFERROR(FU16/FS16*1000000,0) -> 0 | FU16: =FU117+FU218+FU319+FU420 -> 0 | FW16: =FW117+FW218+FW319+FW420 -> 0 | GA16: =GA117+GA218+GA319+GA420 -> 0 | GB16: 0.29428987 | GC16: =GC117+GC218+GC319+GC420 -> 0 | GD16: =IFERROR(+(IF(GA16="","0",GA16))-(IF(GC16="","0",GC16)),"") -> 0 | GF16: 3 | GG16: Kepiting/Rajungan | GI16: Ton | GJ16: =GJ117+GJ218+GJ319+GJ420 -> 0 | GK16: =IFERROR(GL16/GJ16*1000000,0) -> 0 | GL16: =GL117+GL218+GL319+GL420 -> 0 | GN16: =GN117+GN218+GN319+GN420 -> 0 | GR16: =GR117+GR218+GR319+GR420 -> 0 | GS16: 0.29428987 | GT16: =GT117+GT218+GT319+GT420 -> 0 | GU16: =IFERROR(+(IF(GR16="","0",GR16))-(IF(GT16="","0",GT16)),"") -> 0 | GW16: 3 | GX16: Kepiting/Rajungan | GZ16: Ton | HA16: =HA117+HA218+HA319+HA420 -> 0 | HB16: =IFERROR(HC16/HA16*1000000,0) -> 0 | HC16: =HC117+HC218+HC319+HC420 -> 0 | HE16: =HE117+HE218+HE319+HE420 -> 0 | HI16: =HI117+HI218+HI319+HI420 -> 0 | HJ16: 0.29428987 | HK16: =HK117+HK218+HK319+HK420 -> 0 | HL16: =IFERROR(+(IF(HI16="","0",HI16))-(IF(HK16="","0",HK16)),"") -> 0 | HN16: 3 | HO16: Kepiting/Rajungan | HQ16: Ton | HR16: =HR117+HR218+HR319+HR420 -> 0 | HS16: =IFERROR(HT16/HR16*1000000,0) -> 0 | HT16: =HT117+HT218+HT319+HT420 -> 0 | HV16: =HV117+HV218+HV319+HV420 -> 0 | HZ16: =HZ117+HZ218+HZ319+HZ420 -> 0 | IA16: 0.29428987 | IB16: =IB117+IB218+IB319+IB420 -> 0 | IC16: =IFERROR(+(IF(HZ16="","0",HZ16))-(IF(IB16="","0",IB16)),"") -> 0 | IE16: 3 | IF16: Kepiting/Rajungan | IH16: Ton | II16: =II117+II218+II319+II420 -> 0 | IJ16: =IFERROR(IK16/II16*1000000,0) -> 0 | IK16: =IK117+IK218+IK319+IK420 -> 0 | IM16: =IM117+IM218+IM319+IM420 -> 0 | IQ16: =IQ117+IQ218+IQ319+IQ420 -> 0 | IR16: 0.29428987 | IS16: =IS117+IS218+IS319+IS420 -> 0 | IT16: =IFERROR(+(IF(IQ16="","0",IQ16))-(IF(IS16="","0",IS16)),"") -> 0 | IV16: 3 | IW16: Kepiting/Rajungan | IY16: Ton | IZ16: =IZ117+IZ218+IZ319+IZ420 -> 0 | JA16: =IFERROR(JB16/IZ16*1000000,0) -> 0 | JB16: =JB117+JB218+JB319+JB420 -> 0 | JD16: =JD117+JD218+JD319+JD420 -> 0 | JH16: =JH117+JH218+JH319+JH420 -> 0 | JI16: 0.29428987 | JJ16: =JJ117+JJ218+JJ319+JJ420 -> 0 | JK16: =IFERROR(+(IF(JH16="","0",JH16))-(IF(JJ16="","0",JJ16)),"") -> 0 | JM16: 3 | JN16: Kepiting/Rajungan | JP16: Ton | JQ16: =JQ117+JQ218+JQ319+JQ420 -> 0 | JR16: =IFERROR(JS16/JQ16*1000000,0) -> 0 | JS16: =JS117+JS218+JS319+JS420 -> 0 | JU16: =JU117+JU218+JU319+JU420 -> 0 | JY16: =JY117+JY218+JY319+JY420 -> 0 | JZ16: 0.29428987 | KA16: =KA117+KA218+KA319+KA420 -> 0 | KB16: =IFERROR(+(IF(JY16="","0",JY16))-(IF(KA16="","0",KA16)),"") -> 0 | KD16: 3 | KE16: Kepiting/Rajungan | KG16: Ton | KH16: =KH117+KH218+KH319+KH420 -> 0 | KI16: =IFERROR(KJ16/KH16*1000000,0) -> 0 | KJ16: =KJ117+KJ218+KJ319+KJ420 -> 0 | KL16: =KL117+KL218+KL319+KL420 -> 0 | KP16: =KP117+KP218+KP319+KP420 -> 0 | KQ16: 0.29428987 | KR16: =KR117+KR218+KR319+KR420 -> 0 | KS16: =IFERROR(+(IF(KP16="","0",KP16))-(IF(KR16="","0",KR16)),"") -> 0
A17: 4 | B17: Udang di laut/ Lobster | D17: Ton | E17: =E118+E219+E320+E421 -> 0 | F17: =IFERROR(G17/E17*1000000,0) -> 0 | G17: =G118+G219+G320+G421 -> 0 | I17: =I118+I219+I320+I421 -> 0 | M17: =M118+M219+M320+M421 -> 0 | N17: 0.29428987 | O17: =O118+O219+O320+O421 -> 0 | P17: =IFERROR(+(IF(M17="","0",M17))-(IF(O17="","0",O17)),"") -> 0 | R17: 4 | S17: Udang di laut/ Lobster | U17: Ton | V17: =V118+V219+V320+V421 -> 0 | W17: =IFERROR(X17/V17*1000000,0) -> 0 | X17: =X118+X219+X320+X421 -> 0 | Z17: =Z118+Z219+Z320+Z421 -> 0 | AD17: =AD118+AD219+AD320+AD421 -> 0 | AE17: 0.29428987 | AF17: =AF118+AF219+AF320+AF421 -> 0 | AG17: =IFERROR(+(IF(AD17="","0",AD17))-(IF(AF17="","0",AF17)),"") -> 0 | AI17: 4 | AJ17: Udang di laut/ Lobster | AL17: Ton | AM17: =AM118+AM219+AM320+AM421 -> 0 | AN17: =IFERROR(AO17/AM17*1000000,0) -> 0 | AO17: =AO118+AO219+AO320+AO421 -> 0 | AQ17: =AQ118+AQ219+AQ320+AQ421 -> 0 | AU17: =AU118+AU219+AU320+AU421 -> 0 | AV17: 0.29428987 | AW17: =AW118+AW219+AW320+AW421 -> 0 | AX17: =IFERROR(+(IF(AU17="","0",AU17))-(IF(AW17="","0",AW17)),"") -> 0 | AZ17: 4 | BA17: Udang di laut/ Lobster | BC17: Ton | BD17: =BD118+BD219+BD320+BD421 -> 0 | BE17: =IFERROR(BF17/BD17*1000000,0) -> 0 | BF17: =BF118+BF219+BF320+BF421 -> 0 | BH17: =BH118+BH219+BH320+BH421 -> 0 | BL17: =BL118+BL219+BL320+BL421 -> 0 | BM17: 0.29428987 | BN17: =BN118+BN219+BN320+BN421 -> 0 | BO17: =IFERROR(+(IF(BL17="","0",BL17))-(IF(BN17="","0",BN17)),"") -> 0 | BQ17: 4 | BR17: Udang di laut/ Lobster | BT17: Ton | BU17: =BU118+BU219+BU320+BU421 -> 0 | BV17: =IFERROR(BW17/BU17*1000000,0) -> 0 | BW17: =BW118+BW219+BW320+BW421 -> 0 | BY17: =BY118+BY219+BY320+BY421 -> 0 | CC17: =CC118+CC219+CC320+CC421 -> 0 | CD17: 0.29428987 | CE17: =CE118+CE219+CE320+CE421 -> 0 | CF17: =IFERROR(+(IF(CC17="","0",CC17))-(IF(CE17="","0",CE17)),"") -> 0 | CH17: 4 | CI17: Udang di laut/ Lobster | CK17: Ton | CL17: =CL118+CL219+CL320+CL421 -> 0 | CM17: =IFERROR(CN17/CL17*1000000,0) -> 0 | CN17: =CN118+CN219+CN320+CN421 -> 0 | CP17: =CP118+CP219+CP320+CP421 -> 0 | CT17: =CT118+CT219+CT320+CT421 -> 0 | CU17: 0.29428987 | CV17: =CV118+CV219+CV320+CV421 -> 0 | CW17: =IFERROR(+(IF(CT17="","0",CT17))-(IF(CV17="","0",CV17)),"") -> 0 | CY17: 4 | CZ17: Udang di laut/ Lobster | DB17: Ton | DC17: =DC118+DC219+DC320+DC421 -> 0 | DD17: =IFERROR(DE17/DC17*1000000,0) -> 0 | DE17: =DE118+DE219+DE320+DE421 -> 0 | DG17: =DG118+DG219+DG320+DG421 -> 0 | DK17: =DK118+DK219+DK320+DK421 -> 0 | DL17: 0.29428987 | DM17: =DM118+DM219+DM320+DM421 -> 0 | DN17: =IFERROR(+(IF(DK17="","0",DK17))-(IF(DM17="","0",DM17)),"") -> 0 | DP17: 4 | DQ17: Udang di laut/ Lobster | DS17: Ton | DT17: =DT118+DT219+DT320+DT421 -> 0 | DU17: =IFERROR(DV17/DT17*1000000,0) -> 0 | DV17: =DV118+DV219+DV320+DV421 -> 0 | DX17: =DX118+DX219+DX320+DX421 -> 0 | EB17: =EB118+EB219+EB320+EB421 -> 0 | EC17: 0.29428987 | ED17: =ED118+ED219+ED320+ED421 -> 0 | EE17: =IFERROR(+(IF(EB17="","0",EB17))-(IF(ED17="","0",ED17)),"") -> 0 | EG17: 4 | EH17: Udang di laut/ Lobster | EJ17: Ton | EK17: =EK118+EK219+EK320+EK421 -> 0 | EL17: =IFERROR(EM17/EK17*1000000,0) -> 0 | EM17: =EM118+EM219+EM320+EM421 -> 0 | EO17: =EO118+EO219+EO320+EO421 -> 0 | ES17: =ES118+ES219+ES320+ES421 -> 0 | ET17: 0.29428987 | EU17: =EU118+EU219+EU320+EU421 -> 0 | EV17: =IFERROR(+(IF(ES17="","0",ES17))-(IF(EU17="","0",EU17)),"") -> 0 | EX17: 4 | EY17: Udang di laut/ Lobster | FA17: Ton | FB17: =FB118+FB219+FB320+FB421 -> 0 | FC17: =IFERROR(FD17/FB17*1000000,0) -> 0 | FD17: =FD118+FD219+FD320+FD421 -> 0 | FF17: =FF118+FF219+FF320+FF421 -> 0 | FJ17: =FJ118+FJ219+FJ320+FJ421 -> 0 | FK17: 0.29428987 | FL17: =FL118+FL219+FL320+FL421 -> 0 | FM17: =IFERROR(+(IF(FJ17="","0",FJ17))-(IF(FL17="","0",FL17)),"") -> 0 | FO17: 4 | FP17: Udang di laut/ Lobster | FR17: Ton | FS17: =FS118+FS219+FS320+FS421 -> 0 | FT17: =IFERROR(FU17/FS17*1000000,0) -> 0 | FU17: =FU118+FU219+FU320+FU421 -> 0 | FW17: =FW118+FW219+FW320+FW421 -> 0 | GA17: =GA118+GA219+GA320+GA421 -> 0 | GB17: 0.29428987 | GC17: =GC118+GC219+GC320+GC421 -> 0 | GD17: =IFERROR(+(IF(GA17="","0",GA17))-(IF(GC17="","0",GC17)),"") -> 0 | GF17: 4 | GG17: Udang di laut/ Lobster | GI17: Ton | GJ17: =GJ118+GJ219+GJ320+GJ421 -> 0 | GK17: =IFERROR(GL17/GJ17*1000000,0) -> 0 | GL17: =GL118+GL219+GL320+GL421 -> 0 | GN17: =GN118+GN219+GN320+GN421 -> 0 | GR17: =GR118+GR219+GR320+GR421 -> 0 | GS17: 0.29428987 | GT17: =GT118+GT219+GT320+GT421 -> 0 | GU17: =IFERROR(+(IF(GR17="","0",GR17))-(IF(GT17="","0",GT17)),"") -> 0 | GW17: 4 | GX17: Udang di laut/ Lobster | GZ17: Ton | HA17: =HA118+HA219+HA320+HA421 -> 0 | HB17: =IFERROR(HC17/HA17*1000000,0) -> 0 | HC17: =HC118+HC219+HC320+HC421 -> 0 | HE17: =HE118+HE219+HE320+HE421 -> 0 | HI17: =HI118+HI219+HI320+HI421 -> 0 | HJ17: 0.29428987 | HK17: =HK118+HK219+HK320+HK421 -> 0 | HL17: =IFERROR(+(IF(HI17="","0",HI17))-(IF(HK17="","0",HK17)),"") -> 0 | HN17: 4 | HO17: Udang di laut/ Lobster | HQ17: Ton | HR17: =HR118+HR219+HR320+HR421 -> 0 | HS17: =IFERROR(HT17/HR17*1000000,0) -> 0 | HT17: =HT118+HT219+HT320+HT421 -> 0 | HV17: =HV118+HV219+HV320+HV421 -> 0 | HZ17: =HZ118+HZ219+HZ320+HZ421 -> 0 | IA17: 0.29428987 | IB17: =IB118+IB219+IB320+IB421 -> 0 | IC17: =IFERROR(+(IF(HZ17="","0",HZ17))-(IF(IB17="","0",IB17)),"") -> 0 | IE17: 4 | IF17: Udang di laut/ Lobster | IH17: Ton | II17: =II118+II219+II320+II421 -> 0 | IJ17: =IFERROR(IK17/II17*1000000,0) -> 0 | IK17: =IK118+IK219+IK320+IK421 -> 0 | IM17: =IM118+IM219+IM320+IM421 -> 0 | IQ17: =IQ118+IQ219+IQ320+IQ421 -> 0 | IR17: 0.29428987 | IS17: =IS118+IS219+IS320+IS421 -> 0 | IT17: =IFERROR(+(IF(IQ17="","0",IQ17))-(IF(IS17="","0",IS17)),"") -> 0 | IV17: 4 | IW17: Udang di laut/ Lobster | IY17: Ton | IZ17: =IZ118+IZ219+IZ320+IZ421 -> 0 | JA17: =IFERROR(JB17/IZ17*1000000,0) -> 0 | JB17: =JB118+JB219+JB320+JB421 -> 0 | JD17: =JD118+JD219+JD320+JD421 -> 0 | JH17: =JH118+JH219+JH320+JH421 -> 0 | JI17: 0.29428987 | JJ17: =JJ118+JJ219+JJ320+JJ421 -> 0 | JK17: =IFERROR(+(IF(JH17="","0",JH17))-(IF(JJ17="","0",JJ17)),"") -> 0 | JM17: 4 | JN17: Udang di laut/ Lobster | JP17: Ton | JQ17: =JQ118+JQ219+JQ320+JQ421 -> 0 | JR17: =IFERROR(JS17/JQ17*1000000,0) -> 0 | JS17: =JS118+JS219+JS320+JS421 -> 0 | JU17: =JU118+JU219+JU320+JU421 -> 0 | JY17: =JY118+JY219+JY320+JY421 -> 0 | JZ17: 0.29428987 | KA17: =KA118+KA219+KA320+KA421 -> 0 | KB17: =IFERROR(+(IF(JY17="","0",JY17))-(IF(KA17="","0",KA17)),"") -> 0 | KD17: 4 | KE17: Udang di laut/ Lobster | KG17: Ton | KH17: =KH118+KH219+KH320+KH421 -> 0 | KI17: =IFERROR(KJ17/KH17*1000000,0) -> 0 | KJ17: =KJ118+KJ219+KJ320+KJ421 -> 0 | KL17: =KL118+KL219+KL320+KL421 -> 0 | KP17: =KP118+KP219+KP320+KP421 -> 0 | KQ17: 0.29428987 | KR17: =KR118+KR219+KR320+KR421 -> 0 | KS17: =IFERROR(+(IF(KP17="","0",KP17))-(IF(KR17="","0",KR17)),"") -> 0
A18: 5 | B18: Kerang | D18: Ton | E18: =E119+E220+E321+E422 -> 0 | F18: =IFERROR(G18/E18*1000000,0) -> 0 | G18: =G119+G220+G321+G422 -> 0 | I18: =I119+I220+I321+I422 -> 0 | M18: =M119+M220+M321+M422 -> 0 | N18: 0.29428987 | O18: =O119+O220+O321+O422 -> 0 | P18: =IFERROR(+(IF(M18="","0",M18))-(IF(O18="","0",O18)),"") -> 0 | R18: 5 | S18: Kerang | U18: Ton | V18: =V119+V220+V321+V422 -> 0 | W18: =IFERROR(X18/V18*1000000,0) -> 0 | X18: =X119+X220+X321+X422 -> 0 | Z18: =Z119+Z220+Z321+Z422 -> 0 | AD18: =AD119+AD220+AD321+AD422 -> 0 | AE18: 0.29428987 | AF18: =AF119+AF220+AF321+AF422 -> 0 | AG18: =IFERROR(+(IF(AD18="","0",AD18))-(IF(AF18="","0",AF18)),"") -> 0 | AI18: 5 | AJ18: Kerang | AL18: Ton | AM18: =AM119+AM220+AM321+AM422 -> 0 | AN18: =IFERROR(AO18/AM18*1000000,0) -> 0 | AO18: =AO119+AO220+AO321+AO422 -> 0 | AQ18: =AQ119+AQ220+AQ321+AQ422 -> 0 | AU18: =AU119+AU220+AU321+AU422 -> 0 | AV18: 0.29428987 | AW18: =AW119+AW220+AW321+AW422 -> 0 | AX18: =IFERROR(+(IF(AU18="","0",AU18))-(IF(AW18="","0",AW18)),"") -> 0 | AZ18: 5 | BA18: Kerang | BC18: Ton | BD18: =BD119+BD220+BD321+BD422 -> 0 | BE18: =IFERROR(BF18/BD18*1000000,0) -> 0 | BF18: =BF119+BF220+BF321+BF422 -> 0 | BH18: =BH119+BH220+BH321+BH422 -> 0 | BL18: =BL119+BL220+BL321+BL422 -> 0 | BM18: 0.29428987 | BN18: =BN119+BN220+BN321+BN422 -> 0 | BO18: =IFERROR(+(IF(BL18="","0",BL18))-(IF(BN18="","0",BN18)),"") -> 0 | BQ18: 5 | BR18: Kerang | BT18: Ton | BU18: =BU119+BU220+BU321+BU422 -> 0 | BV18: =IFERROR(BW18/BU18*1000000,0) -> 0 | BW18: =BW119+BW220+BW321+BW422 -> 0 | BY18: =BY119+BY220+BY321+BY422 -> 0 | CC18: =CC119+CC220+CC321+CC422 -> 0 | CD18: 0.29428987 | CE18: =CE119+CE220+CE321+CE422 -> 0 | CF18: =IFERROR(+(IF(CC18="","0",CC18))-(IF(CE18="","0",CE18)),"") -> 0 | CH18: 5 | CI18: Kerang | CK18: Ton | CL18: =CL119+CL220+CL321+CL422 -> 0 | CM18: =IFERROR(CN18/CL18*1000000,0) -> 0 | CN18: =CN119+CN220+CN321+CN422 -> 0 | CP18: =CP119+CP220+CP321+CP422 -> 0 | CT18: =CT119+CT220+CT321+CT422 -> 0 | CU18: 0.29428987 | CV18: =CV119+CV220+CV321+CV422 -> 0 | CW18: =IFERROR(+(IF(CT18="","0",CT18))-(IF(CV18="","0",CV18)),"") -> 0 | CY18: 5 | CZ18: Kerang | DB18: Ton | DC18: =DC119+DC220+DC321+DC422 -> 0 | DD18: =IFERROR(DE18/DC18*1000000,0) -> 0 | DE18: =DE119+DE220+DE321+DE422 -> 0 | DG18: =DG119+DG220+DG321+DG422 -> 0 | DK18: =DK119+DK220+DK321+DK422 -> 0 | DL18: 0.29428987 | DM18: =DM119+DM220+DM321+DM422 -> 0 | DN18: =IFERROR(+(IF(DK18="","0",DK18))-(IF(DM18="","0",DM18)),"") -> 0 | DP18: 5 | DQ18: Kerang | DS18: Ton | DT18: =DT119+DT220+DT321+DT422 -> 0 | DU18: =IFERROR(DV18/DT18*1000000,0) -> 0 | DV18: =DV119+DV220+DV321+DV422 -> 0 | DX18: =DX119+DX220+DX321+DX422 -> 0 | EB18: =EB119+EB220+EB321+EB422 -> 0 | EC18: 0.29428987 | ED18: =ED119+ED220+ED321+ED422 -> 0 | EE18: =IFERROR(+(IF(EB18="","0",EB18))-(IF(ED18="","0",ED18)),"") -> 0 | EG18: 5 | EH18: Kerang | EJ18: Ton | EK18: =EK119+EK220+EK321+EK422 -> 0 | EL18: =IFERROR(EM18/EK18*1000000,0) -> 0 | EM18: =EM119+EM220+EM321+EM422 -> 0 | EO18: =EO119+EO220+EO321+EO422 -> 0 | ES18: =ES119+ES220+ES321+ES422 -> 0 | ET18: 0.29428987 | EU18: =EU119+EU220+EU321+EU422 -> 0 | EV18: =IFERROR(+(IF(ES18="","0",ES18))-(IF(EU18="","0",EU18)),"") -> 0 | EX18: 5 | EY18: Kerang | FA18: Ton | FB18: =FB119+FB220+FB321+FB422 -> 0 | FC18: =IFERROR(FD18/FB18*1000000,0) -> 0 | FD18: =FD119+FD220+FD321+FD422 -> 0 | FF18: =FF119+FF220+FF321+FF422 -> 0 | FJ18: =FJ119+FJ220+FJ321+FJ422 -> 0 | FK18: 0.29428987 | FL18: =FL119+FL220+FL321+FL422 -> 0 | FM18: =IFERROR(+(IF(FJ18="","0",FJ18))-(IF(FL18="","0",FL18)),"") -> 0 | FO18: 5 | FP18: Kerang | FR18: Ton | FS18: =FS119+FS220+FS321+FS422 -> 0 | FT18: =IFERROR(FU18/FS18*1000000,0) -> 0 | FU18: =FU119+FU220+FU321+FU422 -> 0 | FW18: =FW119+FW220+FW321+FW422 -> 0 | GA18: =GA119+GA220+GA321+GA422 -> 0 | GB18: 0.29428987 | GC18: =GC119+GC220+GC321+GC422 -> 0 | GD18: =IFERROR(+(IF(GA18="","0",GA18))-(IF(GC18="","0",GC18)),"") -> 0 | GF18: 5 | GG18: Kerang | GI18: Ton | GJ18: =GJ119+GJ220+GJ321+GJ422 -> 0 | GK18: =IFERROR(GL18/GJ18*1000000,0) -> 0 | GL18: =GL119+GL220+GL321+GL422 -> 0 | GN18: =GN119+GN220+GN321+GN422 -> 0 | GR18: =GR119+GR220+GR321+GR422 -> 0 | GS18: 0.29428987 | GT18: =GT119+GT220+GT321+GT422 -> 0 | GU18: =IFERROR(+(IF(GR18="","0",GR18))-(IF(GT18="","0",GT18)),"") -> 0 | GW18: 5 | GX18: Kerang | GZ18: Ton | HA18: =HA119+HA220+HA321+HA422 -> 0 | HB18: =IFERROR(HC18/HA18*1000000,0) -> 0 | HC18: =HC119+HC220+HC321+HC422 -> 0 | HE18: =HE119+HE220+HE321+HE422 -> 0 | HI18: =HI119+HI220+HI321+HI422 -> 0 | HJ18: 0.29428987 | HK18: =HK119+HK220+HK321+HK422 -> 0 | HL18: =IFERROR(+(IF(HI18="","0",HI18))-(IF(HK18="","0",HK18)),"") -> 0 | HN18: 5 | HO18: Kerang | HQ18: Ton | HR18: =HR119+HR220+HR321+HR422 -> 0 | HS18: =IFERROR(HT18/HR18*1000000,0) -> 0 | HT18: =HT119+HT220+HT321+HT422 -> 0 | HV18: =HV119+HV220+HV321+HV422 -> 0 | HZ18: =HZ119+HZ220+HZ321+HZ422 -> 0 | IA18: 0.29428987 | IB18: =IB119+IB220+IB321+IB422 -> 0 | IC18: =IFERROR(+(IF(HZ18="","0",HZ18))-(IF(IB18="","0",IB18)),"") -> 0 | IE18: 5 | IF18: Kerang | IH18: Ton | II18: =II119+II220+II321+II422 -> 0 | IJ18: =IFERROR(IK18/II18*1000000,0) -> 0 | IK18: =IK119+IK220+IK321+IK422 -> 0 | IM18: =IM119+IM220+IM321+IM422 -> 0 | IQ18: =IQ119+IQ220+IQ321+IQ422 -> 0 | IR18: 0.29428987 | IS18: =IS119+IS220+IS321+IS422 -> 0 | IT18: =IFERROR(+(IF(IQ18="","0",IQ18))-(IF(IS18="","0",IS18)),"") -> 0 | IV18: 5 | IW18: Kerang | IY18: Ton | IZ18: =IZ119+IZ220+IZ321+IZ422 -> 0 | JA18: =IFERROR(JB18/IZ18*1000000,0) -> 0 | JB18: =JB119+JB220+JB321+JB422 -> 0 | JD18: =JD119+JD220+JD321+JD422 -> 0 | JH18: =JH119+JH220+JH321+JH422 -> 0 | JI18: 0.29428987 | JJ18: =JJ119+JJ220+JJ321+JJ422 -> 0 | JK18: =IFERROR(+(IF(JH18="","0",JH18))-(IF(JJ18="","0",JJ18)),"") -> 0 | JM18: 5 | JN18: Kerang | JP18: Ton | JQ18: =JQ119+JQ220+JQ321+JQ422 -> 0 | JR18: =IFERROR(JS18/JQ18*1000000,0) -> 0 | JS18: =JS119+JS220+JS321+JS422 -> 0 | JU18: =JU119+JU220+JU321+JU422 -> 0 | JY18: =JY119+JY220+JY321+JY422 -> 0 | JZ18: 0.29428987 | KA18: =KA119+KA220+KA321+KA422 -> 0 | KB18: =IFERROR(+(IF(JY18="","0",JY18))-(IF(KA18="","0",KA18)),"") -> 0 | KD18: 5 | KE18: Kerang | KG18: Ton | KH18: =KH119+KH220+KH321+KH422 -> 0 | KI18: =IFERROR(KJ18/KH18*1000000,0) -> 0 | KJ18: =KJ119+KJ220+KJ321+KJ422 -> 0 | KL18: =KL119+KL220+KL321+KL422 -> 0 | KP18: =KP119+KP220+KP321+KP422 -> 0 | KQ18: 0.29428987 | KR18: =KR119+KR220+KR321+KR422 -> 0 | KS18: =IFERROR(+(IF(KP18="","0",KP18))-(IF(KR18="","0",KR18)),"") -> 0
A19: 6 | B19: Gurita | D19: Ton | E19: =E120+E221+E322+E423 -> 0 | F19: =IFERROR(G19/E19*1000000,0) -> 0 | G19: =G120+G221+G322+G423 -> 0 | I19: =I120+I221+I322+I423 -> 0 | M19: =M120+M221+M322+M423 -> 0 | N19: 0.29428987 | O19: =O120+O221+O322+O423 -> 0 | P19: =IFERROR(+(IF(M19="","0",M19))-(IF(O19="","0",O19)),"") -> 0 | R19: 6 | S19: Gurita | U19: Ton | V19: =V120+V221+V322+V423 -> 0 | W19: =IFERROR(X19/V19*1000000,0) -> 0 | X19: =X120+X221+X322+X423 -> 0 | Z19: =Z120+Z221+Z322+Z423 -> 0 | AD19: =AD120+AD221+AD322+AD423 -> 0 | AE19: 0.29428987 | AF19: =AF120+AF221+AF322+AF423 -> 0 | AG19: =IFERROR(+(IF(AD19="","0",AD19))-(IF(AF19="","0",AF19)),"") -> 0 | AI19: 6 | AJ19: Gurita | AL19: Ton | AM19: =AM120+AM221+AM322+AM423 -> 0 | AN19: =IFERROR(AO19/AM19*1000000,0) -> 0 | AO19: =AO120+AO221+AO322+AO423 -> 0 | AQ19: =AQ120+AQ221+AQ322+AQ423 -> 0 | AU19: =AU120+AU221+AU322+AU423 -> 0 | AV19: 0.29428987 | AW19: =AW120+AW221+AW322+AW423 -> 0 | AX19: =IFERROR(+(IF(AU19="","0",AU19))-(IF(AW19="","0",AW19)),"") -> 0 | AZ19: 6 | BA19: Gurita | BC19: Ton | BD19: =BD120+BD221+BD322+BD423 -> 0 | BE19: =IFERROR(BF19/BD19*1000000,0) -> 0 | BF19: =BF120+BF221+BF322+BF423 -> 0 | BH19: =BH120+BH221+BH322+BH423 -> 0 | BL19: =BL120+BL221+BL322+BL423 -> 0 | BM19: 0.29428987 | BN19: =BN120+BN221+BN322+BN423 -> 0 | BO19: =IFERROR(+(IF(BL19="","0",BL19))-(IF(BN19="","0",BN19)),"") -> 0 | BQ19: 6 | BR19: Gurita | BT19: Ton | BU19: =BU120+BU221+BU322+BU423 -> 0 | BV19: =IFERROR(BW19/BU19*1000000,0) -> 0 | BW19: =BW120+BW221+BW322+BW423 -> 0 | BY19: =BY120+BY221+BY322+BY423 -> 0 | CC19: =CC120+CC221+CC322+CC423 -> 0 | CD19: 0.29428987 | CE19: =CE120+CE221+CE322+CE423 -> 0 | CF19: =IFERROR(+(IF(CC19="","0",CC19))-(IF(CE19="","0",CE19)),"") -> 0 | CH19: 6 | CI19: Gurita | CK19: Ton | CL19: =CL120+CL221+CL322+CL423 -> 0 | CM19: =IFERROR(CN19/CL19*1000000,0) -> 0 | CN19: =CN120+CN221+CN322+CN423 -> 0 | CP19: =CP120+CP221+CP322+CP423 -> 0 | CT19: =CT120+CT221+CT322+CT423 -> 0 | CU19: 0.29428987 | CV19: =CV120+CV221+CV322+CV423 -> 0 | CW19: =IFERROR(+(IF(CT19="","0",CT19))-(IF(CV19="","0",CV19)),"") -> 0 | CY19: 6 | CZ19: Gurita | DB19: Ton | DC19: =DC120+DC221+DC322+DC423 -> 0 | DD19: =IFERROR(DE19/DC19*1000000,0) -> 0 | DE19: =DE120+DE221+DE322+DE423 -> 0 | DG19: =DG120+DG221+DG322+DG423 -> 0 | DK19: =DK120+DK221+DK322+DK423 -> 0 | DL19: 0.29428987 | DM19: =DM120+DM221+DM322+DM423 -> 0 | DN19: =IFERROR(+(IF(DK19="","0",DK19))-(IF(DM19="","0",DM19)),"") -> 0 | DP19: 6 | DQ19: Gurita | DS19: Ton | DT19: =DT120+DT221+DT322+DT423 -> 0 | DU19: =IFERROR(DV19/DT19*1000000,0) -> 0 | DV19: =DV120+DV221+DV322+DV423 -> 0 | DX19: =DX120+DX221+DX322+DX423 -> 0 | EB19: =EB120+EB221+EB322+EB423 -> 0 | EC19: 0.29428987 | ED19: =ED120+ED221+ED322+ED423 -> 0 | EE19: =IFERROR(+(IF(EB19="","0",EB19))-(IF(ED19="","0",ED19)),"") -> 0 | EG19: 6 | EH19: Gurita | EJ19: Ton | EK19: =EK120+EK221+EK322+EK423 -> 0 | EL19: =IFERROR(EM19/EK19*1000000,0) -> 0 | EM19: =EM120+EM221+EM322+EM423 -> 0 | EO19: =EO120+EO221+EO322+EO423 -> 0 | ES19: =ES120+ES221+ES322+ES423 -> 0 | ET19: 0.29428987 | EU19: =EU120+EU221+EU322+EU423 -> 0 | EV19: =IFERROR(+(IF(ES19="","0",ES19))-(IF(EU19="","0",EU19)),"") -> 0 | EX19: 6 | EY19: Gurita | FA19: Ton | FB19: =FB120+FB221+FB322+FB423 -> 0 | FC19: =IFERROR(FD19/FB19*1000000,0) -> 0 | FD19: =FD120+FD221+FD322+FD423 -> 0 | FF19: =FF120+FF221+FF322+FF423 -> 0 | FJ19: =FJ120+FJ221+FJ322+FJ423 -> 0 | FK19: 0.29428987 | FL19: =FL120+FL221+FL322+FL423 -> 0 | FM19: =IFERROR(+(IF(FJ19="","0",FJ19))-(IF(FL19="","0",FL19)),"") -> 0 | FO19: 6 | FP19: Gurita | FR19: Ton | FS19: =FS120+FS221+FS322+FS423 -> 0 | FT19: =IFERROR(FU19/FS19*1000000,0) -> 0 | FU19: =FU120+FU221+FU322+FU423 -> 0 | FW19: =FW120+FW221+FW322+FW423 -> 0 | GA19: =GA120+GA221+GA322+GA423 -> 0 | GB19: 0.29428987 | GC19: =GC120+GC221+GC322+GC423 -> 0 | GD19: =IFERROR(+(IF(GA19="","0",GA19))-(IF(GC19="","0",GC19)),"") -> 0 | GF19: 6 | GG19: Gurita | GI19: Ton | GJ19: =GJ120+GJ221+GJ322+GJ423 -> 0 | GK19: =IFERROR(GL19/GJ19*1000000,0) -> 0 | GL19: =GL120+GL221+GL322+GL423 -> 0 | GN19: =GN120+GN221+GN322+GN423 -> 0 | GR19: =GR120+GR221+GR322+GR423 -> 0 | GS19: 0.29428987 | GT19: =GT120+GT221+GT322+GT423 -> 0 | GU19: =IFERROR(+(IF(GR19="","0",GR19))-(IF(GT19="","0",GT19)),"") -> 0 | GW19: 6 | GX19: Gurita | GZ19: Ton | HA19: =HA120+HA221+HA322+HA423 -> 0 | HB19: =IFERROR(HC19/HA19*1000000,0) -> 0 | HC19: =HC120+HC221+HC322+HC423 -> 0 | HE19: =HE120+HE221+HE322+HE423 -> 0 | HI19: =HI120+HI221+HI322+HI423 -> 0 | HJ19: 0.29428987 | HK19: =HK120+HK221+HK322+HK423 -> 0 | HL19: =IFERROR(+(IF(HI19="","0",HI19))-(IF(HK19="","0",HK19)),"") -> 0 | HN19: 6 | HO19: Gurita | HQ19: Ton | HR19: =HR120+HR221+HR322+HR423 -> 0 | HS19: =IFERROR(HT19/HR19*1000000,0) -> 0 | HT19: =HT120+HT221+HT322+HT423 -> 0 | HV19: =HV120+HV221+HV322+HV423 -> 0 | HZ19: =HZ120+HZ221+HZ322+HZ423 -> 0 | IA19: 0.29428987 | IB19: =IB120+IB221+IB322+IB423 -> 0 | IC19: =IFERROR(+(IF(HZ19="","0",HZ19))-(IF(IB19="","0",IB19)),"") -> 0 | IE19: 6 | IF19: Gurita | IH19: Ton | II19: =II120+II221+II322+II423 -> 0 | IJ19: =IFERROR(IK19/II19*1000000,0) -> 0 | IK19: =IK120+IK221+IK322+IK423 -> 0 | IM19: =IM120+IM221+IM322+IM423 -> 0 | IQ19: =IQ120+IQ221+IQ322+IQ423 -> 0 | IR19: 0.29428987 | IS19: =IS120+IS221+IS322+IS423 -> 0 | IT19: =IFERROR(+(IF(IQ19="","0",IQ19))-(IF(IS19="","0",IS19)),"") -> 0 | IV19: 6 | IW19: Gurita | IY19: Ton | IZ19: =IZ120+IZ221+IZ322+IZ423 -> 0 | JA19: =IFERROR(JB19/IZ19*1000000,0) -> 0 | JB19: =JB120+JB221+JB322+JB423 -> 0 | JD19: =JD120+JD221+JD322+JD423 -> 0 | JH19: =JH120+JH221+JH322+JH423 -> 0 | JI19: 0.29428987 | JJ19: =JJ120+JJ221+JJ322+JJ423 -> 0 | JK19: =IFERROR(+(IF(JH19="","0",JH19))-(IF(JJ19="","0",JJ19)),"") -> 0 | JM19: 6 | JN19: Gurita | JP19: Ton | JQ19: =JQ120+JQ221+JQ322+JQ423 -> 0 | JR19: =IFERROR(JS19/JQ19*1000000,0) -> 0 | JS19: =JS120+JS221+JS322+JS423 -> 0 | JU19: =JU120+JU221+JU322+JU423 -> 0 | JY19: =JY120+JY221+JY322+JY423 -> 0 | JZ19: 0.29428987 | KA19: =KA120+KA221+KA322+KA423 -> 0 | KB19: =IFERROR(+(IF(JY19="","0",JY19))-(IF(KA19="","0",KA19)),"") -> 0 | KD19: 6 | KE19: Gurita | KG19: Ton | KH19: =KH120+KH221+KH322+KH423 -> 0 | KI19: =IFERROR(KJ19/KH19*1000000,0) -> 0 | KJ19: =KJ120+KJ221+KJ322+KJ423 -> 0 | KL19: =KL120+KL221+KL322+KL423 -> 0 | KP19: =KP120+KP221+KP322+KP423 -> 0 | KQ19: 0.29428987 | KR19: =KR120+KR221+KR322+KR423 -> 0 | KS19: =IFERROR(+(IF(KP19="","0",KP19))-(IF(KR19="","0",KR19)),"") -> 0
A20: 7 | B20: Cumi-cumi/Sotong | D20: Ton | E20: =E121+E222+E323+E424 -> 0 | F20: =IFERROR(G20/E20*1000000,0) -> 0 | G20: =G121+G222+G323+G424 -> 0 | I20: =I121+I222+I323+I424 -> 0 | M20: =M121+M222+M323+M424 -> 0 | N20: 0.29428987 | O20: =O121+O222+O323+O424 -> 0 | P20: =IFERROR(+(IF(M20="","0",M20))-(IF(O20="","0",O20)),"") -> 0 | R20: 7 | S20: Cumi-cumi/Sotong | U20: Ton | V20: =V121+V222+V323+V424 -> 0 | W20: =IFERROR(X20/V20*1000000,0) -> 0 | X20: =X121+X222+X323+X424 -> 0 | Z20: =Z121+Z222+Z323+Z424 -> 0 | AD20: =AD121+AD222+AD323+AD424 -> 0 | AE20: 0.29428987 | AF20: =AF121+AF222+AF323+AF424 -> 0 | AG20: =IFERROR(+(IF(AD20="","0",AD20))-(IF(AF20="","0",AF20)),"") -> 0 | AI20: 7 | AJ20: Cumi-cumi/Sotong | AL20: Ton | AM20: =AM121+AM222+AM323+AM424 -> 0 | AN20: =IFERROR(AO20/AM20*1000000,0) -> 0 | AO20: =AO121+AO222+AO323+AO424 -> 0 | AQ20: =AQ121+AQ222+AQ323+AQ424 -> 0 | AU20: =AU121+AU222+AU323+AU424 -> 0 | AV20: 0.29428987 | AW20: =AW121+AW222+AW323+AW424 -> 0 | AX20: =IFERROR(+(IF(AU20="","0",AU20))-(IF(AW20="","0",AW20)),"") -> 0 | AZ20: 7 | BA20: Cumi-cumi/Sotong | BC20: Ton | BD20: =BD121+BD222+BD323+BD424 -> 0 | BE20: =IFERROR(BF20/BD20*1000000,0) -> 0 | BF20: =BF121+BF222+BF323+BF424 -> 0 | BH20: =BH121+BH222+BH323+BH424 -> 0 | BL20: =BL121+BL222+BL323+BL424 -> 0 | BM20: 0.29428987 | BN20: =BN121+BN222+BN323+BN424 -> 0 | BO20: =IFERROR(+(IF(BL20="","0",BL20))-(IF(BN20="","0",BN20)),"") -> 0 | BQ20: 7 | BR20: Cumi-cumi/Sotong | BT20: Ton | BU20: =BU121+BU222+BU323+BU424 -> 0 | BV20: =IFERROR(BW20/BU20*1000000,0) -> 0 | BW20: =BW121+BW222+BW323+BW424 -> 0 | BY20: =BY121+BY222+BY323+BY424 -> 0 | CC20: =CC121+CC222+CC323+CC424 -> 0 | CD20: 0.29428987 | CE20: =CE121+CE222+CE323+CE424 -> 0 | CF20: =IFERROR(+(IF(CC20="","0",CC20))-(IF(CE20="","0",CE20)),"") -> 0 | CH20: 7 | CI20: Cumi-cumi/Sotong | CK20: Ton | CL20: =CL121+CL222+CL323+CL424 -> 0 | CM20: =IFERROR(CN20/CL20*1000000,0) -> 0 | CN20: =CN121+CN222+CN323+CN424 -> 0 | CP20: =CP121+CP222+CP323+CP424 -> 0 | CT20: =CT121+CT222+CT323+CT424 -> 0 | CU20: 0.29428987 | CV20: =CV121+CV222+CV323+CV424 -> 0 | CW20: =IFERROR(+(IF(CT20="","0",CT20))-(IF(CV20="","0",CV20)),"") -> 0 | CY20: 7 | CZ20: Cumi-cumi/Sotong | DB20: Ton | DC20: =DC121+DC222+DC323+DC424 -> 0 | DD20: =IFERROR(DE20/DC20*1000000,0) -> 0 | DE20: =DE121+DE222+DE323+DE424 -> 0 | DG20: =DG121+DG222+DG323+DG424 -> 0 | DK20: =DK121+DK222+DK323+DK424 -> 0 | DL20: 0.29428987 | DM20: =DM121+DM222+DM323+DM424 -> 0 | DN20: =IFERROR(+(IF(DK20="","0",DK20))-(IF(DM20="","0",DM20)),"") -> 0 | DP20: 7 | DQ20: Cumi-cumi/Sotong | DS20: Ton | DT20: =DT121+DT222+DT323+DT424 -> 0 | DU20: =IFERROR(DV20/DT20*1000000,0) -> 0 | DV20: =DV121+DV222+DV323+DV424 -> 0 | DX20: =DX121+DX222+DX323+DX424 -> 0 | EB20: =EB121+EB222+EB323+EB424 -> 0 | EC20: 0.29428987 | ED20: =ED121+ED222+ED323+ED424 -> 0 | EE20: =IFERROR(+(IF(EB20="","0",EB20))-(IF(ED20="","0",ED20)),"") -> 0 | EG20: 7 | EH20: Cumi-cumi/Sotong | EJ20: Ton | EK20: =EK121+EK222+EK323+EK424 -> 0 | EL20: =IFERROR(EM20/EK20*1000000,0) -> 0 | EM20: =EM121+EM222+EM323+EM424 -> 0 | EO20: =EO121+EO222+EO323+EO424 -> 0 | ES20: =ES121+ES222+ES323+ES424 -> 0 | ET20: 0.29428987 | EU20: =EU121+EU222+EU323+EU424 -> 0 | EV20: =IFERROR(+(IF(ES20="","0",ES20))-(IF(EU20="","0",EU20)),"") -> 0 | EX20: 7 | EY20: Cumi-cumi/Sotong | FA20: Ton | FB20: =FB121+FB222+FB323+FB424 -> 0 | FC20: =IFERROR(FD20/FB20*1000000,0) -> 0 | FD20: =FD121+FD222+FD323+FD424 -> 0 | FF20: =FF121+FF222+FF323+FF424 -> 0 | FJ20: =FJ121+FJ222+FJ323+FJ424 -> 0 | FK20: 0.29428987 | FL20: =FL121+FL222+FL323+FL424 -> 0 | FM20: =IFERROR(+(IF(FJ20="","0",FJ20))-(IF(FL20="","0",FL20)),"") -> 0 | FO20: 7 | FP20: Cumi-cumi/Sotong | FR20: Ton | FS20: =FS121+FS222+FS323+FS424 -> 0 | FT20: =IFERROR(FU20/FS20*1000000,0) -> 0 | FU20: =FU121+FU222+FU323+FU424 -> 0 | FW20: =FW121+FW222+FW323+FW424 -> 0 | GA20: =GA121+GA222+GA323+GA424 -> 0 | GB20: 0.29428987 | GC20: =GC121+GC222+GC323+GC424 -> 0 | GD20: =IFERROR(+(IF(GA20="","0",GA20))-(IF(GC20="","0",GC20)),"") -> 0 | GF20: 7 | GG20: Cumi-cumi/Sotong | GI20: Ton | GJ20: =GJ121+GJ222+GJ323+GJ424 -> 0 | GK20: =IFERROR(GL20/GJ20*1000000,0) -> 0 | GL20: =GL121+GL222+GL323+GL424 -> 0 | GN20: =GN121+GN222+GN323+GN424 -> 0 | GR20: =GR121+GR222+GR323+GR424 -> 0 | GS20: 0.29428987 | GT20: =GT121+GT222+GT323+GT424 -> 0 | GU20: =IFERROR(+(IF(GR20="","0",GR20))-(IF(GT20="","0",GT20)),"") -> 0 | GW20: 7 | GX20: Cumi-cumi/Sotong | GZ20: Ton | HA20: =HA121+HA222+HA323+HA424 -> 0 | HB20: =IFERROR(HC20/HA20*1000000,0) -> 0 | HC20: =HC121+HC222+HC323+HC424 -> 0 | HE20: =HE121+HE222+HE323+HE424 -> 0 | HI20: =HI121+HI222+HI323+HI424 -> 0 | HJ20: 0.29428987 | HK20: =HK121+HK222+HK323+HK424 -> 0 | HL20: =IFERROR(+(IF(HI20="","0",HI20))-(IF(HK20="","0",HK20)),"") -> 0 | HN20: 7 | HO20: Cumi-cumi/Sotong | HQ20: Ton | HR20: =HR121+HR222+HR323+HR424 -> 0 | HS20: =IFERROR(HT20/HR20*1000000,0) -> 0 | HT20: =HT121+HT222+HT323+HT424 -> 0 | HV20: =HV121+HV222+HV323+HV424 -> 0 | HZ20: =HZ121+HZ222+HZ323+HZ424 -> 0 | IA20: 0.29428987 | IB20: =IB121+IB222+IB323+IB424 -> 0 | IC20: =IFERROR(+(IF(HZ20="","0",HZ20))-(IF(IB20="","0",IB20)),"") -> 0 | IE20: 7 | IF20: Cumi-cumi/Sotong | IH20: Ton | II20: =II121+II222+II323+II424 -> 0 | IJ20: =IFERROR(IK20/II20*1000000,0) -> 0 | IK20: =IK121+IK222+IK323+IK424 -> 0 | IM20: =IM121+IM222+IM323+IM424 -> 0 | IQ20: =IQ121+IQ222+IQ323+IQ424 -> 0 | IR20: 0.29428987 | IS20: =IS121+IS222+IS323+IS424 -> 0 | IT20: =IFERROR(+(IF(IQ20="","0",IQ20))-(IF(IS20="","0",IS20)),"") -> 0 | IV20: 7 | IW20: Cumi-cumi/Sotong | IY20: Ton | IZ20: =IZ121+IZ222+IZ323+IZ424 -> 0 | JA20: =IFERROR(JB20/IZ20*1000000,0) -> 0 | JB20: =JB121+JB222+JB323+JB424 -> 0 | JD20: =JD121+JD222+JD323+JD424 -> 0 | JH20: =JH121+JH222+JH323+JH424 -> 0 | JI20: 0.29428987 | JJ20: =JJ121+JJ222+JJ323+JJ424 -> 0 | JK20: =IFERROR(+(IF(JH20="","0",JH20))-(IF(JJ20="","0",JJ20)),"") -> 0 | JM20: 7 | JN20: Cumi-cumi/Sotong | JP20: Ton | JQ20: =JQ121+JQ222+JQ323+JQ424 -> 0 | JR20: =IFERROR(JS20/JQ20*1000000,0) -> 0 | JS20: =JS121+JS222+JS323+JS424 -> 0 | JU20: =JU121+JU222+JU323+JU424 -> 0 | JY20: =JY121+JY222+JY323+JY424 -> 0 | JZ20: 0.29428987 | KA20: =KA121+KA222+KA323+KA424 -> 0 | KB20: =IFERROR(+(IF(JY20="","0",JY20))-(IF(KA20="","0",KA20)),"") -> 0 | KD20: 7 | KE20: Cumi-cumi/Sotong | KG20: Ton | KH20: =KH121+KH222+KH323+KH424 -> 0 | KI20: =IFERROR(KJ20/KH20*1000000,0) -> 0 | KJ20: =KJ121+KJ222+KJ323+KJ424 -> 0 | KL20: =KL121+KL222+KL323+KL424 -> 0 | KP20: =KP121+KP222+KP323+KP424 -> 0 | KQ20: 0.29428987 | KR20: =KR121+KR222+KR323+KR424 -> 0 | KS20: =IFERROR(+(IF(KP20="","0",KP20))-(IF(KR20="","0",KR20)),"") -> 0
A21: 8 | B21: Telur Penyu | D21: Ton | E21: =E122+E223+E324+E425 -> 0 | F21: =IFERROR(G21/E21*1000000,0) -> 0 | G21: =G122+G223+G324+G425 -> 0 | I21: =I122+I223+I324+I425 -> 0 | M21: =M122+M223+M324+M425 -> 0 | N21: 0.29428987 | O21: =O122+O223+O324+O425 -> 0 | P21: =IFERROR(+(IF(M21="","0",M21))-(IF(O21="","0",O21)),"") -> 0 | R21: 8 | S21: Telur Penyu | U21: Ton | V21: =V122+V223+V324+V425 -> 0 | W21: =IFERROR(X21/V21*1000000,0) -> 0 | X21: =X122+X223+X324+X425 -> 0 | Z21: =Z122+Z223+Z324+Z425 -> 0 | AD21: =AD122+AD223+AD324+AD425 -> 0 | AE21: 0.29428987 | AF21: =AF122+AF223+AF324+AF425 -> 0 | AG21: =IFERROR(+(IF(AD21="","0",AD21))-(IF(AF21="","0",AF21)),"") -> 0 | AI21: 8 | AJ21: Telur Penyu | AL21: Ton | AM21: =AM122+AM223+AM324+AM425 -> 0 | AN21: =IFERROR(AO21/AM21*1000000,0) -> 0 | AO21: =AO122+AO223+AO324+AO425 -> 0 | AQ21: =AQ122+AQ223+AQ324+AQ425 -> 0 | AU21: =AU122+AU223+AU324+AU425 -> 0 | AV21: 0.29428987 | AW21: =AW122+AW223+AW324+AW425 -> 0 | AX21: =IFERROR(+(IF(AU21="","0",AU21))-(IF(AW21="","0",AW21)),"") -> 0 | AZ21: 8 | BA21: Telur Penyu | BC21: Ton | BD21: =BD122+BD223+BD324+BD425 -> 0 | BE21: =IFERROR(BF21/BD21*1000000,0) -> 0 | BF21: =BF122+BF223+BF324+BF425 -> 0 | BH21: =BH122+BH223+BH324+BH425 -> 0 | BL21: =BL122+BL223+BL324+BL425 -> 0 | BM21: 0.29428987 | BN21: =BN122+BN223+BN324+BN425 -> 0 | BO21: =IFERROR(+(IF(BL21="","0",BL21))-(IF(BN21="","0",BN21)),"") -> 0 | BQ21: 8 | BR21: Telur Penyu | BT21: Ton | BU21: =BU122+BU223+BU324+BU425 -> 0 | BV21: =IFERROR(BW21/BU21*1000000,0) -> 0 | BW21: =BW122+BW223+BW324+BW425 -> 0 | BY21: =BY122+BY223+BY324+BY425 -> 0 | CC21: =CC122+CC223+CC324+CC425 -> 0 | CD21: 0.29428987 | CE21: =CE122+CE223+CE324+CE425 -> 0 | CF21: =IFERROR(+(IF(CC21="","0",CC21))-(IF(CE21="","0",CE21)),"") -> 0 | CH21: 8 | CI21: Telur Penyu | CK21: Ton | CL21: =CL122+CL223+CL324+CL425 -> 0 | CM21: =IFERROR(CN21/CL21*1000000,0) -> 0 | CN21: =CN122+CN223+CN324+CN425 -> 0 | CP21: =CP122+CP223+CP324+CP425 -> 0 | CT21: =CT122+CT223+CT324+CT425 -> 0 | CU21: 0.29428987 | CV21: =CV122+CV223+CV324+CV425 -> 0 | CW21: =IFERROR(+(IF(CT21="","0",CT21))-(IF(CV21="","0",CV21)),"") -> 0 | CY21: 8 | CZ21: Telur Penyu | DB21: Ton | DC21: =DC122+DC223+DC324+DC425 -> 0 | DD21: =IFERROR(DE21/DC21*1000000,0) -> 0 | DE21: =DE122+DE223+DE324+DE425 -> 0 | DG21: =DG122+DG223+DG324+DG425 -> 0 | DK21: =DK122+DK223+DK324+DK425 -> 0 | DL21: 0.29428987 | DM21: =DM122+DM223+DM324+DM425 -> 0 | DN21: =IFERROR(+(IF(DK21="","0",DK21))-(IF(DM21="","0",DM21)),"") -> 0 | DP21: 8 | DQ21: Telur Penyu | DS21: Ton | DT21: =DT122+DT223+DT324+DT425 -> 0 | DU21: =IFERROR(DV21/DT21*1000000,0) -> 0 | DV21: =DV122+DV223+DV324+DV425 -> 0 | DX21: =DX122+DX223+DX324+DX425 -> 0 | EB21: =EB122+EB223+EB324+EB425 -> 0 | EC21: 0.29428987 | ED21: =ED122+ED223+ED324+ED425 -> 0 | EE21: =IFERROR(+(IF(EB21="","0",EB21))-(IF(ED21="","0",ED21)),"") -> 0 | EG21: 8 | EH21: Telur Penyu | EJ21: Ton | EK21: =EK122+EK223+EK324+EK425 -> 0 | EL21: =IFERROR(EM21/EK21*1000000,0) -> 0 | EM21: =EM122+EM223+EM324+EM425 -> 0 | EO21: =EO122+EO223+EO324+EO425 -> 0 | ES21: =ES122+ES223+ES324+ES425 -> 0 | ET21: 0.29428987 | EU21: =EU122+EU223+EU324+EU425 -> 0 | EV21: =IFERROR(+(IF(ES21="","0",ES21))-(IF(EU21="","0",EU21)),"") -> 0 | EX21: 8 | EY21: Telur Penyu | FA21: Ton | FB21: =FB122+FB223+FB324+FB425 -> 0 | FC21: =IFERROR(FD21/FB21*1000000,0) -> 0 | FD21: =FD122+FD223+FD324+FD425 -> 0 | FF21: =FF122+FF223+FF324+FF425 -> 0 | FJ21: =FJ122+FJ223+FJ324+FJ425 -> 0 | FK21: 0.29428987 | FL21: =FL122+FL223+FL324+FL425 -> 0 | FM21: =IFERROR(+(IF(FJ21="","0",FJ21))-(IF(FL21="","0",FL21)),"") -> 0 | FO21: 8 | FP21: Telur Penyu | FR21: Ton | FS21: =FS122+FS223+FS324+FS425 -> 0 | FT21: =IFERROR(FU21/FS21*1000000,0) -> 0 | FU21: =FU122+FU223+FU324+FU425 -> 0 | FW21: =FW122+FW223+FW324+FW425 -> 0 | GA21: =GA122+GA223+GA324+GA425 -> 0 | GB21: 0.29428987 | GC21: =GC122+GC223+GC324+GC425 -> 0 | GD21: =IFERROR(+(IF(GA21="","0",GA21))-(IF(GC21="","0",GC21)),"") -> 0 | GF21: 8 | GG21: Telur Penyu | GI21: Ton | GJ21: =GJ122+GJ223+GJ324+GJ425 -> 0 | GK21: =IFERROR(GL21/GJ21*1000000,0) -> 0 | GL21: =GL122+GL223+GL324+GL425 -> 0 | GN21: =GN122+GN223+GN324+GN425 -> 0 | GR21: =GR122+GR223+GR324+GR425 -> 0 | GS21: 0.29428987 | GT21: =GT122+GT223+GT324+GT425 -> 0 | GU21: =IFERROR(+(IF(GR21="","0",GR21))-(IF(GT21="","0",GT21)),"") -> 0 | GW21: 8 | GX21: Telur Penyu | GZ21: Ton | HA21: =HA122+HA223+HA324+HA425 -> 0 | HB21: =IFERROR(HC21/HA21*1000000,0) -> 0 | HC21: =HC122+HC223+HC324+HC425 -> 0 | HE21: =HE122+HE223+HE324+HE425 -> 0 | HI21: =HI122+HI223+HI324+HI425 -> 0 | HJ21: 0.29428987 | HK21: =HK122+HK223+HK324+HK425 -> 0 | HL21: =IFERROR(+(IF(HI21="","0",HI21))-(IF(HK21="","0",HK21)),"") -> 0 | HN21: 8 | HO21: Telur Penyu | HQ21: Ton | HR21: =HR122+HR223+HR324+HR425 -> 0 | HS21: =IFERROR(HT21/HR21*1000000,0) -> 0 | HT21: =HT122+HT223+HT324+HT425 -> 0 | HV21: =HV122+HV223+HV324+HV425 -> 0 | HZ21: =HZ122+HZ223+HZ324+HZ425 -> 0 | IA21: 0.29428987 | IB21: =IB122+IB223+IB324+IB425 -> 0 | IC21: =IFERROR(+(IF(HZ21="","0",HZ21))-(IF(IB21="","0",IB21)),"") -> 0 | IE21: 8 | IF21: Telur Penyu | IH21: Ton | II21: =II122+II223+II324+II425 -> 0 | IJ21: =IFERROR(IK21/II21*1000000,0) -> 0 | IK21: =IK122+IK223+IK324+IK425 -> 0 | IM21: =IM122+IM223+IM324+IM425 -> 0 | IQ21: =IQ122+IQ223+IQ324+IQ425 -> 0 | IR21: 0.29428987 | IS21: =IS122+IS223+IS324+IS425 -> 0 | IT21: =IFERROR(+(IF(IQ21="","0",IQ21))-(IF(IS21="","0",IS21)),"") -> 0 | IV21: 8 | IW21: Telur Penyu | IY21: Ton | IZ21: =IZ122+IZ223+IZ324+IZ425 -> 0 | JA21: =IFERROR(JB21/IZ21*1000000,0) -> 0 | JB21: =JB122+JB223+JB324+JB425 -> 0 | JD21: =JD122+JD223+JD324+JD425 -> 0 | JH21: =JH122+JH223+JH324+JH425 -> 0 | JI21: 0.29428987 | JJ21: =JJ122+JJ223+JJ324+JJ425 -> 0 | JK21: =IFERROR(+(IF(JH21="","0",JH21))-(IF(JJ21="","0",JJ21)),"") -> 0 | JM21: 8 | JN21: Telur Penyu | JP21: Ton | JQ21: =JQ122+JQ223+JQ324+JQ425 -> 0 | JR21: =IFERROR(JS21/JQ21*1000000,0) -> 0 | JS21: =JS122+JS223+JS324+JS425 -> 0 | JU21: =JU122+JU223+JU324+JU425 -> 0 | JY21: =JY122+JY223+JY324+JY425 -> 0 | JZ21: 0.29428987 | KA21: =KA122+KA223+KA324+KA425 -> 0 | KB21: =IFERROR(+(IF(JY21="","0",JY21))-(IF(KA21="","0",KA21)),"") -> 0 | KD21: 8 | KE21: Telur Penyu | KG21: Ton | KH21: =KH122+KH223+KH324+KH425 -> 0 | KI21: =IFERROR(KJ21/KH21*1000000,0) -> 0 | KJ21: =KJ122+KJ223+KJ324+KJ425 -> 0 | KL21: =KL122+KL223+KL324+KL425 -> 0 | KP21: =KP122+KP223+KP324+KP425 -> 0 | KQ21: 0.29428987 | KR21: =KR122+KR223+KR324+KR425 -> 0 | KS21: =IFERROR(+(IF(KP21="","0",KP21))-(IF(KR21="","0",KR21)),"") -> 0
A22: 9 | B22: Rumput Laut | D22: Ton | E22: =E123+E224+E325+E426 -> 0 | F22: =IFERROR(G22/E22*1000000,0) -> 0 | G22: =G123+G224+G325+G426 -> 0 | I22: =I123+I224+I325+I426 -> 0 | M22: =M123+M224+M325+M426 -> 0 | N22: 0.29428987 | O22: =O123+O224+O325+O426 -> 0 | P22: =IFERROR(+(IF(M22="","0",M22))-(IF(O22="","0",O22)),"") -> 0 | R22: 9 | S22: Rumput Laut | U22: Ton | V22: =V123+V224+V325+V426 -> 0 | W22: =IFERROR(X22/V22*1000000,0) -> 0 | X22: =X123+X224+X325+X426 -> 0 | Z22: =Z123+Z224+Z325+Z426 -> 0 | AD22: =AD123+AD224+AD325+AD426 -> 0 | AE22: 0.29428987 | AF22: =AF123+AF224+AF325+AF426 -> 0 | AG22: =IFERROR(+(IF(AD22="","0",AD22))-(IF(AF22="","0",AF22)),"") -> 0 | AI22: 9 | AJ22: Rumput Laut | AL22: Ton | AM22: =AM123+AM224+AM325+AM426 -> 0 | AN22: =IFERROR(AO22/AM22*1000000,0) -> 0 | AO22: =AO123+AO224+AO325+AO426 -> 0 | AQ22: =AQ123+AQ224+AQ325+AQ426 -> 0 | AU22: =AU123+AU224+AU325+AU426 -> 0 | AV22: 0.29428987 | AW22: =AW123+AW224+AW325+AW426 -> 0 | AX22: =IFERROR(+(IF(AU22="","0",AU22))-(IF(AW22="","0",AW22)),"") -> 0 | AZ22: 9 | BA22: Rumput Laut | BC22: Ton | BD22: =BD123+BD224+BD325+BD426 -> 0 | BE22: =IFERROR(BF22/BD22*1000000,0) -> 0 | BF22: =BF123+BF224+BF325+BF426 -> 0 | BH22: =BH123+BH224+BH325+BH426 -> 0 | BL22: =BL123+BL224+BL325+BL426 -> 0 | BM22: 0.29428987 | BN22: =BN123+BN224+BN325+BN426 -> 0 | BO22: =IFERROR(+(IF(BL22="","0",BL22))-(IF(BN22="","0",BN22)),"") -> 0 | BQ22: 9 | BR22: Rumput Laut | BT22: Ton | BU22: =BU123+BU224+BU325+BU426 -> 0 | BV22: =IFERROR(BW22/BU22*1000000,0) -> 0 | BW22: =BW123+BW224+BW325+BW426 -> 0 | BY22: =BY123+BY224+BY325+BY426 -> 0 | CC22: =CC123+CC224+CC325+CC426 -> 0 | CD22: 0.29428987 | CE22: =CE123+CE224+CE325+CE426 -> 0 | CF22: =IFERROR(+(IF(CC22="","0",CC22))-(IF(CE22="","0",CE22)),"") -> 0 | CH22: 9 | CI22: Rumput Laut | CK22: Ton | CL22: =CL123+CL224+CL325+CL426 -> 0 | CM22: =IFERROR(CN22/CL22*1000000,0) -> 0 | CN22: =CN123+CN224+CN325+CN426 -> 0 | CP22: =CP123+CP224+CP325+CP426 -> 0 | CT22: =CT123+CT224+CT325+CT426 -> 0 | CU22: 0.29428987 | CV22: =CV123+CV224+CV325+CV426 -> 0 | CW22: =IFERROR(+(IF(CT22="","0",CT22))-(IF(CV22="","0",CV22)),"") -> 0 | CY22: 9 | CZ22: Rumput Laut | DB22: Ton | DC22: =DC123+DC224+DC325+DC426 -> 0 | DD22: =IFERROR(DE22/DC22*1000000,0) -> 0 | DE22: =DE123+DE224+DE325+DE426 -> 0 | DG22: =DG123+DG224+DG325+DG426 -> 0 | DK22: =DK123+DK224+DK325+DK426 -> 0 | DL22: 0.29428987 | DM22: =DM123+DM224+DM325+DM426 -> 0 | DN22: =IFERROR(+(IF(DK22="","0",DK22))-(IF(DM22="","0",DM22)),"") -> 0 | DP22: 9 | DQ22: Rumput Laut | DS22: Ton | DT22: =DT123+DT224+DT325+DT426 -> 0 | DU22: =IFERROR(DV22/DT22*1000000,0) -> 0 | DV22: =DV123+DV224+DV325+DV426 -> 0 | DX22: =DX123+DX224+DX325+DX426 -> 0 | EB22: =EB123+EB224+EB325+EB426 -> 0 | EC22: 0.29428987 | ED22: =ED123+ED224+ED325+ED426 -> 0 | EE22: =IFERROR(+(IF(EB22="","0",EB22))-(IF(ED22="","0",ED22)),"") -> 0 | EG22: 9 | EH22: Rumput Laut | EJ22: Ton | EK22: =EK123+EK224+EK325+EK426 -> 0 | EL22: =IFERROR(EM22/EK22*1000000,0) -> 0 | EM22: =EM123+EM224+EM325+EM426 -> 0 | EO22: =EO123+EO224+EO325+EO426 -> 0 | ES22: =ES123+ES224+ES325+ES426 -> 0 | ET22: 0.29428987 | EU22: =EU123+EU224+EU325+EU426 -> 0 | EV22: =IFERROR(+(IF(ES22="","0",ES22))-(IF(EU22="","0",EU22)),"") -> 0 | EX22: 9 | EY22: Rumput Laut | FA22: Ton | FB22: =FB123+FB224+FB325+FB426 -> 0 | FC22: =IFERROR(FD22/FB22*1000000,0) -> 0 | FD22: =FD123+FD224+FD325+FD426 -> 0 | FF22: =FF123+FF224+FF325+FF426 -> 0 | FJ22: =FJ123+FJ224+FJ325+FJ426 -> 0 | FK22: 0.29428987 | FL22: =FL123+FL224+FL325+FL426 -> 0 | FM22: =IFERROR(+(IF(FJ22="","0",FJ22))-(IF(FL22="","0",FL22)),"") -> 0 | FO22: 9 | FP22: Rumput Laut | FR22: Ton | FS22: =FS123+FS224+FS325+FS426 -> 0 | FT22: =IFERROR(FU22/FS22*1000000,0) -> 0 | FU22: =FU123+FU224+FU325+FU426 -> 0 | FW22: =FW123+FW224+FW325+FW426 -> 0 | GA22: =GA123+GA224+GA325+GA426 -> 0 | GB22: 0.29428987 | GC22: =GC123+GC224+GC325+GC426 -> 0 | GD22: =IFERROR(+(IF(GA22="","0",GA22))-(IF(GC22="","0",GC22)),"") -> 0 | GF22: 9 | GG22: Rumput Laut | GI22: Ton | GJ22: =GJ123+GJ224+GJ325+GJ426 -> 0 | GK22: =IFERROR(GL22/GJ22*1000000,0) -> 0 | GL22: =GL123+GL224+GL325+GL426 -> 0 | GN22: =GN123+GN224+GN325+GN426 -> 0 | GR22: =GR123+GR224+GR325+GR426 -> 0 | GS22: 0.29428987 | GT22: =GT123+GT224+GT325+GT426 -> 0 | GU22: =IFERROR(+(IF(GR22="","0",GR22))-(IF(GT22="","0",GT22)),"") -> 0 | GW22: 9 | GX22: Rumput Laut | GZ22: Ton | HA22: =HA123+HA224+HA325+HA426 -> 0 | HB22: =IFERROR(HC22/HA22*1000000,0) -> 0 | HC22: =HC123+HC224+HC325+HC426 -> 0 | HE22: =HE123+HE224+HE325+HE426 -> 0 | HI22: =HI123+HI224+HI325+HI426 -> 0 | HJ22: 0.29428987 | HK22: =HK123+HK224+HK325+HK426 -> 0 | HL22: =IFERROR(+(IF(HI22="","0",HI22))-(IF(HK22="","0",HK22)),"") -> 0 | HN22: 9 | HO22: Rumput Laut | HQ22: Ton | HR22: =HR123+HR224+HR325+HR426 -> 0 | HS22: =IFERROR(HT22/HR22*1000000,0) -> 0 | HT22: =HT123+HT224+HT325+HT426 -> 0 | HV22: =HV123+HV224+HV325+HV426 -> 0 | HZ22: =HZ123+HZ224+HZ325+HZ426 -> 0 | IA22: 0.29428987 | IB22: =IB123+IB224+IB325+IB426 -> 0 | IC22: =IFERROR(+(IF(HZ22="","0",HZ22))-(IF(IB22="","0",IB22)),"") -> 0 | IE22: 9 | IF22: Rumput Laut | IH22: Ton | II22: =II123+II224+II325+II426 -> 0 | IJ22: =IFERROR(IK22/II22*1000000,0) -> 0 | IK22: =IK123+IK224+IK325+IK426 -> 0 | IM22: =IM123+IM224+IM325+IM426 -> 0 | IQ22: =IQ123+IQ224+IQ325+IQ426 -> 0 | IR22: 0.29428987 | IS22: =IS123+IS224+IS325+IS426 -> 0 | IT22: =IFERROR(+(IF(IQ22="","0",IQ22))-(IF(IS22="","0",IS22)),"") -> 0 | IV22: 9 | IW22: Rumput Laut | IY22: Ton | IZ22: =IZ123+IZ224+IZ325+IZ426 -> 0 | JA22: =IFERROR(JB22/IZ22*1000000,0) -> 0 | JB22: =JB123+JB224+JB325+JB426 -> 0 | JD22: =JD123+JD224+JD325+JD426 -> 0 | JH22: =JH123+JH224+JH325+JH426 -> 0 | JI22: 0.29428987 | JJ22: =JJ123+JJ224+JJ325+JJ426 -> 0 | JK22: =IFERROR(+(IF(JH22="","0",JH22))-(IF(JJ22="","0",JJ22)),"") -> 0 | JM22: 9 | JN22: Rumput Laut | JP22: Ton | JQ22: =JQ123+JQ224+JQ325+JQ426 -> 0 | JR22: =IFERROR(JS22/JQ22*1000000,0) -> 0 | JS22: =JS123+JS224+JS325+JS426 -> 0 | JU22: =JU123+JU224+JU325+JU426 -> 0 | JY22: =JY123+JY224+JY325+JY426 -> 0 | JZ22: 0.29428987 | KA22: =KA123+KA224+KA325+KA426 -> 0 | KB22: =IFERROR(+(IF(JY22="","0",JY22))-(IF(KA22="","0",KA22)),"") -> 0 | KD22: 9 | KE22: Rumput Laut | KG22: Ton | KH22: =KH123+KH224+KH325+KH426 -> 0 | KI22: =IFERROR(KJ22/KH22*1000000,0) -> 0 | KJ22: =KJ123+KJ224+KJ325+KJ426 -> 0 | KL22: =KL123+KL224+KL325+KL426 -> 0 | KP22: =KP123+KP224+KP325+KP426 -> 0 | KQ22: 0.29428987 | KR22: =KR123+KR224+KR325+KR426 -> 0 | KS22: =IFERROR(+(IF(KP22="","0",KP22))-(IF(KR22="","0",KR22)),"") -> 0
A23: 10 | B23: Lainnya 1.3. ……. | D23: Ton | E23: =E124+E225+E326+E427 -> 0 | F23: =IFERROR(G23/E23*1000000,0) -> 0 | G23: =G124+G225+G326+G427 -> 0 | I23: =I124+I225+I326+I427 -> 0 | M23: =M124+M225+M326+M427 -> 0 | N23: 0.29428987 | O23: =O124+O225+O326+O427 -> 0 | P23: =IFERROR(+(IF(M23="","0",M23))-(IF(O23="","0",O23)),"") -> 0 | R23: 10 | S23: Lainnya 1.3. ……. | U23: Ton | V23: =V124+V225+V326+V427 -> 0 | W23: =IFERROR(X23/V23*1000000,0) -> 0 | X23: =X124+X225+X326+X427 -> 0 | Z23: =Z124+Z225+Z326+Z427 -> 0 | AD23: =AD124+AD225+AD326+AD427 -> 0 | AE23: 0.29428987 | AF23: =AF124+AF225+AF326+AF427 -> 0 | AG23: =IFERROR(+(IF(AD23="","0",AD23))-(IF(AF23="","0",AF23)),"") -> 0 | AI23: 10 | AJ23: Lainnya 1.3. ……. | AL23: Ton | AM23: =AM124+AM225+AM326+AM427 -> 0 | AN23: =IFERROR(AO23/AM23*1000000,0) -> 0 | AO23: =AO124+AO225+AO326+AO427 -> 0 | AQ23: =AQ124+AQ225+AQ326+AQ427 -> 0 | AU23: =AU124+AU225+AU326+AU427 -> 0 | AV23: 0.29428987 | AW23: =AW124+AW225+AW326+AW427 -> 0 | AX23: =IFERROR(+(IF(AU23="","0",AU23))-(IF(AW23="","0",AW23)),"") -> 0 | AZ23: 10 | BA23: Lainnya 1.3. ……. | BC23: Ton | BD23: =BD124+BD225+BD326+BD427 -> 0 | BE23: =IFERROR(BF23/BD23*1000000,0) -> 0 | BF23: =BF124+BF225+BF326+BF427 -> 0 | BH23: =BH124+BH225+BH326+BH427 -> 0 | BL23: =BL124+BL225+BL326+BL427 -> 0 | BM23: 0.29428987 | BN23: =BN124+BN225+BN326+BN427 -> 0 | BO23: =IFERROR(+(IF(BL23="","0",BL23))-(IF(BN23="","0",BN23)),"") -> 0 | BQ23: 10 | BR23: Lainnya 1.3. ……. | BT23: Ton | BU23: =BU124+BU225+BU326+BU427 -> 0 | BV23: =IFERROR(BW23/BU23*1000000,0) -> 0 | BW23: =BW124+BW225+BW326+BW427 -> 0 | BY23: =BY124+BY225+BY326+BY427 -> 0 | CC23: =CC124+CC225+CC326+CC427 -> 0 | CD23: 0.29428987 | CE23: =CE124+CE225+CE326+CE427 -> 0 | CF23: =IFERROR(+(IF(CC23="","0",CC23))-(IF(CE23="","0",CE23)),"") -> 0 | CH23: 10 | CI23: Lainnya 1.3. ……. | CK23: Ton | CL23: =CL124+CL225+CL326+CL427 -> 0 | CM23: =IFERROR(CN23/CL23*1000000,0) -> 0 | CN23: =CN124+CN225+CN326+CN427 -> 0 | CP23: =CP124+CP225+CP326+CP427 -> 0 | CT23: =CT124+CT225+CT326+CT427 -> 0 | CU23: 0.29428987 | CV23: =CV124+CV225+CV326+CV427 -> 0 | CW23: =IFERROR(+(IF(CT23="","0",CT23))-(IF(CV23="","0",CV23)),"") -> 0 | CY23: 10 | CZ23: Lainnya 1.3. ……. | DB23: Ton | DC23: =DC124+DC225+DC326+DC427 -> 0 | DD23: =IFERROR(DE23/DC23*1000000,0) -> 0 | DE23: =DE124+DE225+DE326+DE427 -> 0 | DG23: =DG124+DG225+DG326+DG427 -> 0 | DK23: =DK124+DK225+DK326+DK427 -> 0 | DL23: 0.29428987 | DM23: =DM124+DM225+DM326+DM427 -> 0 | DN23: =IFERROR(+(IF(DK23="","0",DK23))-(IF(DM23="","0",DM23)),"") -> 0 | DP23: 10 | DQ23: Lainnya 1.3. ……. | DS23: Ton | DT23: =DT124+DT225+DT326+DT427 -> 0 | DU23: =IFERROR(DV23/DT23*1000000,0) -> 0 | DV23: =DV124+DV225+DV326+DV427 -> 0 | DX23: =DX124+DX225+DX326+DX427 -> 0 | EB23: =EB124+EB225+EB326+EB427 -> 0 | EC23: 0.29428987 | ED23: =ED124+ED225+ED326+ED427 -> 0 | EE23: =IFERROR(+(IF(EB23="","0",EB23))-(IF(ED23="","0",ED23)),"") -> 0 | EG23: 10 | EH23: Lainnya 1.3. ……. | EJ23: Ton | EK23: =EK124+EK225+EK326+EK427 -> 0 | EL23: =IFERROR(EM23/EK23*1000000,0) -> 0 | EM23: =EM124+EM225+EM326+EM427 -> 0 | EO23: =EO124+EO225+EO326+EO427 -> 0 | ES23: =ES124+ES225+ES326+ES427 -> 0 | ET23: 0.29428987 | EU23: =EU124+EU225+EU326+EU427 -> 0 | EV23: =IFERROR(+(IF(ES23="","0",ES23))-(IF(EU23="","0",EU23)),"") -> 0 | EX23: 10 | EY23: Lainnya 1.3. ……. | FA23: Ton | FB23: =FB124+FB225+FB326+FB427 -> 0 | FC23: =IFERROR(FD23/FB23*1000000,0) -> 0 | FD23: =FD124+FD225+FD326+FD427 -> 0 | FF23: =FF124+FF225+FF326+FF427 -> 0 | FJ23: =FJ124+FJ225+FJ326+FJ427 -> 0 | FK23: 0.29428987 | FL23: =FL124+FL225+FL326+FL427 -> 0 | FM23: =IFERROR(+(IF(FJ23="","0",FJ23))-(IF(FL23="","0",FL23)),"") -> 0 | FO23: 10 | FP23: Lainnya 1.3. ……. | FR23: Ton | FS23: =FS124+FS225+FS326+FS427 -> 0 | FT23: =IFERROR(FU23/FS23*1000000,0) -> 0 | FU23: =FU124+FU225+FU326+FU427 -> 0 | FW23: =FW124+FW225+FW326+FW427 -> 0 | GA23: =GA124+GA225+GA326+GA427 -> 0 | GB23: 0.29428987 | GC23: =GC124+GC225+GC326+GC427 -> 0 | GD23: =IFERROR(+(IF(GA23="","0",GA23))-(IF(GC23="","0",GC23)),"") -> 0 | GF23: 10 | GG23: Lainnya 1.3. ……. | GI23: Ton | GJ23: =GJ124+GJ225+GJ326+GJ427 -> 0 | GK23: =IFERROR(GL23/GJ23*1000000,0) -> 0 | GL23: =GL124+GL225+GL326+GL427 -> 0 | GN23: =GN124+GN225+GN326+GN427 -> 0 | GR23: =GR124+GR225+GR326+GR427 -> 0 | GS23: 0.29428987 | GT23: =GT124+GT225+GT326+GT427 -> 0 | GU23: =IFERROR(+(IF(GR23="","0",GR23))-(IF(GT23="","0",GT23)),"") -> 0 | GW23: 10 | GX23: Lainnya 1.3. ……. | GZ23: Ton | HA23: =HA124+HA225+HA326+HA427 -> 0 | HB23: =IFERROR(HC23/HA23*1000000,0) -> 0 | HC23: =HC124+HC225+HC326+HC427 -> 0 | HE23: =HE124+HE225+HE326+HE427 -> 0 | HI23: =HI124+HI225+HI326+HI427 -> 0 | HJ23: 0.29428987 | HK23: =HK124+HK225+HK326+HK427 -> 0 | HL23: =IFERROR(+(IF(HI23="","0",HI23))-(IF(HK23="","0",HK23)),"") -> 0 | HN23: 10 | HO23: Lainnya 1.3. ……. | HQ23: Ton | HR23: =HR124+HR225+HR326+HR427 -> 0 | HS23: =IFERROR(HT23/HR23*1000000,0) -> 0 | HT23: =HT124+HT225+HT326+HT427 -> 0 | HV23: =HV124+HV225+HV326+HV427 -> 0 | HZ23: =HZ124+HZ225+HZ326+HZ427 -> 0 | IA23: 0.29428987 | IB23: =IB124+IB225+IB326+IB427 -> 0 | IC23: =IFERROR(+(IF(HZ23="","0",HZ23))-(IF(IB23="","0",IB23)),"") -> 0 | IE23: 10 | IF23: Lainnya 1.3. ……. | IH23: Ton | II23: =II124+II225+II326+II427 -> 0 | IJ23: =IFERROR(IK23/II23*1000000,0) -> 0 | IK23: =IK124+IK225+IK326+IK427 -> 0 | IM23: =IM124+IM225+IM326+IM427 -> 0 | IQ23: =IQ124+IQ225+IQ326+IQ427 -> 0 | IR23: 0.29428987 | IS23: =IS124+IS225+IS326+IS427 -> 0 | IT23: =IFERROR(+(IF(IQ23="","0",IQ23))-(IF(IS23="","0",IS23)),"") -> 0 | IV23: 10 | IW23: Lainnya 1.3. ……. | IY23: Ton | IZ23: =IZ124+IZ225+IZ326+IZ427 -> 0 | JA23: =IFERROR(JB23/IZ23*1000000,0) -> 0 | JB23: =JB124+JB225+JB326+JB427 -> 0 | JD23: =JD124+JD225+JD326+JD427 -> 0 | JH23: =JH124+JH225+JH326+JH427 -> 0 | JI23: 0.29428987 | JJ23: =JJ124+JJ225+JJ326+JJ427 -> 0 | JK23: =IFERROR(+(IF(JH23="","0",JH23))-(IF(JJ23="","0",JJ23)),"") -> 0 | JM23: 10 | JN23: Lainnya 1.3. ……. | JP23: Ton | JQ23: =JQ124+JQ225+JQ326+JQ427 -> 0 | JR23: =IFERROR(JS23/JQ23*1000000,0) -> 0 | JS23: =JS124+JS225+JS326+JS427 -> 0 | JU23: =JU124+JU225+JU326+JU427 -> 0 | JY23: =JY124+JY225+JY326+JY427 -> 0 | JZ23: 0.29428987 | KA23: =KA124+KA225+KA326+KA427 -> 0 | KB23: =IFERROR(+(IF(JY23="","0",JY23))-(IF(KA23="","0",KA23)),"") -> 0 | KD23: 10 | KE23: Lainnya 1.3. ……. | KG23: Ton | KH23: =KH124+KH225+KH326+KH427 -> 0 | KI23: =IFERROR(KJ23/KH23*1000000,0) -> 0 | KJ23: =KJ124+KJ225+KJ326+KJ427 -> 0 | KL23: =KL124+KL225+KL326+KL427 -> 0 | KP23: =KP124+KP225+KP326+KP427 -> 0 | KQ23: 0.29428987 | KR23: =KR124+KR225+KR326+KR427 -> 0 | KS23: =IFERROR(+(IF(KP23="","0",KP23))-(IF(KR23="","0",KR23)),"") -> 0
A24: 11 | B24: Lainnya 1.3. ……. | D24: Ton | E24: =E125+E226+E327+E428 -> 0 | F24: =IFERROR(G24/E24*1000000,0) -> 0 | G24: =G125+G226+G327+G428 -> 0 | I24: =I125+I226+I327+I428 -> 0 | M24: =M125+M226+M327+M428 -> 0 | N24: 0.29428987 | O24: =O125+O226+O327+O428 -> 0 | P24: =IFERROR(+(IF(M24="","0",M24))-(IF(O24="","0",O24)),"") -> 0 | R24: 11 | S24: Lainnya 1.3. ……. | U24: Ton | V24: =V125+V226+V327+V428 -> 0 | W24: =IFERROR(X24/V24*1000000,0) -> 0 | X24: =X125+X226+X327+X428 -> 0 | Z24: =Z125+Z226+Z327+Z428 -> 0 | AD24: =AD125+AD226+AD327+AD428 -> 0 | AE24: 0.29428987 | AF24: =AF125+AF226+AF327+AF428 -> 0 | AG24: =IFERROR(+(IF(AD24="","0",AD24))-(IF(AF24="","0",AF24)),"") -> 0 | AI24: 11 | AJ24: Lainnya 1.3. ……. | AL24: Ton | AM24: =AM125+AM226+AM327+AM428 -> 0 | AN24: =IFERROR(AO24/AM24*1000000,0) -> 0 | AO24: =AO125+AO226+AO327+AO428 -> 0 | AQ24: =AQ125+AQ226+AQ327+AQ428 -> 0 | AU24: =AU125+AU226+AU327+AU428 -> 0 | AV24: 0.29428987 | AW24: =AW125+AW226+AW327+AW428 -> 0 | AX24: =IFERROR(+(IF(AU24="","0",AU24))-(IF(AW24="","0",AW24)),"") -> 0 | AZ24: 11 | BA24: Lainnya 1.3. ……. | BC24: Ton | BD24: =BD125+BD226+BD327+BD428 -> 0 | BE24: =IFERROR(BF24/BD24*1000000,0) -> 0 | BF24: =BF125+BF226+BF327+BF428 -> 0 | BH24: =BH125+BH226+BH327+BH428 -> 0 | BL24: =BL125+BL226+BL327+BL428 -> 0 | BM24: 0.29428987 | BN24: =BN125+BN226+BN327+BN428 -> 0 | BO24: =IFERROR(+(IF(BL24="","0",BL24))-(IF(BN24="","0",BN24)),"") -> 0 | BQ24: 11 | BR24: Lainnya 1.3. ……. | BT24: Ton | BU24: =BU125+BU226+BU327+BU428 -> 0 | BV24: =IFERROR(BW24/BU24*1000000,0) -> 0 | BW24: =BW125+BW226+BW327+BW428 -> 0 | BY24: =BY125+BY226+BY327+BY428 -> 0 | CC24: =CC125+CC226+CC327+CC428 -> 0 | CD24: 0.29428987 | CE24: =CE125+CE226+CE327+CE428 -> 0 | CF24: =IFERROR(+(IF(CC24="","0",CC24))-(IF(CE24="","0",CE24)),"") -> 0 | CH24: 11 | CI24: Lainnya 1.3. ……. | CK24: Ton | CL24: =CL125+CL226+CL327+CL428 -> 0 | CM24: =IFERROR(CN24/CL24*1000000,0) -> 0 | CN24: =CN125+CN226+CN327+CN428 -> 0 | CP24: =CP125+CP226+CP327+CP428 -> 0 | CT24: =CT125+CT226+CT327+CT428 -> 0 | CU24: 0.29428987 | CV24: =CV125+CV226+CV327+CV428 -> 0 | CW24: =IFERROR(+(IF(CT24="","0",CT24))-(IF(CV24="","0",CV24)),"") -> 0 | CY24: 11 | CZ24: Lainnya 1.3. ……. | DB24: Ton | DC24: =DC125+DC226+DC327+DC428 -> 0 | DD24: =IFERROR(DE24/DC24*1000000,0) -> 0 | DE24: =DE125+DE226+DE327+DE428 -> 0 | DG24: =DG125+DG226+DG327+DG428 -> 0 | DK24: =DK125+DK226+DK327+DK428 -> 0 | DL24: 0.29428987 | DM24: =DM125+DM226+DM327+DM428 -> 0 | DN24: =IFERROR(+(IF(DK24="","0",DK24))-(IF(DM24="","0",DM24)),"") -> 0 | DP24: 11 | DQ24: Lainnya 1.3. ……. | DS24: Ton | DT24: =DT125+DT226+DT327+DT428 -> 0 | DU24: =IFERROR(DV24/DT24*1000000,0) -> 0 | DV24: =DV125+DV226+DV327+DV428 -> 0 | DX24: =DX125+DX226+DX327+DX428 -> 0 | EB24: =EB125+EB226+EB327+EB428 -> 0 | EC24: 0.29428987 | ED24: =ED125+ED226+ED327+ED428 -> 0 | EE24: =IFERROR(+(IF(EB24="","0",EB24))-(IF(ED24="","0",ED24)),"") -> 0 | EG24: 11 | EH24: Lainnya 1.3. ……. | EJ24: Ton | EK24: =EK125+EK226+EK327+EK428 -> 0 | EL24: =IFERROR(EM24/EK24*1000000,0) -> 0 | EM24: =EM125+EM226+EM327+EM428 -> 0 | EO24: =EO125+EO226+EO327+EO428 -> 0 | ES24: =ES125+ES226+ES327+ES428 -> 0 | ET24: 0.29428987 | EU24: =EU125+EU226+EU327+EU428 -> 0 | EV24: =IFERROR(+(IF(ES24="","0",ES24))-(IF(EU24="","0",EU24)),"") -> 0 | EX24: 11 | EY24: Lainnya 1.3. ……. | FA24: Ton | FB24: =FB125+FB226+FB327+FB428 -> 0 | FC24: =IFERROR(FD24/FB24*1000000,0) -> 0 | FD24: =FD125+FD226+FD327+FD428 -> 0 | FF24: =FF125+FF226+FF327+FF428 -> 0 | FJ24: =FJ125+FJ226+FJ327+FJ428 -> 0 | FK24: 0.29428987 | FL24: =FL125+FL226+FL327+FL428 -> 0 | FM24: =IFERROR(+(IF(FJ24="","0",FJ24))-(IF(FL24="","0",FL24)),"") -> 0 | FO24: 11 | FP24: Lainnya 1.3. ……. | FR24: Ton | FS24: =FS125+FS226+FS327+FS428 -> 0 | FT24: =IFERROR(FU24/FS24*1000000,0) -> 0 | FU24: =FU125+FU226+FU327+FU428 -> 0 | FW24: =FW125+FW226+FW327+FW428 -> 0 | GA24: =GA125+GA226+GA327+GA428 -> 0 | GB24: 0.29428987 | GC24: =GC125+GC226+GC327+GC428 -> 0 | GD24: =IFERROR(+(IF(GA24="","0",GA24))-(IF(GC24="","0",GC24)),"") -> 0 | GF24: 11 | GG24: Lainnya 1.3. ……. | GI24: Ton | GJ24: =GJ125+GJ226+GJ327+GJ428 -> 0 | GK24: =IFERROR(GL24/GJ24*1000000,0) -> 0 | GL24: =GL125+GL226+GL327+GL428 -> 0 | GN24: =GN125+GN226+GN327+GN428 -> 0 | GR24: =GR125+GR226+GR327+GR428 -> 0 | GS24: 0.29428987 | GT24: =GT125+GT226+GT327+GT428 -> 0 | GU24: =IFERROR(+(IF(GR24="","0",GR24))-(IF(GT24="","0",GT24)),"") -> 0 | GW24: 11 | GX24: Lainnya 1.3. ……. | GZ24: Ton | HA24: =HA125+HA226+HA327+HA428 -> 0 | HB24: =IFERROR(HC24/HA24*1000000,0) -> 0 | HC24: =HC125+HC226+HC327+HC428 -> 0 | HE24: =HE125+HE226+HE327+HE428 -> 0 | HI24: =HI125+HI226+HI327+HI428 -> 0 | HJ24: 0.29428987 | HK24: =HK125+HK226+HK327+HK428 -> 0 | HL24: =IFERROR(+(IF(HI24="","0",HI24))-(IF(HK24="","0",HK24)),"") -> 0 | HN24: 11 | HO24: Lainnya 1.3. ……. | HQ24: Ton | HR24: =HR125+HR226+HR327+HR428 -> 0 | HS24: =IFERROR(HT24/HR24*1000000,0) -> 0 | HT24: =HT125+HT226+HT327+HT428 -> 0 | HV24: =HV125+HV226+HV327+HV428 -> 0 | HZ24: =HZ125+HZ226+HZ327+HZ428 -> 0 | IA24: 0.29428987 | IB24: =IB125+IB226+IB327+IB428 -> 0 | IC24: =IFERROR(+(IF(HZ24="","0",HZ24))-(IF(IB24="","0",IB24)),"") -> 0 | IE24: 11 | IF24: Lainnya 1.3. ……. | IH24: Ton | II24: =II125+II226+II327+II428 -> 0 | IJ24: =IFERROR(IK24/II24*1000000,0) -> 0 | IK24: =IK125+IK226+IK327+IK428 -> 0 | IM24: =IM125+IM226+IM327+IM428 -> 0 | IQ24: =IQ125+IQ226+IQ327+IQ428 -> 0 | IR24: 0.29428987 | IS24: =IS125+IS226+IS327+IS428 -> 0 | IT24: =IFERROR(+(IF(IQ24="","0",IQ24))-(IF(IS24="","0",IS24)),"") -> 0 | IV24: 11 | IW24: Lainnya 1.3. ……. | IY24: Ton | IZ24: =IZ125+IZ226+IZ327+IZ428 -> 0 | JA24: =IFERROR(JB24/IZ24*1000000,0) -> 0 | JB24: =JB125+JB226+JB327+JB428 -> 0 | JD24: =JD125+JD226+JD327+JD428 -> 0 | JH24: =JH125+JH226+JH327+JH428 -> 0 | JI24: 0.29428987 | JJ24: =JJ125+JJ226+JJ327+JJ428 -> 0 | JK24: =IFERROR(+(IF(JH24="","0",JH24))-(IF(JJ24="","0",JJ24)),"") -> 0 | JM24: 11 | JN24: Lainnya 1.3. ……. | JP24: Ton | JQ24: =JQ125+JQ226+JQ327+JQ428 -> 0 | JR24: =IFERROR(JS24/JQ24*1000000,0) -> 0 | JS24: =JS125+JS226+JS327+JS428 -> 0 | JU24: =JU125+JU226+JU327+JU428 -> 0 | JY24: =JY125+JY226+JY327+JY428 -> 0 | JZ24: 0.29428987 | KA24: =KA125+KA226+KA327+KA428 -> 0 | KB24: =IFERROR(+(IF(JY24="","0",JY24))-(IF(KA24="","0",KA24)),"") -> 0 | KD24: 11 | KE24: Lainnya 1.3. ……. | KG24: Ton | KH24: =KH125+KH226+KH327+KH428 -> 0 | KI24: =IFERROR(KJ24/KH24*1000000,0) -> 0 | KJ24: =KJ125+KJ226+KJ327+KJ428 -> 0 | KL24: =KL125+KL226+KL327+KL428 -> 0 | KP24: =KP125+KP226+KP327+KP428 -> 0 | KQ24: 0.29428987 | KR24: =KR125+KR226+KR327+KR428 -> 0 | KS24: =IFERROR(+(IF(KP24="","0",KP24))-(IF(KR24="","0",KR24)),"") -> 0
A25: 12 | B25: Lainnya 1.3. ……. | D25: Ton | E25: =E126+E227+E328+E429 -> 0 | F25: =IFERROR(G25/E25*1000000,0) -> 0 | G25: =G126+G227+G328+G429 -> 0 | I25: =I126+I227+I328+I429 -> 0 | M25: =M126+M227+M328+M429 -> 0 | N25: 0.29428987 | O25: =O126+O227+O328+O429 -> 0 | P25: =IFERROR(+(IF(M25="","0",M25))-(IF(O25="","0",O25)),"") -> 0 | R25: 12 | S25: Lainnya 1.3. ……. | U25: Ton | V25: =V126+V227+V328+V429 -> 0 | W25: =IFERROR(X25/V25*1000000,0) -> 0 | X25: =X126+X227+X328+X429 -> 0 | Z25: =Z126+Z227+Z328+Z429 -> 0 | AD25: =AD126+AD227+AD328+AD429 -> 0 | AE25: 0.29428987 | AF25: =AF126+AF227+AF328+AF429 -> 0 | AG25: =IFERROR(+(IF(AD25="","0",AD25))-(IF(AF25="","0",AF25)),"") -> 0 | AI25: 12 | AJ25: Lainnya 1.3. ……. | AL25: Ton | AM25: =AM126+AM227+AM328+AM429 -> 0 | AN25: =IFERROR(AO25/AM25*1000000,0) -> 0 | AO25: =AO126+AO227+AO328+AO429 -> 0 | AQ25: =AQ126+AQ227+AQ328+AQ429 -> 0 | AU25: =AU126+AU227+AU328+AU429 -> 0 | AV25: 0.29428987 | AW25: =AW126+AW227+AW328+AW429 -> 0 | AX25: =IFERROR(+(IF(AU25="","0",AU25))-(IF(AW25="","0",AW25)),"") -> 0 | AZ25: 12 | BA25: Lainnya 1.3. ……. | BC25: Ton | BD25: =BD126+BD227+BD328+BD429 -> 0 | BE25: =IFERROR(BF25/BD25*1000000,0) -> 0 | BF25: =BF126+BF227+BF328+BF429 -> 0 | BH25: =BH126+BH227+BH328+BH429 -> 0 | BL25: =BL126+BL227+BL328+BL429 -> 0 | BM25: 0.29428987 | BN25: =BN126+BN227+BN328+BN429 -> 0 | BO25: =IFERROR(+(IF(BL25="","0",BL25))-(IF(BN25="","0",BN25)),"") -> 0 | BQ25: 12 | BR25: Lainnya 1.3. ……. | BT25: Ton | BU25: =BU126+BU227+BU328+BU429 -> 0 | BV25: =IFERROR(BW25/BU25*1000000,0) -> 0 | BW25: =BW126+BW227+BW328+BW429 -> 0 | BY25: =BY126+BY227+BY328+BY429 -> 0 | CC25: =CC126+CC227+CC328+CC429 -> 0 | CD25: 0.29428987 | CE25: =CE126+CE227+CE328+CE429 -> 0 | CF25: =IFERROR(+(IF(CC25="","0",CC25))-(IF(CE25="","0",CE25)),"") -> 0 | CH25: 12 | CI25: Lainnya 1.3. ……. | CK25: Ton | CL25: =CL126+CL227+CL328+CL429 -> 0 | CM25: =IFERROR(CN25/CL25*1000000,0) -> 0 | CN25: =CN126+CN227+CN328+CN429 -> 0 | CP25: =CP126+CP227+CP328+CP429 -> 0 | CT25: =CT126+CT227+CT328+CT429 -> 0 | CU25: 0.29428987 | CV25: =CV126+CV227+CV328+CV429 -> 0 | CW25: =IFERROR(+(IF(CT25="","0",CT25))-(IF(CV25="","0",CV25)),"") -> 0 | CY25: 12 | CZ25: Lainnya 1.3. ……. | DB25: Ton | DC25: =DC126+DC227+DC328+DC429 -> 0 | DD25: =IFERROR(DE25/DC25*1000000,0) -> 0 | DE25: =DE126+DE227+DE328+DE429 -> 0 | DG25: =DG126+DG227+DG328+DG429 -> 0 | DK25: =DK126+DK227+DK328+DK429 -> 0 | DL25: 0.29428987 | DM25: =DM126+DM227+DM328+DM429 -> 0 | DN25: =IFERROR(+(IF(DK25="","0",DK25))-(IF(DM25="","0",DM25)),"") -> 0 | DP25: 12 | DQ25: Lainnya 1.3. ……. | DS25: Ton | DT25: =DT126+DT227+DT328+DT429 -> 0 | DU25: =IFERROR(DV25/DT25*1000000,0) -> 0 | DV25: =DV126+DV227+DV328+DV429 -> 0 | DX25: =DX126+DX227+DX328+DX429 -> 0 | EB25: =EB126+EB227+EB328+EB429 -> 0 | EC25: 0.29428987 | ED25: =ED126+ED227+ED328+ED429 -> 0 | EE25: =IFERROR(+(IF(EB25="","0",EB25))-(IF(ED25="","0",ED25)),"") -> 0 | EG25: 12 | EH25: Lainnya 1.3. ……. | EJ25: Ton | EK25: =EK126+EK227+EK328+EK429 -> 0 | EL25: =IFERROR(EM25/EK25*1000000,0) -> 0 | EM25: =EM126+EM227+EM328+EM429 -> 0 | EO25: =EO126+EO227+EO328+EO429 -> 0 | ES25: =ES126+ES227+ES328+ES429 -> 0 | ET25: 0.29428987 | EU25: =EU126+EU227+EU328+EU429 -> 0 | EV25: =IFERROR(+(IF(ES25="","0",ES25))-(IF(EU25="","0",EU25)),"") -> 0 | EX25: 12 | EY25: Lainnya 1.3. ……. | FA25: Ton | FB25: =FB126+FB227+FB328+FB429 -> 0 | FC25: =IFERROR(FD25/FB25*1000000,0) -> 0 | FD25: =FD126+FD227+FD328+FD429 -> 0 | FF25: =FF126+FF227+FF328+FF429 -> 0 | FJ25: =FJ126+FJ227+FJ328+FJ429 -> 0 | FK25: 0.29428987 | FL25: =FL126+FL227+FL328+FL429 -> 0 | FM25: =IFERROR(+(IF(FJ25="","0",FJ25))-(IF(FL25="","0",FL25)),"") -> 0 | FO25: 12 | FP25: Lainnya 1.3. ……. | FR25: Ton | FS25: =FS126+FS227+FS328+FS429 -> 0 | FT25: =IFERROR(FU25/FS25*1000000,0) -> 0 | FU25: =FU126+FU227+FU328+FU429 -> 0 | FW25: =FW126+FW227+FW328+FW429 -> 0 | GA25: =GA126+GA227+GA328+GA429 -> 0 | GB25: 0.29428987 | GC25: =GC126+GC227+GC328+GC429 -> 0 | GD25: =IFERROR(+(IF(GA25="","0",GA25))-(IF(GC25="","0",GC25)),"") -> 0 | GF25: 12 | GG25: Lainnya 1.3. ……. | GI25: Ton | GJ25: =GJ126+GJ227+GJ328+GJ429 -> 0 | GK25: =IFERROR(GL25/GJ25*1000000,0) -> 0 | GL25: =GL126+GL227+GL328+GL429 -> 0 | GN25: =GN126+GN227+GN328+GN429 -> 0 | GR25: =GR126+GR227+GR328+GR429 -> 0 | GS25: 0.29428987 | GT25: =GT126+GT227+GT328+GT429 -> 0 | GU25: =IFERROR(+(IF(GR25="","0",GR25))-(IF(GT25="","0",GT25)),"") -> 0 | GW25: 12 | GX25: Lainnya 1.3. ……. | GZ25: Ton | HA25: =HA126+HA227+HA328+HA429 -> 0 | HB25: =IFERROR(HC25/HA25*1000000,0) -> 0 | HC25: =HC126+HC227+HC328+HC429 -> 0 | HE25: =HE126+HE227+HE328+HE429 -> 0 | HI25: =HI126+HI227+HI328+HI429 -> 0 | HJ25: 0.29428987 | HK25: =HK126+HK227+HK328+HK429 -> 0 | HL25: =IFERROR(+(IF(HI25="","0",HI25))-(IF(HK25="","0",HK25)),"") -> 0 | HN25: 12 | HO25: Lainnya 1.3. ……. | HQ25: Ton | HR25: =HR126+HR227+HR328+HR429 -> 0 | HS25: =IFERROR(HT25/HR25*1000000,0) -> 0 | HT25: =HT126+HT227+HT328+HT429 -> 0 | HV25: =HV126+HV227+HV328+HV429 -> 0 | HZ25: =HZ126+HZ227+HZ328+HZ429 -> 0 | IA25: 0.29428987 | IB25: =IB126+IB227+IB328+IB429 -> 0 | IC25: =IFERROR(+(IF(HZ25="","0",HZ25))-(IF(IB25="","0",IB25)),"") -> 0 | IE25: 12 | IF25: Lainnya 1.3. ……. | IH25: Ton | II25: =II126+II227+II328+II429 -> 0 | IJ25: =IFERROR(IK25/II25*1000000,0) -> 0 | IK25: =IK126+IK227+IK328+IK429 -> 0 | IM25: =IM126+IM227+IM328+IM429 -> 0 | IQ25: =IQ126+IQ227+IQ328+IQ429 -> 0 | IR25: 0.29428987 | IS25: =IS126+IS227+IS328+IS429 -> 0 | IT25: =IFERROR(+(IF(IQ25="","0",IQ25))-(IF(IS25="","0",IS25)),"") -> 0 | IV25: 12 | IW25: Lainnya 1.3. ……. | IY25: Ton | IZ25: =IZ126+IZ227+IZ328+IZ429 -> 0 | JA25: =IFERROR(JB25/IZ25*1000000,0) -> 0 | JB25: =JB126+JB227+JB328+JB429 -> 0 | JD25: =JD126+JD227+JD328+JD429 -> 0 | JH25: =JH126+JH227+JH328+JH429 -> 0 | JI25: 0.29428987 | JJ25: =JJ126+JJ227+JJ328+JJ429 -> 0 | JK25: =IFERROR(+(IF(JH25="","0",JH25))-(IF(JJ25="","0",JJ25)),"") -> 0 | JM25: 12 | JN25: Lainnya 1.3. ……. | JP25: Ton | JQ25: =JQ126+JQ227+JQ328+JQ429 -> 0 | JR25: =IFERROR(JS25/JQ25*1000000,0) -> 0 | JS25: =JS126+JS227+JS328+JS429 -> 0 | JU25: =JU126+JU227+JU328+JU429 -> 0 | JY25: =JY126+JY227+JY328+JY429 -> 0 | JZ25: 0.29428987 | KA25: =KA126+KA227+KA328+KA429 -> 0 | KB25: =IFERROR(+(IF(JY25="","0",JY25))-(IF(KA25="","0",KA25)),"") -> 0 | KD25: 12 | KE25: Lainnya 1.3. ……. | KG25: Ton | KH25: =KH126+KH227+KH328+KH429 -> 0 | KI25: =IFERROR(KJ25/KH25*1000000,0) -> 0 | KJ25: =KJ126+KJ227+KJ328+KJ429 -> 0 | KL25: =KL126+KL227+KL328+KL429 -> 0 | KP25: =KP126+KP227+KP328+KP429 -> 0 | KQ25: 0.29428987 | KR25: =KR126+KR227+KR328+KR429 -> 0 | KS25: =IFERROR(+(IF(KP25="","0",KP25))-(IF(KR25="","0",KR25)),"") -> 0
B26: Perikanan Budidaya | S26: Perikanan Budidaya | AJ26: Perikanan Budidaya | BA26: Perikanan Budidaya | BR26: Perikanan Budidaya | CI26: Perikanan Budidaya | CZ26: Perikanan Budidaya | DQ26: Perikanan Budidaya | EH26: Perikanan Budidaya | EY26: Perikanan Budidaya | FP26: Perikanan Budidaya | GG26: Perikanan Budidaya | GX26: Perikanan Budidaya | HO26: Perikanan Budidaya | IF26: Perikanan Budidaya | IW26: Perikanan Budidaya | JN26: Perikanan Budidaya | KE26: Perikanan Budidaya
B27: Air Payau / Tambak : | S27: Air Payau / Tambak : | AJ27: Air Payau / Tambak : | BA27: Air Payau / Tambak : | BR27: Air Payau / Tambak : | CI27: Air Payau / Tambak : | CZ27: Air Payau / Tambak : | DQ27: Air Payau / Tambak : | EH27: Air Payau / Tambak : | EY27: Air Payau / Tambak : | FP27: Air Payau / Tambak : | GG27: Air Payau / Tambak : | GX27: Air Payau / Tambak : | HO27: Air Payau / Tambak : | IF27: Air Payau / Tambak : | IW27: Air Payau / Tambak : | JN27: Air Payau / Tambak : | KE27: Air Payau / Tambak :
A28: 1 | B28: Bandeng | D28: Ton | E28: =E129+E230+E331+E432 -> 0 | F28: =IFERROR(G28/E28*1000000,0) -> 0 | G28: =G129+G230+G331+G432 -> 0 | I28: =I129+I230+I331+I432 -> 0 | M28: =M129+M230+M331+M432 -> 0 | N28: 0.29428987 | O28: =O129+O230+O331+O432 -> 0 | P28: =IFERROR(+(IF(M28="","0",M28))-(IF(O28="","0",O28)),"") -> 0 | R28: 1 | S28: Bandeng | U28: Ton | V28: =V129+V230+V331+V432 -> 0 | W28: =IFERROR(X28/V28*1000000,0) -> 0 | X28: =X129+X230+X331+X432 -> 0 | Z28: =Z129+Z230+Z331+Z432 -> 0 | AD28: =AD129+AD230+AD331+AD432 -> 0 | AE28: 0.29428987 | AF28: =AF129+AF230+AF331+AF432 -> 0 | AG28: =IFERROR(+(IF(AD28="","0",AD28))-(IF(AF28="","0",AF28)),"") -> 0 | AI28: 1 | AJ28: Bandeng | AL28: Ton | AM28: =AM129+AM230+AM331+AM432 -> 0 | AN28: =IFERROR(AO28/AM28*1000000,0) -> 0 | AO28: =AO129+AO230+AO331+AO432 -> 0 | AQ28: =AQ129+AQ230+AQ331+AQ432 -> 0 | AU28: =AU129+AU230+AU331+AU432 -> 0 | AV28: 0.29428987 | AW28: =AW129+AW230+AW331+AW432 -> 0 | AX28: =IFERROR(+(IF(AU28="","0",AU28))-(IF(AW28="","0",AW28)),"") -> 0 | AZ28: 1 | BA28: Bandeng | BC28: Ton | BD28: =BD129+BD230+BD331+BD432 -> 0 | BE28: =IFERROR(BF28/BD28*1000000,0) -> 0 | BF28: =BF129+BF230+BF331+BF432 -> 0 | BH28: =BH129+BH230+BH331+BH432 -> 0 | BL28: =BL129+BL230+BL331+BL432 -> 0 | BM28: 0.29428987 | BN28: =BN129+BN230+BN331+BN432 -> 0 | BO28: =IFERROR(+(IF(BL28="","0",BL28))-(IF(BN28="","0",BN28)),"") -> 0 | BQ28: 1 | BR28: Bandeng | BT28: Ton | BU28: =BU129+BU230+BU331+BU432 -> 0 | BV28: =IFERROR(BW28/BU28*1000000,0) -> 0 | BW28: =BW129+BW230+BW331+BW432 -> 0 | BY28: =BY129+BY230+BY331+BY432 -> 0 | CC28: =CC129+CC230+CC331+CC432 -> 0 | CD28: 0.29428987 | CE28: =CE129+CE230+CE331+CE432 -> 0 | CF28: =IFERROR(+(IF(CC28="","0",CC28))-(IF(CE28="","0",CE28)),"") -> 0 | CH28: 1 | CI28: Bandeng | CK28: Ton | CL28: =CL129+CL230+CL331+CL432 -> 0 | CM28: =IFERROR(CN28/CL28*1000000,0) -> 0 | CN28: =CN129+CN230+CN331+CN432 -> 0 | CP28: =CP129+CP230+CP331+CP432 -> 0 | CT28: =CT129+CT230+CT331+CT432 -> 0 | CU28: 0.29428987 | CV28: =CV129+CV230+CV331+CV432 -> 0 | CW28: =IFERROR(+(IF(CT28="","0",CT28))-(IF(CV28="","0",CV28)),"") -> 0 | CY28: 1 | CZ28: Bandeng | DB28: Ton | DC28: =DC129+DC230+DC331+DC432 -> 0 | DD28: =IFERROR(DE28/DC28*1000000,0) -> 0 | DE28: =DE129+DE230+DE331+DE432 -> 0 | DG28: =DG129+DG230+DG331+DG432 -> 0 | DK28: =DK129+DK230+DK331+DK432 -> 0 | DL28: 0.29428987 | DM28: =DM129+DM230+DM331+DM432 -> 0 | DN28: =IFERROR(+(IF(DK28="","0",DK28))-(IF(DM28="","0",DM28)),"") -> 0 | DP28: 1 | DQ28: Bandeng | DS28: Ton | DT28: =DT129+DT230+DT331+DT432 -> 0 | DU28: =IFERROR(DV28/DT28*1000000,0) -> 0 | DV28: =DV129+DV230+DV331+DV432 -> 0 | DX28: =DX129+DX230+DX331+DX432 -> 0 | EB28: =EB129+EB230+EB331+EB432 -> 0 | EC28: 0.29428987 | ED28: =ED129+ED230+ED331+ED432 -> 0 | EE28: =IFERROR(+(IF(EB28="","0",EB28))-(IF(ED28="","0",ED28)),"") -> 0 | EG28: 1 | EH28: Bandeng | EJ28: Ton | EK28: =EK129+EK230+EK331+EK432 -> 0 | EL28: =IFERROR(EM28/EK28*1000000,0) -> 0 | EM28: =EM129+EM230+EM331+EM432 -> 0 | EO28: =EO129+EO230+EO331+EO432 -> 0 | ES28: =ES129+ES230+ES331+ES432 -> 0 | ET28: 0.29428987 | EU28: =EU129+EU230+EU331+EU432 -> 0 | EV28: =IFERROR(+(IF(ES28="","0",ES28))-(IF(EU28="","0",EU28)),"") -> 0 | EX28: 1 | EY28: Bandeng | FA28: Ton | FB28: =FB129+FB230+FB331+FB432 -> 0 | FC28: =IFERROR(FD28/FB28*1000000,0) -> 0 | FD28: =FD129+FD230+FD331+FD432 -> 0 | FF28: =FF129+FF230+FF331+FF432 -> 0 | FJ28: =FJ129+FJ230+FJ331+FJ432 -> 0 | FK28: 0.29428987 | FL28: =FL129+FL230+FL331+FL432 -> 0 | FM28: =IFERROR(+(IF(FJ28="","0",FJ28))-(IF(FL28="","0",FL28)),"") -> 0 | FO28: 1 | FP28: Bandeng | FR28: Ton | FS28: =FS129+FS230+FS331+FS432 -> 0 | FT28: =IFERROR(FU28/FS28*1000000,0) -> 0 | FU28: =FU129+FU230+FU331+FU432 -> 0 | FW28: =FW129+FW230+FW331+FW432 -> 0 | GA28: =GA129+GA230+GA331+GA432 -> 0 | GB28: 0.29428987 | GC28: =GC129+GC230+GC331+GC432 -> 0 | GD28: =IFERROR(+(IF(GA28="","0",GA28))-(IF(GC28="","0",GC28)),"") -> 0 | GF28: 1 | GG28: Bandeng | GI28: Ton | GJ28: =GJ129+GJ230+GJ331+GJ432 -> 0 | GK28: =IFERROR(GL28/GJ28*1000000,0) -> 0 | GL28: =GL129+GL230+GL331+GL432 -> 0 | GN28: =GN129+GN230+GN331+GN432 -> 0 | GR28: =GR129+GR230+GR331+GR432 -> 0 | GS28: 0.29428987 | GT28: =GT129+GT230+GT331+GT432 -> 0 | GU28: =IFERROR(+(IF(GR28="","0",GR28))-(IF(GT28="","0",GT28)),"") -> 0 | GW28: 1 | GX28: Bandeng | GZ28: Ton | HA28: =HA129+HA230+HA331+HA432 -> 0 | HB28: =IFERROR(HC28/HA28*1000000,0) -> 0 | HC28: =HC129+HC230+HC331+HC432 -> 0 | HE28: =HE129+HE230+HE331+HE432 -> 0 | HI28: =HI129+HI230+HI331+HI432 -> 0 | HJ28: 0.29428987 | HK28: =HK129+HK230+HK331+HK432 -> 0 | HL28: =IFERROR(+(IF(HI28="","0",HI28))-(IF(HK28="","0",HK28)),"") -> 0 | HN28: 1 | HO28: Bandeng | HQ28: Ton | HR28: =HR129+HR230+HR331+HR432 -> 0 | HS28: =IFERROR(HT28/HR28*1000000,0) -> 0 | HT28: =HT129+HT230+HT331+HT432 -> 0 | HV28: =HV129+HV230+HV331+HV432 -> 0 | HZ28: =HZ129+HZ230+HZ331+HZ432 -> 0 | IA28: 0.29428987 | IB28: =IB129+IB230+IB331+IB432 -> 0 | IC28: =IFERROR(+(IF(HZ28="","0",HZ28))-(IF(IB28="","0",IB28)),"") -> 0 | IE28: 1 | IF28: Bandeng | IH28: Ton | II28: =II129+II230+II331+II432 -> 0 | IJ28: =IFERROR(IK28/II28*1000000,0) -> 0 | IK28: =IK129+IK230+IK331+IK432 -> 0 | IM28: =IM129+IM230+IM331+IM432 -> 0 | IQ28: =IQ129+IQ230+IQ331+IQ432 -> 0 | IR28: 0.29428987 | IS28: =IS129+IS230+IS331+IS432 -> 0 | IT28: =IFERROR(+(IF(IQ28="","0",IQ28))-(IF(IS28="","0",IS28)),"") -> 0 | IV28: 1 | IW28: Bandeng | IY28: Ton | IZ28: =IZ129+IZ230+IZ331+IZ432 -> 0 | JA28: =IFERROR(JB28/IZ28*1000000,0) -> 0 | JB28: =JB129+JB230+JB331+JB432 -> 0 | JD28: =JD129+JD230+JD331+JD432 -> 0 | JH28: =JH129+JH230+JH331+JH432 -> 0 | JI28: 0.29428987 | JJ28: =JJ129+JJ230+JJ331+JJ432 -> 0 | JK28: =IFERROR(+(IF(JH28="","0",JH28))-(IF(JJ28="","0",JJ28)),"") -> 0 | JM28: 1 | JN28: Bandeng | JP28: Ton | JQ28: =JQ129+JQ230+JQ331+JQ432 -> 0 | JR28: =IFERROR(JS28/JQ28*1000000,0) -> 0 | JS28: =JS129+JS230+JS331+JS432 -> 0 | JU28: =JU129+JU230+JU331+JU432 -> 0 | JY28: =JY129+JY230+JY331+JY432 -> 0 | JZ28: 0.29428987 | KA28: =KA129+KA230+KA331+KA432 -> 0 | KB28: =IFERROR(+(IF(JY28="","0",JY28))-(IF(KA28="","0",KA28)),"") -> 0 | KD28: 1 | KE28: Bandeng | KG28: Ton | KH28: =KH129+KH230+KH331+KH432 -> 0 | KI28: =IFERROR(KJ28/KH28*1000000,0) -> 0 | KJ28: =KJ129+KJ230+KJ331+KJ432 -> 0 | KL28: =KL129+KL230+KL331+KL432 -> 0 | KP28: =KP129+KP230+KP331+KP432 -> 0 | KQ28: 0.29428987 | KR28: =KR129+KR230+KR331+KR432 -> 0 | KS28: =IFERROR(+(IF(KP28="","0",KP28))-(IF(KR28="","0",KR28)),"") -> 0
A29: 2 | B29: Belanak | D29: Ton | E29: =E130+E231+E332+E433 -> 0 | F29: =IFERROR(G29/E29*1000000,0) -> 0 | G29: =G130+G231+G332+G433 -> 0 | I29: =I130+I231+I332+I433 -> 0 | M29: =M130+M231+M332+M433 -> 0 | N29: 0.29428987 | O29: =O130+O231+O332+O433 -> 0 | P29: =IFERROR(+(IF(M29="","0",M29))-(IF(O29="","0",O29)),"") -> 0 | R29: 2 | S29: Belanak | U29: Ton | V29: =V130+V231+V332+V433 -> 0 | W29: =IFERROR(X29/V29*1000000,0) -> 0 | X29: =X130+X231+X332+X433 -> 0 | Z29: =Z130+Z231+Z332+Z433 -> 0 | AD29: =AD130+AD231+AD332+AD433 -> 0 | AE29: 0.29428987 | AF29: =AF130+AF231+AF332+AF433 -> 0 | AG29: =IFERROR(+(IF(AD29="","0",AD29))-(IF(AF29="","0",AF29)),"") -> 0 | AI29: 2 | AJ29: Belanak | AL29: Ton | AM29: =AM130+AM231+AM332+AM433 -> 0 | AN29: =IFERROR(AO29/AM29*1000000,0) -> 0 | AO29: =AO130+AO231+AO332+AO433 -> 0 | AQ29: =AQ130+AQ231+AQ332+AQ433 -> 0 | AU29: =AU130+AU231+AU332+AU433 -> 0 | AV29: 0.29428987 | AW29: =AW130+AW231+AW332+AW433 -> 0 | AX29: =IFERROR(+(IF(AU29="","0",AU29))-(IF(AW29="","0",AW29)),"") -> 0 | AZ29: 2 | BA29: Belanak | BC29: Ton | BD29: =BD130+BD231+BD332+BD433 -> 0 | BE29: =IFERROR(BF29/BD29*1000000,0) -> 0 | BF29: =BF130+BF231+BF332+BF433 -> 0 | BH29: =BH130+BH231+BH332+BH433 -> 0 | BL29: =BL130+BL231+BL332+BL433 -> 0 | BM29: 0.29428987 | BN29: =BN130+BN231+BN332+BN433 -> 0 | BO29: =IFERROR(+(IF(BL29="","0",BL29))-(IF(BN29="","0",BN29)),"") -> 0 | BQ29: 2 | BR29: Belanak | BT29: Ton | BU29: =BU130+BU231+BU332+BU433 -> 0 | BV29: =IFERROR(BW29/BU29*1000000,0) -> 0 | BW29: =BW130+BW231+BW332+BW433 -> 0 | BY29: =BY130+BY231+BY332+BY433 -> 0 | CC29: =CC130+CC231+CC332+CC433 -> 0 | CD29: 0.29428987 | CE29: =CE130+CE231+CE332+CE433 -> 0 | CF29: =IFERROR(+(IF(CC29="","0",CC29))-(IF(CE29="","0",CE29)),"") -> 0 | CH29: 2 | CI29: Belanak | CK29: Ton | CL29: =CL130+CL231+CL332+CL433 -> 0 | CM29: =IFERROR(CN29/CL29*1000000,0) -> 0 | CN29: =CN130+CN231+CN332+CN433 -> 0 | CP29: =CP130+CP231+CP332+CP433 -> 0 | CT29: =CT130+CT231+CT332+CT433 -> 0 | CU29: 0.29428987 | CV29: =CV130+CV231+CV332+CV433 -> 0 | CW29: =IFERROR(+(IF(CT29="","0",CT29))-(IF(CV29="","0",CV29)),"") -> 0 | CY29: 2 | CZ29: Belanak | DB29: Ton | DC29: =DC130+DC231+DC332+DC433 -> 0 | DD29: =IFERROR(DE29/DC29*1000000,0) -> 0 | DE29: =DE130+DE231+DE332+DE433 -> 0 | DG29: =DG130+DG231+DG332+DG433 -> 0 | DK29: =DK130+DK231+DK332+DK433 -> 0 | DL29: 0.29428987 | DM29: =DM130+DM231+DM332+DM433 -> 0 | DN29: =IFERROR(+(IF(DK29="","0",DK29))-(IF(DM29="","0",DM29)),"") -> 0 | DP29: 2 | DQ29: Belanak | DS29: Ton | DT29: =DT130+DT231+DT332+DT433 -> 0 | DU29: =IFERROR(DV29/DT29*1000000,0) -> 0 | DV29: =DV130+DV231+DV332+DV433 -> 0 | DX29: =DX130+DX231+DX332+DX433 -> 0 | EB29: =EB130+EB231+EB332+EB433 -> 0 | EC29: 0.29428987 | ED29: =ED130+ED231+ED332+ED433 -> 0 | EE29: =IFERROR(+(IF(EB29="","0",EB29))-(IF(ED29="","0",ED29)),"") -> 0 | EG29: 2 | EH29: Belanak | EJ29: Ton | EK29: =EK130+EK231+EK332+EK433 -> 0 | EL29: =IFERROR(EM29/EK29*1000000,0) -> 0 | EM29: =EM130+EM231+EM332+EM433 -> 0 | EO29: =EO130+EO231+EO332+EO433 -> 0 | ES29: =ES130+ES231+ES332+ES433 -> 0 | ET29: 0.29428987 | EU29: =EU130+EU231+EU332+EU433 -> 0 | EV29: =IFERROR(+(IF(ES29="","0",ES29))-(IF(EU29="","0",EU29)),"") -> 0 | EX29: 2 | EY29: Belanak | FA29: Ton | FB29: =FB130+FB231+FB332+FB433 -> 0 | FC29: =IFERROR(FD29/FB29*1000000,0) -> 0 | FD29: =FD130+FD231+FD332+FD433 -> 0 | FF29: =FF130+FF231+FF332+FF433 -> 0 | FJ29: =FJ130+FJ231+FJ332+FJ433 -> 0 | FK29: 0.29428987 | FL29: =FL130+FL231+FL332+FL433 -> 0 | FM29: =IFERROR(+(IF(FJ29="","0",FJ29))-(IF(FL29="","0",FL29)),"") -> 0 | FO29: 2 | FP29: Belanak | FR29: Ton | FS29: =FS130+FS231+FS332+FS433 -> 0 | FT29: =IFERROR(FU29/FS29*1000000,0) -> 0 | FU29: =FU130+FU231+FU332+FU433 -> 0 | FW29: =FW130+FW231+FW332+FW433 -> 0 | GA29: =GA130+GA231+GA332+GA433 -> 0 | GB29: 0.29428987 | GC29: =GC130+GC231+GC332+GC433 -> 0 | GD29: =IFERROR(+(IF(GA29="","0",GA29))-(IF(GC29="","0",GC29)),"") -> 0 | GF29: 2 | GG29: Belanak | GI29: Ton | GJ29: =GJ130+GJ231+GJ332+GJ433 -> 0 | GK29: =IFERROR(GL29/GJ29*1000000,0) -> 0 | GL29: =GL130+GL231+GL332+GL433 -> 0 | GN29: =GN130+GN231+GN332+GN433 -> 0 | GR29: =GR130+GR231+GR332+GR433 -> 0 | GS29: 0.29428987 | GT29: =GT130+GT231+GT332+GT433 -> 0 | GU29: =IFERROR(+(IF(GR29="","0",GR29))-(IF(GT29="","0",GT29)),"") -> 0 | GW29: 2 | GX29: Belanak | GZ29: Ton | HA29: =HA130+HA231+HA332+HA433 -> 0 | HB29: =IFERROR(HC29/HA29*1000000,0) -> 0 | HC29: =HC130+HC231+HC332+HC433 -> 0 | HE29: =HE130+HE231+HE332+HE433 -> 0 | HI29: =HI130+HI231+HI332+HI433 -> 0 | HJ29: 0.29428987 | HK29: =HK130+HK231+HK332+HK433 -> 0 | HL29: =IFERROR(+(IF(HI29="","0",HI29))-(IF(HK29="","0",HK29)),"") -> 0 | HN29: 2 | HO29: Belanak | HQ29: Ton | HR29: =HR130+HR231+HR332+HR433 -> 0 | HS29: =IFERROR(HT29/HR29*1000000,0) -> 0 | HT29: =HT130+HT231+HT332+HT433 -> 0 | HV29: =HV130+HV231+HV332+HV433 -> 0 | HZ29: =HZ130+HZ231+HZ332+HZ433 -> 0 | IA29: 0.29428987 | IB29: =IB130+IB231+IB332+IB433 -> 0 | IC29: =IFERROR(+(IF(HZ29="","0",HZ29))-(IF(IB29="","0",IB29)),"") -> 0 | IE29: 2 | IF29: Belanak | IH29: Ton | II29: =II130+II231+II332+II433 -> 0 | IJ29: =IFERROR(IK29/II29*1000000,0) -> 0 | IK29: =IK130+IK231+IK332+IK433 -> 0 | IM29: =IM130+IM231+IM332+IM433 -> 0 | IQ29: =IQ130+IQ231+IQ332+IQ433 -> 0 | IR29: 0.29428987 | IS29: =IS130+IS231+IS332+IS433 -> 0 | IT29: =IFERROR(+(IF(IQ29="","0",IQ29))-(IF(IS29="","0",IS29)),"") -> 0 | IV29: 2 | IW29: Belanak | IY29: Ton | IZ29: =IZ130+IZ231+IZ332+IZ433 -> 0 | JA29: =IFERROR(JB29/IZ29*1000000,0) -> 0 | JB29: =JB130+JB231+JB332+JB433 -> 0 | JD29: =JD130+JD231+JD332+JD433 -> 0 | JH29: =JH130+JH231+JH332+JH433 -> 0 | JI29: 0.29428987 | JJ29: =JJ130+JJ231+JJ332+JJ433 -> 0 | JK29: =IFERROR(+(IF(JH29="","0",JH29))-(IF(JJ29="","0",JJ29)),"") -> 0 | JM29: 2 | JN29: Belanak | JP29: Ton | JQ29: =JQ130+JQ231+JQ332+JQ433 -> 0 | JR29: =IFERROR(JS29/JQ29*1000000,0) -> 0 | JS29: =JS130+JS231+JS332+JS433 -> 0 | JU29: =JU130+JU231+JU332+JU433 -> 0 | JY29: =JY130+JY231+JY332+JY433 -> 0 | JZ29: 0.29428987 | KA29: =KA130+KA231+KA332+KA433 -> 0 | KB29: =IFERROR(+(IF(JY29="","0",JY29))-(IF(KA29="","0",KA29)),"") -> 0 | KD29: 2 | KE29: Belanak | KG29: Ton | KH29: =KH130+KH231+KH332+KH433 -> 0 | KI29: =IFERROR(KJ29/KH29*1000000,0) -> 0 | KJ29: =KJ130+KJ231+KJ332+KJ433 -> 0 | KL29: =KL130+KL231+KL332+KL433 -> 0 | KP29: =KP130+KP231+KP332+KP433 -> 0 | KQ29: 0.29428987 | KR29: =KR130+KR231+KR332+KR433 -> 0 | KS29: =IFERROR(+(IF(KP29="","0",KP29))-(IF(KR29="","0",KR29)),"") -> 0
A30: 3 | B30: Ikan Air Payau Lainnya | D30: Ton | E30: =E131+E232+E333+E434 -> 0 | F30: =IFERROR(G30/E30*1000000,0) -> 0 | G30: =G131+G232+G333+G434 -> 0 | I30: =I131+I232+I333+I434 -> 0 | M30: =M131+M232+M333+M434 -> 0 | N30: 0.29428987 | O30: =O131+O232+O333+O434 -> 0 | P30: =IFERROR(+(IF(M30="","0",M30))-(IF(O30="","0",O30)),"") -> 0 | R30: 3 | S30: Ikan Air Payau Lainnya | U30: Ton | V30: =V131+V232+V333+V434 -> 0 | W30: =IFERROR(X30/V30*1000000,0) -> 0 | X30: =X131+X232+X333+X434 -> 0 | Z30: =Z131+Z232+Z333+Z434 -> 0 | AD30: =AD131+AD232+AD333+AD434 -> 0 | AE30: 0.29428987 | AF30: =AF131+AF232+AF333+AF434 -> 0 | AG30: =IFERROR(+(IF(AD30="","0",AD30))-(IF(AF30="","0",AF30)),"") -> 0 | AI30: 3 | AJ30: Ikan Air Payau Lainnya | AL30: Ton | AM30: =AM131+AM232+AM333+AM434 -> 0 | AN30: =IFERROR(AO30/AM30*1000000,0) -> 0 | AO30: =AO131+AO232+AO333+AO434 -> 0 | AQ30: =AQ131+AQ232+AQ333+AQ434 -> 0 | AU30: =AU131+AU232+AU333+AU434 -> 0 | AV30: 0.29428987 | AW30: =AW131+AW232+AW333+AW434 -> 0 | AX30: =IFERROR(+(IF(AU30="","0",AU30))-(IF(AW30="","0",AW30)),"") -> 0 | AZ30: 3 | BA30: Ikan Air Payau Lainnya | BC30: Ton | BD30: =BD131+BD232+BD333+BD434 -> 0 | BE30: =IFERROR(BF30/BD30*1000000,0) -> 0 | BF30: =BF131+BF232+BF333+BF434 -> 0 | BH30: =BH131+BH232+BH333+BH434 -> 0 | BL30: =BL131+BL232+BL333+BL434 -> 0 | BM30: 0.29428987 | BN30: =BN131+BN232+BN333+BN434 -> 0 | BO30: =IFERROR(+(IF(BL30="","0",BL30))-(IF(BN30="","0",BN30)),"") -> 0 | BQ30: 3 | BR30: Ikan Air Payau Lainnya | BT30: Ton | BU30: =BU131+BU232+BU333+BU434 -> 0 | BV30: =IFERROR(BW30/BU30*1000000,0) -> 0 | BW30: =BW131+BW232+BW333+BW434 -> 0 | BY30: =BY131+BY232+BY333+BY434 -> 0 | CC30: =CC131+CC232+CC333+CC434 -> 0 | CD30: 0.29428987 | CE30: =CE131+CE232+CE333+CE434 -> 0 | CF30: =IFERROR(+(IF(CC30="","0",CC30))-(IF(CE30="","0",CE30)),"") -> 0 | CH30: 3 | CI30: Ikan Air Payau Lainnya | CK30: Ton | CL30: =CL131+CL232+CL333+CL434 -> 0 | CM30: =IFERROR(CN30/CL30*1000000,0) -> 0 | CN30: =CN131+CN232+CN333+CN434 -> 0 | CP30: =CP131+CP232+CP333+CP434 -> 0 | CT30: =CT131+CT232+CT333+CT434 -> 0 | CU30: 0.29428987 | CV30: =CV131+CV232+CV333+CV434 -> 0 | CW30: =IFERROR(+(IF(CT30="","0",CT30))-(IF(CV30="","0",CV30)),"") -> 0 | CY30: 3 | CZ30: Ikan Air Payau Lainnya | DB30: Ton | DC30: =DC131+DC232+DC333+DC434 -> 0 | DD30: =IFERROR(DE30/DC30*1000000,0) -> 0 | DE30: =DE131+DE232+DE333+DE434 -> 0 | DG30: =DG131+DG232+DG333+DG434 -> 0 | DK30: =DK131+DK232+DK333+DK434 -> 0 | DL30: 0.29428987 | DM30: =DM131+DM232+DM333+DM434 -> 0 | DN30: =IFERROR(+(IF(DK30="","0",DK30))-(IF(DM30="","0",DM30)),"") -> 0 | DP30: 3 | DQ30: Ikan Air Payau Lainnya | DS30: Ton | DT30: =DT131+DT232+DT333+DT434 -> 0 | DU30: =IFERROR(DV30/DT30*1000000,0) -> 0 | DV30: =DV131+DV232+DV333+DV434 -> 0 | DX30: =DX131+DX232+DX333+DX434 -> 0 | EB30: =EB131+EB232+EB333+EB434 -> 0 | EC30: 0.29428987 | ED30: =ED131+ED232+ED333+ED434 -> 0 | EE30: =IFERROR(+(IF(EB30="","0",EB30))-(IF(ED30="","0",ED30)),"") -> 0 | EG30: 3 | EH30: Ikan Air Payau Lainnya | EJ30: Ton | EK30: =EK131+EK232+EK333+EK434 -> 0 | EL30: =IFERROR(EM30/EK30*1000000,0) -> 0 | EM30: =EM131+EM232+EM333+EM434 -> 0 | EO30: =EO131+EO232+EO333+EO434 -> 0 | ES30: =ES131+ES232+ES333+ES434 -> 0 | ET30: 0.29428987 | EU30: =EU131+EU232+EU333+EU434 -> 0 | EV30: =IFERROR(+(IF(ES30="","0",ES30))-(IF(EU30="","0",EU30)),"") -> 0 | EX30: 3 | EY30: Ikan Air Payau Lainnya | FA30: Ton | FB30: =FB131+FB232+FB333+FB434 -> 0 | FC30: =IFERROR(FD30/FB30*1000000,0) -> 0 | FD30: =FD131+FD232+FD333+FD434 -> 0 | FF30: =FF131+FF232+FF333+FF434 -> 0 | FJ30: =FJ131+FJ232+FJ333+FJ434 -> 0 | FK30: 0.29428987 | FL30: =FL131+FL232+FL333+FL434 -> 0 | FM30: =IFERROR(+(IF(FJ30="","0",FJ30))-(IF(FL30="","0",FL30)),"") -> 0 | FO30: 3 | FP30: Ikan Air Payau Lainnya | FR30: Ton | FS30: =FS131+FS232+FS333+FS434 -> 0 | FT30: =IFERROR(FU30/FS30*1000000,0) -> 0 | FU30: =FU131+FU232+FU333+FU434 -> 0 | FW30: =FW131+FW232+FW333+FW434 -> 0 | GA30: =GA131+GA232+GA333+GA434 -> 0 | GB30: 0.29428987 | GC30: =GC131+GC232+GC333+GC434 -> 0 | GD30: =IFERROR(+(IF(GA30="","0",GA30))-(IF(GC30="","0",GC30)),"") -> 0 | GF30: 3 | GG30: Ikan Air Payau Lainnya | GI30: Ton | GJ30: =GJ131+GJ232+GJ333+GJ434 -> 0 | GK30: =IFERROR(GL30/GJ30*1000000,0) -> 0 | GL30: =GL131+GL232+GL333+GL434 -> 0 | GN30: =GN131+GN232+GN333+GN434 -> 0 | GR30: =GR131+GR232+GR333+GR434 -> 0 | GS30: 0.29428987 | GT30: =GT131+GT232+GT333+GT434 -> 0 | GU30: =IFERROR(+(IF(GR30="","0",GR30))-(IF(GT30="","0",GT30)),"") -> 0 | GW30: 3 | GX30: Ikan Air Payau Lainnya | GZ30: Ton | HA30: =HA131+HA232+HA333+HA434 -> 0 | HB30: =IFERROR(HC30/HA30*1000000,0) -> 0 | HC30: =HC131+HC232+HC333+HC434 -> 0 | HE30: =HE131+HE232+HE333+HE434 -> 0 | HI30: =HI131+HI232+HI333+HI434 -> 0 | HJ30: 0.29428987 | HK30: =HK131+HK232+HK333+HK434 -> 0 | HL30: =IFERROR(+(IF(HI30="","0",HI30))-(IF(HK30="","0",HK30)),"") -> 0 | HN30: 3 | HO30: Ikan Air Payau Lainnya | HQ30: Ton | HR30: =HR131+HR232+HR333+HR434 -> 0 | HS30: =IFERROR(HT30/HR30*1000000,0) -> 0 | HT30: =HT131+HT232+HT333+HT434 -> 0 | HV30: =HV131+HV232+HV333+HV434 -> 0 | HZ30: =HZ131+HZ232+HZ333+HZ434 -> 0 | IA30: 0.29428987 | IB30: =IB131+IB232+IB333+IB434 -> 0 | IC30: =IFERROR(+(IF(HZ30="","0",HZ30))-(IF(IB30="","0",IB30)),"") -> 0 | IE30: 3 | IF30: Ikan Air Payau Lainnya | IH30: Ton | II30: =II131+II232+II333+II434 -> 0 | IJ30: =IFERROR(IK30/II30*1000000,0) -> 0 | IK30: =IK131+IK232+IK333+IK434 -> 0 | IM30: =IM131+IM232+IM333+IM434 -> 0 | IQ30: =IQ131+IQ232+IQ333+IQ434 -> 0 | IR30: 0.29428987 | IS30: =IS131+IS232+IS333+IS434 -> 0 | IT30: =IFERROR(+(IF(IQ30="","0",IQ30))-(IF(IS30="","0",IS30)),"") -> 0 | IV30: 3 | IW30: Ikan Air Payau Lainnya | IY30: Ton | IZ30: =IZ131+IZ232+IZ333+IZ434 -> 0 | JA30: =IFERROR(JB30/IZ30*1000000,0) -> 0 | JB30: =JB131+JB232+JB333+JB434 -> 0 | JD30: =JD131+JD232+JD333+JD434 -> 0 | JH30: =JH131+JH232+JH333+JH434 -> 0 | JI30: 0.29428987 | JJ30: =JJ131+JJ232+JJ333+JJ434 -> 0 | JK30: =IFERROR(+(IF(JH30="","0",JH30))-(IF(JJ30="","0",JJ30)),"") -> 0 | JM30: 3 | JN30: Ikan Air Payau Lainnya | JP30: Ton | JQ30: =JQ131+JQ232+JQ333+JQ434 -> 0 | JR30: =IFERROR(JS30/JQ30*1000000,0) -> 0 | JS30: =JS131+JS232+JS333+JS434 -> 0 | JU30: =JU131+JU232+JU333+JU434 -> 0 | JY30: =JY131+JY232+JY333+JY434 -> 0 | JZ30: 0.29428987 | KA30: =KA131+KA232+KA333+KA434 -> 0 | KB30: =IFERROR(+(IF(JY30="","0",JY30))-(IF(KA30="","0",KA30)),"") -> 0 | KD30: 3 | KE30: Ikan Air Payau Lainnya | KG30: Ton | KH30: =KH131+KH232+KH333+KH434 -> 0 | KI30: =IFERROR(KJ30/KH30*1000000,0) -> 0 | KJ30: =KJ131+KJ232+KJ333+KJ434 -> 0 | KL30: =KL131+KL232+KL333+KL434 -> 0 | KP30: =KP131+KP232+KP333+KP434 -> 0 | KQ30: 0.29428987 | KR30: =KR131+KR232+KR333+KR434 -> 0 | KS30: =IFERROR(+(IF(KP30="","0",KP30))-(IF(KR30="","0",KR30)),"") -> 0
A31: 4 | B31: Udang Windu | D31: Ton | E31: =E132+E233+E334+E435 -> 0 | F31: =IFERROR(G31/E31*1000000,0) -> 0 | G31: =G132+G233+G334+G435 -> 0 | I31: =I132+I233+I334+I435 -> 0 | M31: =M132+M233+M334+M435 -> 0 | N31: 0.29428987 | O31: =O132+O233+O334+O435 -> 0 | P31: =IFERROR(+(IF(M31="","0",M31))-(IF(O31="","0",O31)),"") -> 0 | R31: 4 | S31: Udang Windu | U31: Ton | V31: =V132+V233+V334+V435 -> 0 | W31: =IFERROR(X31/V31*1000000,0) -> 0 | X31: =X132+X233+X334+X435 -> 0 | Z31: =Z132+Z233+Z334+Z435 -> 0 | AD31: =AD132+AD233+AD334+AD435 -> 0 | AE31: 0.29428987 | AF31: =AF132+AF233+AF334+AF435 -> 0 | AG31: =IFERROR(+(IF(AD31="","0",AD31))-(IF(AF31="","0",AF31)),"") -> 0 | AI31: 4 | AJ31: Udang Windu | AL31: Ton | AM31: =AM132+AM233+AM334+AM435 -> 0 | AN31: =IFERROR(AO31/AM31*1000000,0) -> 0 | AO31: =AO132+AO233+AO334+AO435 -> 0 | AQ31: =AQ132+AQ233+AQ334+AQ435 -> 0 | AU31: =AU132+AU233+AU334+AU435 -> 0 | AV31: 0.29428987 | AW31: =AW132+AW233+AW334+AW435 -> 0 | AX31: =IFERROR(+(IF(AU31="","0",AU31))-(IF(AW31="","0",AW31)),"") -> 0 | AZ31: 4 | BA31: Udang Windu | BC31: Ton | BD31: =BD132+BD233+BD334+BD435 -> 0 | BE31: =IFERROR(BF31/BD31*1000000,0) -> 0 | BF31: =BF132+BF233+BF334+BF435 -> 0 | BH31: =BH132+BH233+BH334+BH435 -> 0 | BL31: =BL132+BL233+BL334+BL435 -> 0 | BM31: 0.29428987 | BN31: =BN132+BN233+BN334+BN435 -> 0 | BO31: =IFERROR(+(IF(BL31="","0",BL31))-(IF(BN31="","0",BN31)),"") -> 0 | BQ31: 4 | BR31: Udang Windu | BT31: Ton | BU31: =BU132+BU233+BU334+BU435 -> 0 | BV31: =IFERROR(BW31/BU31*1000000,0) -> 0 | BW31: =BW132+BW233+BW334+BW435 -> 0 | BY31: =BY132+BY233+BY334+BY435 -> 0 | CC31: =CC132+CC233+CC334+CC435 -> 0 | CD31: 0.29428987 | CE31: =CE132+CE233+CE334+CE435 -> 0 | CF31: =IFERROR(+(IF(CC31="","0",CC31))-(IF(CE31="","0",CE31)),"") -> 0 | CH31: 4 | CI31: Udang Windu | CK31: Ton | CL31: =CL132+CL233+CL334+CL435 -> 0 | CM31: =IFERROR(CN31/CL31*1000000,0) -> 0 | CN31: =CN132+CN233+CN334+CN435 -> 0 | CP31: =CP132+CP233+CP334+CP435 -> 0 | CT31: =CT132+CT233+CT334+CT435 -> 0 | CU31: 0.29428987 | CV31: =CV132+CV233+CV334+CV435 -> 0 | CW31: =IFERROR(+(IF(CT31="","0",CT31))-(IF(CV31="","0",CV31)),"") -> 0 | CY31: 4 | CZ31: Udang Windu | DB31: Ton | DC31: =DC132+DC233+DC334+DC435 -> 0 | DD31: =IFERROR(DE31/DC31*1000000,0) -> 0 | DE31: =DE132+DE233+DE334+DE435 -> 0 | DG31: =DG132+DG233+DG334+DG435 -> 0 | DK31: =DK132+DK233+DK334+DK435 -> 0 | DL31: 0.29428987 | DM31: =DM132+DM233+DM334+DM435 -> 0 | DN31: =IFERROR(+(IF(DK31="","0",DK31))-(IF(DM31="","0",DM31)),"") -> 0 | DP31: 4 | DQ31: Udang Windu | DS31: Ton | DT31: =DT132+DT233+DT334+DT435 -> 0 | DU31: =IFERROR(DV31/DT31*1000000,0) -> 0 | DV31: =DV132+DV233+DV334+DV435 -> 0 | DX31: =DX132+DX233+DX334+DX435 -> 0 | EB31: =EB132+EB233+EB334+EB435 -> 0 | EC31: 0.29428987 | ED31: =ED132+ED233+ED334+ED435 -> 0 | EE31: =IFERROR(+(IF(EB31="","0",EB31))-(IF(ED31="","0",ED31)),"") -> 0 | EG31: 4 | EH31: Udang Windu | EJ31: Ton | EK31: =EK132+EK233+EK334+EK435 -> 0 | EL31: =IFERROR(EM31/EK31*1000000,0) -> 0 | EM31: =EM132+EM233+EM334+EM435 -> 0 | EO31: =EO132+EO233+EO334+EO435 -> 0 | ES31: =ES132+ES233+ES334+ES435 -> 0 | ET31: 0.29428987 | EU31: =EU132+EU233+EU334+EU435 -> 0 | EV31: =IFERROR(+(IF(ES31="","0",ES31))-(IF(EU31="","0",EU31)),"") -> 0 | EX31: 4 | EY31: Udang Windu | FA31: Ton | FB31: =FB132+FB233+FB334+FB435 -> 0 | FC31: =IFERROR(FD31/FB31*1000000,0) -> 0 | FD31: =FD132+FD233+FD334+FD435 -> 0 | FF31: =FF132+FF233+FF334+FF435 -> 0 | FJ31: =FJ132+FJ233+FJ334+FJ435 -> 0 | FK31: 0.29428987 | FL31: =FL132+FL233+FL334+FL435 -> 0 | FM31: =IFERROR(+(IF(FJ31="","0",FJ31))-(IF(FL31="","0",FL31)),"") -> 0 | FO31: 4 | FP31: Udang Windu | FR31: Ton | FS31: =FS132+FS233+FS334+FS435 -> 0 | FT31: =IFERROR(FU31/FS31*1000000,0) -> 0 | FU31: =FU132+FU233+FU334+FU435 -> 0 | FW31: =FW132+FW233+FW334+FW435 -> 0 | GA31: =GA132+GA233+GA334+GA435 -> 0 | GB31: 0.29428987 | GC31: =GC132+GC233+GC334+GC435 -> 0 | GD31: =IFERROR(+(IF(GA31="","0",GA31))-(IF(GC31="","0",GC31)),"") -> 0 | GF31: 4 | GG31: Udang Windu | GI31: Ton | GJ31: =GJ132+GJ233+GJ334+GJ435 -> 0 | GK31: =IFERROR(GL31/GJ31*1000000,0) -> 0 | GL31: =GL132+GL233+GL334+GL435 -> 0 | GN31: =GN132+GN233+GN334+GN435 -> 0 | GR31: =GR132+GR233+GR334+GR435 -> 0 | GS31: 0.29428987 | GT31: =GT132+GT233+GT334+GT435 -> 0 | GU31: =IFERROR(+(IF(GR31="","0",GR31))-(IF(GT31="","0",GT31)),"") -> 0 | GW31: 4 | GX31: Udang Windu | GZ31: Ton | HA31: =HA132+HA233+HA334+HA435 -> 0 | HB31: =IFERROR(HC31/HA31*1000000,0) -> 0 | HC31: =HC132+HC233+HC334+HC435 -> 0 | HE31: =HE132+HE233+HE334+HE435 -> 0 | HI31: =HI132+HI233+HI334+HI435 -> 0 | HJ31: 0.29428987 | HK31: =HK132+HK233+HK334+HK435 -> 0 | HL31: =IFERROR(+(IF(HI31="","0",HI31))-(IF(HK31="","0",HK31)),"") -> 0 | HN31: 4 | HO31: Udang Windu | HQ31: Ton | HR31: =HR132+HR233+HR334+HR435 -> 0 | HS31: =IFERROR(HT31/HR31*1000000,0) -> 0 | HT31: =HT132+HT233+HT334+HT435 -> 0 | HV31: =HV132+HV233+HV334+HV435 -> 0 | HZ31: =HZ132+HZ233+HZ334+HZ435 -> 0 | IA31: 0.29428987 | IB31: =IB132+IB233+IB334+IB435 -> 0 | IC31: =IFERROR(+(IF(HZ31="","0",HZ31))-(IF(IB31="","0",IB31)),"") -> 0 | IE31: 4 | IF31: Udang Windu | IH31: Ton | II31: =II132+II233+II334+II435 -> 0 | IJ31: =IFERROR(IK31/II31*1000000,0) -> 0 | IK31: =IK132+IK233+IK334+IK435 -> 0 | IM31: =IM132+IM233+IM334+IM435 -> 0 | IQ31: =IQ132+IQ233+IQ334+IQ435 -> 0 | IR31: 0.29428987 | IS31: =IS132+IS233+IS334+IS435 -> 0 | IT31: =IFERROR(+(IF(IQ31="","0",IQ31))-(IF(IS31="","0",IS31)),"") -> 0 | IV31: 4 | IW31: Udang Windu | IY31: Ton | IZ31: =IZ132+IZ233+IZ334+IZ435 -> 0 | JA31: =IFERROR(JB31/IZ31*1000000,0) -> 0 | JB31: =JB132+JB233+JB334+JB435 -> 0 | JD31: =JD132+JD233+JD334+JD435 -> 0 | JH31: =JH132+JH233+JH334+JH435 -> 0 | JI31: 0.29428987 | JJ31: =JJ132+JJ233+JJ334+JJ435 -> 0 | JK31: =IFERROR(+(IF(JH31="","0",JH31))-(IF(JJ31="","0",JJ31)),"") -> 0 | JM31: 4 | JN31: Udang Windu | JP31: Ton | JQ31: =JQ132+JQ233+JQ334+JQ435 -> 0 | JR31: =IFERROR(JS31/JQ31*1000000,0) -> 0 | JS31: =JS132+JS233+JS334+JS435 -> 0 | JU31: =JU132+JU233+JU334+JU435 -> 0 | JY31: =JY132+JY233+JY334+JY435 -> 0 | JZ31: 0.29428987 | KA31: =KA132+KA233+KA334+KA435 -> 0 | KB31: =IFERROR(+(IF(JY31="","0",JY31))-(IF(KA31="","0",KA31)),"") -> 0 | KD31: 4 | KE31: Udang Windu | KG31: Ton | KH31: =KH132+KH233+KH334+KH435 -> 0 | KI31: =IFERROR(KJ31/KH31*1000000,0) -> 0 | KJ31: =KJ132+KJ233+KJ334+KJ435 -> 0 | KL31: =KL132+KL233+KL334+KL435 -> 0 | KP31: =KP132+KP233+KP334+KP435 -> 0 | KQ31: 0.29428987 | KR31: =KR132+KR233+KR334+KR435 -> 0 | KS31: =IFERROR(+(IF(KP31="","0",KP31))-(IF(KR31="","0",KR31)),"") -> 0
A32: 5 | B32: Udang Putih | D32: Ton | E32: =E133+E234+E335+E436 -> 0 | F32: =IFERROR(G32/E32*1000000,0) -> 0 | G32: =G133+G234+G335+G436 -> 0 | I32: =I133+I234+I335+I436 -> 0 | M32: =M133+M234+M335+M436 -> 0 | N32: 0.29428987 | O32: =O133+O234+O335+O436 -> 0 | P32: =IFERROR(+(IF(M32="","0",M32))-(IF(O32="","0",O32)),"") -> 0 | R32: 5 | S32: Udang Putih | U32: Ton | V32: =V133+V234+V335+V436 -> 0 | W32: =IFERROR(X32/V32*1000000,0) -> 0 | X32: =X133+X234+X335+X436 -> 0 | Z32: =Z133+Z234+Z335+Z436 -> 0 | AD32: =AD133+AD234+AD335+AD436 -> 0 | AE32: 0.29428987 | AF32: =AF133+AF234+AF335+AF436 -> 0 | AG32: =IFERROR(+(IF(AD32="","0",AD32))-(IF(AF32="","0",AF32)),"") -> 0 | AI32: 5 | AJ32: Udang Putih | AL32: Ton | AM32: =AM133+AM234+AM335+AM436 -> 0 | AN32: =IFERROR(AO32/AM32*1000000,0) -> 0 | AO32: =AO133+AO234+AO335+AO436 -> 0 | AQ32: =AQ133+AQ234+AQ335+AQ436 -> 0 | AU32: =AU133+AU234+AU335+AU436 -> 0 | AV32: 0.29428987 | AW32: =AW133+AW234+AW335+AW436 -> 0 | AX32: =IFERROR(+(IF(AU32="","0",AU32))-(IF(AW32="","0",AW32)),"") -> 0 | AZ32: 5 | BA32: Udang Putih | BC32: Ton | BD32: =BD133+BD234+BD335+BD436 -> 0 | BE32: =IFERROR(BF32/BD32*1000000,0) -> 0 | BF32: =BF133+BF234+BF335+BF436 -> 0 | BH32: =BH133+BH234+BH335+BH436 -> 0 | BL32: =BL133+BL234+BL335+BL436 -> 0 | BM32: 0.29428987 | BN32: =BN133+BN234+BN335+BN436 -> 0 | BO32: =IFERROR(+(IF(BL32="","0",BL32))-(IF(BN32="","0",BN32)),"") -> 0 | BQ32: 5 | BR32: Udang Putih | BT32: Ton | BU32: =BU133+BU234+BU335+BU436 -> 0 | BV32: =IFERROR(BW32/BU32*1000000,0) -> 0 | BW32: =BW133+BW234+BW335+BW436 -> 0 | BY32: =BY133+BY234+BY335+BY436 -> 0 | CC32: =CC133+CC234+CC335+CC436 -> 0 | CD32: 0.29428987 | CE32: =CE133+CE234+CE335+CE436 -> 0 | CF32: =IFERROR(+(IF(CC32="","0",CC32))-(IF(CE32="","0",CE32)),"") -> 0 | CH32: 5 | CI32: Udang Putih | CK32: Ton | CL32: =CL133+CL234+CL335+CL436 -> 0 | CM32: =IFERROR(CN32/CL32*1000000,0) -> 0 | CN32: =CN133+CN234+CN335+CN436 -> 0 | CP32: =CP133+CP234+CP335+CP436 -> 0 | CT32: =CT133+CT234+CT335+CT436 -> 0 | CU32: 0.29428987 | CV32: =CV133+CV234+CV335+CV436 -> 0 | CW32: =IFERROR(+(IF(CT32="","0",CT32))-(IF(CV32="","0",CV32)),"") -> 0 | CY32: 5 | CZ32: Udang Putih | DB32: Ton | DC32: =DC133+DC234+DC335+DC436 -> 0 | DD32: =IFERROR(DE32/DC32*1000000,0) -> 0 | DE32: =DE133+DE234+DE335+DE436 -> 0 | DG32: =DG133+DG234+DG335+DG436 -> 0 | DK32: =DK133+DK234+DK335+DK436 -> 0 | DL32: 0.29428987 | DM32: =DM133+DM234+DM335+DM436 -> 0 | DN32: =IFERROR(+(IF(DK32="","0",DK32))-(IF(DM32="","0",DM32)),"") -> 0 | DP32: 5 | DQ32: Udang Putih | DS32: Ton | DT32: =DT133+DT234+DT335+DT436 -> 0 | DU32: =IFERROR(DV32/DT32*1000000,0) -> 0 | DV32: =DV133+DV234+DV335+DV436 -> 0 | DX32: =DX133+DX234+DX335+DX436 -> 0 | EB32: =EB133+EB234+EB335+EB436 -> 0 | EC32: 0.29428987 | ED32: =ED133+ED234+ED335+ED436 -> 0 | EE32: =IFERROR(+(IF(EB32="","0",EB32))-(IF(ED32="","0",ED32)),"") -> 0 | EG32: 5 | EH32: Udang Putih | EJ32: Ton | EK32: =EK133+EK234+EK335+EK436 -> 0 | EL32: =IFERROR(EM32/EK32*1000000,0) -> 0 | EM32: =EM133+EM234+EM335+EM436 -> 0 | EO32: =EO133+EO234+EO335+EO436 -> 0 | ES32: =ES133+ES234+ES335+ES436 -> 0 | ET32: 0.29428987 | EU32: =EU133+EU234+EU335+EU436 -> 0 | EV32: =IFERROR(+(IF(ES32="","0",ES32))-(IF(EU32="","0",EU32)),"") -> 0 | EX32: 5 | EY32: Udang Putih | FA32: Ton | FB32: =FB133+FB234+FB335+FB436 -> 0 | FC32: =IFERROR(FD32/FB32*1000000,0) -> 0 | FD32: =FD133+FD234+FD335+FD436 -> 0 | FF32: =FF133+FF234+FF335+FF436 -> 0 | FJ32: =FJ133+FJ234+FJ335+FJ436 -> 0 | FK32: 0.29428987 | FL32: =FL133+FL234+FL335+FL436 -> 0 | FM32: =IFERROR(+(IF(FJ32="","0",FJ32))-(IF(FL32="","0",FL32)),"") -> 0 | FO32: 5 | FP32: Udang Putih | FR32: Ton | FS32: =FS133+FS234+FS335+FS436 -> 0 | FT32: =IFERROR(FU32/FS32*1000000,0) -> 0 | FU32: =FU133+FU234+FU335+FU436 -> 0 | FW32: =FW133+FW234+FW335+FW436 -> 0 | GA32: =GA133+GA234+GA335+GA436 -> 0 | GB32: 0.29428987 | GC32: =GC133+GC234+GC335+GC436 -> 0 | GD32: =IFERROR(+(IF(GA32="","0",GA32))-(IF(GC32="","0",GC32)),"") -> 0 | GF32: 5 | GG32: Udang Putih | GI32: Ton | GJ32: =GJ133+GJ234+GJ335+GJ436 -> 0 | GK32: =IFERROR(GL32/GJ32*1000000,0) -> 0 | GL32: =GL133+GL234+GL335+GL436 -> 0 | GN32: =GN133+GN234+GN335+GN436 -> 0 | GR32: =GR133+GR234+GR335+GR436 -> 0 | GS32: 0.29428987 | GT32: =GT133+GT234+GT335+GT436 -> 0 | GU32: =IFERROR(+(IF(GR32="","0",GR32))-(IF(GT32="","0",GT32)),"") -> 0 | GW32: 5 | GX32: Udang Putih | GZ32: Ton | HA32: =HA133+HA234+HA335+HA436 -> 0 | HB32: =IFERROR(HC32/HA32*1000000,0) -> 0 | HC32: =HC133+HC234+HC335+HC436 -> 0 | HE32: =HE133+HE234+HE335+HE436 -> 0 | HI32: =HI133+HI234+HI335+HI436 -> 0 | HJ32: 0.29428987 | HK32: =HK133+HK234+HK335+HK436 -> 0 | HL32: =IFERROR(+(IF(HI32="","0",HI32))-(IF(HK32="","0",HK32)),"") -> 0 | HN32: 5 | HO32: Udang Putih | HQ32: Ton | HR32: =HR133+HR234+HR335+HR436 -> 0 | HS32: =IFERROR(HT32/HR32*1000000,0) -> 0 | HT32: =HT133+HT234+HT335+HT436 -> 0 | HV32: =HV133+HV234+HV335+HV436 -> 0 | HZ32: =HZ133+HZ234+HZ335+HZ436 -> 0 | IA32: 0.29428987 | IB32: =IB133+IB234+IB335+IB436 -> 0 | IC32: =IFERROR(+(IF(HZ32="","0",HZ32))-(IF(IB32="","0",IB32)),"") -> 0 | IE32: 5 | IF32: Udang Putih | IH32: Ton | II32: =II133+II234+II335+II436 -> 0 | IJ32: =IFERROR(IK32/II32*1000000,0) -> 0 | IK32: =IK133+IK234+IK335+IK436 -> 0 | IM32: =IM133+IM234+IM335+IM436 -> 0 | IQ32: =IQ133+IQ234+IQ335+IQ436 -> 0 | IR32: 0.29428987 | IS32: =IS133+IS234+IS335+IS436 -> 0 | IT32: =IFERROR(+(IF(IQ32="","0",IQ32))-(IF(IS32="","0",IS32)),"") -> 0 | IV32: 5 | IW32: Udang Putih | IY32: Ton | IZ32: =IZ133+IZ234+IZ335+IZ436 -> 0 | JA32: =IFERROR(JB32/IZ32*1000000,0) -> 0 | JB32: =JB133+JB234+JB335+JB436 -> 0 | JD32: =JD133+JD234+JD335+JD436 -> 0 | JH32: =JH133+JH234+JH335+JH436 -> 0 | JI32: 0.29428987 | JJ32: =JJ133+JJ234+JJ335+JJ436 -> 0 | JK32: =IFERROR(+(IF(JH32="","0",JH32))-(IF(JJ32="","0",JJ32)),"") -> 0 | JM32: 5 | JN32: Udang Putih | JP32: Ton | JQ32: =JQ133+JQ234+JQ335+JQ436 -> 0 | JR32: =IFERROR(JS32/JQ32*1000000,0) -> 0 | JS32: =JS133+JS234+JS335+JS436 -> 0 | JU32: =JU133+JU234+JU335+JU436 -> 0 | JY32: =JY133+JY234+JY335+JY436 -> 0 | JZ32: 0.29428987 | KA32: =KA133+KA234+KA335+KA436 -> 0 | KB32: =IFERROR(+(IF(JY32="","0",JY32))-(IF(KA32="","0",KA32)),"") -> 0 | KD32: 5 | KE32: Udang Putih | KG32: Ton | KH32: =KH133+KH234+KH335+KH436 -> 0 | KI32: =IFERROR(KJ32/KH32*1000000,0) -> 0 | KJ32: =KJ133+KJ234+KJ335+KJ436 -> 0 | KL32: =KL133+KL234+KL335+KL436 -> 0 | KP32: =KP133+KP234+KP335+KP436 -> 0 | KQ32: 0.29428987 | KR32: =KR133+KR234+KR335+KR436 -> 0 | KS32: =IFERROR(+(IF(KP32="","0",KP32))-(IF(KR32="","0",KR32)),"") -> 0
A33: 6 | B33: Kepiting | D33: Ton | E33: =E134+E235+E336+E437 -> 0 | F33: =IFERROR(G33/E33*1000000,0) -> 0 | G33: =G134+G235+G336+G437 -> 0 | I33: =I134+I235+I336+I437 -> 0 | M33: =M134+M235+M336+M437 -> 0 | N33: 0.29428987 | O33: =O134+O235+O336+O437 -> 0 | P33: =IFERROR(+(IF(M33="","0",M33))-(IF(O33="","0",O33)),"") -> 0 | R33: 6 | S33: Kepiting | U33: Ton | V33: =V134+V235+V336+V437 -> 0 | W33: =IFERROR(X33/V33*1000000,0) -> 0 | X33: =X134+X235+X336+X437 -> 0 | Z33: =Z134+Z235+Z336+Z437 -> 0 | AD33: =AD134+AD235+AD336+AD437 -> 0 | AE33: 0.29428987 | AF33: =AF134+AF235+AF336+AF437 -> 0 | AG33: =IFERROR(+(IF(AD33="","0",AD33))-(IF(AF33="","0",AF33)),"") -> 0 | AI33: 6 | AJ33: Kepiting | AL33: Ton | AM33: =AM134+AM235+AM336+AM437 -> 0 | AN33: =IFERROR(AO33/AM33*1000000,0) -> 0 | AO33: =AO134+AO235+AO336+AO437 -> 0 | AQ33: =AQ134+AQ235+AQ336+AQ437 -> 0 | AU33: =AU134+AU235+AU336+AU437 -> 0 | AV33: 0.29428987 | AW33: =AW134+AW235+AW336+AW437 -> 0 | AX33: =IFERROR(+(IF(AU33="","0",AU33))-(IF(AW33="","0",AW33)),"") -> 0 | AZ33: 6 | BA33: Kepiting | BC33: Ton | BD33: =BD134+BD235+BD336+BD437 -> 0 | BE33: =IFERROR(BF33/BD33*1000000,0) -> 0 | BF33: =BF134+BF235+BF336+BF437 -> 0 | BH33: =BH134+BH235+BH336+BH437 -> 0 | BL33: =BL134+BL235+BL336+BL437 -> 0 | BM33: 0.29428987 | BN33: =BN134+BN235+BN336+BN437 -> 0 | BO33: =IFERROR(+(IF(BL33="","0",BL33))-(IF(BN33="","0",BN33)),"") -> 0 | BQ33: 6 | BR33: Kepiting | BT33: Ton | BU33: =BU134+BU235+BU336+BU437 -> 0 | BV33: =IFERROR(BW33/BU33*1000000,0) -> 0 | BW33: =BW134+BW235+BW336+BW437 -> 0 | BY33: =BY134+BY235+BY336+BY437 -> 0 | CC33: =CC134+CC235+CC336+CC437 -> 0 | CD33: 0.29428987 | CE33: =CE134+CE235+CE336+CE437 -> 0 | CF33: =IFERROR(+(IF(CC33="","0",CC33))-(IF(CE33="","0",CE33)),"") -> 0 | CH33: 6 | CI33: Kepiting | CK33: Ton | CL33: =CL134+CL235+CL336+CL437 -> 0 | CM33: =IFERROR(CN33/CL33*1000000,0) -> 0 | CN33: =CN134+CN235+CN336+CN437 -> 0 | CP33: =CP134+CP235+CP336+CP437 -> 0 | CT33: =CT134+CT235+CT336+CT437 -> 0 | CU33: 0.29428987 | CV33: =CV134+CV235+CV336+CV437 -> 0 | CW33: =IFERROR(+(IF(CT33="","0",CT33))-(IF(CV33="","0",CV33)),"") -> 0 | CY33: 6 | CZ33: Kepiting | DB33: Ton | DC33: =DC134+DC235+DC336+DC437 -> 0 | DD33: =IFERROR(DE33/DC33*1000000,0) -> 0 | DE33: =DE134+DE235+DE336+DE437 -> 0 | DG33: =DG134+DG235+DG336+DG437 -> 0 | DK33: =DK134+DK235+DK336+DK437 -> 0 | DL33: 0.29428987 | DM33: =DM134+DM235+DM336+DM437 -> 0 | DN33: =IFERROR(+(IF(DK33="","0",DK33))-(IF(DM33="","0",DM33)),"") -> 0 | DP33: 6 | DQ33: Kepiting | DS33: Ton | DT33: =DT134+DT235+DT336+DT437 -> 0 | DU33: =IFERROR(DV33/DT33*1000000,0) -> 0 | DV33: =DV134+DV235+DV336+DV437 -> 0 | DX33: =DX134+DX235+DX336+DX437 -> 0 | EB33: =EB134+EB235+EB336+EB437 -> 0 | EC33: 0.29428987 | ED33: =ED134+ED235+ED336+ED437 -> 0 | EE33: =IFERROR(+(IF(EB33="","0",EB33))-(IF(ED33="","0",ED33)),"") -> 0 | EG33: 6 | EH33: Kepiting | EJ33: Ton | EK33: =EK134+EK235+EK336+EK437 -> 0 | EL33: =IFERROR(EM33/EK33*1000000,0) -> 0 | EM33: =EM134+EM235+EM336+EM437 -> 0 | EO33: =EO134+EO235+EO336+EO437 -> 0 | ES33: =ES134+ES235+ES336+ES437 -> 0 | ET33: 0.29428987 | EU33: =EU134+EU235+EU336+EU437 -> 0 | EV33: =IFERROR(+(IF(ES33="","0",ES33))-(IF(EU33="","0",EU33)),"") -> 0 | EX33: 6 | EY33: Kepiting | FA33: Ton | FB33: =FB134+FB235+FB336+FB437 -> 0 | FC33: =IFERROR(FD33/FB33*1000000,0) -> 0 | FD33: =FD134+FD235+FD336+FD437 -> 0 | FF33: =FF134+FF235+FF336+FF437 -> 0 | FJ33: =FJ134+FJ235+FJ336+FJ437 -> 0 | FK33: 0.29428987 | FL33: =FL134+FL235+FL336+FL437 -> 0 | FM33: =IFERROR(+(IF(FJ33="","0",FJ33))-(IF(FL33="","0",FL33)),"") -> 0 | FO33: 6 | FP33: Kepiting | FR33: Ton | FS33: =FS134+FS235+FS336+FS437 -> 0 | FT33: =IFERROR(FU33/FS33*1000000,0) -> 0 | FU33: =FU134+FU235+FU336+FU437 -> 0 | FW33: =FW134+FW235+FW336+FW437 -> 0 | GA33: =GA134+GA235+GA336+GA437 -> 0 | GB33: 0.29428987 | GC33: =GC134+GC235+GC336+GC437 -> 0 | GD33: =IFERROR(+(IF(GA33="","0",GA33))-(IF(GC33="","0",GC33)),"") -> 0 | GF33: 6 | GG33: Kepiting | GI33: Ton | GJ33: =GJ134+GJ235+GJ336+GJ437 -> 0 | GK33: =IFERROR(GL33/GJ33*1000000,0) -> 0 | GL33: =GL134+GL235+GL336+GL437 -> 0 | GN33: =GN134+GN235+GN336+GN437 -> 0 | GR33: =GR134+GR235+GR336+GR437 -> 0 | GS33: 0.29428987 | GT33: =GT134+GT235+GT336+GT437 -> 0 | GU33: =IFERROR(+(IF(GR33="","0",GR33))-(IF(GT33="","0",GT33)),"") -> 0 | GW33: 6 | GX33: Kepiting | GZ33: Ton | HA33: =HA134+HA235+HA336+HA437 -> 0 | HB33: =IFERROR(HC33/HA33*1000000,0) -> 0 | HC33: =HC134+HC235+HC336+HC437 -> 0 | HE33: =HE134+HE235+HE336+HE437 -> 0 | HI33: =HI134+HI235+HI336+HI437 -> 0 | HJ33: 0.29428987 | HK33: =HK134+HK235+HK336+HK437 -> 0 | HL33: =IFERROR(+(IF(HI33="","0",HI33))-(IF(HK33="","0",HK33)),"") -> 0 | HN33: 6 | HO33: Kepiting | HQ33: Ton | HR33: =HR134+HR235+HR336+HR437 -> 0 | HS33: =IFERROR(HT33/HR33*1000000,0) -> 0 | HT33: =HT134+HT235+HT336+HT437 -> 0 | HV33: =HV134+HV235+HV336+HV437 -> 0 | HZ33: =HZ134+HZ235+HZ336+HZ437 -> 0 | IA33: 0.29428987 | IB33: =IB134+IB235+IB336+IB437 -> 0 | IC33: =IFERROR(+(IF(HZ33="","0",HZ33))-(IF(IB33="","0",IB33)),"") -> 0 | IE33: 6 | IF33: Kepiting | IH33: Ton | II33: =II134+II235+II336+II437 -> 0 | IJ33: =IFERROR(IK33/II33*1000000,0) -> 0 | IK33: =IK134+IK235+IK336+IK437 -> 0 | IM33: =IM134+IM235+IM336+IM437 -> 0 | IQ33: =IQ134+IQ235+IQ336+IQ437 -> 0 | IR33: 0.29428987 | IS33: =IS134+IS235+IS336+IS437 -> 0 | IT33: =IFERROR(+(IF(IQ33="","0",IQ33))-(IF(IS33="","0",IS33)),"") -> 0 | IV33: 6 | IW33: Kepiting | IY33: Ton | IZ33: =IZ134+IZ235+IZ336+IZ437 -> 0 | JA33: =IFERROR(JB33/IZ33*1000000,0) -> 0 | JB33: =JB134+JB235+JB336+JB437 -> 0 | JD33: =JD134+JD235+JD336+JD437 -> 0 | JH33: =JH134+JH235+JH336+JH437 -> 0 | JI33: 0.29428987 | JJ33: =JJ134+JJ235+JJ336+JJ437 -> 0 | JK33: =IFERROR(+(IF(JH33="","0",JH33))-(IF(JJ33="","0",JJ33)),"") -> 0 | JM33: 6 | JN33: Kepiting | JP33: Ton | JQ33: =JQ134+JQ235+JQ336+JQ437 -> 0 | JR33: =IFERROR(JS33/JQ33*1000000,0) -> 0 | JS33: =JS134+JS235+JS336+JS437 -> 0 | JU33: =JU134+JU235+JU336+JU437 -> 0 | JY33: =JY134+JY235+JY336+JY437 -> 0 | JZ33: 0.29428987 | KA33: =KA134+KA235+KA336+KA437 -> 0 | KB33: =IFERROR(+(IF(JY33="","0",JY33))-(IF(KA33="","0",KA33)),"") -> 0 | KD33: 6 | KE33: Kepiting | KG33: Ton | KH33: =KH134+KH235+KH336+KH437 -> 0 | KI33: =IFERROR(KJ33/KH33*1000000,0) -> 0 | KJ33: =KJ134+KJ235+KJ336+KJ437 -> 0 | KL33: =KL134+KL235+KL336+KL437 -> 0 | KP33: =KP134+KP235+KP336+KP437 -> 0 | KQ33: 0.29428987 | KR33: =KR134+KR235+KR336+KR437 -> 0 | KS33: =IFERROR(+(IF(KP33="","0",KP33))-(IF(KR33="","0",KR33)),"") -> 0
A34: 7 | B34: Lainnya 1.3. ……. | D34: Ton | E34: =E135+E236+E337+E438 -> 0 | F34: =IFERROR(G34/E34*1000000,0) -> 0 | G34: =G135+G236+G337+G438 -> 0 | I34: =I135+I236+I337+I438 -> 0 | M34: =M135+M236+M337+M438 -> 0 | N34: 0.29428987 | O34: =O135+O236+O337+O438 -> 0 | P34: =IFERROR(+(IF(M34="","0",M34))-(IF(O34="","0",O34)),"") -> 0 | R34: 7 | S34: Lainnya 1.3. ……. | U34: Ton | V34: =V135+V236+V337+V438 -> 0 | W34: =IFERROR(X34/V34*1000000,0) -> 0 | X34: =X135+X236+X337+X438 -> 0 | Z34: =Z135+Z236+Z337+Z438 -> 0 | AD34: =AD135+AD236+AD337+AD438 -> 0 | AE34: 0.29428987 | AF34: =AF135+AF236+AF337+AF438 -> 0 | AG34: =IFERROR(+(IF(AD34="","0",AD34))-(IF(AF34="","0",AF34)),"") -> 0 | AI34: 7 | AJ34: Lainnya 1.3. ……. | AL34: Ton | AM34: =AM135+AM236+AM337+AM438 -> 0 | AN34: =IFERROR(AO34/AM34*1000000,0) -> 0 | AO34: =AO135+AO236+AO337+AO438 -> 0 | AQ34: =AQ135+AQ236+AQ337+AQ438 -> 0 | AU34: =AU135+AU236+AU337+AU438 -> 0 | AV34: 0.29428987 | AW34: =AW135+AW236+AW337+AW438 -> 0 | AX34: =IFERROR(+(IF(AU34="","0",AU34))-(IF(AW34="","0",AW34)),"") -> 0 | AZ34: 7 | BA34: Lainnya 1.3. ……. | BC34: Ton | BD34: =BD135+BD236+BD337+BD438 -> 0 | BE34: =IFERROR(BF34/BD34*1000000,0) -> 0 | BF34: =BF135+BF236+BF337+BF438 -> 0 | BH34: =BH135+BH236+BH337+BH438 -> 0 | BL34: =BL135+BL236+BL337+BL438 -> 0 | BM34: 0.29428987 | BN34: =BN135+BN236+BN337+BN438 -> 0 | BO34: =IFERROR(+(IF(BL34="","0",BL34))-(IF(BN34="","0",BN34)),"") -> 0 | BQ34: 7 | BR34: Lainnya 1.3. ……. | BT34: Ton | BU34: =BU135+BU236+BU337+BU438 -> 0 | BV34: =IFERROR(BW34/BU34*1000000,0) -> 0 | BW34: =BW135+BW236+BW337+BW438 -> 0 | BY34: =BY135+BY236+BY337+BY438 -> 0 | CC34: =CC135+CC236+CC337+CC438 -> 0 | CD34: 0.29428987 | CE34: =CE135+CE236+CE337+CE438 -> 0 | CF34: =IFERROR(+(IF(CC34="","0",CC34))-(IF(CE34="","0",CE34)),"") -> 0 | CH34: 7 | CI34: Lainnya 1.3. ……. | CK34: Ton | CL34: =CL135+CL236+CL337+CL438 -> 0 | CM34: =IFERROR(CN34/CL34*1000000,0) -> 0 | CN34: =CN135+CN236+CN337+CN438 -> 0 | CP34: =CP135+CP236+CP337+CP438 -> 0 | CT34: =CT135+CT236+CT337+CT438 -> 0 | CU34: 0.29428987 | CV34: =CV135+CV236+CV337+CV438 -> 0 | CW34: =IFERROR(+(IF(CT34="","0",CT34))-(IF(CV34="","0",CV34)),"") -> 0 | CY34: 7 | CZ34: Lainnya 1.3. ……. | DB34: Ton | DC34: =DC135+DC236+DC337+DC438 -> 0 | DD34: =IFERROR(DE34/DC34*1000000,0) -> 0 | DE34: =DE135+DE236+DE337+DE438 -> 0 | DG34: =DG135+DG236+DG337+DG438 -> 0 | DK34: =DK135+DK236+DK337+DK438 -> 0 | DL34: 0.29428987 | DM34: =DM135+DM236+DM337+DM438 -> 0 | DN34: =IFERROR(+(IF(DK34="","0",DK34))-(IF(DM34="","0",DM34)),"") -> 0 | DP34: 7 | DQ34: Lainnya 1.3. ……. | DS34: Ton | DT34: =DT135+DT236+DT337+DT438 -> 0 | DU34: =IFERROR(DV34/DT34*1000000,0) -> 0 | DV34: =DV135+DV236+DV337+DV438 -> 0 | DX34: =DX135+DX236+DX337+DX438 -> 0 | EB34: =EB135+EB236+EB337+EB438 -> 0 | EC34: 0.29428987 | ED34: =ED135+ED236+ED337+ED438 -> 0 | EE34: =IFERROR(+(IF(EB34="","0",EB34))-(IF(ED34="","0",ED34)),"") -> 0 | EG34: 7 | EH34: Lainnya 1.3. ……. | EJ34: Ton | EK34: =EK135+EK236+EK337+EK438 -> 0 | EL34: =IFERROR(EM34/EK34*1000000,0) -> 0 | EM34: =EM135+EM236+EM337+EM438 -> 0 | EO34: =EO135+EO236+EO337+EO438 -> 0 | ES34: =ES135+ES236+ES337+ES438 -> 0 | ET34: 0.29428987 | EU34: =EU135+EU236+EU337+EU438 -> 0 | EV34: =IFERROR(+(IF(ES34="","0",ES34))-(IF(EU34="","0",EU34)),"") -> 0 | EX34: 7 | EY34: Lainnya 1.3. ……. | FA34: Ton | FB34: =FB135+FB236+FB337+FB438 -> 0 | FC34: =IFERROR(FD34/FB34*1000000,0) -> 0 | FD34: =FD135+FD236+FD337+FD438 -> 0 | FF34: =FF135+FF236+FF337+FF438 -> 0 | FJ34: =FJ135+FJ236+FJ337+FJ438 -> 0 | FK34: 0.29428987 | FL34: =FL135+FL236+FL337+FL438 -> 0 | FM34: =IFERROR(+(IF(FJ34="","0",FJ34))-(IF(FL34="","0",FL34)),"") -> 0 | FO34: 7 | FP34: Lainnya 1.3. ……. | FR34: Ton | FS34: =FS135+FS236+FS337+FS438 -> 0 | FT34: =IFERROR(FU34/FS34*1000000,0) -> 0 | FU34: =FU135+FU236+FU337+FU438 -> 0 | FW34: =FW135+FW236+FW337+FW438 -> 0 | GA34: =GA135+GA236+GA337+GA438 -> 0 | GB34: 0.29428987 | GC34: =GC135+GC236+GC337+GC438 -> 0 | GD34: =IFERROR(+(IF(GA34="","0",GA34))-(IF(GC34="","0",GC34)),"") -> 0 | GF34: 7 | GG34: Lainnya 1.3. ……. | GI34: Ton | GJ34: =GJ135+GJ236+GJ337+GJ438 -> 0 | GK34: =IFERROR(GL34/GJ34*1000000,0) -> 0 | GL34: =GL135+GL236+GL337+GL438 -> 0 | GN34: =GN135+GN236+GN337+GN438 -> 0 | GR34: =GR135+GR236+GR337+GR438 -> 0 | GS34: 0.29428987 | GT34: =GT135+GT236+GT337+GT438 -> 0 | GU34: =IFERROR(+(IF(GR34="","0",GR34))-(IF(GT34="","0",GT34)),"") -> 0 | GW34: 7 | GX34: Lainnya 1.3. ……. | GZ34: Ton | HA34: =HA135+HA236+HA337+HA438 -> 0 | HB34: =IFERROR(HC34/HA34*1000000,0) -> 0 | HC34: =HC135+HC236+HC337+HC438 -> 0 | HE34: =HE135+HE236+HE337+HE438 -> 0 | HI34: =HI135+HI236+HI337+HI438 -> 0 | HJ34: 0.29428987 | HK34: =HK135+HK236+HK337+HK438 -> 0 | HL34: =IFERROR(+(IF(HI34="","0",HI34))-(IF(HK34="","0",HK34)),"") -> 0 | HN34: 7 | HO34: Lainnya 1.3. ……. | HQ34: Ton | HR34: =HR135+HR236+HR337+HR438 -> 0 | HS34: =IFERROR(HT34/HR34*1000000,0) -> 0 | HT34: =HT135+HT236+HT337+HT438 -> 0 | HV34: =HV135+HV236+HV337+HV438 -> 0 | HZ34: =HZ135+HZ236+HZ337+HZ438 -> 0 | IA34: 0.29428987 | IB34: =IB135+IB236+IB337+IB438 -> 0 | IC34: =IFERROR(+(IF(HZ34="","0",HZ34))-(IF(IB34="","0",IB34)),"") -> 0 | IE34: 7 | IF34: Lainnya 1.3. ……. | IH34: Ton | II34: =II135+II236+II337+II438 -> 0 | IJ34: =IFERROR(IK34/II34*1000000,0) -> 0 | IK34: =IK135+IK236+IK337+IK438 -> 0 | IM34: =IM135+IM236+IM337+IM438 -> 0 | IQ34: =IQ135+IQ236+IQ337+IQ438 -> 0 | IR34: 0.29428987 | IS34: =IS135+IS236+IS337+IS438 -> 0 | IT34: =IFERROR(+(IF(IQ34="","0",IQ34))-(IF(IS34="","0",IS34)),"") -> 0 | IV34: 7 | IW34: Lainnya 1.3. ……. | IY34: Ton | IZ34: =IZ135+IZ236+IZ337+IZ438 -> 0 | JA34: =IFERROR(JB34/IZ34*1000000,0) -> 0 | JB34: =JB135+JB236+JB337+JB438 -> 0 | JD34: =JD135+JD236+JD337+JD438 -> 0 | JH34: =JH135+JH236+JH337+JH438 -> 0 | JI34: 0.29428987 | JJ34: =JJ135+JJ236+JJ337+JJ438 -> 0 | JK34: =IFERROR(+(IF(JH34="","0",JH34))-(IF(JJ34="","0",JJ34)),"") -> 0 | JM34: 7 | JN34: Lainnya 1.3. ……. | JP34: Ton | JQ34: =JQ135+JQ236+JQ337+JQ438 -> 0 | JR34: =IFERROR(JS34/JQ34*1000000,0) -> 0 | JS34: =JS135+JS236+JS337+JS438 -> 0 | JU34: =JU135+JU236+JU337+JU438 -> 0 | JY34: =JY135+JY236+JY337+JY438 -> 0 | JZ34: 0.29428987 | KA34: =KA135+KA236+KA337+KA438 -> 0 | KB34: =IFERROR(+(IF(JY34="","0",JY34))-(IF(KA34="","0",KA34)),"") -> 0 | KD34: 7 | KE34: Lainnya 1.3. ……. | KG34: Ton | KH34: =KH135+KH236+KH337+KH438 -> 0 | KI34: =IFERROR(KJ34/KH34*1000000,0) -> 0 | KJ34: =KJ135+KJ236+KJ337+KJ438 -> 0 | KL34: =KL135+KL236+KL337+KL438 -> 0 | KP34: =KP135+KP236+KP337+KP438 -> 0 | KQ34: 0.29428987 | KR34: =KR135+KR236+KR337+KR438 -> 0 | KS34: =IFERROR(+(IF(KP34="","0",KP34))-(IF(KR34="","0",KR34)),"") -> 0
A35: 8 | B35: Lainnya 1.3. ……. | D35: Ton | E35: =E136+E237+E338+E439 -> 0 | F35: =IFERROR(G35/E35*1000000,0) -> 0 | G35: =G136+G237+G338+G439 -> 0 | I35: =I136+I237+I338+I439 -> 0 | M35: =M136+M237+M338+M439 -> 0 | N35: 0.29428987 | O35: =O136+O237+O338+O439 -> 0 | P35: =IFERROR(+(IF(M35="","0",M35))-(IF(O35="","0",O35)),"") -> 0 | R35: 8 | S35: Lainnya 1.3. ……. | U35: Ton | V35: =V136+V237+V338+V439 -> 0 | W35: =IFERROR(X35/V35*1000000,0) -> 0 | X35: =X136+X237+X338+X439 -> 0 | Z35: =Z136+Z237+Z338+Z439 -> 0 | AD35: =AD136+AD237+AD338+AD439 -> 0 | AE35: 0.29428987 | AF35: =AF136+AF237+AF338+AF439 -> 0 | AG35: =IFERROR(+(IF(AD35="","0",AD35))-(IF(AF35="","0",AF35)),"") -> 0 | AI35: 8 | AJ35: Lainnya 1.3. ……. | AL35: Ton | AM35: =AM136+AM237+AM338+AM439 -> 0 | AN35: =IFERROR(AO35/AM35*1000000,0) -> 0 | AO35: =AO136+AO237+AO338+AO439 -> 0 | AQ35: =AQ136+AQ237+AQ338+AQ439 -> 0 | AU35: =AU136+AU237+AU338+AU439 -> 0 | AV35: 0.29428987 | AW35: =AW136+AW237+AW338+AW439 -> 0 | AX35: =IFERROR(+(IF(AU35="","0",AU35))-(IF(AW35="","0",AW35)),"") -> 0 | AZ35: 8 | BA35: Lainnya 1.3. ……. | BC35: Ton | BD35: =BD136+BD237+BD338+BD439 -> 0 | BE35: =IFERROR(BF35/BD35*1000000,0) -> 0 | BF35: =BF136+BF237+BF338+BF439 -> 0 | BH35: =BH136+BH237+BH338+BH439 -> 0 | BL35: =BL136+BL237+BL338+BL439 -> 0 | BM35: 0.29428987 | BN35: =BN136+BN237+BN338+BN439 -> 0 | BO35: =IFERROR(+(IF(BL35="","0",BL35))-(IF(BN35="","0",BN35)),"") -> 0 | BQ35: 8 | BR35: Lainnya 1.3. ……. | BT35: Ton | BU35: =BU136+BU237+BU338+BU439 -> 0 | BV35: =IFERROR(BW35/BU35*1000000,0) -> 0 | BW35: =BW136+BW237+BW338+BW439 -> 0 | BY35: =BY136+BY237+BY338+BY439 -> 0 | CC35: =CC136+CC237+CC338+CC439 -> 0 | CD35: 0.29428987 | CE35: =CE136+CE237+CE338+CE439 -> 0 | CF35: =IFERROR(+(IF(CC35="","0",CC35))-(IF(CE35="","0",CE35)),"") -> 0 | CH35: 8 | CI35: Lainnya 1.3. ……. | CK35: Ton | CL35: =CL136+CL237+CL338+CL439 -> 0 | CM35: =IFERROR(CN35/CL35*1000000,0) -> 0 | CN35: =CN136+CN237+CN338+CN439 -> 0 | CP35: =CP136+CP237+CP338+CP439 -> 0 | CT35: =CT136+CT237+CT338+CT439 -> 0 | CU35: 0.29428987 | CV35: =CV136+CV237+CV338+CV439 -> 0 | CW35: =IFERROR(+(IF(CT35="","0",CT35))-(IF(CV35="","0",CV35)),"") -> 0 | CY35: 8 | CZ35: Lainnya 1.3. ……. | DB35: Ton | DC35: =DC136+DC237+DC338+DC439 -> 0 | DD35: =IFERROR(DE35/DC35*1000000,0) -> 0 | DE35: =DE136+DE237+DE338+DE439 -> 0 | DG35: =DG136+DG237+DG338+DG439 -> 0 | DK35: =DK136+DK237+DK338+DK439 -> 0 | DL35: 0.29428987 | DM35: =DM136+DM237+DM338+DM439 -> 0 | DN35: =IFERROR(+(IF(DK35="","0",DK35))-(IF(DM35="","0",DM35)),"") -> 0 | DP35: 8 | DQ35: Lainnya 1.3. ……. | DS35: Ton | DT35: =DT136+DT237+DT338+DT439 -> 0 | DU35: =IFERROR(DV35/DT35*1000000,0) -> 0 | DV35: =DV136+DV237+DV338+DV439 -> 0 | DX35: =DX136+DX237+DX338+DX439 -> 0 | EB35: =EB136+EB237+EB338+EB439 -> 0 | EC35: 0.29428987 | ED35: =ED136+ED237+ED338+ED439 -> 0 | EE35: =IFERROR(+(IF(EB35="","0",EB35))-(IF(ED35="","0",ED35)),"") -> 0 | EG35: 8 | EH35: Lainnya 1.3. ……. | EJ35: Ton | EK35: =EK136+EK237+EK338+EK439 -> 0 | EL35: =IFERROR(EM35/EK35*1000000,0) -> 0 | EM35: =EM136+EM237+EM338+EM439 -> 0 | EO35: =EO136+EO237+EO338+EO439 -> 0 | ES35: =ES136+ES237+ES338+ES439 -> 0 | ET35: 0.29428987 | EU35: =EU136+EU237+EU338+EU439 -> 0 | EV35: =IFERROR(+(IF(ES35="","0",ES35))-(IF(EU35="","0",EU35)),"") -> 0 | EX35: 8 | EY35: Lainnya 1.3. ……. | FA35: Ton | FB35: =FB136+FB237+FB338+FB439 -> 0 | FC35: =IFERROR(FD35/FB35*1000000,0) -> 0 | FD35: =FD136+FD237+FD338+FD439 -> 0 | FF35: =FF136+FF237+FF338+FF439 -> 0 | FJ35: =FJ136+FJ237+FJ338+FJ439 -> 0 | FK35: 0.29428987 | FL35: =FL136+FL237+FL338+FL439 -> 0 | FM35: =IFERROR(+(IF(FJ35="","0",FJ35))-(IF(FL35="","0",FL35)),"") -> 0 | FO35: 8 | FP35: Lainnya 1.3. ……. | FR35: Ton | FS35: =FS136+FS237+FS338+FS439 -> 0 | FT35: =IFERROR(FU35/FS35*1000000,0) -> 0 | FU35: =FU136+FU237+FU338+FU439 -> 0 | FW35: =FW136+FW237+FW338+FW439 -> 0 | GA35: =GA136+GA237+GA338+GA439 -> 0 | GB35: 0.29428987 | GC35: =GC136+GC237+GC338+GC439 -> 0 | GD35: =IFERROR(+(IF(GA35="","0",GA35))-(IF(GC35="","0",GC35)),"") -> 0 | GF35: 8 | GG35: Lainnya 1.3. ……. | GI35: Ton | GJ35: =GJ136+GJ237+GJ338+GJ439 -> 0 | GK35: =IFERROR(GL35/GJ35*1000000,0) -> 0 | GL35: =GL136+GL237+GL338+GL439 -> 0 | GN35: =GN136+GN237+GN338+GN439 -> 0 | GR35: =GR136+GR237+GR338+GR439 -> 0 | GS35: 0.29428987 | GT35: =GT136+GT237+GT338+GT439 -> 0 | GU35: =IFERROR(+(IF(GR35="","0",GR35))-(IF(GT35="","0",GT35)),"") -> 0 | GW35: 8 | GX35: Lainnya 1.3. ……. | GZ35: Ton | HA35: =HA136+HA237+HA338+HA439 -> 0 | HB35: =IFERROR(HC35/HA35*1000000,0) -> 0 | HC35: =HC136+HC237+HC338+HC439 -> 0 | HE35: =HE136+HE237+HE338+HE439 -> 0 | HI35: =HI136+HI237+HI338+HI439 -> 0 | HJ35: 0.29428987 | HK35: =HK136+HK237+HK338+HK439 -> 0 | HL35: =IFERROR(+(IF(HI35="","0",HI35))-(IF(HK35="","0",HK35)),"") -> 0 | HN35: 8 | HO35: Lainnya 1.3. ……. | HQ35: Ton | HR35: =HR136+HR237+HR338+HR439 -> 0 | HS35: =IFERROR(HT35/HR35*1000000,0) -> 0 | HT35: =HT136+HT237+HT338+HT439 -> 0 | HV35: =HV136+HV237+HV338+HV439 -> 0 | HZ35: =HZ136+HZ237+HZ338+HZ439 -> 0 | IA35: 0.29428987 | IB35: =IB136+IB237+IB338+IB439 -> 0 | IC35: =IFERROR(+(IF(HZ35="","0",HZ35))-(IF(IB35="","0",IB35)),"") -> 0 | IE35: 8 | IF35: Lainnya 1.3. ……. | IH35: Ton | II35: =II136+II237+II338+II439 -> 0 | IJ35: =IFERROR(IK35/II35*1000000,0) -> 0 | IK35: =IK136+IK237+IK338+IK439 -> 0 | IM35: =IM136+IM237+IM338+IM439 -> 0 | IQ35: =IQ136+IQ237+IQ338+IQ439 -> 0 | IR35: 0.29428987 | IS35: =IS136+IS237+IS338+IS439 -> 0 | IT35: =IFERROR(+(IF(IQ35="","0",IQ35))-(IF(IS35="","0",IS35)),"") -> 0 | IV35: 8 | IW35: Lainnya 1.3. ……. | IY35: Ton | IZ35: =IZ136+IZ237+IZ338+IZ439 -> 0 | JA35: =IFERROR(JB35/IZ35*1000000,0) -> 0 | JB35: =JB136+JB237+JB338+JB439 -> 0 | JD35: =JD136+JD237+JD338+JD439 -> 0 | JH35: =JH136+JH237+JH338+JH439 -> 0 | JI35: 0.29428987 | JJ35: =JJ136+JJ237+JJ338+JJ439 -> 0 | JK35: =IFERROR(+(IF(JH35="","0",JH35))-(IF(JJ35="","0",JJ35)),"") -> 0 | JM35: 8 | JN35: Lainnya 1.3. ……. | JP35: Ton | JQ35: =JQ136+JQ237+JQ338+JQ439 -> 0 | JR35: =IFERROR(JS35/JQ35*1000000,0) -> 0 | JS35: =JS136+JS237+JS338+JS439 -> 0 | JU35: =JU136+JU237+JU338+JU439 -> 0 | JY35: =JY136+JY237+JY338+JY439 -> 0 | JZ35: 0.29428987 | KA35: =KA136+KA237+KA338+KA439 -> 0 | KB35: =IFERROR(+(IF(JY35="","0",JY35))-(IF(KA35="","0",KA35)),"") -> 0 | KD35: 8 | KE35: Lainnya 1.3. ……. | KG35: Ton | KH35: =KH136+KH237+KH338+KH439 -> 0 | KI35: =IFERROR(KJ35/KH35*1000000,0) -> 0 | KJ35: =KJ136+KJ237+KJ338+KJ439 -> 0 | KL35: =KL136+KL237+KL338+KL439 -> 0 | KP35: =KP136+KP237+KP338+KP439 -> 0 | KQ35: 0.29428987 | KR35: =KR136+KR237+KR338+KR439 -> 0 | KS35: =IFERROR(+(IF(KP35="","0",KP35))-(IF(KR35="","0",KR35)),"") -> 0
A36: 9 | B36: Lainnya 1.3. ……. | D36: Ton | E36: =E137+E238+E339+E440 -> 0 | F36: =IFERROR(G36/E36*1000000,0) -> 0 | G36: =G137+G238+G339+G440 -> 0 | I36: =I137+I238+I339+I440 -> 0 | M36: =M137+M238+M339+M440 -> 0 | N36: 0.29428987 | O36: =O137+O238+O339+O440 -> 0 | P36: =IFERROR(+(IF(M36="","0",M36))-(IF(O36="","0",O36)),"") -> 0 | R36: 9 | S36: Lainnya 1.3. ……. | U36: Ton | V36: =V137+V238+V339+V440 -> 0 | W36: =IFERROR(X36/V36*1000000,0) -> 0 | X36: =X137+X238+X339+X440 -> 0 | Z36: =Z137+Z238+Z339+Z440 -> 0 | AD36: =AD137+AD238+AD339+AD440 -> 0 | AE36: 0.29428987 | AF36: =AF137+AF238+AF339+AF440 -> 0 | AG36: =IFERROR(+(IF(AD36="","0",AD36))-(IF(AF36="","0",AF36)),"") -> 0 | AI36: 9 | AJ36: Lainnya 1.3. ……. | AL36: Ton | AM36: =AM137+AM238+AM339+AM440 -> 0 | AN36: =IFERROR(AO36/AM36*1000000,0) -> 0 | AO36: =AO137+AO238+AO339+AO440 -> 0 | AQ36: =AQ137+AQ238+AQ339+AQ440 -> 0 | AU36: =AU137+AU238+AU339+AU440 -> 0 | AV36: 0.29428987 | AW36: =AW137+AW238+AW339+AW440 -> 0 | AX36: =IFERROR(+(IF(AU36="","0",AU36))-(IF(AW36="","0",AW36)),"") -> 0 | AZ36: 9 | BA36: Lainnya 1.3. ……. | BC36: Ton | BD36: =BD137+BD238+BD339+BD440 -> 0 | BE36: =IFERROR(BF36/BD36*1000000,0) -> 0 | BF36: =BF137+BF238+BF339+BF440 -> 0 | BH36: =BH137+BH238+BH339+BH440 -> 0 | BL36: =BL137+BL238+BL339+BL440 -> 0 | BM36: 0.29428987 | BN36: =BN137+BN238+BN339+BN440 -> 0 | BO36: =IFERROR(+(IF(BL36="","0",BL36))-(IF(BN36="","0",BN36)),"") -> 0 | BQ36: 9 | BR36: Lainnya 1.3. ……. | BT36: Ton | BU36: =BU137+BU238+BU339+BU440 -> 0 | BV36: =IFERROR(BW36/BU36*1000000,0) -> 0 | BW36: =BW137+BW238+BW339+BW440 -> 0 | BY36: =BY137+BY238+BY339+BY440 -> 0 | CC36: =CC137+CC238+CC339+CC440 -> 0 | CD36: 0.29428987 | CE36: =CE137+CE238+CE339+CE440 -> 0 | CF36: =IFERROR(+(IF(CC36="","0",CC36))-(IF(CE36="","0",CE36)),"") -> 0 | CH36: 9 | CI36: Lainnya 1.3. ……. | CK36: Ton | CL36: =CL137+CL238+CL339+CL440 -> 0 | CM36: =IFERROR(CN36/CL36*1000000,0) -> 0 | CN36: =CN137+CN238+CN339+CN440 -> 0 | CP36: =CP137+CP238+CP339+CP440 -> 0 | CT36: =CT137+CT238+CT339+CT440 -> 0 | CU36: 0.29428987 | CV36: =CV137+CV238+CV339+CV440 -> 0 | CW36: =IFERROR(+(IF(CT36="","0",CT36))-(IF(CV36="","0",CV36)),"") -> 0 | CY36: 9 | CZ36: Lainnya 1.3. ……. | DB36: Ton | DC36: =DC137+DC238+DC339+DC440 -> 0 | DD36: =IFERROR(DE36/DC36*1000000,0) -> 0 | DE36: =DE137+DE238+DE339+DE440 -> 0 | DG36: =DG137+DG238+DG339+DG440 -> 0 | DK36: =DK137+DK238+DK339+DK440 -> 0 | DL36: 0.29428987 | DM36: =DM137+DM238+DM339+DM440 -> 0 | DN36: =IFERROR(+(IF(DK36="","0",DK36))-(IF(DM36="","0",DM36)),"") -> 0 | DP36: 9 | DQ36: Lainnya 1.3. ……. | DS36: Ton | DT36: =DT137+DT238+DT339+DT440 -> 0 | DU36: =IFERROR(DV36/DT36*1000000,0) -> 0 | DV36: =DV137+DV238+DV339+DV440 -> 0 | DX36: =DX137+DX238+DX339+DX440 -> 0 | EB36: =EB137+EB238+EB339+EB440 -> 0 | EC36: 0.29428987 | ED36: =ED137+ED238+ED339+ED440 -> 0 | EE36: =IFERROR(+(IF(EB36="","0",EB36))-(IF(ED36="","0",ED36)),"") -> 0 | EG36: 9 | EH36: Lainnya 1.3. ……. | EJ36: Ton | EK36: =EK137+EK238+EK339+EK440 -> 0 | EL36: =IFERROR(EM36/EK36*1000000,0) -> 0 | EM36: =EM137+EM238+EM339+EM440 -> 0 | EO36: =EO137+EO238+EO339+EO440 -> 0 | ES36: =ES137+ES238+ES339+ES440 -> 0 | ET36: 0.29428987 | EU36: =EU137+EU238+EU339+EU440 -> 0 | EV36: =IFERROR(+(IF(ES36="","0",ES36))-(IF(EU36="","0",EU36)),"") -> 0 | EX36: 9 | EY36: Lainnya 1.3. ……. | FA36: Ton | FB36: =FB137+FB238+FB339+FB440 -> 0 | FC36: =IFERROR(FD36/FB36*1000000,0) -> 0 | FD36: =FD137+FD238+FD339+FD440 -> 0 | FF36: =FF137+FF238+FF339+FF440 -> 0 | FJ36: =FJ137+FJ238+FJ339+FJ440 -> 0 | FK36: 0.29428987 | FL36: =FL137+FL238+FL339+FL440 -> 0 | FM36: =IFERROR(+(IF(FJ36="","0",FJ36))-(IF(FL36="","0",FL36)),"") -> 0 | FO36: 9 | FP36: Lainnya 1.3. ……. | FR36: Ton | FS36: =FS137+FS238+FS339+FS440 -> 0 | FT36: =IFERROR(FU36/FS36*1000000,0) -> 0 | FU36: =FU137+FU238+FU339+FU440 -> 0 | FW36: =FW137+FW238+FW339+FW440 -> 0 | GA36: =GA137+GA238+GA339+GA440 -> 0 | GB36: 0.29428987 | GC36: =GC137+GC238+GC339+GC440 -> 0 | GD36: =IFERROR(+(IF(GA36="","0",GA36))-(IF(GC36="","0",GC36)),"") -> 0 | GF36: 9 | GG36: Lainnya 1.3. ……. | GI36: Ton | GJ36: =GJ137+GJ238+GJ339+GJ440 -> 0 | GK36: =IFERROR(GL36/GJ36*1000000,0) -> 0 | GL36: =GL137+GL238+GL339+GL440 -> 0 | GN36: =GN137+GN238+GN339+GN440 -> 0 | GR36: =GR137+GR238+GR339+GR440 -> 0 | GS36: 0.29428987 | GT36: =GT137+GT238+GT339+GT440 -> 0 | GU36: =IFERROR(+(IF(GR36="","0",GR36))-(IF(GT36="","0",GT36)),"") -> 0 | GW36: 9 | GX36: Lainnya 1.3. ……. | GZ36: Ton | HA36: =HA137+HA238+HA339+HA440 -> 0 | HB36: =IFERROR(HC36/HA36*1000000,0) -> 0 | HC36: =HC137+HC238+HC339+HC440 -> 0 | HE36: =HE137+HE238+HE339+HE440 -> 0 | HI36: =HI137+HI238+HI339+HI440 -> 0 | HJ36: 0.29428987 | HK36: =HK137+HK238+HK339+HK440 -> 0 | HL36: =IFERROR(+(IF(HI36="","0",HI36))-(IF(HK36="","0",HK36)),"") -> 0 | HN36: 9 | HO36: Lainnya 1.3. ……. | HQ36: Ton | HR36: =HR137+HR238+HR339+HR440 -> 0 | HS36: =IFERROR(HT36/HR36*1000000,0) -> 0 | HT36: =HT137+HT238+HT339+HT440 -> 0 | HV36: =HV137+HV238+HV339+HV440 -> 0 | HZ36: =HZ137+HZ238+HZ339+HZ440 -> 0 | IA36: 0.29428987 | IB36: =IB137+IB238+IB339+IB440 -> 0 | IC36: =IFERROR(+(IF(HZ36="","0",HZ36))-(IF(IB36="","0",IB36)),"") -> 0 | IE36: 9 | IF36: Lainnya 1.3. ……. | IH36: Ton | II36: =II137+II238+II339+II440 -> 0 | IJ36: =IFERROR(IK36/II36*1000000,0) -> 0 | IK36: =IK137+IK238+IK339+IK440 -> 0 | IM36: =IM137+IM238+IM339+IM440 -> 0 | IQ36: =IQ137+IQ238+IQ339+IQ440 -> 0 | IR36: 0.29428987 | IS36: =IS137+IS238+IS339+IS440 -> 0 | IT36: =IFERROR(+(IF(IQ36="","0",IQ36))-(IF(IS36="","0",IS36)),"") -> 0 | IV36: 9 | IW36: Lainnya 1.3. ……. | IY36: Ton | IZ36: =IZ137+IZ238+IZ339+IZ440 -> 0 | JA36: =IFERROR(JB36/IZ36*1000000,0) -> 0 | JB36: =JB137+JB238+JB339+JB440 -> 0 | JD36: =JD137+JD238+JD339+JD440 -> 0 | JH36: =JH137+JH238+JH339+JH440 -> 0 | JI36: 0.29428987 | JJ36: =JJ137+JJ238+JJ339+JJ440 -> 0 | JK36: =IFERROR(+(IF(JH36="","0",JH36))-(IF(JJ36="","0",JJ36)),"") -> 0 | JM36: 9 | JN36: Lainnya 1.3. ……. | JP36: Ton | JQ36: =JQ137+JQ238+JQ339+JQ440 -> 0 | JR36: =IFERROR(JS36/JQ36*1000000,0) -> 0 | JS36: =JS137+JS238+JS339+JS440 -> 0 | JU36: =JU137+JU238+JU339+JU440 -> 0 | JY36: =JY137+JY238+JY339+JY440 -> 0 | JZ36: 0.29428987 | KA36: =KA137+KA238+KA339+KA440 -> 0 | KB36: =IFERROR(+(IF(JY36="","0",JY36))-(IF(KA36="","0",KA36)),"") -> 0 | KD36: 9 | KE36: Lainnya 1.3. ……. | KG36: Ton | KH36: =KH137+KH238+KH339+KH440 -> 0 | KI36: =IFERROR(KJ36/KH36*1000000,0) -> 0 | KJ36: =KJ137+KJ238+KJ339+KJ440 -> 0 | KL36: =KL137+KL238+KL339+KL440 -> 0 | KP36: =KP137+KP238+KP339+KP440 -> 0 | KQ36: 0.29428987 | KR36: =KR137+KR238+KR339+KR440 -> 0 | KS36: =IFERROR(+(IF(KP36="","0",KP36))-(IF(KR36="","0",KR36)),"") -> 0
A37: 10 | B37: Lainnya 1.3. ……. | D37: Ton | E37: =E138+E239+E340+E441 -> 0 | F37: =IFERROR(G37/E37*1000000,0) -> 0 | G37: =G138+G239+G340+G441 -> 0 | I37: =I138+I239+I340+I441 -> 0 | M37: =M138+M239+M340+M441 -> 0 | N37: 0.29428987 | O37: =O138+O239+O340+O441 -> 0 | P37: =IFERROR(+(IF(M37="","0",M37))-(IF(O37="","0",O37)),"") -> 0 | R37: 10 | S37: Lainnya 1.3. ……. | U37: Ton | V37: =V138+V239+V340+V441 -> 0 | W37: =IFERROR(X37/V37*1000000,0) -> 0 | X37: =X138+X239+X340+X441 -> 0 | Z37: =Z138+Z239+Z340+Z441 -> 0 | AD37: =AD138+AD239+AD340+AD441 -> 0 | AE37: 0.29428987 | AF37: =AF138+AF239+AF340+AF441 -> 0 | AG37: =IFERROR(+(IF(AD37="","0",AD37))-(IF(AF37="","0",AF37)),"") -> 0 | AI37: 10 | AJ37: Lainnya 1.3. ……. | AL37: Ton | AM37: =AM138+AM239+AM340+AM441 -> 0 | AN37: =IFERROR(AO37/AM37*1000000,0) -> 0 | AO37: =AO138+AO239+AO340+AO441 -> 0 | AQ37: =AQ138+AQ239+AQ340+AQ441 -> 0 | AU37: =AU138+AU239+AU340+AU441 -> 0 | AV37: 0.29428987 | AW37: =AW138+AW239+AW340+AW441 -> 0 | AX37: =IFERROR(+(IF(AU37="","0",AU37))-(IF(AW37="","0",AW37)),"") -> 0 | AZ37: 10 | BA37: Lainnya 1.3. ……. | BC37: Ton | BD37: =BD138+BD239+BD340+BD441 -> 0 | BE37: =IFERROR(BF37/BD37*1000000,0) -> 0 | BF37: =BF138+BF239+BF340+BF441 -> 0 | BH37: =BH138+BH239+BH340+BH441 -> 0 | BL37: =BL138+BL239+BL340+BL441 -> 0 | BM37: 0.29428987 | BN37: =BN138+BN239+BN340+BN441 -> 0 | BO37: =IFERROR(+(IF(BL37="","0",BL37))-(IF(BN37="","0",BN37)),"") -> 0 | BQ37: 10 | BR37: Lainnya 1.3. ……. | BT37: Ton | BU37: =BU138+BU239+BU340+BU441 -> 0 | BV37: =IFERROR(BW37/BU37*1000000,0) -> 0 | BW37: =BW138+BW239+BW340+BW441 -> 0 | BY37: =BY138+BY239+BY340+BY441 -> 0 | CC37: =CC138+CC239+CC340+CC441 -> 0 | CD37: 0.29428987 | CE37: =CE138+CE239+CE340+CE441 -> 0 | CF37: =IFERROR(+(IF(CC37="","0",CC37))-(IF(CE37="","0",CE37)),"") -> 0 | CH37: 10 | CI37: Lainnya 1.3. ……. | CK37: Ton | CL37: =CL138+CL239+CL340+CL441 -> 0 | CM37: =IFERROR(CN37/CL37*1000000,0) -> 0 | CN37: =CN138+CN239+CN340+CN441 -> 0 | CP37: =CP138+CP239+CP340+CP441 -> 0 | CT37: =CT138+CT239+CT340+CT441 -> 0 | CU37: 0.29428987 | CV37: =CV138+CV239+CV340+CV441 -> 0 | CW37: =IFERROR(+(IF(CT37="","0",CT37))-(IF(CV37="","0",CV37)),"") -> 0 | CY37: 10 | CZ37: Lainnya 1.3. ……. | DB37: Ton | DC37: =DC138+DC239+DC340+DC441 -> 0 | DD37: =IFERROR(DE37/DC37*1000000,0) -> 0 | DE37: =DE138+DE239+DE340+DE441 -> 0 | DG37: =DG138+DG239+DG340+DG441 -> 0 | DK37: =DK138+DK239+DK340+DK441 -> 0 | DL37: 0.29428987 | DM37: =DM138+DM239+DM340+DM441 -> 0 | DN37: =IFERROR(+(IF(DK37="","0",DK37))-(IF(DM37="","0",DM37)),"") -> 0 | DP37: 10 | DQ37: Lainnya 1.3. ……. | DS37: Ton | DT37: =DT138+DT239+DT340+DT441 -> 0 | DU37: =IFERROR(DV37/DT37*1000000,0) -> 0 | DV37: =DV138+DV239+DV340+DV441 -> 0 | DX37: =DX138+DX239+DX340+DX441 -> 0 | EB37: =EB138+EB239+EB340+EB441 -> 0 | EC37: 0.29428987 | ED37: =ED138+ED239+ED340+ED441 -> 0 | EE37: =IFERROR(+(IF(EB37="","0",EB37))-(IF(ED37="","0",ED37)),"") -> 0 | EG37: 10 | EH37: Lainnya 1.3. ……. | EJ37: Ton | EK37: =EK138+EK239+EK340+EK441 -> 0 | EL37: =IFERROR(EM37/EK37*1000000,0) -> 0 | EM37: =EM138+EM239+EM340+EM441 -> 0 | EO37: =EO138+EO239+EO340+EO441 -> 0 | ES37: =ES138+ES239+ES340+ES441 -> 0 | ET37: 0.29428987 | EU37: =EU138+EU239+EU340+EU441 -> 0 | EV37: =IFERROR(+(IF(ES37="","0",ES37))-(IF(EU37="","0",EU37)),"") -> 0 | EX37: 10 | EY37: Lainnya 1.3. ……. | FA37: Ton | FB37: =FB138+FB239+FB340+FB441 -> 0 | FC37: =IFERROR(FD37/FB37*1000000,0) -> 0 | FD37: =FD138+FD239+FD340+FD441 -> 0 | FF37: =FF138+FF239+FF340+FF441 -> 0 | FJ37: =FJ138+FJ239+FJ340+FJ441 -> 0 | FK37: 0.29428987 | FL37: =FL138+FL239+FL340+FL441 -> 0 | FM37: =IFERROR(+(IF(FJ37="","0",FJ37))-(IF(FL37="","0",FL37)),"") -> 0 | FO37: 10 | FP37: Lainnya 1.3. ……. | FR37: Ton | FS37: =FS138+FS239+FS340+FS441 -> 0 | FT37: =IFERROR(FU37/FS37*1000000,0) -> 0 | FU37: =FU138+FU239+FU340+FU441 -> 0 | FW37: =FW138+FW239+FW340+FW441 -> 0 | GA37: =GA138+GA239+GA340+GA441 -> 0 | GB37: 0.29428987 | GC37: =GC138+GC239+GC340+GC441 -> 0 | GD37: =IFERROR(+(IF(GA37="","0",GA37))-(IF(GC37="","0",GC37)),"") -> 0 | GF37: 10 | GG37: Lainnya 1.3. ……. | GI37: Ton | GJ37: =GJ138+GJ239+GJ340+GJ441 -> 0 | GK37: =IFERROR(GL37/GJ37*1000000,0) -> 0 | GL37: =GL138+GL239+GL340+GL441 -> 0 | GN37: =GN138+GN239+GN340+GN441 -> 0 | GR37: =GR138+GR239+GR340+GR441 -> 0 | GS37: 0.29428987 | GT37: =GT138+GT239+GT340+GT441 -> 0 | GU37: =IFERROR(+(IF(GR37="","0",GR37))-(IF(GT37="","0",GT37)),"") -> 0 | GW37: 10 | GX37: Lainnya 1.3. ……. | GZ37: Ton | HA37: =HA138+HA239+HA340+HA441 -> 0 | HB37: =IFERROR(HC37/HA37*1000000,0) -> 0 | HC37: =HC138+HC239+HC340+HC441 -> 0 | HE37: =HE138+HE239+HE340+HE441 -> 0 | HI37: =HI138+HI239+HI340+HI441 -> 0 | HJ37: 0.29428987 | HK37: =HK138+HK239+HK340+HK441 -> 0 | HL37: =IFERROR(+(IF(HI37="","0",HI37))-(IF(HK37="","0",HK37)),"") -> 0 | HN37: 10 | HO37: Lainnya 1.3. ……. | HQ37: Ton | HR37: =HR138+HR239+HR340+HR441 -> 0 | HS37: =IFERROR(HT37/HR37*1000000,0) -> 0 | HT37: =HT138+HT239+HT340+HT441 -> 0 | HV37: =HV138+HV239+HV340+HV441 -> 0 | HZ37: =HZ138+HZ239+HZ340+HZ441 -> 0 | IA37: 0.29428987 | IB37: =IB138+IB239+IB340+IB441 -> 0 | IC37: =IFERROR(+(IF(HZ37="","0",HZ37))-(IF(IB37="","0",IB37)),"") -> 0 | IE37: 10 | IF37: Lainnya 1.3. ……. | IH37: Ton | II37: =II138+II239+II340+II441 -> 0 | IJ37: =IFERROR(IK37/II37*1000000,0) -> 0 | IK37: =IK138+IK239+IK340+IK441 -> 0 | IM37: =IM138+IM239+IM340+IM441 -> 0 | IQ37: =IQ138+IQ239+IQ340+IQ441 -> 0 | IR37: 0.29428987 | IS37: =IS138+IS239+IS340+IS441 -> 0 | IT37: =IFERROR(+(IF(IQ37="","0",IQ37))-(IF(IS37="","0",IS37)),"") -> 0 | IV37: 10 | IW37: Lainnya 1.3. ……. | IY37: Ton | IZ37: =IZ138+IZ239+IZ340+IZ441 -> 0 | JA37: =IFERROR(JB37/IZ37*1000000,0) -> 0 | JB37: =JB138+JB239+JB340+JB441 -> 0 | JD37: =JD138+JD239+JD340+JD441 -> 0 | JH37: =JH138+JH239+JH340+JH441 -> 0 | JI37: 0.29428987 | JJ37: =JJ138+JJ239+JJ340+JJ441 -> 0 | JK37: =IFERROR(+(IF(JH37="","0",JH37))-(IF(JJ37="","0",JJ37)),"") -> 0 | JM37: 10 | JN37: Lainnya 1.3. ……. | JP37: Ton | JQ37: =JQ138+JQ239+JQ340+JQ441 -> 0 | JR37: =IFERROR(JS37/JQ37*1000000,0) -> 0 | JS37: =JS138+JS239+JS340+JS441 -> 0 | JU37: =JU138+JU239+JU340+JU441 -> 0 | JY37: =JY138+JY239+JY340+JY441 -> 0 | JZ37: 0.29428987 | KA37: =KA138+KA239+KA340+KA441 -> 0 | KB37: =IFERROR(+(IF(JY37="","0",JY37))-(IF(KA37="","0",KA37)),"") -> 0 | KD37: 10 | KE37: Lainnya 1.3. ……. | KG37: Ton | KH37: =KH138+KH239+KH340+KH441 -> 0 | KI37: =IFERROR(KJ37/KH37*1000000,0) -> 0 | KJ37: =KJ138+KJ239+KJ340+KJ441 -> 0 | KL37: =KL138+KL239+KL340+KL441 -> 0 | KP37: =KP138+KP239+KP340+KP441 -> 0 | KQ37: 0.29428987 | KR37: =KR138+KR239+KR340+KR441 -> 0 | KS37: =IFERROR(+(IF(KP37="","0",KP37))-(IF(KR37="","0",KR37)),"") -> 0
B38: Air Kolam / Tawar : | S38: Air Kolam / Tawar : | AJ38: Air Kolam / Tawar : | BA38: Air Kolam / Tawar : | BR38: Air Kolam / Tawar : | CI38: Air Kolam / Tawar : | CZ38: Air Kolam / Tawar : | DQ38: Air Kolam / Tawar : | EH38: Air Kolam / Tawar : | EY38: Air Kolam / Tawar : | FP38: Air Kolam / Tawar : | GG38: Air Kolam / Tawar : | GX38: Air Kolam / Tawar : | HO38: Air Kolam / Tawar : | IF38: Air Kolam / Tawar : | IW38: Air Kolam / Tawar : | JN38: Air Kolam / Tawar : | KE38: Air Kolam / Tawar :
A39: 1 | B39: Mas | D39: Ton | E39: =E140+E241+E342+E443 -> 0 | F39: =IFERROR(G39/E39*1000000,0) -> 0 | G39: =G140+G241+G342+G443 -> 0 | I39: =I140+I241+I342+I443 -> 0 | M39: =M140+M241+M342+M443 -> 0 | N39: 0.29428987 | O39: =O140+O241+O342+O443 -> 0 | P39: =IFERROR(+(IF(M39="","0",M39))-(IF(O39="","0",O39)),"") -> 0 | R39: 1 | S39: Mas | U39: Ton | V39: =V140+V241+V342+V443 -> 0 | W39: =IFERROR(X39/V39*1000000,0) -> 0 | X39: =X140+X241+X342+X443 -> 0 | Z39: =Z140+Z241+Z342+Z443 -> 0 | AD39: =AD140+AD241+AD342+AD443 -> 0 | AE39: 0.29428987 | AF39: =AF140+AF241+AF342+AF443 -> 0 | AG39: =IFERROR(+(IF(AD39="","0",AD39))-(IF(AF39="","0",AF39)),"") -> 0 | AI39: 1 | AJ39: Mas | AL39: Ton | AM39: =AM140+AM241+AM342+AM443 -> 0 | AN39: =IFERROR(AO39/AM39*1000000,0) -> 0 | AO39: =AO140+AO241+AO342+AO443 -> 0 | AQ39: =AQ140+AQ241+AQ342+AQ443 -> 0 | AU39: =AU140+AU241+AU342+AU443 -> 0 | AV39: 0.29428987 | AW39: =AW140+AW241+AW342+AW443 -> 0 | AX39: =IFERROR(+(IF(AU39="","0",AU39))-(IF(AW39="","0",AW39)),"") -> 0 | AZ39: 1 | BA39: Mas | BC39: Ton | BD39: =BD140+BD241+BD342+BD443 -> 0 | BE39: =IFERROR(BF39/BD39*1000000,0) -> 0 | BF39: =BF140+BF241+BF342+BF443 -> 0 | BH39: =BH140+BH241+BH342+BH443 -> 0 | BL39: =BL140+BL241+BL342+BL443 -> 0 | BM39: 0.29428987 | BN39: =BN140+BN241+BN342+BN443 -> 0 | BO39: =IFERROR(+(IF(BL39="","0",BL39))-(IF(BN39="","0",BN39)),"") -> 0 | BQ39: 1 | BR39: Mas | BT39: Ton | BU39: =BU140+BU241+BU342+BU443 -> 0 | BV39: =IFERROR(BW39/BU39*1000000,0) -> 0 | BW39: =BW140+BW241+BW342+BW443 -> 0 | BY39: =BY140+BY241+BY342+BY443 -> 0 | CC39: =CC140+CC241+CC342+CC443 -> 0 | CD39: 0.29428987 | CE39: =CE140+CE241+CE342+CE443 -> 0 | CF39: =IFERROR(+(IF(CC39="","0",CC39))-(IF(CE39="","0",CE39)),"") -> 0 | CH39: 1 | CI39: Mas | CK39: Ton | CL39: =CL140+CL241+CL342+CL443 -> 0 | CM39: =IFERROR(CN39/CL39*1000000,0) -> 0 | CN39: =CN140+CN241+CN342+CN443 -> 0 | CP39: =CP140+CP241+CP342+CP443 -> 0 | CT39: =CT140+CT241+CT342+CT443 -> 0 | CU39: 0.29428987 | CV39: =CV140+CV241+CV342+CV443 -> 0 | CW39: =IFERROR(+(IF(CT39="","0",CT39))-(IF(CV39="","0",CV39)),"") -> 0 | CY39: 1 | CZ39: Mas | DB39: Ton | DC39: =DC140+DC241+DC342+DC443 -> 0 | DD39: =IFERROR(DE39/DC39*1000000,0) -> 0 | DE39: =DE140+DE241+DE342+DE443 -> 0 | DG39: =DG140+DG241+DG342+DG443 -> 0 | DK39: =DK140+DK241+DK342+DK443 -> 0 | DL39: 0.29428987 | DM39: =DM140+DM241+DM342+DM443 -> 0 | DN39: =IFERROR(+(IF(DK39="","0",DK39))-(IF(DM39="","0",DM39)),"") -> 0 | DP39: 1 | DQ39: Mas | DS39: Ton | DT39: =DT140+DT241+DT342+DT443 -> 0 | DU39: =IFERROR(DV39/DT39*1000000,0) -> 0 | DV39: =DV140+DV241+DV342+DV443 -> 0 | DX39: =DX140+DX241+DX342+DX443 -> 0 | EB39: =EB140+EB241+EB342+EB443 -> 0 | EC39: 0.29428987 | ED39: =ED140+ED241+ED342+ED443 -> 0 | EE39: =IFERROR(+(IF(EB39="","0",EB39))-(IF(ED39="","0",ED39)),"") -> 0 | EG39: 1 | EH39: Mas | EJ39: Ton | EK39: =EK140+EK241+EK342+EK443 -> 0 | EL39: =IFERROR(EM39/EK39*1000000,0) -> 0 | EM39: =EM140+EM241+EM342+EM443 -> 0 | EO39: =EO140+EO241+EO342+EO443 -> 0 | ES39: =ES140+ES241+ES342+ES443 -> 0 | ET39: 0.29428987 | EU39: =EU140+EU241+EU342+EU443 -> 0 | EV39: =IFERROR(+(IF(ES39="","0",ES39))-(IF(EU39="","0",EU39)),"") -> 0 | EX39: 1 | EY39: Mas | FA39: Ton | FB39: =FB140+FB241+FB342+FB443 -> 0 | FC39: =IFERROR(FD39/FB39*1000000,0) -> 0 | FD39: =FD140+FD241+FD342+FD443 -> 0 | FF39: =FF140+FF241+FF342+FF443 -> 0 | FJ39: =FJ140+FJ241+FJ342+FJ443 -> 0 | FK39: 0.29428987 | FL39: =FL140+FL241+FL342+FL443 -> 0 | FM39: =IFERROR(+(IF(FJ39="","0",FJ39))-(IF(FL39="","0",FL39)),"") -> 0 | FO39: 1 | FP39: Mas | FR39: Ton | FS39: =FS140+FS241+FS342+FS443 -> 0 | FT39: =IFERROR(FU39/FS39*1000000,0) -> 0 | FU39: =FU140+FU241+FU342+FU443 -> 0 | FW39: =FW140+FW241+FW342+FW443 -> 0 | GA39: =GA140+GA241+GA342+GA443 -> 0 | GB39: 0.29428987 | GC39: =GC140+GC241+GC342+GC443 -> 0 | GD39: =IFERROR(+(IF(GA39="","0",GA39))-(IF(GC39="","0",GC39)),"") -> 0 | GF39: 1 | GG39: Mas | GI39: Ton | GJ39: =GJ140+GJ241+GJ342+GJ443 -> 0 | GK39: =IFERROR(GL39/GJ39*1000000,0) -> 0 | GL39: =GL140+GL241+GL342+GL443 -> 0 | GN39: =GN140+GN241+GN342+GN443 -> 0 | GR39: =GR140+GR241+GR342+GR443 -> 0 | GS39: 0.29428987 | GT39: =GT140+GT241+GT342+GT443 -> 0 | GU39: =IFERROR(+(IF(GR39="","0",GR39))-(IF(GT39="","0",GT39)),"") -> 0 | GW39: 1 | GX39: Mas | GZ39: Ton | HA39: =HA140+HA241+HA342+HA443 -> 0 | HB39: =IFERROR(HC39/HA39*1000000,0) -> 0 | HC39: =HC140+HC241+HC342+HC443 -> 0 | HE39: =HE140+HE241+HE342+HE443 -> 0 | HI39: =HI140+HI241+HI342+HI443 -> 0 | HJ39: 0.29428987 | HK39: =HK140+HK241+HK342+HK443 -> 0 | HL39: =IFERROR(+(IF(HI39="","0",HI39))-(IF(HK39="","0",HK39)),"") -> 0 | HN39: 1 | HO39: Mas | HQ39: Ton | HR39: =HR140+HR241+HR342+HR443 -> 0 | HS39: =IFERROR(HT39/HR39*1000000,0) -> 0 | HT39: =HT140+HT241+HT342+HT443 -> 0 | HV39: =HV140+HV241+HV342+HV443 -> 0 | HZ39: =HZ140+HZ241+HZ342+HZ443 -> 0 | IA39: 0.29428987 | IB39: =IB140+IB241+IB342+IB443 -> 0 | IC39: =IFERROR(+(IF(HZ39="","0",HZ39))-(IF(IB39="","0",IB39)),"") -> 0 | IE39: 1 | IF39: Mas | IH39: Ton | II39: =II140+II241+II342+II443 -> 0 | IJ39: =IFERROR(IK39/II39*1000000,0) -> 0 | IK39: =IK140+IK241+IK342+IK443 -> 0 | IM39: =IM140+IM241+IM342+IM443 -> 0 | IQ39: =IQ140+IQ241+IQ342+IQ443 -> 0 | IR39: 0.29428987 | IS39: =IS140+IS241+IS342+IS443 -> 0 | IT39: =IFERROR(+(IF(IQ39="","0",IQ39))-(IF(IS39="","0",IS39)),"") -> 0 | IV39: 1 | IW39: Mas | IY39: Ton | IZ39: =IZ140+IZ241+IZ342+IZ443 -> 0 | JA39: =IFERROR(JB39/IZ39*1000000,0) -> 0 | JB39: =JB140+JB241+JB342+JB443 -> 0 | JD39: =JD140+JD241+JD342+JD443 -> 0 | JH39: =JH140+JH241+JH342+JH443 -> 0 | JI39: 0.29428987 | JJ39: =JJ140+JJ241+JJ342+JJ443 -> 0 | JK39: =IFERROR(+(IF(JH39="","0",JH39))-(IF(JJ39="","0",JJ39)),"") -> 0 | JM39: 1 | JN39: Mas | JP39: Ton | JQ39: =JQ140+JQ241+JQ342+JQ443 -> 0 | JR39: =IFERROR(JS39/JQ39*1000000,0) -> 0 | JS39: =JS140+JS241+JS342+JS443 -> 0 | JU39: =JU140+JU241+JU342+JU443 -> 0 | JY39: =JY140+JY241+JY342+JY443 -> 0 | JZ39: 0.29428987 | KA39: =KA140+KA241+KA342+KA443 -> 0 | KB39: =IFERROR(+(IF(JY39="","0",JY39))-(IF(KA39="","0",KA39)),"") -> 0 | KD39: 1 | KE39: Mas | KG39: Ton | KH39: =KH140+KH241+KH342+KH443 -> 0 | KI39: =IFERROR(KJ39/KH39*1000000,0) -> 0 | KJ39: =KJ140+KJ241+KJ342+KJ443 -> 0 | KL39: =KL140+KL241+KL342+KL443 -> 0 | KP39: =KP140+KP241+KP342+KP443 -> 0 | KQ39: 0.29428987 | KR39: =KR140+KR241+KR342+KR443 -> 0 | KS39: =IFERROR(+(IF(KP39="","0",KP39))-(IF(KR39="","0",KR39)),"") -> 0
