Workbook
Name H: #REF!
Name BERLAKU: #REF!
Name BERLAKU: #REF!

Sheet Home
A1: HOME
B2: SISTEM | H2: ALAT BANTU PENGHITUNGAN ANGKA PDRB MENURUT LAPANGAN USAHA
B3: INFORMASI
B4: RILIS
B5: ANGKA PDRB | K5: LAPANGAN USAHA | O5: : | P5: =mid(ADHB!C6,3,100) -> Pertambangan Bijih Logam
B6: MELALUI LEMBAR KERJA | K6: WILAYAH | O6: : | P6: Provinsi Sulawesi Tenggara
B7: BERBASIS | K7: TAHUN | O7: : | P7: =IFERROR(__xludf.DUMMYFUNCTION("IMPORTRANGE(""https://docs.google.com/spreadsheets/d/14EziMEzuXiAhzZqRuQw8kN9sLyynoE6QsPgaj062Fa0/edit#gid=214337323"",""'LK PDRB Lapus'!E3:E4"")"),2026.0) -> 2026
B8: ONLINE | K8: TRIWULAN | O8: : | P8: =IFERROR(__xludf.DUMMYFUNCTION("""COMPUTED_VALUE"""),"I") -> I
B11: INPUT DATA | K11: OUTPUT | T11: MONEV
B15: 1 | C15: Lembar Kerja Penghitungan PDRB Atas Dasar Harga Berlaku | K15: 1 | L15: Rekap Angka PDRB Lapangan Usaha | T15: 1 | U15: MONEV Pemasukan Data
B16: =B15+1 -> 2 | C16: Lembar Kerja Penghitungan PDRB Atas Dasar Harga Konstan | K16: =K15+1 -> 2 | T16: =T15+1 -> 2

Sheet ADHB
A1: Home | B1: 2.3 Pertambangan Bijih Logam | D1: 2010 | E1: 2012 | F1: 2014 | G1: 2016 | H1: 2018 | I1: 2020 | J1: 2022 | K1: 2024 | U1: 2010 | V1: 2012 | W1: 2014 | X1: 2016 | Y1: 2018 | Z1: 2020 | AA1: 2022 | AB1: 2024 | AL1: 2010 | AM1: 2012 | AN1: 2014 | AO1: 2016 | AP1: 2018 | AQ1: 2020 | AR1: 2022 | AS1: 2024 | BC1: 2010 | BD1: 2012 | BE1: 2014 | BF1: 2016 | BG1: 2018 | BH1: 2020 | BI1: 2022 | BJ1: 2024 | BT1: 2010 | BU1: 2012 | BV1: 2014 | BW1: 2016 | BX1: 2018 | BY1: 2020 | BZ1: 2022 | CA1: 2024 | CK1: 2010 | CL1: 2012 | CM1: 2014 | CN1: 2016 | CO1: 2018 | CP1: 2020 | CQ1: 2022 | CR1: 2024 | DB1: 2010 | DC1: 2012 | DD1: 2014 | DE1: 2016 | DF1: 2018 | DG1: 2020 | DH1: 2022 | DI1: 2024 | DS1: 2010 | DT1: 2012 | DU1: 2014 | DV1: 2016 | DW1: 2018 | DX1: 2020 | DY1: 2022 | DZ1: 2024 | EJ1: 2010 | EK1: 2012 | EL1: 2014 | EM1: 2016 | EN1: 2018 | EO1: 2020 | EP1: 2022 | EQ1: 2024 | FA1: 2010 | FB1: 2012 | FC1: 2014 | FD1: 2016 | FE1: 2018 | FF1: 2020 | FG1: 2022 | FH1: 2024 | FR1: 2010 | FS1: 2012 | FT1: 2014 | FU1: 2016 | FV1: 2018 | FW1: 2020 | FX1: 2022 | FY1: 2024 | GI1: 2010 | GJ1: 2012 | GK1: 2014 | GL1: 2016 | GM1: 2018 | GN1: 2020 | GO1: 2022 | GP1: 2024 | GR1: 312703.4 | GZ1: 2010 | HA1: 2012 | HB1: 2014 | HC1: 2016 | HD1: 2018 | HE1: 2020 | HF1: 2022 | HG1: 2024 | HQ1: 2010 | HR1: 2012 | HS1: 2014 | HT1: 2016 | HU1: 2018 | HV1: 2020 | HW1: 2022 | HX1: 2024 | IH1: 2010 | II1: 2012 | IJ1: 2014 | IK1: 2016 | IL1: 2018 | IM1: 2020 | IN1: 2022 | IO1: 2024 | IY1: 2010 | IZ1: 2012 | JA1: 2014 | JB1: 2016 | JC1: 2018 | JD1: 2020 | JE1: 2022 | JF1: 2024 | JP1: 2010 | JQ1: 2012 | JR1: 2014 | JS1: 2016 | JT1: 2018 | JU1: 2020 | JV1: 2022 | JW1: 2024 | KG1: 2010 | KH1: 2012 | KI1: 2014 | KJ1: 2016 | KK1: 2018 | KL1: 2020 | KM1: 2022 | KN1: 2024
D2: 2011 | E2: 2013 | F2: 2015 | G2: 2017 | H2: 2019 | I2: 2021 | J2: 2023 | K2: 2025 | U2: 2011 | V2: 2013 | W2: 2015 | X2: 2017 | Y2: 2019 | Z2: 2021 | AA2: 2023 | AB2: 2025 | AL2: 2011 | AM2: 2013 | AN2: 2015 | AO2: 2017 | AP2: 2019 | AQ2: 2021 | AR2: 2023 | AS2: 2025 | BC2: 2011 | BD2: 2013 | BE2: 2015 | BF2: 2017 | BG2: 2019 | BH2: 2021 | BI2: 2023 | BJ2: 2025 | BT2: 2011 | BU2: 2013 | BV2: 2015 | BW2: 2017 | BX2: 2019 | BY2: 2021 | BZ2: 2023 | CA2: 2025 | CK2: 2011 | CL2: 2013 | CM2: 2015 | CN2: 2017 | CO2: 2019 | CP2: 2021 | CQ2: 2023 | CR2: 2025 | DB2: 2011 | DC2: 2013 | DD2: 2015 | DE2: 2017 | DF2: 2019 | DG2: 2021 | DH2: 2023 | DI2: 2025 | DS2: 2011 | DT2: 2013 | DU2: 2015 | DV2: 2017 | DW2: 2019 | DX2: 2021 | DY2: 2023 | DZ2: 2025 | EJ2: 2011 | EK2: 2013 | EL2: 2015 | EM2: 2017 | EN2: 2019 | EO2: 2021 | EP2: 2023 | EQ2: 2025 | FA2: 2011 | FB2: 2013 | FC2: 2015 | FD2: 2017 | FE2: 2019 | FF2: 2021 | FG2: 2023 | FH2: 2025 | FR2: 2011 | FS2: 2013 | FT2: 2015 | FU2: 2017 | FV2: 2019 | FW2: 2021 | FX2: 2023 | FY2: 2025 | GI2: 2011 | GJ2: 2013 | GK2: 2015 | GL2: 2017 | GM2: 2019 | GN2: 2021 | GO2: 2023 | GP2: 2025 | GZ2: 2011 | HA2: 2013 | HB2: 2015 | HC2: 2017 | HD2: 2019 | HE2: 2021 | HF2: 2023 | HG2: 2025 | HQ2: 2011 | HR2: 2013 | HS2: 2015 | HT2: 2017 | HU2: 2019 | HV2: 2021 | HW2: 2023 | HX2: 2025 | IH2: 2011 | II2: 2013 | IJ2: 2015 | IK2: 2017 | IL2: 2019 | IM2: 2021 | IN2: 2023 | IO2: 2025 | IY2: 2011 | IZ2: 2013 | JA2: 2015 | JB2: 2017 | JC2: 2019 | JD2: 2021 | JE2: 2023 | JF2: 2025 | JP2: 2011 | JQ2: 2013 | JR2: 2015 | JS2: 2017 | JT2: 2019 | JU2: 2021 | JV2: 2023 | JW2: 2025 | KG2: 2011 | KH2: 2013 | KI2: 2015 | KJ2: 2017 | KK2: 2019 | KL2: 2021 | KM2: 2023 | KN2: 2025
B4: Wilayah | C4: =ADHK!C4 -> : Provinsi Sulawesi Tenggara | G4: Lembar Pengolahan Penghitungan | P4: ADHB | S4: Wilayah | T4: =C4 -> : Provinsi Sulawesi Tenggara | X4: Lembar Pengolahan Penghitungan | AG4: ADHB | AJ4: Wilayah | AK4: =T4 -> : Provinsi Sulawesi Tenggara | AO4: Lembar Pengolahan Penghitungan | AX4: ADHB | BA4: Wilayah | BB4: =AK4 -> : Provinsi Sulawesi Tenggara | BF4: Lembar Pengolahan Penghitungan | BO4: ADHB | BR4: Wilayah | BS4: =BB4 -> : Provinsi Sulawesi Tenggara | BW4: Lembar Pengolahan Penghitungan | CF4: ADHB | CI4: Wilayah | CJ4: =BS4 -> : Provinsi Sulawesi Tenggara | CN4: Lembar Pengolahan Penghitungan | CW4: ADHB | CZ4: Wilayah | DA4: =CJ4 -> : Provinsi Sulawesi Tenggara | DE4: Lembar Pengolahan Penghitungan | DN4: ADHB | DQ4: Wilayah | DR4: =DA4 -> : Provinsi Sulawesi Tenggara | DV4: Lembar Pengolahan Penghitungan | EE4: ADHB | EH4: Wilayah | EI4: =DR4 -> : Provinsi Sulawesi Tenggara | EM4: Lembar Pengolahan Penghitungan | EV4: ADHB | EY4: Wilayah | EZ4: =EI4 -> : Provinsi Sulawesi Tenggara | FD4: Lembar Pengolahan Penghitungan | FM4: ADHB | FP4: Wilayah | FQ4: =EZ4 -> : Provinsi Sulawesi Tenggara | FU4: Lembar Pengolahan Penghitungan | GD4: ADHB | GG4: Wilayah | GH4: =FQ4 -> : Provinsi Sulawesi Tenggara | GL4: Lembar Pengolahan Penghitungan | GU4: ADHB | GX4: Wilayah | GY4: =GH4 -> : Provinsi Sulawesi Tenggara | HC4: Lembar Pengolahan Penghitungan | HL4: ADHB | HO4: Wilayah | HP4: =GY4 -> : Provinsi Sulawesi Tenggara | HT4: Lembar Pengolahan Penghitungan | IC4: ADHB | IF4: Wilayah | IG4: =HP4 -> : Provinsi Sulawesi Tenggara | IK4: Lembar Pengolahan Penghitungan | IT4: ADHB | IW4: Wilayah | IX4: =IG4 -> : Provinsi Sulawesi Tenggara | JB4: Lembar Pengolahan Penghitungan | JK4: ADHB | JN4: Wilayah | JO4: =IX4 -> : Provinsi Sulawesi Tenggara | JS4: Lembar Pengolahan Penghitungan | KB4: ADHB | KE4: Wilayah | KF4: =JO4 -> : Provinsi Sulawesi Tenggara | KJ4: Lembar Pengolahan Penghitungan | KS4: ADHB
B5: Kategori | C5: =ADHK!C5 -> : Pertambangan dan Penggalian | G5: Nilai Tambah Bruto | S5: Kategori | T5: =C5 -> : Pertambangan dan Penggalian | X5: Nilai Tambah Bruto | AJ5: Kategori | AK5: =T5 -> : Pertambangan dan Penggalian | AO5: Nilai Tambah Bruto | BA5: Kategori | BB5: =AK5 -> : Pertambangan dan Penggalian | BF5: Nilai Tambah Bruto | BR5: Kategori | BS5: =BB5 -> : Pertambangan dan Penggalian | BW5: Nilai Tambah Bruto | CI5: Kategori | CJ5: =BS5 -> : Pertambangan dan Penggalian | CN5: Nilai Tambah Bruto | CZ5: Kategori | DA5: =CJ5 -> : Pertambangan dan Penggalian | DE5: Nilai Tambah Bruto | DQ5: Kategori | DR5: =DA5 -> : Pertambangan dan Penggalian | DV5: Nilai Tambah Bruto | EH5: Kategori | EI5: =DR5 -> : Pertambangan dan Penggalian | EM5: Nilai Tambah Bruto | EY5: Kategori | EZ5: =EI5 -> : Pertambangan dan Penggalian | FD5: Nilai Tambah Bruto | FP5: Kategori | FQ5: =EZ5 -> : Pertambangan dan Penggalian | FU5: Nilai Tambah Bruto | GG5: Kategori | GH5: =FQ5 -> : Pertambangan dan Penggalian | GL5: Nilai Tambah Bruto | GX5: Kategori | GY5: =GH5 -> : Pertambangan dan Penggalian | HC5: Nilai Tambah Bruto | HO5: Kategori | HP5: =GY5 -> : Pertambangan dan Penggalian | HT5: Nilai Tambah Bruto | IF5: Kategori | IG5: =HP5 -> : Pertambangan dan Penggalian | IK5: Nilai Tambah Bruto | IW5: Kategori | IX5: =IG5 -> : Pertambangan dan Penggalian | JB5: Nilai Tambah Bruto | JN5: Kategori | JO5: =IX5 -> : Pertambangan dan Penggalian | JS5: Nilai Tambah Bruto | KE5: Kategori | KF5: =JO5 -> : Pertambangan dan Penggalian | KJ5: Nilai Tambah Bruto
B6: Subkategori | C6: =ADHK!C6 -> : Pertambangan Bijih Logam | G6: Atas Dasar Harga Berlaku | P6: 2010 | S6: Subkategori | T6: =C6 -> : Pertambangan Bijih Logam | X6: Atas Dasar Harga Berlaku | AG6: =P6+1 -> 2011 | AJ6: Subkategori | AK6: =T6 -> : Pertambangan Bijih Logam | AO6: Atas Dasar Harga Berlaku | AX6: =AG6+1 -> 2012 | BA6: Subkategori | BB6: =AK6 -> : Pertambangan Bijih Logam | BF6: Atas Dasar Harga Berlaku | BO6: =AX6+1 -> 2013 | BR6: Subkategori | BS6: =BB6 -> : Pertambangan Bijih Logam | BW6: Atas Dasar Harga Berlaku | CF6: =BO6+1 -> 2014 | CI6: Subkategori | CJ6: =BS6 -> : Pertambangan Bijih Logam | CN6: Atas Dasar Harga Berlaku | CW6: =CF6+1 -> 2015 | CZ6: Subkategori | DA6: =CJ6 -> : Pertambangan Bijih Logam | DE6: Atas Dasar Harga Berlaku | DN6: =CW6+1 -> 2016 | DQ6: Subkategori | DR6: =DA6 -> : Pertambangan Bijih Logam | DV6: Atas Dasar Harga Berlaku | EE6: =DN6+1 -> 2017 | EH6: Subkategori | EI6: =DR6 -> : Pertambangan Bijih Logam | EM6: Atas Dasar Harga Berlaku | EV6: =EE6+1 -> 2018 | EY6: Subkategori | EZ6: =EI6 -> : Pertambangan Bijih Logam | FD6: Atas Dasar Harga Berlaku | FM6: =EV6+1 -> 2019 | FP6: Subkategori | FQ6: =EZ6 -> : Pertambangan Bijih Logam | FU6: Atas Dasar Harga Berlaku | GD6: =FM6+1 -> 2020 | GG6: Subkategori | GH6: =FQ6 -> : Pertambangan Bijih Logam | GL6: Atas Dasar Harga Berlaku | GU6: =GD6+1 -> 2021 | GX6: Subkategori | GY6: =GH6 -> : Pertambangan Bijih Logam | HC6: Atas Dasar Harga Berlaku | HL6: =GU6+1 -> 2022 | HO6: Subkategori | HP6: =GY6 -> : Pertambangan Bijih Logam | HT6: Atas Dasar Harga Berlaku | IC6: =HL6+1 -> 2023 | IF6: Subkategori | IG6: =HP6 -> : Pertambangan Bijih Logam | IK6: Atas Dasar Harga Berlaku | IT6: =IC6+1 -> 2024 | IW6: Subkategori | IX6: =IG6 -> : Pertambangan Bijih Logam | JB6: Atas Dasar Harga Berlaku | JK6: =IT6+1 -> 2025 | JN6: Subkategori | JO6: =IX6 -> : Pertambangan Bijih Logam | JS6: Atas Dasar Harga Berlaku | KB6: =JK6+1 -> 2026 | KE6: Subkategori | KF6: =JO6 -> : Pertambangan Bijih Logam | KJ6: Atas Dasar Harga Berlaku | KS6: =KB6+1 -> 2027
B7: Jenis Kegiatan | C7: =ADHK!C7 -> : Pertambangan Bijih Logam | G7: ="Tahun "&P$6 -> Tahun 2010 | S7: Jenis Kegiatan | T7: =C7 -> : Pertambangan Bijih Logam | X7: ="Tahun "&AG$6 -> Tahun 2011 | AJ7: Jenis Kegiatan | AK7: =T7 -> : Pertambangan Bijih Logam | AO7: ="Tahun "&AX$6 -> Tahun 2012 | BA7: Jenis Kegiatan | BB7: =AK7 -> : Pertambangan Bijih Logam | BF7: ="Tahun "&BO$6 -> Tahun 2013 | BR7: Jenis Kegiatan | BS7: =BB7 -> : Pertambangan Bijih Logam | BW7: ="Tahun "&CF$6 -> Tahun 2014 | CI7: Jenis Kegiatan | CJ7: =BS7 -> : Pertambangan Bijih Logam | CN7: ="Tahun "&CW$6 -> Tahun 2015 | CZ7: Jenis Kegiatan | DA7: =CJ7 -> : Pertambangan Bijih Logam | DE7: ="Tahun "&DN$6 -> Tahun 2016 | DQ7: Jenis Kegiatan | DR7: =DA7 -> : Pertambangan Bijih Logam | DV7: ="Tahun "&EE$6 -> Tahun 2017 | EH7: Jenis Kegiatan | EI7: =DR7 -> : Pertambangan Bijih Logam | EM7: ="Tahun "&EV$6 -> Tahun 2018 | EY7: Jenis Kegiatan | EZ7: =EI7 -> : Pertambangan Bijih Logam | FD7: ="Tahun "&FM$6 -> Tahun 2019 | FP7: Jenis Kegiatan | FQ7: =EZ7 -> : Pertambangan Bijih Logam | FU7: ="Tahun "&GD$6 -> Tahun 2020 | GG7: Jenis Kegiatan | GH7: =FQ7 -> : Pertambangan Bijih Logam | GL7: ="Tahun "&GU$6 -> Tahun 2021 | GX7: Jenis Kegiatan | GY7: =GH7 -> : Pertambangan Bijih Logam | HC7: ="Tahun "&HL$6 -> Tahun 2022 | HO7: Jenis Kegiatan | HP7: =GY7 -> : Pertambangan Bijih Logam | HT7: ="Tahun "&IC$6 -> Tahun 2023 | IF7: Jenis Kegiatan | IG7: =HP7 -> : Pertambangan Bijih Logam | IK7: ="Tahun "&IT$6 -> Tahun 2024 | IW7: Jenis Kegiatan | IX7: =IG7 -> : Pertambangan Bijih Logam | JB7: ="Tahun "&JK$6 -> Tahun 2025 | JN7: Jenis Kegiatan | JO7: =IX7 -> : Pertambangan Bijih Logam | JS7: ="Tahun "&KB$6 -> Tahun 2026 | KE7: Jenis Kegiatan | KF7: =JO7 -> : Pertambangan Bijih Logam | KJ7: ="Tahun "&KS$6 -> Tahun 2027
B8: Metode Estimasi Output | C8: : Produksi | S8: Metode Estimasi Output | T8: : Produksi | AJ8: Metode Estimasi Output | AK8: : Produksi | BA8: Metode Estimasi Output | BB8: : Produksi | BR8: Metode Estimasi Output | BS8: : Produksi | CI8: Metode Estimasi Output | CJ8: : Produksi | CZ8: Metode Estimasi Output | DA8: : Produksi | DQ8: Metode Estimasi Output | DR8: : Produksi | EH8: Metode Estimasi Output | EI8: : Produksi | EY8: Metode Estimasi Output | EZ8: : Produksi | FP8: Metode Estimasi Output | FQ8: : Produksi | GG8: Metode Estimasi Output | GH8: : Produksi | GX8: Metode Estimasi Output | GY8: : Produksi | HO8: Metode Estimasi Output | HP8: : Produksi | IF8: Metode Estimasi Output | IG8: : Produksi | IW8: Metode Estimasi Output | IX8: : Produksi | JN8: Metode Estimasi Output | JO8: : Produksi | KE8: Metode Estimasi Output | KF8: : Produksi
A10: No. | B10: Subkategori/Jenis Kegiatan/Uraian Komoditi | C10: Output Utama | H10: Jasa Pertambangan, Jasa ahli, teknis & bisnis lainnya | J10: WIP/CBR | M10: Output ADH Produsen (Juta Rp) [(7)+(9)+(12)] | N10: Konsumsi Antara | P10: Nilai Tambah Bruto (Juta Rp) (13)-(15) | R10: No. | S10: Subkategori/Jenis Kegiatan/Uraian Komoditi | T10: Output Utama | Y10: Jasa Pertambangan, Jasa ahli, teknis & bisnis lainnya | AA10: WIP/CBR | AD10: Output ADH Produsen (Juta Rp) [(7)+(9)+(12)] | AE10: Konsumsi Antara | AG10: Nilai Tambah Bruto (Juta Rp) (13)-(15) | AI10: No. | AJ10: Subkategori/Jenis Kegiatan/Uraian Komoditi | AK10: Output Utama | AP10: Jasa Pertambangan, Jasa ahli, teknis & bisnis lainnya | AR10: WIP/CBR | AU10: Output ADH Produsen (Juta Rp) [(7)+(9)+(12)] | AV10: Konsumsi Antara | AX10: Nilai Tambah Bruto (Juta Rp) (13)-(15) | AZ10: No. | BA10: Subkategori/Jenis Kegiatan/Uraian Komoditi | BB10: Output Utama | BG10: Jasa Pertambangan, Jasa ahli, teknis & bisnis lainnya | BI10: WIP/CBR | BL10: Output ADH Produsen (Juta Rp) [(7)+(9)+(12)] | BM10: Konsumsi Antara | BO10: Nilai Tambah Bruto (Juta Rp) (13)-(15) | BQ10: No. | BR10: Subkategori/Jenis Kegiatan/Uraian Komoditi | BS10: Output Utama | BX10: Jasa Pertambangan, Jasa ahli, teknis & bisnis lainnya | BZ10: WIP/CBR | CC10: Output ADH Produsen (Juta Rp) [(7)+(9)+(12)] | CD10: Konsumsi Antara | CF10: Nilai Tambah Bruto (Juta Rp) (13)-(15) | CH10: No. | CI10: Subkategori/Jenis Kegiatan/Uraian Komoditi | CJ10: Output Utama | CO10: Jasa Pertambangan, Jasa ahli, teknis & bisnis lainnya | CQ10: WIP/CBR | CT10: Output ADH Produsen (Juta Rp) [(7)+(9)+(12)] | CU10: Konsumsi Antara | CW10: Nilai Tambah Bruto (Juta Rp) (13)-(15) | CY10: No. | CZ10: Subkategori/Jenis Kegiatan/Uraian Komoditi | DA10: Output Utama | DF10: Jasa Pertambangan, Jasa ahli, teknis & bisnis lainnya | DH10: WIP/CBR | DK10: Output ADH Produsen (Juta Rp) [(7)+(9)+(12)] | DL10: Konsumsi Antara | DN10: Nilai Tambah Bruto (Juta Rp) (13)-(15) | DP10: No. | DQ10: Subkategori/Jenis Kegiatan/Uraian Komoditi | DR10: Output Utama | DW10: Jasa Pertambangan, Jasa ahli, teknis & bisnis lainnya | DY10: WIP/CBR | EB10: Output ADH Produsen (Juta Rp) [(7)+(9)+(12)] | EC10: Konsumsi Antara | EE10: Nilai Tambah Bruto (Juta Rp) (13)-(15) | EG10: No. | EH10: Subkategori/Jenis Kegiatan/Uraian Komoditi | EI10: Output Utama | EN10: Jasa Pertambangan, Jasa ahli, teknis & bisnis lainnya | EP10: WIP/CBR | ES10: Output ADH Produsen (Juta Rp) [(7)+(9)+(12)] | ET10: Konsumsi Antara | EV10: Nilai Tambah Bruto (Juta Rp) (13)-(15) | EX10: No. | EY10: Subkategori/Jenis Kegiatan/Uraian Komoditi | EZ10: Output Utama | FE10: Jasa Pertambangan, Jasa ahli, teknis & bisnis lainnya | FG10: WIP/CBR | FJ10: Output ADH Produsen (Juta Rp) [(7)+(9)+(12)] | FK10: Konsumsi Antara | FM10: Nilai Tambah Bruto (Juta Rp) (13)-(15) | FO10: No. | FP10: Subkategori/Jenis Kegiatan/Uraian Komoditi | FQ10: Output Utama | FV10: Jasa Pertambangan, Jasa ahli, teknis & bisnis lainnya | FX10: WIP/CBR | GA10: Output ADH Produsen (Juta Rp) [(7)+(9)+(12)] | GB10: Konsumsi Antara | GD10: Nilai Tambah Bruto (Juta Rp) (13)-(15) | GF10: No. | GG10: Subkategori/Jenis Kegiatan/Uraian Komoditi | GH10: Output Utama | GM10: Jasa Pertambangan, Jasa ahli, teknis & bisnis lainnya | GO10: WIP/CBR | GR10: Output ADH Produsen (Juta Rp) [(7)+(9)+(12)] | GS10: Konsumsi Antara | GU10: Nilai Tambah Bruto (Juta Rp) (13)-(15) | GW10: No. | GX10: Subkategori/Jenis Kegiatan/Uraian Komoditi | GY10: Output Utama | HD10: Jasa Pertambangan, Jasa ahli, teknis & bisnis lainnya | HF10: WIP/CBR | HI10: Output ADH Produsen (Juta Rp) [(7)+(9)+(12)] | HJ10: Konsumsi Antara | HL10: Nilai Tambah Bruto (Juta Rp) (13)-(15) | HN10: No. | HO10: Subkategori/Jenis Kegiatan/Uraian Komoditi | HP10: Output Utama | HU10: Jasa Pertambangan, Jasa ahli, teknis & bisnis lainnya | HW10: WIP/CBR | HZ10: Output ADH Produsen (Juta Rp) [(7)+(9)+(12)] | IA10: Konsumsi Antara | IC10: Nilai Tambah Bruto (Juta Rp) (13)-(15) | IE10: No. | IF10: Subkategori/Jenis Kegiatan/Uraian Komoditi | IG10: Output Utama | IL10: Jasa Pertambangan, Jasa ahli, teknis & bisnis lainnya | IN10: WIP/CBR | IQ10: Output ADH Produsen (Juta Rp) [(7)+(9)+(12)] | IR10: Konsumsi Antara | IT10: Nilai Tambah Bruto (Juta Rp) (13)-(15) | IV10: No. | IW10: Subkategori/Jenis Kegiatan/Uraian Komoditi | IX10: Output Utama | JC10: Jasa Pertambangan, Jasa ahli, teknis & bisnis lainnya | JE10: WIP/CBR | JH10: Output ADH Produsen (Juta Rp) [(7)+(9)+(12)] | JI10: Konsumsi Antara | JK10: Nilai Tambah Bruto (Juta Rp) (13)-(15) | JM10: No. | JN10: Subkategori/Jenis Kegiatan/Uraian Komoditi | JO10: Output Utama | JT10: Jasa Pertambangan, Jasa ahli, teknis & bisnis lainnya | JV10: WIP/CBR | JY10: Output ADH Produsen (Juta Rp) [(7)+(9)+(12)] | JZ10: Konsumsi Antara | KB10: Nilai Tambah Bruto (Juta Rp) (13)-(15) | KD10: No. | KE10: Subkategori/Jenis Kegiatan/Uraian Komoditi | KF10: Output Utama | KK10: Jasa Pertambangan, Jasa ahli, teknis & bisnis lainnya | KM10: WIP/CBR | KP10: Output ADH Produsen (Juta Rp) [(7)+(9)+(12)] | KQ10: Konsumsi Antara | KS10: Nilai Tambah Bruto (Juta Rp) (13)-(15)
C11: Wujud/ Kegiatan | D11: Satuan/ Unit | E11: Kuantum | F11: Harga Produsen tahun berjalan (Rp/Unit) | G11: Nilai (Juta Rp) (5)x(6) | H11: Rasio tahun berjalan | I11: Nilai (Juta Rp) (8)x(7) | J11: ="Total Biaya Perawatan "&G7&" (Juta Rp)" -> Total Biaya Perawatan Tahun 2010 (Juta Rp) | K11: ="Total Biaya Perawatan Tahun "&P6-1&" (Juta Rp)" -> Total Biaya Perawatan Tahun 2009 (Juta Rp) | L11: Nilai (Juta Rp) (10) - (11) | N11: Rasio tahun berjalan | O11: Nilai (Juta Rp) ((13)-(12))x(14) | T11: Wujud/ Kegiatan | U11: Satuan/ Unit | V11: Kuantum | W11: Harga Produsen tahun berjalan (Rp/Unit) | X11: Nilai (Juta Rp) (5)x(6) | Y11: Rasio tahun berjalan | Z11: Nilai (Juta Rp) (8)x(7) | AA11: ="Total Biaya Perawatan "&X7&" (Juta Rp)" -> Total Biaya Perawatan Tahun 2011 (Juta Rp) | AB11: ="Total Biaya Perawatan Tahun "&AG6-1&" (Juta Rp)" -> Total Biaya Perawatan Tahun 2010 (Juta Rp) | AC11: Nilai (Juta Rp) (10) - (11) | AE11: Rasio tahun berjalan | AF11: Nilai (Juta Rp) ((13)-(12))x(14) | AK11: Wujud/ Kegiatan | AL11: Satuan/ Unit | AM11: Kuantum | AN11: Harga Produsen tahun berjalan (Rp/Unit) | AO11: Nilai (Juta Rp) (5)x(6) | AP11: Rasio tahun berjalan | AQ11: Nilai (Juta Rp) (8)x(7) | AR11: ="Total Biaya Perawatan "&AO7&" (Juta Rp)" -> Total Biaya Perawatan Tahun 2012 (Juta Rp) | AS11: ="Total Biaya Perawatan Tahun "&AX6-1&" (Juta Rp)" -> Total Biaya Perawatan Tahun 2011 (Juta Rp) | AT11: Nilai (Juta Rp) (10) - (11) | AV11: Rasio tahun berjalan | AW11: Nilai (Juta Rp) ((13)-(12))x(14) | BB11: Wujud/ Kegiatan | BC11: Satuan/ Unit | BD11: Kuantum | BE11: Harga Produsen tahun berjalan (Rp/Unit) | BF11: Nilai (Juta Rp) (5)x(6) | BG11: Rasio tahun berjalan | BH11: Nilai (Juta Rp) (8)x(7) | BI11: ="Total Biaya Perawatan "&BF7&" (Juta Rp)" -> Total Biaya Perawatan Tahun 2013 (Juta Rp) | BJ11: ="Total Biaya Perawatan Tahun "&BO6-1&" (Juta Rp)" -> Total Biaya Perawatan Tahun 2012 (Juta Rp) | BK11: Nilai (Juta Rp) (10) - (11) | BM11: Rasio tahun berjalan | BN11: Nilai (Juta Rp) ((13)-(12))x(14) | BS11: Wujud/ Kegiatan | BT11: Satuan/ Unit | BU11: Kuantum | BV11: Harga Produsen tahun berjalan (Rp/Unit) | BW11: Nilai (Juta Rp) (5)x(6) | BX11: Rasio tahun berjalan | BY11: Nilai (Juta Rp) (8)x(7) | BZ11: ="Total Biaya Perawatan "&BW7&" (Juta Rp)" -> Total Biaya Perawatan Tahun 2014 (Juta Rp) | CA11: ="Total Biaya Perawatan Tahun "&CF6-1&" (Juta Rp)" -> Total Biaya Perawatan Tahun 2013 (Juta Rp) | CB11: Nilai (Juta Rp) (10) - (11) | CD11: Rasio tahun berjalan | CE11: Nilai (Juta Rp) ((13)-(12))x(14) | CJ11: Wujud/ Kegiatan | CK11: Satuan/ Unit | CL11: Kuantum | CM11: Harga Produsen tahun berjalan (Rp/Unit) | CN11: Nilai (Juta Rp) (5)x(6) | CO11: Rasio tahun berjalan | CP11: Nilai (Juta Rp) (8)x(7) | CQ11: ="Total Biaya Perawatan "&CN7&" (Juta Rp)" -> Total Biaya Perawatan Tahun 2015 (Juta Rp) | CR11: ="Total Biaya Perawatan Tahun "&CW6-1&" (Juta Rp)" -> Total Biaya Perawatan Tahun 2014 (Juta Rp) | CS11: Nilai (Juta Rp) (10) - (11) | CU11: Rasio tahun berjalan | CV11: Nilai (Juta Rp) ((13)-(12))x(14) | DA11: Wujud/ Kegiatan | DB11: Satuan/ Unit | DC11: Kuantum | DD11: Harga Produsen tahun berjalan (Rp/Unit) | DE11: Nilai (Juta Rp) (5)x(6) | DF11: Rasio tahun berjalan | DG11: Nilai (Juta Rp) (8)x(7) | DH11: ="Total Biaya Perawatan "&DE7&" (Juta Rp)" -> Total Biaya Perawatan Tahun 2016 (Juta Rp) | DI11: ="Total Biaya Perawatan Tahun "&DN6-1&" (Juta Rp)" -> Total Biaya Perawatan Tahun 2015 (Juta Rp) | DJ11: Nilai (Juta Rp) (10) - (11) | DL11: Rasio tahun berjalan | DM11: Nilai (Juta Rp) ((13)-(12))x(14) | DR11: Wujud/ Kegiatan | DS11: Satuan/ Unit | DT11: Kuantum | DU11: Harga Produsen tahun berjalan (Rp/Unit) | DV11: Nilai (Juta Rp) (5)x(6) | DW11: Rasio tahun berjalan | DX11: Nilai (Juta Rp) (8)x(7) | DY11: ="Total Biaya Perawatan "&DV7&" (Juta Rp)" -> Total Biaya Perawatan Tahun 2017 (Juta Rp) | DZ11: ="Total Biaya Perawatan Tahun "&EE6-1&" (Juta Rp)" -> Total Biaya Perawatan Tahun 2016 (Juta Rp) | EA11: Nilai (Juta Rp) (10) - (11) | EC11: Rasio tahun berjalan | ED11: Nilai (Juta Rp) ((13)-(12))x(14) | EI11: Wujud/ Kegiatan | EJ11: Satuan/ Unit | EK11: Kuantum | EL11: Harga Produsen tahun berjalan (Rp/Unit) | EM11: Nilai (Juta Rp) (5)x(6) | EN11: Rasio tahun berjalan | EO11: Nilai (Juta Rp) (8)x(7) | EP11: ="Total Biaya Perawatan "&EM7&" (Juta Rp)" -> Total Biaya Perawatan Tahun 2018 (Juta Rp) | EQ11: ="Total Biaya Perawatan Tahun "&EV6-1&" (Juta Rp)" -> Total Biaya Perawatan Tahun 2017 (Juta Rp) | ER11: Nilai (Juta Rp) (10) - (11) | ET11: Rasio tahun berjalan | EU11: Nilai (Juta Rp) ((13)-(12))x(14) | EZ11: Wujud/ Kegiatan | FA11: Satuan/ Unit | FB11: Kuantum | FC11: Harga Produsen tahun berjalan (Rp/Unit) | FD11: Nilai (Juta Rp) (5)x(6) | FE11: Rasio tahun berjalan | FF11: Nilai (Juta Rp) (8)x(7) | FG11: ="Total Biaya Perawatan "&FD7&" (Juta Rp)" -> Total Biaya Perawatan Tahun 2019 (Juta Rp) | FH11: ="Total Biaya Perawatan Tahun "&FM6-1&" (Juta Rp)" -> Total Biaya Perawatan Tahun 2018 (Juta Rp) | FI11: Nilai (Juta Rp) (10) - (11) | FK11: Rasio tahun berjalan | FL11: Nilai (Juta Rp) ((13)-(12))x(14) | FQ11: Wujud/ Kegiatan | FR11: Satuan/ Unit | FS11: Kuantum | FT11: Harga Produsen tahun berjalan (Rp/Unit) | FU11: Nilai (Juta Rp) (5)x(6) | FV11: Rasio tahun berjalan | FW11: Nilai (Juta Rp) (8)x(7) | FX11: ="Total Biaya Perawatan "&FU7&" (Juta Rp)" -> Total Biaya Perawatan Tahun 2020 (Juta Rp) | FY11: ="Total Biaya Perawatan Tahun "&GD6-1&" (Juta Rp)" -> Total Biaya Perawatan Tahun 2019 (Juta Rp) | FZ11: Nilai (Juta Rp) (10) - (11) | GB11: Rasio tahun berjalan | GC11: Nilai (Juta Rp) ((13)-(12))x(14) | GH11: Wujud/ Kegiatan | GI11: Satuan/ Unit | GJ11: Kuantum | GK11: Harga Produsen tahun berjalan (Rp/Unit) | GL11: Nilai (Juta Rp) (5)x(6) | GM11: Rasio tahun berjalan | GN11: Nilai (Juta Rp) (8)x(7) | GO11: ="Total Biaya Perawatan "&GL7&" (Juta Rp)" -> Total Biaya Perawatan Tahun 2021 (Juta Rp) | GP11: ="Total Biaya Perawatan Tahun "&GU6-1&" (Juta Rp)" -> Total Biaya Perawatan Tahun 2020 (Juta Rp) | GQ11: Nilai (Juta Rp) (10) - (11) | GS11: Rasio tahun berjalan | GT11: Nilai (Juta Rp) ((13)-(12))x(14) | GY11: Wujud/ Kegiatan | GZ11: Satuan/ Unit | HA11: Kuantum | HB11: Harga Produsen tahun berjalan (Rp/Unit) | HC11: Nilai (Juta Rp) (5)x(6) | HD11: Rasio tahun berjalan | HE11: Nilai (Juta Rp) (8)x(7) | HF11: ="Total Biaya Perawatan "&HC7&" (Juta Rp)" -> Total Biaya Perawatan Tahun 2022 (Juta Rp) | HG11: ="Total Biaya Perawatan Tahun "&HL6-1&" (Juta Rp)" -> Total Biaya Perawatan Tahun 2021 (Juta Rp) | HH11: Nilai (Juta Rp) (10) - (11) | HJ11: Rasio tahun berjalan | HK11: Nilai (Juta Rp) ((13)-(12))x(14) | HP11: Wujud/ Kegiatan | HQ11: Satuan/ Unit | HR11: Kuantum | HS11: Harga Produsen tahun berjalan (Rp/Unit) | HT11: Nilai (Juta Rp) (5)x(6) | HU11: Rasio tahun berjalan | HV11: Nilai (Juta Rp) (8)x(7) | HW11: ="Total Biaya Perawatan "&HT7&" (Juta Rp)" -> Total Biaya Perawatan Tahun 2023 (Juta Rp) | HX11: ="Total Biaya Perawatan Tahun "&IC6-1&" (Juta Rp)" -> Total Biaya Perawatan Tahun 2022 (Juta Rp) | HY11: Nilai (Juta Rp) (10) - (11) | IA11: Rasio tahun berjalan | IB11: Nilai (Juta Rp) ((13)-(12))x(14) | IG11: Wujud/ Kegiatan | IH11: Satuan/ Unit | II11: Kuantum | IJ11: Harga Produsen tahun berjalan (Rp/Unit) | IK11: Nilai (Juta Rp) (5)x(6) | IL11: Rasio tahun berjalan | IM11: Nilai (Juta Rp) (8)x(7) | IN11: ="Total Biaya Perawatan "&IK7&" (Juta Rp)" -> Total Biaya Perawatan Tahun 2024 (Juta Rp) | IO11: ="Total Biaya Perawatan Tahun "&IT6-1&" (Juta Rp)" -> Total Biaya Perawatan Tahun 2023 (Juta Rp) | IP11: Nilai (Juta Rp) (10) - (11) | IR11: Rasio tahun berjalan | IS11: Nilai (Juta Rp) ((13)-(12))x(14) | IX11: Wujud/ Kegiatan | IY11: Satuan/ Unit | IZ11: Kuantum | JA11: Harga Produsen tahun berjalan (Rp/Unit) | JB11: Nilai (Juta Rp) (5)x(6) | JC11: Rasio tahun berjalan | JD11: Nilai (Juta Rp) (8)x(7) | JE11: ="Total Biaya Perawatan "&JB7&" (Juta Rp)" -> Total Biaya Perawatan Tahun 2025 (Juta Rp) | JF11: ="Total Biaya Perawatan Tahun "&JK6-1&" (Juta Rp)" -> Total Biaya Perawatan Tahun 2024 (Juta Rp) | JG11: Nilai (Juta Rp) (10) - (11) | JI11: Rasio tahun berjalan | JJ11: Nilai (Juta Rp) ((13)-(12))x(14) | JO11: Wujud/ Kegiatan | JP11: Satuan/ Unit | JQ11: Kuantum | JR11: Harga Produsen tahun berjalan (Rp/Unit) | JS11: Nilai (Juta Rp) (5)x(6) | JT11: Rasio tahun berjalan | JU11: Nilai (Juta Rp) (8)x(7) | JV11: ="Total Biaya Perawatan "&JS7&" (Juta Rp)" -> Total Biaya Perawatan Tahun 2026 (Juta Rp) | JW11: ="Total Biaya Perawatan Tahun "&KB6-1&" (Juta Rp)" -> Total Biaya Perawatan Tahun 2025 (Juta Rp) | JX11: Nilai (Juta Rp) (10) - (11) | JZ11: Rasio tahun berjalan | KA11: Nilai (Juta Rp) ((13)-(12))x(14) | KF11: Wujud/ Kegiatan | KG11: Satuan/ Unit | KH11: Kuantum | KI11: Harga Produsen tahun berjalan (Rp/Unit) | KJ11: Nilai (Juta Rp) (5)x(6) | KK11: Rasio tahun berjalan | KL11: Nilai (Juta Rp) (8)x(7) | KM11: ="Total Biaya Perawatan "&KJ7&" (Juta Rp)" -> Total Biaya Perawatan Tahun 2027 (Juta Rp) | KN11: ="Total Biaya Perawatan Tahun "&KS6-1&" (Juta Rp)" -> Total Biaya Perawatan Tahun 2026 (Juta Rp) | KO11: Nilai (Juta Rp) (10) - (11) | KQ11: Rasio tahun berjalan | KR11: Nilai (Juta Rp) ((13)-(12))x(14)
A12: -1 | B12: -2 | C12: -3 | D12: -4 | E12: -5 | F12: -6 | G12: -7 | H12: -8 | I12: -9 | J12: -10 | K12: -11 | L12: -12 | M12: -13 | N12: -14 | O12: -15 | P12: -16 | R12: -1 | S12: -2 | T12: -3 | U12: -4 | V12: -5 | W12: -6 | X12: -7 | Y12: -8 | Z12: -9 | AA12: -10 | AB12: -11 | AC12: -12 | AD12: -13 | AE12: -14 | AF12: -15 | AG12: -16 | AI12: -1 | AJ12: -2 | AK12: -3 | AL12: -4 | AM12: -5 | AN12: -6 | AO12: -7 | AP12: -8 | AQ12: -9 | AR12: -10 | AS12: -11 | AT12: -12 | AU12: -13 | AV12: -14 | AW12: -15 | AX12: -16 | AZ12: -1 | BA12: -2 | BB12: -3 | BC12: -4 | BD12: -5 | BE12: -6 | BF12: -7 | BG12: -8 | BH12: -9 | BI12: -10 | BJ12: -11 | BK12: -12 | BL12: -13 | BM12: -14 | BN12: -15 | BO12: -16 | BQ12: -1 | BR12: -2 | BS12: -3 | BT12: -4 | BU12: -5 | BV12: -6 | BW12: -7 | BX12: -8 | BY12: -9 | BZ12: -10 | CA12: -11 | CB12: -12 | CC12: -13 | CD12: -14 | CE12: -15 | CF12: -16 | CH12: -1 | CI12: -2 | CJ12: -3 | CK12: -4 | CL12: -5 | CM12: -6 | CN12: -7 | CO12: -8 | CP12: -9 | CQ12: -10 | CR12: -11 | CS12: -12 | CT12: -13 | CU12: -14 | CV12: -15 | CW12: -16 | CY12: -1 | CZ12: -2 | DA12: -3 | DB12: -4 | DC12: -5 | DD12: -6 | DE12: -7 | DF12: -8 | DG12: -9 | DH12: -10 | DI12: -11 | DJ12: -12 | DK12: -13 | DL12: -14 | DM12: -15 | DN12: -16 | DP12: -1 | DQ12: -2 | DR12: -3 | DS12: -4 | DT12: -5 | DU12: -6 | DV12: -7 | DW12: -8 | DX12: -9 | DY12: -10 | DZ12: -11 | EA12: -12 | EB12: -13 | EC12: -14 | ED12: -15 | EE12: -16 | EG12: -1 | EH12: -2 | EI12: -3 | EJ12: -4 | EK12: -5 | EL12: -6 | EM12: -7 | EN12: -8 | EO12: -9 | EP12: -10 | EQ12: -11 | ER12: -12 | ES12: -13 | ET12: -14 | EU12: -15 | EV12: -16 | EX12: -1 | EY12: -2 | EZ12: -3 | FA12: -4 | FB12: -5 | FC12: -6 | FD12: -7 | FE12: -8 | FF12: -9 | FG12: -10 | FH12: -11 | FI12: -12 | FJ12: -13 | FK12: -14 | FL12: -15 | FM12: -16 | FO12: -1 | FP12: -2 | FQ12: -3 | FR12: -4 | FS12: -5 | FT12: -6 | FU12: -7 | FV12: -8 | FW12: -9 | FX12: -10 | FY12: -11 | FZ12: -12 | GA12: -13 | GB12: -14 | GC12: -15 | GD12: -16 | GF12: -1 | GG12: -2 | GH12: -3 | GI12: -4 | GJ12: -5 | GK12: -6 | GL12: -7 | GM12: -8 | GN12: -9 | GO12: -10 | GP12: -11 | GQ12: -12 | GR12: -13 | GS12: -14 | GT12: -15 | GU12: -16 | GW12: -1 | GX12: -2 | GY12: -3 | GZ12: -4 | HA12: -5 | HB12: -6 | HC12: -7 | HD12: -8 | HE12: -9 | HF12: -10 | HG12: -11 | HH12: -12 | HI12: -13 | HJ12: -14 | HK12: -15 | HL12: -16 | HN12: -1 | HO12: -2 | HP12: -3 | HQ12: -4 | HR12: -5 | HS12: -6 | HT12: -7 | HU12: -8 | HV12: -9 | HW12: -10 | HX12: -11 | HY12: -12 | HZ12: -13 | IA12: -14 | IB12: -15 | IC12: -16 | IE12: -1 | IF12: -2 | IG12: -3 | IH12: -4 | II12: -5 | IJ12: -6 | IK12: -7 | IL12: -8 | IM12: -9 | IN12: -10 | IO12: -11 | IP12: -12 | IQ12: -13 | IR12: -14 | IS12: -15 | IT12: -16 | IV12: -1 | IW12: -2 | IX12: -3 | IY12: -4 | IZ12: -5 | JA12: -6 | JB12: -7 | JC12: -8 | JD12: -9 | JE12: -10 | JF12: -11 | JG12: -12 | JH12: -13 | JI12: -14 | JJ12: -15 | JK12: -16 | JM12: -1 | JN12: -2 | JO12: -3 | JP12: -4 | JQ12: -5 | JR12: -6 | JS12: -7 | JT12: -8 | JU12: -9 | JV12: -10 | JW12: -11 | JX12: -12 | JY12: -13 | JZ12: -14 | KA12: -15 | KB12: -16 | KD12: -1 | KE12: -2 | KF12: -3 | KG12: -4 | KH12: -5 | KI12: -6 | KJ12: -7 | KK12: -8 | KL12: -9 | KM12: -10 | KN12: -11 | KO12: -12 | KP12: -13 | KQ12: -14 | KR12: -15 | KS12: -16
A13: 1 | B13: =IFERROR(VLOOKUP($R13,ADHK!$A$13:$D$30,-B$12,FALSE),"") -> Bijih Emas | C13: =IFERROR(VLOOKUP($R13,ADHK!$A$13:$D$30,-C$12,FALSE),"") -> Bijih | D13: =IFERROR(VLOOKUP($R13,ADHK!$A$13:$D$30,-D$12,FALSE),"") -> Kg | E13: =E49+E85+E121+E157 -> 0 | F13: =G13/E13*1000000 -> #DIV/0! | G13: =G49+G85+G121+G157 -> 0 | I13: =IFERROR(+G13*H13,"") -> 0 | M13: =IFERROR(+(IF(G13="","0",G13))+(IF(I13="","0",I13))+(IF(L13="","0",L13)),"") -> 0 | N13: =ADHK!N13 -> 0.46044713 | O13: =IFERROR(+N13*(M13-L13),"") -> 0 | P13: =IFERROR(+(IF(M13="","0",M13))-(IF(O13="","0",O13)),"") -> 0 | R13: 1 | S13: =IFERROR(VLOOKUP($R13,$A$13:$D$30,-S$12,FALSE),"") -> Bijih Emas | T13: =IFERROR(VLOOKUP($R13,$A$13:$D$30,-T$12,FALSE),"") -> Bijih | U13: =IFERROR(VLOOKUP($R13,$A$13:$D$30,-U$12,FALSE),"") -> Kg | V13: =V49+V85+V121+V157 -> 0 | W13: =X13/V13*1000000 -> #DIV/0! | X13: =X49+X85+X121+X157 -> 0 | Z13: =IFERROR(+X13*Y13,"") -> 0 | AD13: =IFERROR(+(IF(X13="","0",X13))+(IF(Z13="","0",Z13))+(IF(AC13="","0",AC13)),"") -> 0 | AE13: =N13 -> 0.46044713 | AF13: =IFERROR(+AE13*(AD13-AC13),"") -> 0 | AG13: =IFERROR(+(IF(AD13="","0",AD13))-(IF(AF13="","0",AF13)),"") -> 0 | AI13: 1 | AJ13: =IFERROR(VLOOKUP($R13,$A$13:$D$30,-AJ$12,FALSE),"") -> Bijih Emas | AK13: =IFERROR(VLOOKUP($R13,$A$13:$D$30,-AK$12,FALSE),"") -> Bijih | AL13: =IFERROR(VLOOKUP($R13,$A$13:$D$30,-AL$12,FALSE),"") -> Kg | AM13: =AM49+AM85+AM121+AM157 -> 0 | AN13: =AO13/AM13*1000000 -> #DIV/0! | AO13: =AO49+AO85+AO121+AO157 -> 0 | AQ13: =IFERROR(+AO13*AP13,"") -> 0 | AU13: =IFERROR(+(IF(AO13="","0",AO13))+(IF(AQ13="","0",AQ13))+(IF(AT13="","0",AT13)),"") -> 0 | AV13: =AE13 -> 0.46044713 | AW13: =IFERROR(+AV13*(AU13-AT13),"") -> 0 | AX13: =IFERROR(+(IF(AU13="","0",AU13))-(IF(AW13="","0",AW13)),"") -> 0 | AZ13: 1 | BA13: =IFERROR(VLOOKUP($R13,$A$13:$D$30,-BA$12,FALSE),"") -> Bijih Emas | BB13: =IFERROR(VLOOKUP($R13,$A$13:$D$30,-BB$12,FALSE),"") -> Bijih | BC13: =IFERROR(VLOOKUP($R13,$A$13:$D$30,-BC$12,FALSE),"") -> Kg | BD13: =BD49+BD85+BD121+BD157 -> 0 | BE13: =BF13/BD13*1000000 -> #DIV/0! | BF13: =BF49+BF85+BF121+BF157 -> 0 | BH13: =IFERROR(+BF13*BG13,"") -> 0 | BL13: =IFERROR(+(IF(BF13="","0",BF13))+(IF(BH13="","0",BH13))+(IF(BK13="","0",BK13)),"") -> 0 | BM13: =AV13 -> 0.46044713 | BN13: =IFERROR(+BM13*(BL13-BK13),"") -> 0 | BO13: =IFERROR(+(IF(BL13="","0",BL13))-(IF(BN13="","0",BN13)),"") -> 0 | BQ13: 1 | BR13: =IFERROR(VLOOKUP($R13,$A$13:$D$30,-BR$12,FALSE),"") -> Bijih Emas | BS13: =IFERROR(VLOOKUP($R13,$A$13:$D$30,-BS$12,FALSE),"") -> Bijih | BT13: =IFERROR(VLOOKUP($R13,$A$13:$D$30,-BT$12,FALSE),"") -> Kg | BU13: =BU49+BU85+BU121+BU157 -> 0 | BV13: =BW13/BU13*1000000 -> #DIV/0! | BW13: =BW49+BW85+BW121+BW157 -> 0 | BY13: =IFERROR(+BW13*BX13,"") -> 0 | CC13: =IFERROR(+(IF(BW13="","0",BW13))+(IF(BY13="","0",BY13))+(IF(CB13="","0",CB13)),"") -> 0 | CD13: =BM13 -> 0.46044713 | CE13: =IFERROR(+CD13*(CC13-CB13),"") -> 0 | CF13: =IFERROR(+(IF(CC13="","0",CC13))-(IF(CE13="","0",CE13)),"") -> 0 | CH13: 1 | CI13: =IFERROR(VLOOKUP($R13,$A$13:$D$30,-CI$12,FALSE),"") -> Bijih Emas | CJ13: =IFERROR(VLOOKUP($R13,$A$13:$D$30,-CJ$12,FALSE),"") -> Bijih | CK13: =IFERROR(VLOOKUP($R13,$A$13:$D$30,-CK$12,FALSE),"") -> Kg | CL13: =CL49+CL85+CL121+CL157 -> 0 | CM13: =CN13/CL13*1000000 -> #DIV/0! | CN13: =CN49+CN85+CN121+CN157 -> 0 | CP13: =IFERROR(+CN13*CO13,"") -> 0 | CT13: =IFERROR(+(IF(CN13="","0",CN13))+(IF(CP13="","0",CP13))+(IF(CS13="","0",CS13)),"") -> 0 | CU13: =CD13 -> 0.46044713 | CV13: =IFERROR(+CU13*(CT13-CS13),"") -> 0 | CW13: =IFERROR(+(IF(CT13="","0",CT13))-(IF(CV13="","0",CV13)),"") -> 0 | CY13: 1 | CZ13: =IFERROR(VLOOKUP($R13,$A$13:$D$30,-CZ$12,FALSE),"") -> Bijih Emas | DA13: =IFERROR(VLOOKUP($R13,$A$13:$D$30,-DA$12,FALSE),"") -> Bijih | DB13: =IFERROR(VLOOKUP($R13,$A$13:$D$30,-DB$12,FALSE),"") -> Kg | DC13: =DC49+DC85+DC121+DC157 -> 0 | DD13: =DE13/DC13*1000000 -> #DIV/0! | DE13: =DE49+DE85+DE121+DE157 -> 0 | DG13: =IFERROR(+DE13*DF13,"") -> 0 | DK13: =IFERROR(+(IF(DE13="","0",DE13))+(IF(DG13="","0",DG13))+(IF(DJ13="","0",DJ13)),"") -> 0 | DL13: =CU13 -> 0.46044713 | DM13: =IFERROR(+DL13*(DK13-DJ13),"") -> 0 | DN13: =IFERROR(+(IF(DK13="","0",DK13))-(IF(DM13="","0",DM13)),"") -> 0 | DP13: 1 | DQ13: =IFERROR(VLOOKUP($R13,$A$13:$D$30,-DQ$12,FALSE),"") -> Bijih Emas | DR13: =IFERROR(VLOOKUP($R13,$A$13:$D$30,-DR$12,FALSE),"") -> Bijih | DS13: =IFERROR(VLOOKUP($R13,$A$13:$D$30,-DS$12,FALSE),"") -> Kg | DT13: =DT49+DT85+DT121+DT157 -> 0 | DU13: =DV13/DT13*1000000 -> #DIV/0! | DV13: =DV49+DV85+DV121+DV157 -> 0 | DX13: =IFERROR(+DV13*DW13,"") -> 0 | EB13: =IFERROR(+(IF(DV13="","0",DV13))+(IF(DX13="","0",DX13))+(IF(EA13="","0",EA13)),"") -> 0 | EC13: =DL13 -> 0.46044713 | ED13: =IFERROR(+EC13*(EB13-EA13),"") -> 0 | EE13: =IFERROR(+(IF(EB13="","0",EB13))-(IF(ED13="","0",ED13)),"") -> 0 | EG13: 1 | EH13: =IFERROR(VLOOKUP($R13,$A$13:$D$30,-EH$12,FALSE),"") -> Bijih Emas | EI13: =IFERROR(VLOOKUP($R13,$A$13:$D$30,-EI$12,FALSE),"") -> Bijih | EJ13: =IFERROR(VLOOKUP($R13,$A$13:$D$30,-EJ$12,FALSE),"") -> Kg | EK13: =EK49+EK85+EK121+EK157 -> 0 | EL13: =EM13/EK13*1000000 -> #DIV/0! | EM13: =EM49+EM85+EM121+EM157 -> 0 | EO13: =IFERROR(+EM13*EN13,"") -> 0 | ES13: =IFERROR(+(IF(EM13="","0",EM13))+(IF(EO13="","0",EO13))+(IF(ER13="","0",ER13)),"") -> 0 | ET13: =EC13 -> 0.46044713 | EU13: =IFERROR(+ET13*(ES13-ER13),"") -> 0 | EV13: =IFERROR(+(IF(ES13="","0",ES13))-(IF(EU13="","0",EU13)),"") -> 0 | EX13: 1 | EY13: =IFERROR(VLOOKUP($R13,$A$13:$D$30,-EY$12,FALSE),"") -> Bijih Emas | EZ13: =IFERROR(VLOOKUP($R13,$A$13:$D$30,-EZ$12,FALSE),"") -> Bijih | FA13: =IFERROR(VLOOKUP($R13,$A$13:$D$30,-FA$12,FALSE),"") -> Kg | FB13: =FB49+FB85+FB121+FB157 -> 0 | FC13: =FD13/FB13*1000000 -> #DIV/0! | FD13: =FD49+FD85+FD121+FD157 -> 0 | FF13: =IFERROR(+FD13*FE13,"") -> 0 | FJ13: =IFERROR(+(IF(FD13="","0",FD13))+(IF(FF13="","0",FF13))+(IF(FI13="","0",FI13)),"") -> 0 | FK13: =ET13 -> 0.46044713 | FL13: =IFERROR(+FK13*(FJ13-FI13),"") -> 0 | FM13: =IFERROR(+(IF(FJ13="","0",FJ13))-(IF(FL13="","0",FL13)),"") -> 0 | FO13: 1 | FP13: =IFERROR(VLOOKUP($R13,$A$13:$D$30,-FP$12,FALSE),"") -> Bijih Emas | FQ13: =IFERROR(VLOOKUP($R13,$A$13:$D$30,-FQ$12,FALSE),"") -> Bijih | FR13: =IFERROR(VLOOKUP($R13,$A$13:$D$30,-FR$12,FALSE),"") -> Kg | FS13: =FS49+FS85+FS121+FS157 -> 0 | FT13: =FU13/FS13*1000000 -> #DIV/0! | FU13: =FU49+FU85+FU121+FU157 -> 0 | FW13: =IFERROR(+FU13*FV13,"") -> 0 | GA13: =IFERROR(+(IF(FU13="","0",FU13))+(IF(FW13="","0",FW13))+(IF(FZ13="","0",FZ13)),"") -> 0 | GB13: =FK13 -> 0.46044713 | GC13: =IFERROR(+GB13*(GA13-FZ13),"") -> 0 | GD13: =IFERROR(+(IF(GA13="","0",GA13))-(IF(GC13="","0",GC13)),"") -> 0 | GF13: 1 | GG13: =IFERROR(VLOOKUP($R13,$A$13:$D$30,-GG$12,FALSE),"") -> Bijih Emas | GH13: =IFERROR(VLOOKUP($R13,$A$13:$D$30,-GH$12,FALSE),"") -> Bijih | GI13: =IFERROR(VLOOKUP($R13,$A$13:$D$30,-GI$12,FALSE),"") -> Kg | GJ13: =GJ49+GJ85+GJ121+GJ157 -> 0 | GK13: =GL13/GJ13*1000000 -> #DIV/0! | GL13: =GL49+GL85+GL121+GL157 -> 0 | GN13: =IFERROR(+GL13*GM13,"") -> 0 | GR13: =IFERROR(+(IF(GL13="","0",GL13))+(IF(GN13="","0",GN13))+(IF(GQ13="","0",GQ13)),"") -> 0 | GS13: =GB13 -> 0.46044713 | GT13: =IFERROR(+GS13*(GR13-GQ13),"") -> 0 | GU13: =IFERROR(+(IF(GR13="","0",GR13))-(IF(GT13="","0",GT13)),"") -> 0 | GW13: 1 | GX13: =IFERROR(VLOOKUP($R13,$A$13:$D$30,-GX$12,FALSE),"") -> Bijih Emas | GY13: =IFERROR(VLOOKUP($R13,$A$13:$D$30,-GY$12,FALSE),"") -> Bijih | GZ13: =IFERROR(VLOOKUP($R13,$A$13:$D$30,-GZ$12,FALSE),"") -> Kg | HA13: =HA49+HA85+HA121+HA157 -> 0 | HB13: =HC13/HA13*1000000 -> #DIV/0! | HC13: =HC49+HC85+HC121+HC157 -> 0 | HE13: =IFERROR(+HC13*HD13,"") -> 0 | HI13: =IFERROR(+(IF(HC13="","0",HC13))+(IF(HE13="","0",HE13))+(IF(HH13="","0",HH13)),"") -> 0 | HJ13: =GS13 -> 0.46044713 | HK13: =IFERROR(+HJ13*(HI13-HH13),"") -> 0 | HL13: =IFERROR(+(IF(HI13="","0",HI13))-(IF(HK13="","0",HK13)),"") -> 0 | HN13: 1 | HO13: =IFERROR(VLOOKUP($R13,$A$13:$D$30,-HO$12,FALSE),"") -> Bijih Emas | HP13: =IFERROR(VLOOKUP($R13,$A$13:$D$30,-HP$12,FALSE),"") -> Bijih | HQ13: =IFERROR(VLOOKUP($R13,$A$13:$D$30,-HQ$12,FALSE),"") -> Kg | HR13: =HR49+HR85+HR121+HR157 -> 0 | HS13: =HT13/HR13*1000000 -> #DIV/0! | HT13: =HT49+HT85+HT121+HT157 -> 0 | HV13: =IFERROR(+HT13*HU13,"") -> 0 | HZ13: =IFERROR(+(IF(HT13="","0",HT13))+(IF(HV13="","0",HV13))+(IF(HY13="","0",HY13)),"") -> 0 | IA13: =HJ13 -> 0.46044713 | IB13: =IFERROR(+IA13*(HZ13-HY13),"") -> 0 | IC13: =IFERROR(+(IF(HZ13="","0",HZ13))-(IF(IB13="","0",IB13)),"") -> 0 | IE13: 1 | IF13: =IFERROR(VLOOKUP($R13,$A$13:$D$30,-IF$12,FALSE),"") -> Bijih Emas | IG13: =IFERROR(VLOOKUP($R13,$A$13:$D$30,-IG$12,FALSE),"") -> Bijih | IH13: =IFERROR(VLOOKUP($R13,$A$13:$D$30,-IH$12,FALSE),"") -> Kg | II13: =II49+II85+II121+II157 -> 0 | IJ13: =IK13/II13*1000000 -> #DIV/0! | IK13: =IK49+IK85+IK121+IK157 -> 0 | IM13: =IFERROR(+IK13*IL13,"") -> 0 | IQ13: =IFERROR(+(IF(IK13="","0",IK13))+(IF(IM13="","0",IM13))+(IF(IP13="","0",IP13)),"") -> 0 | IR13: =IA13 -> 0.46044713 | IS13: =IFERROR(+IR13*(IQ13-IP13),"") -> 0 | IT13: =IFERROR(+(IF(IQ13="","0",IQ13))-(IF(IS13="","0",IS13)),"") -> 0 | IV13: 1 | IW13: =IFERROR(VLOOKUP($R13,$A$13:$D$30,-IW$12,FALSE),"") -> Bijih Emas | IX13: =IFERROR(VLOOKUP($R13,$A$13:$D$30,-IX$12,FALSE),"") -> Bijih | IY13: =IFERROR(VLOOKUP($R13,$A$13:$D$30,-IY$12,FALSE),"") -> Kg | IZ13: =IZ49+IZ85+IZ121+IZ157 -> 0 | JA13: =JB13/IZ13*1000000 -> #DIV/0! | JB13: =JB49+JB85+JB121+JB157 -> 0 | JD13: =IFERROR(+JB13*JC13,"") -> 0 | JH13: =IFERROR(+(IF(JB13="","0",JB13))+(IF(JD13="","0",JD13))+(IF(JG13="","0",JG13)),"") -> 0 | JI13: =IR13 -> 0.46044713 | JJ13: =IFERROR(+JI13*(JH13-JG13),"") -> 0 | JK13: =IFERROR(+(IF(JH13="","0",JH13))-(IF(JJ13="","0",JJ13)),"") -> 0 | JM13: 1 | JN13: =IFERROR(VLOOKUP($R13,$A$13:$D$30,-JN$12,FALSE),"") -> Bijih Emas | JO13: =IFERROR(VLOOKUP($R13,$A$13:$D$30,-JO$12,FALSE),"") -> Bijih | JP13: =IFERROR(VLOOKUP($R13,$A$13:$D$30,-JP$12,FALSE),"") -> Kg | JQ13: =JQ49+JQ85+JQ121+JQ157 -> 0 | JR13: =JS13/JQ13*1000000 -> #DIV/0! | JS13: =JS49+JS85+JS121+JS157 -> 0 | JU13: =IFERROR(+JS13*JT13,"") -> 0 | JY13: =IFERROR(+(IF(JS13="","0",JS13))+(IF(JU13="","0",JU13))+(IF(JX13="","0",JX13)),"") -> 0 | JZ13: =JI13 -> 0.46044713 | KA13: =IFERROR(+JZ13*(JY13-JX13),"") -> 0 | KB13: =IFERROR(+(IF(JY13="","0",JY13))-(IF(KA13="","0",KA13)),"") -> 0 | KD13: 1 | KE13: =IFERROR(VLOOKUP($R13,$A$13:$D$30,-KE$12,FALSE),"") -> Bijih Emas | KF13: =IFERROR(VLOOKUP($R13,$A$13:$D$30,-KF$12,FALSE),"") -> Bijih | KG13: =IFERROR(VLOOKUP($R13,$A$13:$D$30,-KG$12,FALSE),"") -> Kg | KH13: =KH49+KH85+KH121+KH157 -> 0 | KI13: =KJ13/KH13*1000000 -> #DIV/0! | KJ13: =KJ49+KJ85+KJ121+KJ157 -> 0 | KL13: =IFERROR(+KJ13*KK13,"") -> 0 | KP13: =IFERROR(+(IF(KJ13="","0",KJ13))+(IF(KL13="","0",KL13))+(IF(KO13="","0",KO13)),"") -> 0 | KQ13: =JZ13 -> 0.46044713 | KR13: =IFERROR(+KQ13*(KP13-KO13),"") -> 0 | KS13: =IFERROR(+(IF(KP13="","0",KP13))-(IF(KR13="","0",KR13)),"") -> 0
A14: =A13+1 -> 2 | B14: =IFERROR(VLOOKUP($R14,ADHK!$A$13:$D$30,-B$12,FALSE),"") -> Bijih Perak | C14: =IFERROR(VLOOKUP($R14,ADHK!$A$13:$D$30,-C$12,FALSE),"") -> Bijih | D14: =IFERROR(VLOOKUP($R14,ADHK!$A$13:$D$30,-D$12,FALSE),"") -> Kg | E14: =E50+E86+E122+E158 -> 0 | F14: =G14/E14*1000000 -> #DIV/0! | G14: =G50+G86+G122+G158 -> 0 | I14: =IFERROR(+G14*H14,"") -> 0 | M14: =IFERROR(+(IF(G14="","0",G14))+(IF(I14="","0",I14))+(IF(L14="","0",L14)),"") -> 0 | N14: =ADHK!N14 -> 0.46044713 | O14: =IFERROR(+N14*(M14-L14),"") -> 0 | P14: =IFERROR(+(IF(M14="","0",M14))-(IF(O14="","0",O14)),"") -> 0 | R14: =R13+1 -> 2 | S14: =IFERROR(VLOOKUP($R14,$A$13:$D$30,-S$12,FALSE),"") -> Bijih Perak | T14: =IFERROR(VLOOKUP($R14,$A$13:$D$30,-T$12,FALSE),"") -> Bijih | U14: =IFERROR(VLOOKUP($R14,$A$13:$D$30,-U$12,FALSE),"") -> Kg | V14: =V50+V86+V122+V158 -> 0 | W14: =X14/V14*1000000 -> #DIV/0! | X14: =X50+X86+X122+X158 -> 0 | Z14: =IFERROR(+X14*Y14,"") -> 0 | AD14: =IFERROR(+(IF(X14="","0",X14))+(IF(Z14="","0",Z14))+(IF(AC14="","0",AC14)),"") -> 0 | AE14: =N14 -> 0.46044713 | AF14: =IFERROR(+AE14*(AD14-AC14),"") -> 0 | AG14: =IFERROR(+(IF(AD14="","0",AD14))-(IF(AF14="","0",AF14)),"") -> 0 | AI14: =AI13+1 -> 2 | AJ14: =IFERROR(VLOOKUP($R14,$A$13:$D$30,-AJ$12,FALSE),"") -> Bijih Perak | AK14: =IFERROR(VLOOKUP($R14,$A$13:$D$30,-AK$12,FALSE),"") -> Bijih | AL14: =IFERROR(VLOOKUP($R14,$A$13:$D$30,-AL$12,FALSE),"") -> Kg | AM14: =AM50+AM86+AM122+AM158 -> 0 | AN14: =AO14/AM14*1000000 -> #DIV/0! | AO14: =AO50+AO86+AO122+AO158 -> 0 | AQ14: =IFERROR(+AO14*AP14,"") -> 0 | AU14: =IFERROR(+(IF(AO14="","0",AO14))+(IF(AQ14="","0",AQ14))+(IF(AT14="","0",AT14)),"") -> 0 | AV14: =AE14 -> 0.46044713 | AW14: =IFERROR(+AV14*(AU14-AT14),"") -> 0 | AX14: =IFERROR(+(IF(AU14="","0",AU14))-(IF(AW14="","0",AW14)),"") -> 0 | AZ14: =AZ13+1 -> 2 | BA14: =IFERROR(VLOOKUP($R14,$A$13:$D$30,-BA$12,FALSE),"") -> Bijih Perak | BB14: =IFERROR(VLOOKUP($R14,$A$13:$D$30,-BB$12,FALSE),"") -> Bijih | BC14: =IFERROR(VLOOKUP($R14,$A$13:$D$30,-BC$12,FALSE),"") -> Kg | BD14: =BD50+BD86+BD122+BD158 -> 0 | BE14: =BF14/BD14*1000000 -> #DIV/0! | BF14: =BF50+BF86+BF122+BF158 -> 0 | BH14: =IFERROR(+BF14*BG14,"") -> 0 | BL14: =IFERROR(+(IF(BF14="","0",BF14))+(IF(BH14="","0",BH14))+(IF(BK14="","0",BK14)),"") -> 0 | BM14: =AV14 -> 0.46044713 | BN14: =IFERROR(+BM14*(BL14-BK14),"") -> 0 | BO14: =IFERROR(+(IF(BL14="","0",BL14))-(IF(BN14="","0",BN14)),"") -> 0 | BQ14: =BQ13+1 -> 2 | BR14: =IFERROR(VLOOKUP($R14,$A$13:$D$30,-BR$12,FALSE),"") -> Bijih Perak | BS14: =IFERROR(VLOOKUP($R14,$A$13:$D$30,-BS$12,FALSE),"") -> Bijih | BT14: =IFERROR(VLOOKUP($R14,$A$13:$D$30,-BT$12,FALSE),"") -> Kg | BU14: =BU50+BU86+BU122+BU158 -> 0 | BV14: =BW14/BU14*1000000 -> #DIV/0! | BW14: =BW50+BW86+BW122+BW158 -> 0 | BY14: =IFERROR(+BW14*BX14,"") -> 0 | CC14: =IFERROR(+(IF(BW14="","0",BW14))+(IF(BY14="","0",BY14))+(IF(CB14="","0",CB14)),"") -> 0 | CD14: =BM14 -> 0.46044713 | CE14: =IFERROR(+CD14*(CC14-CB14),"") -> 0 | CF14: =IFERROR(+(IF(CC14="","0",CC14))-(IF(CE14="","0",CE14)),"") -> 0 | CH14: =CH13+1 -> 2 | CI14: =IFERROR(VLOOKUP($R14,$A$13:$D$30,-CI$12,FALSE),"") -> Bijih Perak | CJ14: =IFERROR(VLOOKUP($R14,$A$13:$D$30,-CJ$12,FALSE),"") -> Bijih | CK14: =IFERROR(VLOOKUP($R14,$A$13:$D$30,-CK$12,FALSE),"") -> Kg | CL14: =CL50+CL86+CL122+CL158 -> 0 | CM14: =CN14/CL14*1000000 -> #DIV/0! | CN14: =CN50+CN86+CN122+CN158 -> 0 | CP14: =IFERROR(+CN14*CO14,"") -> 0 | CT14: =IFERROR(+(IF(CN14="","0",CN14))+(IF(CP14="","0",CP14))+(IF(CS14="","0",CS14)),"") -> 0 | CU14: =CD14 -> 0.46044713 | CV14: =IFERROR(+CU14*(CT14-CS14),"") -> 0 | CW14: =IFERROR(+(IF(CT14="","0",CT14))-(IF(CV14="","0",CV14)),"") -> 0 | CY14: =CY13+1 -> 2 | CZ14: =IFERROR(VLOOKUP($R14,$A$13:$D$30,-CZ$12,FALSE),"") -> Bijih Perak | DA14: =IFERROR(VLOOKUP($R14,$A$13:$D$30,-DA$12,FALSE),"") -> Bijih | DB14: =IFERROR(VLOOKUP($R14,$A$13:$D$30,-DB$12,FALSE),"") -> Kg | DC14: =DC50+DC86+DC122+DC158 -> 0 | DD14: =DE14/DC14*1000000 -> #DIV/0! | DE14: =DE50+DE86+DE122+DE158 -> 0 | DG14: =IFERROR(+DE14*DF14,"") -> 0 | DK14: =IFERROR(+(IF(DE14="","0",DE14))+(IF(DG14="","0",DG14))+(IF(DJ14="","0",DJ14)),"") -> 0 | DL14: =CU14 -> 0.46044713 | DM14: =IFERROR(+DL14*(DK14-DJ14),"") -> 0 | DN14: =IFERROR(+(IF(DK14="","0",DK14))-(IF(DM14="","0",DM14)),"") -> 0 | DP14: =DP13+1 -> 2 | DQ14: =IFERROR(VLOOKUP($R14,$A$13:$D$30,-DQ$12,FALSE),"") -> Bijih Perak | DR14: =IFERROR(VLOOKUP($R14,$A$13:$D$30,-DR$12,FALSE),"") -> Bijih | DS14: =IFERROR(VLOOKUP($R14,$A$13:$D$30,-DS$12,FALSE),"") -> Kg | DT14: =DT50+DT86+DT122+DT158 -> 0 | DU14: =DV14/DT14*1000000 -> #DIV/0! | DV14: =DV50+DV86+DV122+DV158 -> 0 | DX14: =IFERROR(+DV14*DW14,"") -> 0 | EB14: =IFERROR(+(IF(DV14="","0",DV14))+(IF(DX14="","0",DX14))+(IF(EA14="","0",EA14)),"") -> 0 | EC14: =DL14 -> 0.46044713 | ED14: =IFERROR(+EC14*(EB14-EA14),"") -> 0 | EE14: =IFERROR(+(IF(EB14="","0",EB14))-(IF(ED14="","0",ED14)),"") -> 0 | EG14: =EG13+1 -> 2 | EH14: =IFERROR(VLOOKUP($R14,$A$13:$D$30,-EH$12,FALSE),"") -> Bijih Perak | EI14: =IFERROR(VLOOKUP($R14,$A$13:$D$30,-EI$12,FALSE),"") -> Bijih | EJ14: =IFERROR(VLOOKUP($R14,$A$13:$D$30,-EJ$12,FALSE),"") -> Kg | EK14: =EK50+EK86+EK122+EK158 -> 0 | EL14: =EM14/EK14*1000000 -> #DIV/0! | EM14: =EM50+EM86+EM122+EM158 -> 0 | EO14: =IFERROR(+EM14*EN14,"") -> 0 | ES14: =IFERROR(+(IF(EM14="","0",EM14))+(IF(EO14="","0",EO14))+(IF(ER14="","0",ER14)),"") -> 0 | ET14: =EC14 -> 0.46044713 | EU14: =IFERROR(+ET14*(ES14-ER14),"") -> 0 | EV14: =IFERROR(+(IF(ES14="","0",ES14))-(IF(EU14="","0",EU14)),"") -> 0 | EX14: =EX13+1 -> 2 | EY14: =IFERROR(VLOOKUP($R14,$A$13:$D$30,-EY$12,FALSE),"") -> Bijih Perak | EZ14: =IFERROR(VLOOKUP($R14,$A$13:$D$30,-EZ$12,FALSE),"") -> Bijih | FA14: =IFERROR(VLOOKUP($R14,$A$13:$D$30,-FA$12,FALSE),"") -> Kg | FB14: =FB50+FB86+FB122+FB158 -> 0 | FC14: =FD14/FB14*1000000 -> #DIV/0! | FD14: =FD50+FD86+FD122+FD158 -> 0 | FF14: =IFERROR(+FD14*FE14,"") -> 0 | FJ14: =IFERROR(+(IF(FD14="","0",FD14))+(IF(FF14="","0",FF14))+(IF(FI14="","0",FI14)),"") -> 0 | FK14: =ET14 -> 0.46044713 | FL14: =IFERROR(+FK14*(FJ14-FI14),"") -> 0 | FM14: =IFERROR(+(IF(FJ14="","0",FJ14))-(IF(FL14="","0",FL14)),"") -> 0 | FO14: =FO13+1 -> 2 | FP14: =IFERROR(VLOOKUP($R14,$A$13:$D$30,-FP$12,FALSE),"") -> Bijih Perak | FQ14: =IFERROR(VLOOKUP($R14,$A$13:$D$30,-FQ$12,FALSE),"") -> Bijih | FR14: =IFERROR(VLOOKUP($R14,$A$13:$D$30,-FR$12,FALSE),"") -> Kg | FS14: =FS50+FS86+FS122+FS158 -> 0 | FT14: =FU14/FS14*1000000 -> #DIV/0! | FU14: =FU50+FU86+FU122+FU158 -> 0 | FW14: =IFERROR(+FU14*FV14,"") -> 0 | GA14: =IFERROR(+(IF(FU14="","0",FU14))+(IF(FW14="","0",FW14))+(IF(FZ14="","0",FZ14)),"") -> 0 | GB14: =FK14 -> 0.46044713 | GC14: =IFERROR(+GB14*(GA14-FZ14),"") -> 0 | GD14: =IFERROR(+(IF(GA14="","0",GA14))-(IF(GC14="","0",GC14)),"") -> 0 | GF14: =GF13+1 -> 2 | GG14: =IFERROR(VLOOKUP($R14,$A$13:$D$30,-GG$12,FALSE),"") -> Bijih Perak | GH14: =IFERROR(VLOOKUP($R14,$A$13:$D$30,-GH$12,FALSE),"") -> Bijih | GI14: =IFERROR(VLOOKUP($R14,$A$13:$D$30,-GI$12,FALSE),"") -> Kg | GJ14: =GJ50+GJ86+GJ122+GJ158 -> 0 | GK14: =GL14/GJ14*1000000 -> #DIV/0! | GL14: =GL50+GL86+GL122+GL158 -> 0 | GN14: =IFERROR(+GL14*GM14,"") -> 0 | GR14: =IFERROR(+(IF(GL14="","0",GL14))+(IF(GN14="","0",GN14))+(IF(GQ14="","0",GQ14)),"") -> 0 | GS14: =GB14 -> 0.46044713 | GT14: =IFERROR(+GS14*(GR14-GQ14),"") -> 0 | GU14: =IFERROR(+(IF(GR14="","0",GR14))-(IF(GT14="","0",GT14)),"") -> 0 | GW14: =GW13+1 -> 2 | GX14: =IFERROR(VLOOKUP($R14,$A$13:$D$30,-GX$12,FALSE),"") -> Bijih Perak | GY14: =IFERROR(VLOOKUP($R14,$A$13:$D$30,-GY$12,FALSE),"") -> Bijih | GZ14: =IFERROR(VLOOKUP($R14,$A$13:$D$30,-GZ$12,FALSE),"") -> Kg | HA14: =HA50+HA86+HA122+HA158 -> 0 | HB14: =HC14/HA14*1000000 -> #DIV/0! | HC14: =HC50+HC86+HC122+HC158 -> 0 | HE14: =IFERROR(+HC14*HD14,"") -> 0 | HI14: =IFERROR(+(IF(HC14="","0",HC14))+(IF(HE14="","0",HE14))+(IF(HH14="","0",HH14)),"") -> 0 | HJ14: =GS14 -> 0.46044713 | HK14: =IFERROR(+HJ14*(HI14-HH14),"") -> 0 | HL14: =IFERROR(+(IF(HI14="","0",HI14))-(IF(HK14="","0",HK14)),"") -> 0 | HN14: =HN13+1 -> 2 | HO14: =IFERROR(VLOOKUP($R14,$A$13:$D$30,-HO$12,FALSE),"") -> Bijih Perak | HP14: =IFERROR(VLOOKUP($R14,$A$13:$D$30,-HP$12,FALSE),"") -> Bijih | HQ14: =IFERROR(VLOOKUP($R14,$A$13:$D$30,-HQ$12,FALSE),"") -> Kg | HR14: =HR50+HR86+HR122+HR158 -> 0 | HS14: =HT14/HR14*1000000 -> #DIV/0! | HT14: =HT50+HT86+HT122+HT158 -> 0 | HV14: =IFERROR(+HT14*HU14,"") -> 0 | HZ14: =IFERROR(+(IF(HT14="","0",HT14))+(IF(HV14="","0",HV14))+(IF(HY14="","0",HY14)),"") -> 0 | IA14: =HJ14 -> 0.46044713 | IB14: =IFERROR(+IA14*(HZ14-HY14),"") -> 0 | IC14: =IFERROR(+(IF(HZ14="","0",HZ14))-(IF(IB14="","0",IB14)),"") -> 0 | IE14: =IE13+1 -> 2 | IF14: =IFERROR(VLOOKUP($R14,$A$13:$D$30,-IF$12,FALSE),"") -> Bijih Perak | IG14: =IFERROR(VLOOKUP($R14,$A$13:$D$30,-IG$12,FALSE),"") -> Bijih | IH14: =IFERROR(VLOOKUP($R14,$A$13:$D$30,-IH$12,FALSE),"") -> Kg | II14: =II50+II86+II122+II158 -> 0 | IJ14: =IK14/II14*1000000 -> #DIV/0! | IK14: =IK50+IK86+IK122+IK158 -> 0 | IM14: =IFERROR(+IK14*IL14,"") -> 0 | IQ14: =IFERROR(+(IF(IK14="","0",IK14))+(IF(IM14="","0",IM14))+(IF(IP14="","0",IP14)),"") -> 0 | IR14: =IA14 -> 0.46044713 | IS14: =IFERROR(+IR14*(IQ14-IP14),"") -> 0 | IT14: =IFERROR(+(IF(IQ14="","0",IQ14))-(IF(IS14="","0",IS14)),"") -> 0 | IV14: =IV13+1 -> 2 | IW14: =IFERROR(VLOOKUP($R14,$A$13:$D$30,-IW$12,FALSE),"") -> Bijih Perak | IX14: =IFERROR(VLOOKUP($R14,$A$13:$D$30,-IX$12,FALSE),"") -> Bijih | IY14: =IFERROR(VLOOKUP($R14,$A$13:$D$30,-IY$12,FALSE),"") -> Kg | IZ14: =IZ50+IZ86+IZ122+IZ158 -> 0 | JA14: =JB14/IZ14*1000000 -> #DIV/0! | JB14: =JB50+JB86+JB122+JB158 -> 0 | JD14: =IFERROR(+JB14*JC14,"") -> 0 | JH14: =IFERROR(+(IF(JB14="","0",JB14))+(IF(JD14="","0",JD14))+(IF(JG14="","0",JG14)),"") -> 0 | JI14: =IR14 -> 0.46044713 | JJ14: =IFERROR(+JI14*(JH14-JG14),"") -> 0 | JK14: =IFERROR(+(IF(JH14="","0",JH14))-(IF(JJ14="","0",JJ14)),"") -> 0 | JM14: =JM13+1 -> 2 | JN14: =IFERROR(VLOOKUP($R14,$A$13:$D$30,-JN$12,FALSE),"") -> Bijih Perak | JO14: =IFERROR(VLOOKUP($R14,$A$13:$D$30,-JO$12,FALSE),"") -> Bijih | JP14: =IFERROR(VLOOKUP($R14,$A$13:$D$30,-JP$12,FALSE),"") -> Kg | JQ14: =JQ50+JQ86+JQ122+JQ158 -> 0 | JR14: =JS14/JQ14*1000000 -> #DIV/0! | JS14: =JS50+JS86+JS122+JS158 -> 0 | JU14: =IFERROR(+JS14*JT14,"") -> 0 | JY14: =IFERROR(+(IF(JS14="","0",JS14))+(IF(JU14="","0",JU14))+(IF(JX14="","0",JX14)),"") -> 0 | JZ14: =JI14 -> 0.46044713 | KA14: =IFERROR(+JZ14*(JY14-JX14),"") -> 0 | KB14: =IFERROR(+(IF(JY14="","0",JY14))-(IF(KA14="","0",KA14)),"") -> 0 | KD14: =KD13+1 -> 2 | KE14: =IFERROR(VLOOKUP($R14,$A$13:$D$30,-KE$12,FALSE),"") -> Bijih Perak | KF14: =IFERROR(VLOOKUP($R14,$A$13:$D$30,-KF$12,FALSE),"") -> Bijih | KG14: =IFERROR(VLOOKUP($R14,$A$13:$D$30,-KG$12,FALSE),"") -> Kg | KH14: =KH50+KH86+KH122+KH158 -> 0 | KI14: =KJ14/KH14*1000000 -> #DIV/0! | KJ14: =KJ50+KJ86+KJ122+KJ158 -> 0 | KL14: =IFERROR(+KJ14*KK14,"") -> 0 | KP14: =IFERROR(+(IF(KJ14="","0",KJ14))+(IF(KL14="","0",KL14))+(IF(KO14="","0",KO14)),"") -> 0 | KQ14: =JZ14 -> 0.46044713 | KR14: =IFERROR(+KQ14*(KP14-KO14),"") -> 0 | KS14: =IFERROR(+(IF(KP14="","0",KP14))-(IF(KR14="","0",KR14)),"") -> 0
A15: =A14+1 -> 3 | B15: =IFERROR(VLOOKUP($R15,ADHK!$A$13:$D$30,-B$12,FALSE),"") -> Tembaga | C15: =IFERROR(VLOOKUP($R15,ADHK!$A$13:$D$30,-C$12,FALSE),"") -> Bijih | D15: =IFERROR(VLOOKUP($R15,ADHK!$A$13:$D$30,-D$12,FALSE),"") -> Ton | E15: =E51+E87+E123+E159 -> 0 | F15: =G15/E15*1000000 -> #DIV/0! | G15: =G51+G87+G123+G159 -> 0 | I15: =IFERROR(+G15*H15,"") -> 0 | M15: =IFERROR(+(IF(G15="","0",G15))+(IF(I15="","0",I15))+(IF(L15="","0",L15)),"") -> 0 | N15: =ADHK!N15 -> 0.46044713 | O15: =IFERROR(+N15*(M15-L15),"") -> 0 | P15: =IFERROR(+(IF(M15="","0",M15))-(IF(O15="","0",O15)),"") -> 0 | R15: =R14+1 -> 3 | S15: =IFERROR(VLOOKUP($R15,$A$13:$D$30,-S$12,FALSE),"") -> Tembaga | T15: =IFERROR(VLOOKUP($R15,$A$13:$D$30,-T$12,FALSE),"") -> Bijih | U15: =IFERROR(VLOOKUP($R15,$A$13:$D$30,-U$12,FALSE),"") -> Ton | V15: =V51+V87+V123+V159 -> 0 | W15: =X15/V15*1000000 -> #DIV/0! | X15: =X51+X87+X123+X159 -> 0 | Z15: =IFERROR(+X15*Y15,"") -> 0 | AD15: =IFERROR(+(IF(X15="","0",X15))+(IF(Z15="","0",Z15))+(IF(AC15="","0",AC15)),"") -> 0 | AE15: =N15 -> 0.46044713 | AF15: =IFERROR(+AE15*(AD15-AC15),"") -> 0 | AG15: =IFERROR(+(IF(AD15="","0",AD15))-(IF(AF15="","0",AF15)),"") -> 0 | AI15: =AI14+1 -> 3 | AJ15: =IFERROR(VLOOKUP($R15,$A$13:$D$30,-AJ$12,FALSE),"") -> Tembaga | AK15: =IFERROR(VLOOKUP($R15,$A$13:$D$30,-AK$12,FALSE),"") -> Bijih | AL15: =IFERROR(VLOOKUP($R15,$A$13:$D$30,-AL$12,FALSE),"") -> Ton | AM15: =AM51+AM87+AM123+AM159 -> 0 | AN15: =AO15/AM15*1000000 -> #DIV/0! | AO15: =AO51+AO87+AO123+AO159 -> 0 | AQ15: =IFERROR(+AO15*AP15,"") -> 0 | AU15: =IFERROR(+(IF(AO15="","0",AO15))+(IF(AQ15="","0",AQ15))+(IF(AT15="","0",AT15)),"") -> 0 | AV15: =AE15 -> 0.46044713 | AW15: =IFERROR(+AV15*(AU15-AT15),"") -> 0 | AX15: =IFERROR(+(IF(AU15="","0",AU15))-(IF(AW15="","0",AW15)),"") -> 0 | AZ15: =AZ14+1 -> 3 | BA15: =IFERROR(VLOOKUP($R15,$A$13:$D$30,-BA$12,FALSE),"") -> Tembaga | BB15: =IFERROR(VLOOKUP($R15,$A$13:$D$30,-BB$12,FALSE),"") -> Bijih | BC15: =IFERROR(VLOOKUP($R15,$A$13:$D$30,-BC$12,FALSE),"") -> Ton | BD15: =BD51+BD87+BD123+BD159 -> 0 | BE15: =BF15/BD15*1000000 -> #DIV/0! | BF15: =BF51+BF87+BF123+BF159 -> 0 | BH15: =IFERROR(+BF15*BG15,"") -> 0 | BL15: =IFERROR(+(IF(BF15="","0",BF15))+(IF(BH15="","0",BH15))+(IF(BK15="","0",BK15)),"") -> 0 | BM15: =AV15 -> 0.46044713 | BN15: =IFERROR(+BM15*(BL15-BK15),"") -> 0 | BO15: =IFERROR(+(IF(BL15="","0",BL15))-(IF(BN15="","0",BN15)),"") -> 0 | BQ15: =BQ14+1 -> 3 | BR15: =IFERROR(VLOOKUP($R15,$A$13:$D$30,-BR$12,FALSE),"") -> Tembaga | BS15: =IFERROR(VLOOKUP($R15,$A$13:$D$30,-BS$12,FALSE),"") -> Bijih | BT15: =IFERROR(VLOOKUP($R15,$A$13:$D$30,-BT$12,FALSE),"") -> Ton | BU15: =BU51+BU87+BU123+BU159 -> 0 | BV15: =BW15/BU15*1000000 -> #DIV/0! | BW15: =BW51+BW87+BW123+BW159 -> 0 | BY15: =IFERROR(+BW15*BX15,"") -> 0 | CC15: =IFERROR(+(IF(BW15="","0",BW15))+(IF(BY15="","0",BY15))+(IF(CB15="","0",CB15)),"") -> 0 | CD15: =BM15 -> 0.46044713 | CE15: =IFERROR(+CD15*(CC15-CB15),"") -> 0 | CF15: =IFERROR(+(IF(CC15="","0",CC15))-(IF(CE15="","0",CE15)),"") -> 0 | CH15: =CH14+1 -> 3 | CI15: =IFERROR(VLOOKUP($R15,$A$13:$D$30,-CI$12,FALSE),"") -> Tembaga | CJ15: =IFERROR(VLOOKUP($R15,$A$13:$D$30,-CJ$12,FALSE),"") -> Bijih | CK15: =IFERROR(VLOOKUP($R15,$A$13:$D$30,-CK$12,FALSE),"") -> Ton | CL15: =CL51+CL87+CL123+CL159 -> 0 | CM15: =CN15/CL15*1000000 -> #DIV/0! | CN15: =CN51+CN87+CN123+CN159 -> 0 | CP15: =IFERROR(+CN15*CO15,"") -> 0 | CT15: =IFERROR(+(IF(CN15="","0",CN15))+(IF(CP15="","0",CP15))+(IF(CS15="","0",CS15)),"") -> 0 | CU15: =CD15 -> 0.46044713 | CV15: =IFERROR(+CU15*(CT15-CS15),"") -> 0 | CW15: =IFERROR(+(IF(CT15="","0",CT15))-(IF(CV15="","0",CV15)),"") -> 0 | CY15: =CY14+1 -> 3 | CZ15: =IFERROR(VLOOKUP($R15,$A$13:$D$30,-CZ$12,FALSE),"") -> Tembaga | DA15: =IFERROR(VLOOKUP($R15,$A$13:$D$30,-DA$12,FALSE),"") -> Bijih | DB15: =IFERROR(VLOOKUP($R15,$A$13:$D$30,-DB$12,FALSE),"") -> Ton | DC15: =DC51+DC87+DC123+DC159 -> 0 | DD15: =DE15/DC15*1000000 -> #DIV/0! | DE15: =DE51+DE87+DE123+DE159 -> 0 | DG15: =IFERROR(+DE15*DF15,"") -> 0 | DK15: =IFERROR(+(IF(DE15="","0",DE15))+(IF(DG15="","0",DG15))+(IF(DJ15="","0",DJ15)),"") -> 0 | DL15: =CU15 -> 0.46044713 | DM15: =IFERROR(+DL15*(DK15-DJ15),"") -> 0 | DN15: =IFERROR(+(IF(DK15="","0",DK15))-(IF(DM15="","0",DM15)),"") -> 0 | DP15: =DP14+1 -> 3 | DQ15: =IFERROR(VLOOKUP($R15,$A$13:$D$30,-DQ$12,FALSE),"") -> Tembaga | DR15: =IFERROR(VLOOKUP($R15,$A$13:$D$30,-DR$12,FALSE),"") -> Bijih | DS15: =IFERROR(VLOOKUP($R15,$A$13:$D$30,-DS$12,FALSE),"") -> Ton | DT15: =DT51+DT87+DT123+DT159 -> 0 | DU15: =DV15/DT15*1000000 -> #DIV/0! | DV15: =DV51+DV87+DV123+DV159 -> 0 | DX15: =IFERROR(+DV15*DW15,"") -> 0 | EB15: =IFERROR(+(IF(DV15="","0",DV15))+(IF(DX15="","0",DX15))+(IF(EA15="","0",EA15)),"") -> 0 | EC15: =DL15 -> 0.46044713 | ED15: =IFERROR(+EC15*(EB15-EA15),"") -> 0 | EE15: =IFERROR(+(IF(EB15="","0",EB15))-(IF(ED15="","0",ED15)),"") -> 0 | EG15: =EG14+1 -> 3 | EH15: =IFERROR(VLOOKUP($R15,$A$13:$D$30,-EH$12,FALSE),"") -> Tembaga | EI15: =IFERROR(VLOOKUP($R15,$A$13:$D$30,-EI$12,FALSE),"") -> Bijih | EJ15: =IFERROR(VLOOKUP($R15,$A$13:$D$30,-EJ$12,FALSE),"") -> Ton | EK15: =EK51+EK87+EK123+EK159 -> 0 | EL15: =EM15/EK15*1000000 -> #DIV/0! | EM15: =EM51+EM87+EM123+EM159 -> 0 | EO15: =IFERROR(+EM15*EN15,"") -> 0 | ES15: =IFERROR(+(IF(EM15="","0",EM15))+(IF(EO15="","0",EO15))+(IF(ER15="","0",ER15)),"") -> 0 | ET15: =EC15 -> 0.46044713 | EU15: =IFERROR(+ET15*(ES15-ER15),"") -> 0 | EV15: =IFERROR(+(IF(ES15="","0",ES15))-(IF(EU15="","0",EU15)),"") -> 0 | EX15: =EX14+1 -> 3 | EY15: =IFERROR(VLOOKUP($R15,$A$13:$D$30,-EY$12,FALSE),"") -> Tembaga | EZ15: =IFERROR(VLOOKUP($R15,$A$13:$D$30,-EZ$12,FALSE),"") -> Bijih | FA15: =IFERROR(VLOOKUP($R15,$A$13:$D$30,-FA$12,FALSE),"") -> Ton | FB15: =FB51+FB87+FB123+FB159 -> 0 | FC15: =FD15/FB15*1000000 -> #DIV/0! | FD15: =FD51+FD87+FD123+FD159 -> 0 | FF15: =IFERROR(+FD15*FE15,"") -> 0 | FJ15: =IFERROR(+(IF(FD15="","0",FD15))+(IF(FF15="","0",FF15))+(IF(FI15="","0",FI15)),"") -> 0 | FK15: =ET15 -> 0.46044713 | FL15: =IFERROR(+FK15*(FJ15-FI15),"") -> 0 | FM15: =IFERROR(+(IF(FJ15="","0",FJ15))-(IF(FL15="","0",FL15)),"") -> 0 | FO15: =FO14+1 -> 3 | FP15: =IFERROR(VLOOKUP($R15,$A$13:$D$30,-FP$12,FALSE),"") -> Tembaga | FQ15: =IFERROR(VLOOKUP($R15,$A$13:$D$30,-FQ$12,FALSE),"") -> Bijih | FR15: =IFERROR(VLOOKUP($R15,$A$13:$D$30,-FR$12,FALSE),"") -> Ton | FS15: =FS51+FS87+FS123+FS159 -> 0 | FT15: =FU15/FS15*1000000 -> #DIV/0! | FU15: =FU51+FU87+FU123+FU159 -> 0 | FW15: =IFERROR(+FU15*FV15,"") -> 0 | GA15: =IFERROR(+(IF(FU15="","0",FU15))+(IF(FW15="","0",FW15))+(IF(FZ15="","0",FZ15)),"") -> 0 | GB15: =FK15 -> 0.46044713 | GC15: =IFERROR(+GB15*(GA15-FZ15),"") -> 0 | GD15: =IFERROR(+(IF(GA15="","0",GA15))-(IF(GC15="","0",GC15)),"") -> 0 | GF15: =GF14+1 -> 3 | GG15: =IFERROR(VLOOKUP($R15,$A$13:$D$30,-GG$12,FALSE),"") -> Tembaga | GH15: =IFERROR(VLOOKUP($R15,$A$13:$D$30,-GH$12,FALSE),"") -> Bijih | GI15: =IFERROR(VLOOKUP($R15,$A$13:$D$30,-GI$12,FALSE),"") -> Ton | GJ15: =GJ51+GJ87+GJ123+GJ159 -> 0 | GK15: =GL15/GJ15*1000000 -> #DIV/0! | GL15: =GL51+GL87+GL123+GL159 -> 0 | GN15: =IFERROR(+GL15*GM15,"") -> 0 | GR15: =IFERROR(+(IF(GL15="","0",GL15))+(IF(GN15="","0",GN15))+(IF(GQ15="","0",GQ15)),"") -> 0 | GS15: =GB15 -> 0.46044713 | GT15: =IFERROR(+GS15*(GR15-GQ15),"") -> 0 | GU15: =IFERROR(+(IF(GR15="","0",GR15))-(IF(GT15="","0",GT15)),"") -> 0 | GW15: =GW14+1 -> 3 | GX15: =IFERROR(VLOOKUP($R15,$A$13:$D$30,-GX$12,FALSE),"") -> Tembaga | GY15: =IFERROR(VLOOKUP($R15,$A$13:$D$30,-GY$12,FALSE),"") -> Bijih | GZ15: =IFERROR(VLOOKUP($R15,$A$13:$D$30,-GZ$12,FALSE),"") -> Ton | HA15: =HA51+HA87+HA123+HA159 -> 0 | HB15: =HC15/HA15*1000000 -> #DIV/0! | HC15: =HC51+HC87+HC123+HC159 -> 0 | HE15: =IFERROR(+HC15*HD15,"") -> 0 | HI15: =IFERROR(+(IF(HC15="","0",HC15))+(IF(HE15="","0",HE15))+(IF(HH15="","0",HH15)),"") -> 0 | HJ15: =GS15 -> 0.46044713 | HK15: =IFERROR(+HJ15*(HI15-HH15),"") -> 0 | HL15: =IFERROR(+(IF(HI15="","0",HI15))-(IF(HK15="","0",HK15)),"") -> 0 | HN15: =HN14+1 -> 3 | HO15: =IFERROR(VLOOKUP($R15,$A$13:$D$30,-HO$12,FALSE),"") -> Tembaga | HP15: =IFERROR(VLOOKUP($R15,$A$13:$D$30,-HP$12,FALSE),"") -> Bijih | HQ15: =IFERROR(VLOOKUP($R15,$A$13:$D$30,-HQ$12,FALSE),"") -> Ton | HR15: =HR51+HR87+HR123+HR159 -> 0 | HS15: =HT15/HR15*1000000 -> #DIV/0! | HT15: =HT51+HT87+HT123+HT159 -> 0 | HV15: =IFERROR(+HT15*HU15,"") -> 0 | HZ15: =IFERROR(+(IF(HT15="","0",HT15))+(IF(HV15="","0",HV15))+(IF(HY15="","0",HY15)),"") -> 0 | IA15: =HJ15 -> 0.46044713 | IB15: =IFERROR(+IA15*(HZ15-HY15),"") -> 0 | IC15: =IFERROR(+(IF(HZ15="","0",HZ15))-(IF(IB15="","0",IB15)),"") -> 0 | IE15: =IE14+1 -> 3 | IF15: =IFERROR(VLOOKUP($R15,$A$13:$D$30,-IF$12,FALSE),"") -> Tembaga | IG15: =IFERROR(VLOOKUP($R15,$A$13:$D$30,-IG$12,FALSE),"") -> Bijih | IH15: =IFERROR(VLOOKUP($R15,$A$13:$D$30,-IH$12,FALSE),"") -> Ton | II15: =II51+II87+II123+II159 -> 0 | IJ15: =IK15/II15*1000000 -> #DIV/0! | IK15: =IK51+IK87+IK123+IK159 -> 0 | IM15: =IFERROR(+IK15*IL15,"") -> 0 | IQ15: =IFERROR(+(IF(IK15="","0",IK15))+(IF(IM15="","0",IM15))+(IF(IP15="","0",IP15)),"") -> 0 | IR15: =IA15 -> 0.46044713 | IS15: =IFERROR(+IR15*(IQ15-IP15),"") -> 0 | IT15: =IFERROR(+(IF(IQ15="","0",IQ15))-(IF(IS15="","0",IS15)),"") -> 0 | IV15: =IV14+1 -> 3 | IW15: =IFERROR(VLOOKUP($R15,$A$13:$D$30,-IW$12,FALSE),"") -> Tembaga | IX15: =IFERROR(VLOOKUP($R15,$A$13:$D$30,-IX$12,FALSE),"") -> Bijih | IY15: =IFERROR(VLOOKUP($R15,$A$13:$D$30,-IY$12,FALSE),"") -> Ton | IZ15: =IZ51+IZ87+IZ123+IZ159 -> 0 | JA15: =JB15/IZ15*1000000 -> #DIV/0! | JB15: =JB51+JB87+JB123+JB159 -> 0 | JD15: =IFERROR(+JB15*JC15,"") -> 0 | JH15: =IFERROR(+(IF(JB15="","0",JB15))+(IF(JD15="","0",JD15))+(IF(JG15="","0",JG15)),"") -> 0 | JI15: =IR15 -> 0.46044713 | JJ15: =IFERROR(+JI15*(JH15-JG15),"") -> 0 | JK15: =IFERROR(+(IF(JH15="","0",JH15))-(IF(JJ15="","0",JJ15)),"") -> 0 | JM15: =JM14+1 -> 3 | JN15: =IFERROR(VLOOKUP($R15,$A$13:$D$30,-JN$12,FALSE),"") -> Tembaga | JO15: =IFERROR(VLOOKUP($R15,$A$13:$D$30,-JO$12,FALSE),"") -> Bijih | JP15: =IFERROR(VLOOKUP($R15,$A$13:$D$30,-JP$12,FALSE),"") -> Ton | JQ15: =JQ51+JQ87+JQ123+JQ159 -> 0 | JR15: =JS15/JQ15*1000000 -> #DIV/0! | JS15: =JS51+JS87+JS123+JS159 -> 0 | JU15: =IFERROR(+JS15*JT15,"") -> 0 | JY15: =IFERROR(+(IF(JS15="","0",JS15))+(IF(JU15="","0",JU15))+(IF(JX15="","0",JX15)),"") -> 0 | JZ15: =JI15 -> 0.46044713 | KA15: =IFERROR(+JZ15*(JY15-JX15),"") -> 0 | KB15: =IFERROR(+(IF(JY15="","0",JY15))-(IF(KA15="","0",KA15)),"") -> 0 | KD15: =KD14+1 -> 3 | KE15: =IFERROR(VLOOKUP($R15,$A$13:$D$30,-KE$12,FALSE),"") -> Tembaga | KF15: =IFERROR(VLOOKUP($R15,$A$13:$D$30,-KF$12,FALSE),"") -> Bijih | KG15: =IFERROR(VLOOKUP($R15,$A$13:$D$30,-KG$12,FALSE),"") -> Ton | KH15: =KH51+KH87+KH123+KH159 -> 0 | KI15: =KJ15/KH15*1000000 -> #DIV/0! | KJ15: =KJ51+KJ87+KJ123+KJ159 -> 0 | KL15: =IFERROR(+KJ15*KK15,"") -> 0 | KP15: =IFERROR(+(IF(KJ15="","0",KJ15))+(IF(KL15="","0",KL15))+(IF(KO15="","0",KO15)),"") -> 0 | KQ15: =JZ15 -> 0.46044713 | KR15: =IFERROR(+KQ15*(KP15-KO15),"") -> 0 | KS15: =IFERROR(+(IF(KP15="","0",KP15))-(IF(KR15="","0",KR15)),"") -> 0
A16: =A15+1 -> 4 | B16: =IFERROR(VLOOKUP($R16,ADHK!$A$13:$D$30,-B$12,FALSE),"") -> Bauksit | C16: =IFERROR(VLOOKUP($R16,ADHK!$A$13:$D$30,-C$12,FALSE),"") -> Bijih | D16: =IFERROR(VLOOKUP($R16,ADHK!$A$13:$D$30,-D$12,FALSE),"") -> Ton | E16: =E52+E88+E124+E160 -> 0 | F16: =G16/E16*1000000 -> #DIV/0! | G16: =G52+G88+G124+G160 -> 0 | I16: =IFERROR(+G16*H16,"") -> 0 | M16: =IFERROR(+(IF(G16="","0",G16))+(IF(I16="","0",I16))+(IF(L16="","0",L16)),"") -> 0 | N16: =ADHK!N16 -> 0.46044713 | O16: =IFERROR(+N16*(M16-L16),"") -> 0 | P16: =IFERROR(+(IF(M16="","0",M16))-(IF(O16="","0",O16)),"") -> 0 | R16: =R15+1 -> 4 | S16: =IFERROR(VLOOKUP($R16,$A$13:$D$30,-S$12,FALSE),"") -> Bauksit | T16: =IFERROR(VLOOKUP($R16,$A$13:$D$30,-T$12,FALSE),"") -> Bijih | U16: =IFERROR(VLOOKUP($R16,$A$13:$D$30,-U$12,FALSE),"") -> Ton | V16: =V52+V88+V124+V160 -> 0 | W16: =X16/V16*1000000 -> #DIV/0! | X16: =X52+X88+X124+X160 -> 0 | Z16: =IFERROR(+X16*Y16,"") -> 0 | AD16: =IFERROR(+(IF(X16="","0",X16))+(IF(Z16="","0",Z16))+(IF(AC16="","0",AC16)),"") -> 0 | AE16: =N16 -> 0.46044713 | AF16: =IFERROR(+AE16*(AD16-AC16),"") -> 0 | AG16: =IFERROR(+(IF(AD16="","0",AD16))-(IF(AF16="","0",AF16)),"") -> 0 | AI16: =AI15+1 -> 4 | AJ16: =IFERROR(VLOOKUP($R16,$A$13:$D$30,-AJ$12,FALSE),"") -> Bauksit | AK16: =IFERROR(VLOOKUP($R16,$A$13:$D$30,-AK$12,FALSE),"") -> Bijih | AL16: =IFERROR(VLOOKUP($R16,$A$13:$D$30,-AL$12,FALSE),"") -> Ton | AM16: =AM52+AM88+AM124+AM160 -> 0 | AN16: =AO16/AM16*1000000 -> #DIV/0! | AO16: =AO52+AO88+AO124+AO160 -> 0 | AQ16: =IFERROR(+AO16*AP16,"") -> 0 | AU16: =IFERROR(+(IF(AO16="","0",AO16))+(IF(AQ16="","0",AQ16))+(IF(AT16="","0",AT16)),"") -> 0 | AV16: =AE16 -> 0.46044713 | AW16: =IFERROR(+AV16*(AU16-AT16),"") -> 0 | AX16: =IFERROR(+(IF(AU16="","0",AU16))-(IF(AW16="","0",AW16)),"") -> 0 | AZ16: =AZ15+1 -> 4 | BA16: =IFERROR(VLOOKUP($R16,$A$13:$D$30,-BA$12,FALSE),"") -> Bauksit | BB16: =IFERROR(VLOOKUP($R16,$A$13:$D$30,-BB$12,FALSE),"") -> Bijih | BC16: =IFERROR(VLOOKUP($R16,$A$13:$D$30,-BC$12,FALSE),"") -> Ton | BD16: =BD52+BD88+BD124+BD160 -> 0 | BE16: =BF16/BD16*1000000 -> #DIV/0! | BF16: =BF52+BF88+BF124+BF160 -> 0 | BH16: =IFERROR(+BF16*BG16,"") -> 0 | BL16: =IFERROR(+(IF(BF16="","0",BF16))+(IF(BH16="","0",BH16))+(IF(BK16="","0",BK16)),"") -> 0 | BM16: =AV16 -> 0.46044713 | BN16: =IFERROR(+BM16*(BL16-BK16),"") -> 0 | BO16: =IFERROR(+(IF(BL16="","0",BL16))-(IF(BN16="","0",BN16)),"") -> 0 | BQ16: =BQ15+1 -> 4 | BR16: =IFERROR(VLOOKUP($R16,$A$13:$D$30,-BR$12,FALSE),"") -> Bauksit | BS16: =IFERROR(VLOOKUP($R16,$A$13:$D$30,-BS$12,FALSE),"") -> Bijih | BT16: =IFERROR(VLOOKUP($R16,$A$13:$D$30,-BT$12,FALSE),"") -> Ton | BU16: =BU52+BU88+BU124+BU160 -> 0 | BV16: =BW16/BU16*1000000 -> #DIV/0! | BW16: =BW52+BW88+BW124+BW160 -> 0 | BY16: =IFERROR(+BW16*BX16,"") -> 0 | CC16: =IFERROR(+(IF(BW16="","0",BW16))+(IF(BY16="","0",BY16))+(IF(CB16="","0",CB16)),"") -> 0 | CD16: =BM16 -> 0.46044713 | CE16: =IFERROR(+CD16*(CC16-CB16),"") -> 0 | CF16: =IFERROR(+(IF(CC16="","0",CC16))-(IF(CE16="","0",CE16)),"") -> 0 | CH16: =CH15+1 -> 4 | CI16: =IFERROR(VLOOKUP($R16,$A$13:$D$30,-CI$12,FALSE),"") -> Bauksit | CJ16: =IFERROR(VLOOKUP($R16,$A$13:$D$30,-CJ$12,FALSE),"") -> Bijih | CK16: =IFERROR(VLOOKUP($R16,$A$13:$D$30,-CK$12,FALSE),"") -> Ton | CL16: =CL52+CL88+CL124+CL160 -> 0 | CM16: =CN16/CL16*1000000 -> #DIV/0! | CN16: =CN52+CN88+CN124+CN160 -> 0 | CP16: =IFERROR(+CN16*CO16,"") -> 0 | CT16: =IFERROR(+(IF(CN16="","0",CN16))+(IF(CP16="","0",CP16))+(IF(CS16="","0",CS16)),"") -> 0 | CU16: =CD16 -> 0.46044713 | CV16: =IFERROR(+CU16*(CT16-CS16),"") -> 0 | CW16: =IFERROR(+(IF(CT16="","0",CT16))-(IF(CV16="","0",CV16)),"") -> 0 | CY16: =CY15+1 -> 4 | CZ16: =IFERROR(VLOOKUP($R16,$A$13:$D$30,-CZ$12,FALSE),"") -> Bauksit | DA16: =IFERROR(VLOOKUP($R16,$A$13:$D$30,-DA$12,FALSE),"") -> Bijih | DB16: =IFERROR(VLOOKUP($R16,$A$13:$D$30,-DB$12,FALSE),"") -> Ton | DC16: =DC52+DC88+DC124+DC160 -> 0 | DD16: =DE16/DC16*1000000 -> #DIV/0! | DE16: =DE52+DE88+DE124+DE160 -> 0 | DG16: =IFERROR(+DE16*DF16,"") -> 0 | DK16: =IFERROR(+(IF(DE16="","0",DE16))+(IF(DG16="","0",DG16))+(IF(DJ16="","0",DJ16)),"") -> 0 | DL16: =CU16 -> 0.46044713 | DM16: =IFERROR(+DL16*(DK16-DJ16),"") -> 0 | DN16: =IFERROR(+(IF(DK16="","0",DK16))-(IF(DM16="","0",DM16)),"") -> 0 | DP16: =DP15+1 -> 4 | DQ16: =IFERROR(VLOOKUP($R16,$A$13:$D$30,-DQ$12,FALSE),"") -> Bauksit | DR16: =IFERROR(VLOOKUP($R16,$A$13:$D$30,-DR$12,FALSE),"") -> Bijih | DS16: =IFERROR(VLOOKUP($R16,$A$13:$D$30,-DS$12,FALSE),"") -> Ton | DT16: =DT52+DT88+DT124+DT160 -> 0 | DU16: =DV16/DT16*1000000 -> #DIV/0! | DV16: =DV52+DV88+DV124+DV160 -> 0 | DX16: =IFERROR(+DV16*DW16,"") -> 0 | EB16: =IFERROR(+(IF(DV16="","0",DV16))+(IF(DX16="","0",DX16))+(IF(EA16="","0",EA16)),"") -> 0 | EC16: =DL16 -> 0.46044713 | ED16: =IFERROR(+EC16*(EB16-EA16),"") -> 0 | EE16: =IFERROR(+(IF(EB16="","0",EB16))-(IF(ED16="","0",ED16)),"") -> 0 | EG16: =EG15+1 -> 4 | EH16: =IFERROR(VLOOKUP($R16,$A$13:$D$30,-EH$12,FALSE),"") -> Bauksit | EI16: =IFERROR(VLOOKUP($R16,$A$13:$D$30,-EI$12,FALSE),"") -> Bijih | EJ16: =IFERROR(VLOOKUP($R16,$A$13:$D$30,-EJ$12,FALSE),"") -> Ton | EK16: =EK52+EK88+EK124+EK160 -> 0 | EL16: =EM16/EK16*1000000 -> #DIV/0! | EM16: =EM52+EM88+EM124+EM160 -> 0 | EO16: =IFERROR(+EM16*EN16,"") -> 0 | ES16: =IFERROR(+(IF(EM16="","0",EM16))+(IF(EO16="","0",EO16))+(IF(ER16="","0",ER16)),"") -> 0 | ET16: =EC16 -> 0.46044713 | EU16: =IFERROR(+ET16*(ES16-ER16),"") -> 0 | EV16: =IFERROR(+(IF(ES16="","0",ES16))-(IF(EU16="","0",EU16)),"") -> 0 | EX16: =EX15+1 -> 4 | EY16: =IFERROR(VLOOKUP($R16,$A$13:$D$30,-EY$12,FALSE),"") -> Bauksit | EZ16: =IFERROR(VLOOKUP($R16,$A$13:$D$30,-EZ$12,FALSE),"") -> Bijih | FA16: =IFERROR(VLOOKUP($R16,$A$13:$D$30,-FA$12,FALSE),"") -> Ton | FB16: =FB52+FB88+FB124+FB160 -> 0 | FC16: =FD16/FB16*1000000 -> #DIV/0! | FD16: =FD52+FD88+FD124+FD160 -> 0 | FF16: =IFERROR(+FD16*FE16,"") -> 0 | FJ16: =IFERROR(+(IF(FD16="","0",FD16))+(IF(FF16="","0",FF16))+(IF(FI16="","0",FI16)),"") -> 0 | FK16: =ET16 -> 0.46044713 | FL16: =IFERROR(+FK16*(FJ16-FI16),"") -> 0 | FM16: =IFERROR(+(IF(FJ16="","0",FJ16))-(IF(FL16="","0",FL16)),"") -> 0 | FO16: =FO15+1 -> 4 | FP16: =IFERROR(VLOOKUP($R16,$A$13:$D$30,-FP$12,FALSE),"") -> Bauksit | FQ16: =IFERROR(VLOOKUP($R16,$A$13:$D$30,-FQ$12,FALSE),"") -> Bijih | FR16: =IFERROR(VLOOKUP($R16,$A$13:$D$30,-FR$12,FALSE),"") -> Ton | FS16: =FS52+FS88+FS124+FS160 -> 0 | FT16: =FU16/FS16*1000000 -> #DIV/0! | FU16: =FU52+FU88+FU124+FU160 -> 0 | FW16: =IFERROR(+FU16*FV16,"") -> 0 | GA16: =IFERROR(+(IF(FU16="","0",FU16))+(IF(FW16="","0",FW16))+(IF(FZ16="","0",FZ16)),"") -> 0 | GB16: =FK16 -> 0.46044713 | GC16: =IFERROR(+GB16*(GA16-FZ16),"") -> 0 | GD16: =IFERROR(+(IF(GA16="","0",GA16))-(IF(GC16="","0",GC16)),"") -> 0 | GF16: =GF15+1 -> 4 | GG16: =IFERROR(VLOOKUP($R16,$A$13:$D$30,-GG$12,FALSE),"") -> Bauksit | GH16: =IFERROR(VLOOKUP($R16,$A$13:$D$30,-GH$12,FALSE),"") -> Bijih | GI16: =IFERROR(VLOOKUP($R16,$A$13:$D$30,-GI$12,FALSE),"") -> Ton | GJ16: =GJ52+GJ88+GJ124+GJ160 -> 0 | GK16: =GL16/GJ16*1000000 -> #DIV/0! | GL16: =GL52+GL88+GL124+GL160 -> 0 | GN16: =IFERROR(+GL16*GM16,"") -> 0 | GR16: =IFERROR(+(IF(GL16="","0",GL16))+(IF(GN16="","0",GN16))+(IF(GQ16="","0",GQ16)),"") -> 0 | GS16: =GB16 -> 0.46044713 | GT16: =IFERROR(+GS16*(GR16-GQ16),"") -> 0 | GU16: =IFERROR(+(IF(GR16="","0",GR16))-(IF(GT16="","0",GT16)),"") -> 0 | GW16: =GW15+1 -> 4 | GX16: =IFERROR(VLOOKUP($R16,$A$13:$D$30,-GX$12,FALSE),"") -> Bauksit | GY16: =IFERROR(VLOOKUP($R16,$A$13:$D$30,-GY$12,FALSE),"") -> Bijih | GZ16: =IFERROR(VLOOKUP($R16,$A$13:$D$30,-GZ$12,FALSE),"") -> Ton | HA16: =HA52+HA88+HA124+HA160 -> 0 | HB16: =HC16/HA16*1000000 -> #DIV/0! | HC16: =HC52+HC88+HC124+HC160 -> 0 | HE16: =IFERROR(+HC16*HD16,"") -> 0 | HI16: =IFERROR(+(IF(HC16="","0",HC16))+(IF(HE16="","0",HE16))+(IF(HH16="","0",HH16)),"") -> 0 | HJ16: =GS16 -> 0.46044713 | HK16: =IFERROR(+HJ16*(HI16-HH16),"") -> 0 | HL16: =IFERROR(+(IF(HI16="","0",HI16))-(IF(HK16="","0",HK16)),"") -> 0 | HN16: =HN15+1 -> 4 | HO16: =IFERROR(VLOOKUP($R16,$A$13:$D$30,-HO$12,FALSE),"") -> Bauksit | HP16: =IFERROR(VLOOKUP($R16,$A$13:$D$30,-HP$12,FALSE),"") -> Bijih | HQ16: =IFERROR(VLOOKUP($R16,$A$13:$D$30,-HQ$12,FALSE),"") -> Ton | HR16: =HR52+HR88+HR124+HR160 -> 0 | HS16: =HT16/HR16*1000000 -> #DIV/0! | HT16: =HT52+HT88+HT124+HT160 -> 0 | HV16: =IFERROR(+HT16*HU16,"") -> 0 | HZ16: =IFERROR(+(IF(HT16="","0",HT16))+(IF(HV16="","0",HV16))+(IF(HY16="","0",HY16)),"") -> 0 | IA16: =HJ16 -> 0.46044713 | IB16: =IFERROR(+IA16*(HZ16-HY16),"") -> 0 | IC16: =IFERROR(+(IF(HZ16="","0",HZ16))-(IF(IB16="","0",IB16)),"") -> 0 | IE16: =IE15+1 -> 4 | IF16: =IFERROR(VLOOKUP($R16,$A$13:$D$30,-IF$12,FALSE),"") -> Bauksit | IG16: =IFERROR(VLOOKUP($R16,$A$13:$D$30,-IG$12,FALSE),"") -> Bijih | IH16: =IFERROR(VLOOKUP($R16,$A$13:$D$30,-IH$12,FALSE),"") -> Ton | II16: =II52+II88+II124+II160 -> 0 | IJ16: =IK16/II16*1000000 -> #DIV/0! | IK16: =IK52+IK88+IK124+IK160 -> 0 | IM16: =IFERROR(+IK16*IL16,"") -> 0 | IQ16: =IFERROR(+(IF(IK16="","0",IK16))+(IF(IM16="","0",IM16))+(IF(IP16="","0",IP16)),"") -> 0 | IR16: =IA16 -> 0.46044713 | IS16: =IFERROR(+IR16*(IQ16-IP16),"") -> 0 | IT16: =IFERROR(+(IF(IQ16="","0",IQ16))-(IF(IS16="","0",IS16)),"") -> 0 | IV16: =IV15+1 -> 4 | IW16: =IFERROR(VLOOKUP($R16,$A$13:$D$30,-IW$12,FALSE),"") -> Bauksit | IX16: =IFERROR(VLOOKUP($R16,$A$13:$D$30,-IX$12,FALSE),"") -> Bijih | IY16: =IFERROR(VLOOKUP($R16,$A$13:$D$30,-IY$12,FALSE),"") -> Ton | IZ16: =IZ52+IZ88+IZ124+IZ160 -> 0 | JA16: =JB16/IZ16*1000000 -> #DIV/0! | JB16: =JB52+JB88+JB124+JB160 -> 0 | JD16: =IFERROR(+JB16*JC16,"") -> 0 | JH16: =IFERROR(+(IF(JB16="","0",JB16))+(IF(JD16="","0",JD16))+(IF(JG16="","0",JG16)),"") -> 0 | JI16: =IR16 -> 0.46044713 | JJ16: =IFERROR(+JI16*(JH16-JG16),"") -> 0 | JK16: =IFERROR(+(IF(JH16="","0",JH16))-(IF(JJ16="","0",JJ16)),"") -> 0 | JM16: =JM15+1 -> 4 | JN16: =IFERROR(VLOOKUP($R16,$A$13:$D$30,-JN$12,FALSE),"") -> Bauksit | JO16: =IFERROR(VLOOKUP($R16,$A$13:$D$30,-JO$12,FALSE),"") -> Bijih | JP16: =IFERROR(VLOOKUP($R16,$A$13:$D$30,-JP$12,FALSE),"") -> Ton | JQ16: =JQ52+JQ88+JQ124+JQ160 -> 0 | JR16: =JS16/JQ16*1000000 -> #DIV/0! | JS16: =JS52+JS88+JS124+JS160 -> 0 | JU16: =IFERROR(+JS16*JT16,"") -> 0 | JY16: =IFERROR(+(IF(JS16="","0",JS16))+(IF(JU16="","0",JU16))+(IF(JX16="","0",JX16)),"") -> 0 | JZ16: =JI16 -> 0.46044713 | KA16: =IFERROR(+JZ16*(JY16-JX16),"") -> 0 | KB16: =IFERROR(+(IF(JY16="","0",JY16))-(IF(KA16="","0",KA16)),"") -> 0 | KD16: =KD15+1 -> 4 | KE16: =IFERROR(VLOOKUP($R16,$A$13:$D$30,-KE$12,FALSE),"") -> Bauksit | KF16: =IFERROR(VLOOKUP($R16,$A$13:$D$30,-KF$12,FALSE),"") -> Bijih | KG16: =IFERROR(VLOOKUP($R16,$A$13:$D$30,-KG$12,FALSE),"") -> Ton | KH16: =KH52+KH88+KH124+KH160 -> 0 | KI16: =KJ16/KH16*1000000 -> #DIV/0! | KJ16: =KJ52+KJ88+KJ124+KJ160 -> 0 | KL16: =IFERROR(+KJ16*KK16,"") -> 0 | KP16: =IFERROR(+(IF(KJ16="","0",KJ16))+(IF(KL16="","0",KL16))+(IF(KO16="","0",KO16)),"") -> 0 | KQ16: =JZ16 -> 0.46044713 | KR16: =IFERROR(+KQ16*(KP16-KO16),"") -> 0 | KS16: =IFERROR(+(IF(KP16="","0",KP16))-(IF(KR16="","0",KR16)),"") -> 0
A17: =A16+1 -> 5 | B17: =IFERROR(VLOOKUP($R17,ADHK!$A$13:$D$30,-B$12,FALSE),"") -> Bijih Nikel | C17: =IFERROR(VLOOKUP($R17,ADHK!$A$13:$D$30,-C$12,FALSE),"") -> Bijih | D17: =IFERROR(VLOOKUP($R17,ADHK!$A$13:$D$30,-D$12,FALSE),"") -> WMT | E17: =E53+E89+E125+E161 -> 0 | F17: =G17/E17*1000000 -> #DIV/0! | G17: =G53+G89+G125+G161 -> 0 | I17: =IFERROR(+G17*H17,"") -> 0 | M17: =IFERROR(+(IF(G17="","0",G17))+(IF(I17="","0",I17))+(IF(L17="","0",L17)),"") -> 0 | N17: =ADHK!N17 -> 0.46044713 | O17: =IFERROR(+N17*(M17-L17),"") -> 0 | P17: =IFERROR(+(IF(M17="","0",M17))-(IF(O17="","0",O17)),"") -> 0 | R17: =R16+1 -> 5 | S17: =IFERROR(VLOOKUP($R17,$A$13:$D$30,-S$12,FALSE),"") -> Bijih Nikel | T17: =IFERROR(VLOOKUP($R17,$A$13:$D$30,-T$12,FALSE),"") -> Bijih | U17: =IFERROR(VLOOKUP($R17,$A$13:$D$30,-U$12,FALSE),"") -> WMT | V17: =V53+V89+V125+V161 -> 0 | W17: =X17/V17*1000000 -> #DIV/0! | X17: =X53+X89+X125+X161 -> 0 | Z17: =IFERROR(+X17*Y17,"") -> 0 | AD17: =IFERROR(+(IF(X17="","0",X17))+(IF(Z17="","0",Z17))+(IF(AC17="","0",AC17)),"") -> 0 | AE17: =N17 -> 0.46044713 | AF17: =IFERROR(+AE17*(AD17-AC17),"") -> 0 | AG17: =IFERROR(+(IF(AD17="","0",AD17))-(IF(AF17="","0",AF17)),"") -> 0 | AI17: =AI16+1 -> 5 | AJ17: =IFERROR(VLOOKUP($R17,$A$13:$D$30,-AJ$12,FALSE),"") -> Bijih Nikel | AK17: =IFERROR(VLOOKUP($R17,$A$13:$D$30,-AK$12,FALSE),"") -> Bijih | AL17: =IFERROR(VLOOKUP($R17,$A$13:$D$30,-AL$12,FALSE),"") -> WMT | AM17: =AM53+AM89+AM125+AM161 -> 0 | AN17: =AO17/AM17*1000000 -> #DIV/0! | AO17: =AO53+AO89+AO125+AO161 -> 0 | AQ17: =IFERROR(+AO17*AP17,"") -> 0 | AU17: =IFERROR(+(IF(AO17="","0",AO17))+(IF(AQ17="","0",AQ17))+(IF(AT17="","0",AT17)),"") -> 0 | AV17: =AE17 -> 0.46044713 | AW17: =IFERROR(+AV17*(AU17-AT17),"") -> 0 | AX17: =IFERROR(+(IF(AU17="","0",AU17))-(IF(AW17="","0",AW17)),"") -> 0 | AZ17: =AZ16+1 -> 5 | BA17: =IFERROR(VLOOKUP($R17,$A$13:$D$30,-BA$12,FALSE),"") -> Bijih Nikel | BB17: =IFERROR(VLOOKUP($R17,$A$13:$D$30,-BB$12,FALSE),"") -> Bijih | BC17: =IFERROR(VLOOKUP($R17,$A$13:$D$30,-BC$12,FALSE),"") -> WMT | BD17: =BD53+BD89+BD125+BD161 -> 0 | BE17: =BF17/BD17*1000000 -> #DIV/0! | BF17: =BF53+BF89+BF125+BF161 -> 0 | BH17: =IFERROR(+BF17*BG17,"") -> 0 | BL17: =IFERROR(+(IF(BF17="","0",BF17))+(IF(BH17="","0",BH17))+(IF(BK17="","0",BK17)),"") -> 0 | BM17: =AV17 -> 0.46044713 | BN17: =IFERROR(+BM17*(BL17-BK17),"") -> 0 | BO17: =IFERROR(+(IF(BL17="","0",BL17))-(IF(BN17="","0",BN17)),"") -> 0 | BQ17: =BQ16+1 -> 5 | BR17: =IFERROR(VLOOKUP($R17,$A$13:$D$30,-BR$12,FALSE),"") -> Bijih Nikel | BS17: =IFERROR(VLOOKUP($R17,$A$13:$D$30,-BS$12,FALSE),"") -> Bijih | BT17: =IFERROR(VLOOKUP($R17,$A$13:$D$30,-BT$12,FALSE),"") -> WMT | BU17: =BU53+BU89+BU125+BU161 -> 0 | BV17: =BW17/BU17*1000000 -> #DIV/0! | BW17: =BW53+BW89+BW125+BW161 -> 0 | BY17: =IFERROR(+BW17*BX17,"") -> 0 | CC17: =IFERROR(+(IF(BW17="","0",BW17))+(IF(BY17="","0",BY17))+(IF(CB17="","0",CB17)),"") -> 0 | CD17: =BM17 -> 0.46044713 | CE17: =IFERROR(+CD17*(CC17-CB17),"") -> 0 | CF17: =IFERROR(+(IF(CC17="","0",CC17))-(IF(CE17="","0",CE17)),"") -> 0 | CH17: =CH16+1 -> 5 | CI17: =IFERROR(VLOOKUP($R17,$A$13:$D$30,-CI$12,FALSE),"") -> Bijih Nikel | CJ17: =IFERROR(VLOOKUP($R17,$A$13:$D$30,-CJ$12,FALSE),"") -> Bijih | CK17: =IFERROR(VLOOKUP($R17,$A$13:$D$30,-CK$12,FALSE),"") -> WMT | CL17: =CL53+CL89+CL125+CL161 -> 0 | CM17: =CN17/CL17*1000000 -> #DIV/0! | CN17: =CN53+CN89+CN125+CN161 -> 0 | CP17: =IFERROR(+CN17*CO17,"") -> 0 | CT17: =IFERROR(+(IF(CN17="","0",CN17))+(IF(CP17="","0",CP17))+(IF(CS17="","0",CS17)),"") -> 0 | CU17: =CD17 -> 0.46044713 | CV17: =IFERROR(+CU17*(CT17-CS17),"") -> 0 | CW17: =IFERROR(+(IF(CT17="","0",CT17))-(IF(CV17="","0",CV17)),"") -> 0 | CY17: =CY16+1 -> 5 | CZ17: =IFERROR(VLOOKUP($R17,$A$13:$D$30,-CZ$12,FALSE),"") -> Bijih Nikel | DA17: =IFERROR(VLOOKUP($R17,$A$13:$D$30,-DA$12,FALSE),"") -> Bijih | DB17: =IFERROR(VLOOKUP($R17,$A$13:$D$30,-DB$12,FALSE),"") -> WMT | DC17: =DC53+DC89+DC125+DC161 -> 0 | DD17: =DE17/DC17*1000000 -> #DIV/0! | DE17: =DE53+DE89+DE125+DE161 -> 0 | DG17: =IFERROR(+DE17*DF17,"") -> 0 | DK17: =IFERROR(+(IF(DE17="","0",DE17))+(IF(DG17="","0",DG17))+(IF(DJ17="","0",DJ17)),"") -> 0 | DL17: =CU17 -> 0.46044713 | DM17: =IFERROR(+DL17*(DK17-DJ17),"") -> 0 | DN17: =IFERROR(+(IF(DK17="","0",DK17))-(IF(DM17="","0",DM17)),"") -> 0 | DP17: =DP16+1 -> 5 | DQ17: =IFERROR(VLOOKUP($R17,$A$13:$D$30,-DQ$12,FALSE),"") -> Bijih Nikel | DR17: =IFERROR(VLOOKUP($R17,$A$13:$D$30,-DR$12,FALSE),"") -> Bijih | DS17: =IFERROR(VLOOKUP($R17,$A$13:$D$30,-DS$12,FALSE),"") -> WMT | DT17: =DT53+DT89+DT125+DT161 -> 0 | DU17: =DV17/DT17*1000000 -> #DIV/0! | DV17: =DV53+DV89+DV125+DV161 -> 0 | DX17: =IFERROR(+DV17*DW17,"") -> 0 | EB17: =IFERROR(+(IF(DV17="","0",DV17))+(IF(DX17="","0",DX17))+(IF(EA17="","0",EA17)),"") -> 0 | EC17: =DL17 -> 0.46044713 | ED17: =IFERROR(+EC17*(EB17-EA17),"") -> 0 | EE17: =IFERROR(+(IF(EB17="","0",EB17))-(IF(ED17="","0",ED17)),"") -> 0 | EG17: =EG16+1 -> 5 | EH17: =IFERROR(VLOOKUP($R17,$A$13:$D$30,-EH$12,FALSE),"") -> Bijih Nikel | EI17: =IFERROR(VLOOKUP($R17,$A$13:$D$30,-EI$12,FALSE),"") -> Bijih | EJ17: =IFERROR(VLOOKUP($R17,$A$13:$D$30,-EJ$12,FALSE),"") -> WMT | EK17: =EK53+EK89+EK125+EK161 -> 0 | EL17: =EM17/EK17*1000000 -> #DIV/0! | EM17: =EM53+EM89+EM125+EM161 -> 0 | EO17: =IFERROR(+EM17*EN17,"") -> 0 | ES17: =IFERROR(+(IF(EM17="","0",EM17))+(IF(EO17="","0",EO17))+(IF(ER17="","0",ER17)),"") -> 0 | ET17: =EC17 -> 0.46044713 | EU17: =IFERROR(+ET17*(ES17-ER17),"") -> 0 | EV17: =IFERROR(+(IF(ES17="","0",ES17))-(IF(EU17="","0",EU17)),"") -> 0 | EX17: =EX16+1 -> 5 | EY17: =IFERROR(VLOOKUP($R17,$A$13:$D$30,-EY$12,FALSE),"") -> Bijih Nikel | EZ17: =IFERROR(VLOOKUP($R17,$A$13:$D$30,-EZ$12,FALSE),"") -> Bijih | FA17: =IFERROR(VLOOKUP($R17,$A$13:$D$30,-FA$12,FALSE),"") -> WMT | FB17: =FB53+FB89+FB125+FB161 -> 0 | FC17: =FD17/FB17*1000000 -> #DIV/0! | FD17: =FD53+FD89+FD125+FD161 -> 0 | FF17: =IFERROR(+FD17*FE17,"") -> 0 | FJ17: =IFERROR(+(IF(FD17="","0",FD17))+(IF(FF17="","0",FF17))+(IF(FI17="","0",FI17)),"") -> 0 | FK17: =ET17 -> 0.46044713 | FL17: =IFERROR(+FK17*(FJ17-FI17),"") -> 0 | FM17: =IFERROR(+(IF(FJ17="","0",FJ17))-(IF(FL17="","0",FL17)),"") -> 0 | FO17: =FO16+1 -> 5 | FP17: =IFERROR(VLOOKUP($R17,$A$13:$D$30,-FP$12,FALSE),"") -> Bijih Nikel | FQ17: =IFERROR(VLOOKUP($R17,$A$13:$D$30,-FQ$12,FALSE),"") -> Bijih | FR17: =IFERROR(VLOOKUP($R17,$A$13:$D$30,-FR$12,FALSE),"") -> WMT | FS17: =FS53+FS89+FS125+FS161 -> 20174613 | FT17: =FU17/FS17*1000000 -> 276207.21 | FU17: =FU53+FU89+FU125+FU161 -> 5572373.5 | FW17: =IFERROR(+FU17*FV17,"") -> 0 | GA17: =IFERROR(+(IF(FU17="","0",FU17))+(IF(FW17="","0",FW17))+(IF(FZ17="","0",FZ17)),"") -> 5572373.5 | GB17: =FK17 -> 0.46044713 | GC17: =IFERROR(+GB17*(GA17-FZ17),"") -> 2565783.4 | GD17: =IFERROR(+(IF(GA17="","0",GA17))-(IF(GC17="","0",GC17)),"") -> 3006590.2 | GF17: =GF16+1 -> 5 | GG17: =IFERROR(VLOOKUP($R17,$A$13:$D$30,-GG$12,FALSE),"") -> Bijih Nikel | GH17: =IFERROR(VLOOKUP($R17,$A$13:$D$30,-GH$12,FALSE),"") -> Bijih | GI17: =IFERROR(VLOOKUP($R17,$A$13:$D$30,-GI$12,FALSE),"") -> WMT | GJ17: =GJ53+GJ89+GJ125+GJ161 -> 22956838 | GK17: =GL17/GJ17*1000000 -> 312703.4 | GL17: =GL53+GL89+GL125+GL161 -> 7178681.4 | GN17: =IFERROR(+GL17*GM17,"") -> 0 | GR17: =IFERROR(+(IF(GL17="","0",GL17))+(IF(GN17="","0",GN17))+(IF(GQ17="","0",GQ17)),"") -> 7178681.4 | GS17: =GB17 -> 0.46044713 | GT17: =IFERROR(+GS17*(GR17-GQ17),"") -> 3305403.2 | GU17: =IFERROR(+(IF(GR17="","0",GR17))-(IF(GT17="","0",GT17)),"") -> 3873278.2 | GW17: =GW16+1 -> 5 | GX17: =IFERROR(VLOOKUP($R17,$A$13:$D$30,-GX$12,FALSE),"") -> Bijih Nikel | GY17: =IFERROR(VLOOKUP($R17,$A$13:$D$30,-GY$12,FALSE),"") -> Bijih | GZ17: =IFERROR(VLOOKUP($R17,$A$13:$D$30,-GZ$12,FALSE),"") -> WMT | HA17: =HA53+HA89+HA125+HA161 -> 30166799 | HB17: =HC17/HA17*1000000 -> 210371.74 | HC17: =HC53+HC89+HC125+HC161 -> 6346242.1 | HE17: =IFERROR(+HC17*HD17,"") -> 0 | HI17: =IFERROR(+(IF(HC17="","0",HC17))+(IF(HE17="","0",HE17))+(IF(HH17="","0",HH17)),"") -> 6346242.1 | HJ17: =GS17 -> 0.46044713 | HK17: =IFERROR(+HJ17*(HI17-HH17),"") -> 2922108.9 | HL17: =IFERROR(+(IF(HI17="","0",HI17))-(IF(HK17="","0",HK17)),"") -> 3424133.2 | HN17: =HN16+1 -> 5 | HO17: =IFERROR(VLOOKUP($R17,$A$13:$D$30,-HO$12,FALSE),"") -> Bijih Nikel | HP17: =IFERROR(VLOOKUP($R17,$A$13:$D$30,-HP$12,FALSE),"") -> Bijih | HQ17: =IFERROR(VLOOKUP($R17,$A$13:$D$30,-HQ$12,FALSE),"") -> WMT | HR17: =HR53+HR89+HR125+HR161 -> 43202622 | HS17: =HT17/HR17*1000000 -> 246473.63 | HT17: =HT53+HT89+HT125+HT161 -> 10648307 | HV17: =IFERROR(+HT17*HU17,"") -> 0 | HZ17: =IFERROR(+(IF(HT17="","0",HT17))+(IF(HV17="","0",HV17))+(IF(HY17="","0",HY17)),"") -> 10648307 | IA17: =HJ17 -> 0.46044713 | IB17: =IFERROR(+IA17*(HZ17-HY17),"") -> 4902982.5 | IC17: =IFERROR(+(IF(HZ17="","0",HZ17))-(IF(IB17="","0",IB17)),"") -> 5745324.8 | IE17: =IE16+1 -> 5 | IF17: =IFERROR(VLOOKUP($R17,$A$13:$D$30,-IF$12,FALSE),"") -> Bijih Nikel | IG17: =IFERROR(VLOOKUP($R17,$A$13:$D$30,-IG$12,FALSE),"") -> Bijih | IH17: =IFERROR(VLOOKUP($R17,$A$13:$D$30,-IH$12,FALSE),"") -> WMT | II17: =II53+II89+II125+II161 -> 72858506 | IJ17: =IK17/II17*1000000 -> 223597.92 | IK17: =IK53+IK89+IK125+IK161 -> 16291010 | IM17: =IFERROR(+IK17*IL17,"") -> 0 | IQ17: =IFERROR(+(IF(IK17="","0",IK17))+(IF(IM17="","0",IM17))+(IF(IP17="","0",IP17)),"") -> 16291010 | IR17: =IA17 -> 0.46044713 | IS17: =IFERROR(+IR17*(IQ17-IP17),"") -> 7501148.9 | IT17: =IFERROR(+(IF(IQ17="","0",IQ17))-(IF(IS17="","0",IS17)),"") -> 8789861.4 | IV17: =IV16+1 -> 5 | IW17: =IFERROR(VLOOKUP($R17,$A$13:$D$30,-IW$12,FALSE),"") -> Bijih Nikel | IX17: =IFERROR(VLOOKUP($R17,$A$13:$D$30,-IX$12,FALSE),"") -> Bijih | IY17: =IFERROR(VLOOKUP($R17,$A$13:$D$30,-IY$12,FALSE),"") -> WMT | IZ17: =IZ53+IZ89+IZ125+IZ161 -> 89815551 | JA17: =JB17/IZ17*1000000 -> 205569.09 | JB17: =JB53+JB89+JB125+JB161 -> 18463301 | JD17: =IFERROR(+JB17*JC17,"") -> 0 | JH17: =IFERROR(+(IF(JB17="","0",JB17))+(IF(JD17="","0",JD17))+(IF(JG17="","0",JG17)),"") -> 18463301 | JI17: =IR17 -> 0.46044713 | JJ17: =IFERROR(+JI17*(JH17-JG17),"") -> 8501373.8 | JK17: =IFERROR(+(IF(JH17="","0",JH17))-(IF(JJ17="","0",JJ17)),"") -> 9961927 | JM17: =JM16+1 -> 5 | JN17: =IFERROR(VLOOKUP($R17,$A$13:$D$30,-JN$12,FALSE),"") -> Bijih Nikel | JO17: =IFERROR(VLOOKUP($R17,$A$13:$D$30,-JO$12,FALSE),"") -> Bijih | JP17: =IFERROR(VLOOKUP($R17,$A$13:$D$30,-JP$12,FALSE),"") -> WMT | JQ17: =JQ53+JQ89+JQ125+JQ161 -> 21210240 | JR17: =JS17/JQ17*1000000 -> 222937.33 | JS17: =JS53+JS89+JS125+JS161 -> 4728554.4 | JU17: =IFERROR(+JS17*JT17,"") -> 0 | JY17: =IFERROR(+(IF(JS17="","0",JS17))+(IF(JU17="","0",JU17))+(IF(JX17="","0",JX17)),"") -> 4728554.4 | JZ17: =JI17 -> 0.46044713 | KA17: =IFERROR(+JZ17*(JY17-JX17),"") -> 2177249.3 | KB17: =IFERROR(+(IF(JY17="","0",JY17))-(IF(KA17="","0",KA17)),"") -> 2551305.1 | KD17: =KD16+1 -> 5 | KE17: =IFERROR(VLOOKUP($R17,$A$13:$D$30,-KE$12,FALSE),"") -> Bijih Nikel | KF17: =IFERROR(VLOOKUP($R17,$A$13:$D$30,-KF$12,FALSE),"") -> Bijih | KG17: =IFERROR(VLOOKUP($R17,$A$13:$D$30,-KG$12,FALSE),"") -> WMT | KH17: =KH53+KH89+KH125+KH161 -> 0 | KI17: =KJ17/KH17*1000000 -> #DIV/0! | KJ17: =KJ53+KJ89+KJ125+KJ161 -> 0 | KL17: =IFERROR(+KJ17*KK17,"") -> 0 | KP17: =IFERROR(+(IF(KJ17="","0",KJ17))+(IF(KL17="","0",KL17))+(IF(KO17="","0",KO17)),"") -> 0 | KQ17: =JZ17 -> 0.46044713 | KR17: =IFERROR(+KQ17*(KP17-KO17),"") -> 0 | KS17: =IFERROR(+(IF(KP17="","0",KP17))-(IF(KR17="","0",KR17)),"") -> 0
A18: =A17+1 -> 6 | B18: =IFERROR(VLOOKUP($R18,ADHK!$A$13:$D$30,-B$12,FALSE),"") -> Pasir Besi | C18: =IFERROR(VLOOKUP($R18,ADHK!$A$13:$D$30,-C$12,FALSE),"") -> Bijih | D18: =IFERROR(VLOOKUP($R18,ADHK!$A$13:$D$30,-D$12,FALSE),"") -> Ton | E18: =E54+E90+E126+E162 -> 0 | F18: =G18/E18*1000000 -> #DIV/0! | G18: =G54+G90+G126+G162 -> 0 | I18: =IFERROR(+G18*H18,"") -> 0 | M18: =IFERROR(+(IF(G18="","0",G18))+(IF(I18="","0",I18))+(IF(L18="","0",L18)),"") -> 0 | N18: =ADHK!N18 -> 0.46044713 | O18: =IFERROR(+N18*(M18-L18),"") -> 0 | P18: =IFERROR(+(IF(M18="","0",M18))-(IF(O18="","0",O18)),"") -> 0 | R18: =R17+1 -> 6 | S18: =IFERROR(VLOOKUP($R18,$A$13:$D$30,-S$12,FALSE),"") -> Pasir Besi | T18: =IFERROR(VLOOKUP($R18,$A$13:$D$30,-T$12,FALSE),"") -> Bijih | U18: =IFERROR(VLOOKUP($R18,$A$13:$D$30,-U$12,FALSE),"") -> Ton | V18: =V54+V90+V126+V162 -> 0 | W18: =X18/V18*1000000 -> #DIV/0! | X18: =X54+X90+X126+X162 -> 0 | Z18: =IFERROR(+X18*Y18,"") -> 0 | AD18: =IFERROR(+(IF(X18="","0",X18))+(IF(Z18="","0",Z18))+(IF(AC18="","0",AC18)),"") -> 0 | AE18: =N18 -> 0.46044713 | AF18: =IFERROR(+AE18*(AD18-AC18),"") -> 0 | AG18: =IFERROR(+(IF(AD18="","0",AD18))-(IF(AF18="","0",AF18)),"") -> 0 | AI18: =AI17+1 -> 6 | AJ18: =IFERROR(VLOOKUP($R18,$A$13:$D$30,-AJ$12,FALSE),"") -> Pasir Besi | AK18: =IFERROR(VLOOKUP($R18,$A$13:$D$30,-AK$12,FALSE),"") -> Bijih | AL18: =IFERROR(VLOOKUP($R18,$A$13:$D$30,-AL$12,FALSE),"") -> Ton | AM18: =AM54+AM90+AM126+AM162 -> 0 | AN18: =AO18/AM18*1000000 -> #DIV/0! | AO18: =AO54+AO90+AO126+AO162 -> 0 | AQ18: =IFERROR(+AO18*AP18,"") -> 0 | AU18: =IFERROR(+(IF(AO18="","0",AO18))+(IF(AQ18="","0",AQ18))+(IF(AT18="","0",AT18)),"") -> 0 | AV18: =AE18 -> 0.46044713 | AW18: =IFERROR(+AV18*(AU18-AT18),"") -> 0 | AX18: =IFERROR(+(IF(AU18="","0",AU18))-(IF(AW18="","0",AW18)),"") -> 0 | AZ18: =AZ17+1 -> 6 | BA18: =IFERROR(VLOOKUP($R18,$A$13:$D$30,-BA$12,FALSE),"") -> Pasir Besi | BB18: =IFERROR(VLOOKUP($R18,$A$13:$D$30,-BB$12,FALSE),"") -> Bijih | BC18: =IFERROR(VLOOKUP($R18,$A$13:$D$30,-BC$12,FALSE),"") -> Ton | BD18: =BD54+BD90+BD126+BD162 -> 0 | BE18: =BF18/BD18*1000000 -> #DIV/0! | BF18: =BF54+BF90+BF126+BF162 -> 0 | BH18: =IFERROR(+BF18*BG18,"") -> 0 | BL18: =IFERROR(+(IF(BF18="","0",BF18))+(IF(BH18="","0",BH18))+(IF(BK18="","0",BK18)),"") -> 0 | BM18: =AV18 -> 0.46044713 | BN18: =IFERROR(+BM18*(BL18-BK18),"") -> 0 | BO18: =IFERROR(+(IF(BL18="","0",BL18))-(IF(BN18="","0",BN18)),"") -> 0 | BQ18: =BQ17+1 -> 6 | BR18: =IFERROR(VLOOKUP($R18,$A$13:$D$30,-BR$12,FALSE),"") -> Pasir Besi | BS18: =IFERROR(VLOOKUP($R18,$A$13:$D$30,-BS$12,FALSE),"") -> Bijih | BT18: =IFERROR(VLOOKUP($R18,$A$13:$D$30,-BT$12,FALSE),"") -> Ton | BU18: =BU54+BU90+BU126+BU162 -> 0 | BV18: =BW18/BU18*1000000 -> #DIV/0! | BW18: =BW54+BW90+BW126+BW162 -> 0 | BY18: =IFERROR(+BW18*BX18,"") -> 0 | CC18: =IFERROR(+(IF(BW18="","0",BW18))+(IF(BY18="","0",BY18))+(IF(CB18="","0",CB18)),"") -> 0 | CD18: =BM18 -> 0.46044713 | CE18: =IFERROR(+CD18*(CC18-CB18),"") -> 0 | CF18: =IFERROR(+(IF(CC18="","0",CC18))-(IF(CE18="","0",CE18)),"") -> 0 | CH18: =CH17+1 -> 6 | CI18: =IFERROR(VLOOKUP($R18,$A$13:$D$30,-CI$12,FALSE),"") -> Pasir Besi | CJ18: =IFERROR(VLOOKUP($R18,$A$13:$D$30,-CJ$12,FALSE),"") -> Bijih | CK18: =IFERROR(VLOOKUP($R18,$A$13:$D$30,-CK$12,FALSE),"") -> Ton | CL18: =CL54+CL90+CL126+CL162 -> 0 | CM18: =CN18/CL18*1000000 -> #DIV/0! | CN18: =CN54+CN90+CN126+CN162 -> 0 | CP18: =IFERROR(+CN18*CO18,"") -> 0 | CT18: =IFERROR(+(IF(CN18="","0",CN18))+(IF(CP18="","0",CP18))+(IF(CS18="","0",CS18)),"") -> 0 | CU18: =CD18 -> 0.46044713 | CV18: =IFERROR(+CU18*(CT18-CS18),"") -> 0 | CW18: =IFERROR(+(IF(CT18="","0",CT18))-(IF(CV18="","0",CV18)),"") -> 0 | CY18: =CY17+1 -> 6 | CZ18: =IFERROR(VLOOKUP($R18,$A$13:$D$30,-CZ$12,FALSE),"") -> Pasir Besi | DA18: =IFERROR(VLOOKUP($R18,$A$13:$D$30,-DA$12,FALSE),"") -> Bijih | DB18: =IFERROR(VLOOKUP($R18,$A$13:$D$30,-DB$12,FALSE),"") -> Ton | DC18: =DC54+DC90+DC126+DC162 -> 0 | DD18: =DE18/DC18*1000000 -> #DIV/0! | DE18: =DE54+DE90+DE126+DE162 -> 0 | DG18: =IFERROR(+DE18*DF18,"") -> 0 | DK18: =IFERROR(+(IF(DE18="","0",DE18))+(IF(DG18="","0",DG18))+(IF(DJ18="","0",DJ18)),"") -> 0 | DL18: =CU18 -> 0.46044713 | DM18: =IFERROR(+DL18*(DK18-DJ18),"") -> 0 | DN18: =IFERROR(+(IF(DK18="","0",DK18))-(IF(DM18="","0",DM18)),"") -> 0 | DP18: =DP17+1 -> 6 | DQ18: =IFERROR(VLOOKUP($R18,$A$13:$D$30,-DQ$12,FALSE),"") -> Pasir Besi | DR18: =IFERROR(VLOOKUP($R18,$A$13:$D$30,-DR$12,FALSE),"") -> Bijih | DS18: =IFERROR(VLOOKUP($R18,$A$13:$D$30,-DS$12,FALSE),"") -> Ton | DT18: =DT54+DT90+DT126+DT162 -> 0 | DU18: =DV18/DT18*1000000 -> #DIV/0! | DV18: =DV54+DV90+DV126+DV162 -> 0 | DX18: =IFERROR(+DV18*DW18,"") -> 0 | EB18: =IFERROR(+(IF(DV18="","0",DV18))+(IF(DX18="","0",DX18))+(IF(EA18="","0",EA18)),"") -> 0 | EC18: =DL18 -> 0.46044713 | ED18: =IFERROR(+EC18*(EB18-EA18),"") -> 0 | EE18: =IFERROR(+(IF(EB18="","0",EB18))-(IF(ED18="","0",ED18)),"") -> 0 | EG18: =EG17+1 -> 6 | EH18: =IFERROR(VLOOKUP($R18,$A$13:$D$30,-EH$12,FALSE),"") -> Pasir Besi | EI18: =IFERROR(VLOOKUP($R18,$A$13:$D$30,-EI$12,FALSE),"") -> Bijih | EJ18: =IFERROR(VLOOKUP($R18,$A$13:$D$30,-EJ$12,FALSE),"") -> Ton | EK18: =EK54+EK90+EK126+EK162 -> 0 | EL18: =EM18/EK18*1000000 -> #DIV/0! | EM18: =EM54+EM90+EM126+EM162 -> 0 | EO18: =IFERROR(+EM18*EN18,"") -> 0 | ES18: =IFERROR(+(IF(EM18="","0",EM18))+(IF(EO18="","0",EO18))+(IF(ER18="","0",ER18)),"") -> 0 | ET18: =EC18 -> 0.46044713 | EU18: =IFERROR(+ET18*(ES18-ER18),"") -> 0 | EV18: =IFERROR(+(IF(ES18="","0",ES18))-(IF(EU18="","0",EU18)),"") -> 0 | EX18: =EX17+1 -> 6 | EY18: =IFERROR(VLOOKUP($R18,$A$13:$D$30,-EY$12,FALSE),"") -> Pasir Besi | EZ18: =IFERROR(VLOOKUP($R18,$A$13:$D$30,-EZ$12,FALSE),"") -> Bijih | FA18: =IFERROR(VLOOKUP($R18,$A$13:$D$30,-FA$12,FALSE),"") -> Ton | FB18: =FB54+FB90+FB126+FB162 -> 0 | FC18: =FD18/FB18*1000000 -> #DIV/0! | FD18: =FD54+FD90+FD126+FD162 -> 0 | FF18: =IFERROR(+FD18*FE18,"") -> 0 | FJ18: =IFERROR(+(IF(FD18="","0",FD18))+(IF(FF18="","0",FF18))+(IF(FI18="","0",FI18)),"") -> 0 | FK18: =ET18 -> 0.46044713 | FL18: =IFERROR(+FK18*(FJ18-FI18),"") -> 0 | FM18: =IFERROR(+(IF(FJ18="","0",FJ18))-(IF(FL18="","0",FL18)),"") -> 0 | FO18: =FO17+1 -> 6 | FP18: =IFERROR(VLOOKUP($R18,$A$13:$D$30,-FP$12,FALSE),"") -> Pasir Besi | FQ18: =IFERROR(VLOOKUP($R18,$A$13:$D$30,-FQ$12,FALSE),"") -> Bijih | FR18: =IFERROR(VLOOKUP($R18,$A$13:$D$30,-FR$12,FALSE),"") -> Ton | FS18: =FS54+FS90+FS126+FS162 -> 0 | FT18: =FU18/FS18*1000000 -> #DIV/0! | FU18: =FU54+FU90+FU126+FU162 -> 0 | FW18: =IFERROR(+FU18*FV18,"") -> 0 | GA18: =IFERROR(+(IF(FU18="","0",FU18))+(IF(FW18="","0",FW18))+(IF(FZ18="","0",FZ18)),"") -> 0 | GB18: =FK18 -> 0.46044713 | GC18: =IFERROR(+GB18*(GA18-FZ18),"") -> 0 | GD18: =IFERROR(+(IF(GA18="","0",GA18))-(IF(GC18="","0",GC18)),"") -> 0 | GF18: =GF17+1 -> 6 | GG18: =IFERROR(VLOOKUP($R18,$A$13:$D$30,-GG$12,FALSE),"") -> Pasir Besi | GH18: =IFERROR(VLOOKUP($R18,$A$13:$D$30,-GH$12,FALSE),"") -> Bijih | GI18: =IFERROR(VLOOKUP($R18,$A$13:$D$30,-GI$12,FALSE),"") -> Ton | GJ18: =GJ54+GJ90+GJ126+GJ162 -> 0 | GK18: =GL18/GJ18*1000000 -> #DIV/0! | GL18: =GL54+GL90+GL126+GL162 -> 0 | GN18: =IFERROR(+GL18*GM18,"") -> 0 | GR18: =IFERROR(+(IF(GL18="","0",GL18))+(IF(GN18="","0",GN18))+(IF(GQ18="","0",GQ18)),"") -> 0 | GS18: =GB18 -> 0.46044713 | GT18: =IFERROR(+GS18*(GR18-GQ18),"") -> 0 | GU18: =IFERROR(+(IF(GR18="","0",GR18))-(IF(GT18="","0",GT18)),"") -> 0 | GW18: =GW17+1 -> 6 | GX18: =IFERROR(VLOOKUP($R18,$A$13:$D$30,-GX$12,FALSE),"") -> Pasir Besi | GY18: =IFERROR(VLOOKUP($R18,$A$13:$D$30,-GY$12,FALSE),"") -> Bijih | GZ18: =IFERROR(VLOOKUP($R18,$A$13:$D$30,-GZ$12,FALSE),"") -> Ton | HA18: =HA54+HA90+HA126+HA162 -> 0 | HB18: =HC18/HA18*1000000 -> #DIV/0! | HC18: =HC54+HC90+HC126+HC162 -> 0 | HE18: =IFERROR(+HC18*HD18,"") -> 0 | HI18: =IFERROR(+(IF(HC18="","0",HC18))+(IF(HE18="","0",HE18))+(IF(HH18="","0",HH18)),"") -> 0 | HJ18: =GS18 -> 0.46044713 | HK18: =IFERROR(+HJ18*(HI18-HH18),"") -> 0 | HL18: =IFERROR(+(IF(HI18="","0",HI18))-(IF(HK18="","0",HK18)),"") -> 0 | HN18: =HN17+1 -> 6 | HO18: =IFERROR(VLOOKUP($R18,$A$13:$D$30,-HO$12,FALSE),"") -> Pasir Besi | HP18: =IFERROR(VLOOKUP($R18,$A$13:$D$30,-HP$12,FALSE),"") -> Bijih | HQ18: =IFERROR(VLOOKUP($R18,$A$13:$D$30,-HQ$12,FALSE),"") -> Ton | HR18: =HR54+HR90+HR126+HR162 -> 0 | HS18: =HT18/HR18*1000000 -> #DIV/0! | HT18: =HT54+HT90+HT126+HT162 -> 0 | HV18: =IFERROR(+HT18*HU18,"") -> 0 | HZ18: =IFERROR(+(IF(HT18="","0",HT18))+(IF(HV18="","0",HV18))+(IF(HY18="","0",HY18)),"") -> 0 | IA18: =HJ18 -> 0.46044713 | IB18: =IFERROR(+IA18*(HZ18-HY18),"") -> 0 | IC18: =IFERROR(+(IF(HZ18="","0",HZ18))-(IF(IB18="","0",IB18)),"") -> 0 | IE18: =IE17+1 -> 6 | IF18: =IFERROR(VLOOKUP($R18,$A$13:$D$30,-IF$12,FALSE),"") -> Pasir Besi | IG18: =IFERROR(VLOOKUP($R18,$A$13:$D$30,-IG$12,FALSE),"") -> Bijih | IH18: =IFERROR(VLOOKUP($R18,$A$13:$D$30,-IH$12,FALSE),"") -> Ton | II18: =II54+II90+II126+II162 -> 0 | IJ18: =IK18/II18*1000000 -> #DIV/0! | IK18: =IK54+IK90+IK126+IK162 -> 0 | IM18: =IFERROR(+IK18*IL18,"") -> 0 | IQ18: =IFERROR(+(IF(IK18="","0",IK18))+(IF(IM18="","0",IM18))+(IF(IP18="","0",IP18)),"") -> 0 | IR18: =IA18 -> 0.46044713 | IS18: =IFERROR(+IR18*(IQ18-IP18),"") -> 0 | IT18: =IFERROR(+(IF(IQ18="","0",IQ18))-(IF(IS18="","0",IS18)),"") -> 0 | IV18: =IV17+1 -> 6 | IW18: =IFERROR(VLOOKUP($R18,$A$13:$D$30,-IW$12,FALSE),"") -> Pasir Besi | IX18: =IFERROR(VLOOKUP($R18,$A$13:$D$30,-IX$12,FALSE),"") -> Bijih | IY18: =IFERROR(VLOOKUP($R18,$A$13:$D$30,-IY$12,FALSE),"") -> Ton | IZ18: =IZ54+IZ90+IZ126+IZ162 -> 0 | JA18: =JB18/IZ18*1000000 -> #DIV/0! | JB18: =JB54+JB90+JB126+JB162 -> 0 | JD18: =IFERROR(+JB18*JC18,"") -> 0 | JH18: =IFERROR(+(IF(JB18="","0",JB18))+(IF(JD18="","0",JD18))+(IF(JG18="","0",JG18)),"") -> 0 | JI18: =IR18 -> 0.46044713 | JJ18: =IFERROR(+JI18*(JH18-JG18),"") -> 0 | JK18: =IFERROR(+(IF(JH18="","0",JH18))-(IF(JJ18="","0",JJ18)),"") -> 0 | JM18: =JM17+1 -> 6 | JN18: =IFERROR(VLOOKUP($R18,$A$13:$D$30,-JN$12,FALSE),"") -> Pasir Besi | JO18: =IFERROR(VLOOKUP($R18,$A$13:$D$30,-JO$12,FALSE),"") -> Bijih | JP18: =IFERROR(VLOOKUP($R18,$A$13:$D$30,-JP$12,FALSE),"") -> Ton | JQ18: =JQ54+JQ90+JQ126+JQ162 -> 0 | JR18: =JS18/JQ18*1000000 -> #DIV/0! | JS18: =JS54+JS90+JS126+JS162 -> 0 | JU18: =IFERROR(+JS18*JT18,"") -> 0 | JY18: =IFERROR(+(IF(JS18="","0",JS18))+(IF(JU18="","0",JU18))+(IF(JX18="","0",JX18)),"") -> 0 | JZ18: =JI18 -> 0.46044713 | KA18: =IFERROR(+JZ18*(JY18-JX18),"") -> 0 | KB18: =IFERROR(+(IF(JY18="","0",JY18))-(IF(KA18="","0",KA18)),"") -> 0 | KD18: =KD17+1 -> 6 | KE18: =IFERROR(VLOOKUP($R18,$A$13:$D$30,-KE$12,FALSE),"") -> Pasir Besi | KF18: =IFERROR(VLOOKUP($R18,$A$13:$D$30,-KF$12,FALSE),"") -> Bijih | KG18: =IFERROR(VLOOKUP($R18,$A$13:$D$30,-KG$12,FALSE),"") -> Ton | KH18: =KH54+KH90+KH126+KH162 -> 0 | KI18: =KJ18/KH18*1000000 -> #DIV/0! | KJ18: =KJ54+KJ90+KJ126+KJ162 -> 0 | KL18: =IFERROR(+KJ18*KK18,"") -> 0 | KP18: =IFERROR(+(IF(KJ18="","0",KJ18))+(IF(KL18="","0",KL18))+(IF(KO18="","0",KO18)),"") -> 0 | KQ18: =JZ18 -> 0.46044713 | KR18: =IFERROR(+KQ18*(KP18-KO18),"") -> 0 | KS18: =IFERROR(+(IF(KP18="","0",KP18))-(IF(KR18="","0",KR18)),"") -> 0
A19: =A18+1 -> 7 | B19: =IFERROR(VLOOKUP($R19,ADHK!$A$13:$D$30,-B$12,FALSE),"") -> Timah | C19: =IFERROR(VLOOKUP($R19,ADHK!$A$13:$D$30,-C$12,FALSE),"") -> Bijih | D19: =IFERROR(VLOOKUP($R19,ADHK!$A$13:$D$30,-D$12,FALSE),"") -> Ton | E19: =E55+E91+E127+E163 -> 0 | F19: =G19/E19*1000000 -> #DIV/0! | G19: =G55+G91+G127+G163 -> 0 | I19: =IFERROR(+G19*H19,"") -> 0 | M19: =IFERROR(+(IF(G19="","0",G19))+(IF(I19="","0",I19))+(IF(L19="","0",L19)),"") -> 0 | N19: =ADHK!N19 -> 0.46044713 | O19: =IFERROR(+N19*(M19-L19),"") -> 0 | P19: =IFERROR(+(IF(M19="","0",M19))-(IF(O19="","0",O19)),"") -> 0 | R19: =R18+1 -> 7 | S19: =IFERROR(VLOOKUP($R19,$A$13:$D$30,-S$12,FALSE),"") -> Timah | T19: =IFERROR(VLOOKUP($R19,$A$13:$D$30,-T$12,FALSE),"") -> Bijih | U19: =IFERROR(VLOOKUP($R19,$A$13:$D$30,-U$12,FALSE),"") -> Ton | V19: =V55+V91+V127+V163 -> 0 | W19: =X19/V19*1000000 -> #DIV/0! | X19: =X55+X91+X127+X163 -> 0 | Z19: =IFERROR(+X19*Y19,"") -> 0 | AD19: =IFERROR(+(IF(X19="","0",X19))+(IF(Z19="","0",Z19))+(IF(AC19="","0",AC19)),"") -> 0 | AE19: =N19 -> 0.46044713 | AF19: =IFERROR(+AE19*(AD19-AC19),"") -> 0 | AG19: =IFERROR(+(IF(AD19="","0",AD19))-(IF(AF19="","0",AF19)),"") -> 0 | AI19: =AI18+1 -> 7 | AJ19: =IFERROR(VLOOKUP($R19,$A$13:$D$30,-AJ$12,FALSE),"") -> Timah | AK19: =IFERROR(VLOOKUP($R19,$A$13:$D$30,-AK$12,FALSE),"") -> Bijih | AL19: =IFERROR(VLOOKUP($R19,$A$13:$D$30,-AL$12,FALSE),"") -> Ton | AM19: =AM55+AM91+AM127+AM163 -> 0 | AN19: =AO19/AM19*1000000 -> #DIV/0! | AO19: =AO55+AO91+AO127+AO163 -> 0 | AQ19: =IFERROR(+AO19*AP19,"") -> 0 | AU19: =IFERROR(+(IF(AO19="","0",AO19))+(IF(AQ19="","0",AQ19))+(IF(AT19="","0",AT19)),"") -> 0 | AV19: =AE19 -> 0.46044713 | AW19: =IFERROR(+AV19*(AU19-AT19),"") -> 0 | AX19: =IFERROR(+(IF(AU19="","0",AU19))-(IF(AW19="","0",AW19)),"") -> 0 | AZ19: =AZ18+1 -> 7 | BA19: =IFERROR(VLOOKUP($R19,$A$13:$D$30,-BA$12,FALSE),"") -> Timah | BB19: =IFERROR(VLOOKUP($R19,$A$13:$D$30,-BB$12,FALSE),"") -> Bijih | BC19: =IFERROR(VLOOKUP($R19,$A$13:$D$30,-BC$12,FALSE),"") -> Ton | BD19: =BD55+BD91+BD127+BD163 -> 0 | BE19: =BF19/BD19*1000000 -> #DIV/0! | BF19: =BF55+BF91+BF127+BF163 -> 0 | BH19: =IFERROR(+BF19*BG19,"") -> 0 | BL19: =IFERROR(+(IF(BF19="","0",BF19))+(IF(BH19="","0",BH19))+(IF(BK19="","0",BK19)),"") -> 0 | BM19: =AV19 -> 0.46044713 | BN19: =IFERROR(+BM19*(BL19-BK19),"") -> 0 | BO19: =IFERROR(+(IF(BL19="","0",BL19))-(IF(BN19="","0",BN19)),"") -> 0 | BQ19: =BQ18+1 -> 7 | BR19: =IFERROR(VLOOKUP($R19,$A$13:$D$30,-BR$12,FALSE),"") -> Timah | BS19: =IFERROR(VLOOKUP($R19,$A$13:$D$30,-BS$12,FALSE),"") -> Bijih | BT19: =IFERROR(VLOOKUP($R19,$A$13:$D$30,-BT$12,FALSE),"") -> Ton | BU19: =BU55+BU91+BU127+BU163 -> 0 | BV19: =BW19/BU19*1000000 -> #DIV/0! | BW19: =BW55+BW91+BW127+BW163 -> 0 | BY19: =IFERROR(+BW19*BX19,"") -> 0 | CC19: =IFERROR(+(IF(BW19="","0",BW19))+(IF(BY19="","0",BY19))+(IF(CB19="","0",CB19)),"") -> 0 | CD19: =BM19 -> 0.46044713 | CE19: =IFERROR(+CD19*(CC19-CB19),"") -> 0 | CF19: =IFERROR(+(IF(CC19="","0",CC19))-(IF(CE19="","0",CE19)),"") -> 0 | CH19: =CH18+1 -> 7 | CI19: =IFERROR(VLOOKUP($R19,$A$13:$D$30,-CI$12,FALSE),"") -> Timah | CJ19: =IFERROR(VLOOKUP($R19,$A$13:$D$30,-CJ$12,FALSE),"") -> Bijih | CK19: =IFERROR(VLOOKUP($R19,$A$13:$D$30,-CK$12,FALSE),"") -> Ton | CL19: =CL55+CL91+CL127+CL163 -> 0 | CM19: =CN19/CL19*1000000 -> #DIV/0! | CN19: =CN55+CN91+CN127+CN163 -> 0 | CP19: =IFERROR(+CN19*CO19,"") -> 0 | CT19: =IFERROR(+(IF(CN19="","0",CN19))+(IF(CP19="","0",CP19))+(IF(CS19="","0",CS19)),"") -> 0 | CU19: =CD19 -> 0.46044713 | CV19: =IFERROR(+CU19*(CT19-CS19),"") -> 0 | CW19: =IFERROR(+(IF(CT19="","0",CT19))-(IF(CV19="","0",CV19)),"") -> 0 | CY19: =CY18+1 -> 7 | CZ19: =IFERROR(VLOOKUP($R19,$A$13:$D$30,-CZ$12,FALSE),"") -> Timah | DA19: =IFERROR(VLOOKUP($R19,$A$13:$D$30,-DA$12,FALSE),"") -> Bijih | DB19: =IFERROR(VLOOKUP($R19,$A$13:$D$30,-DB$12,FALSE),"") -> Ton | DC19: =DC55+DC91+DC127+DC163 -> 0 | DD19: =DE19/DC19*1000000 -> #DIV/0! | DE19: =DE55+DE91+DE127+DE163 -> 0 | DG19: =IFERROR(+DE19*DF19,"") -> 0 | DK19: =IFERROR(+(IF(DE19="","0",DE19))+(IF(DG19="","0",DG19))+(IF(DJ19="","0",DJ19)),"") -> 0 | DL19: =CU19 -> 0.46044713 | DM19: =IFERROR(+DL19*(DK19-DJ19),"") -> 0 | DN19: =IFERROR(+(IF(DK19="","0",DK19))-(IF(DM19="","0",DM19)),"") -> 0 | DP19: =DP18+1 -> 7 | DQ19: =IFERROR(VLOOKUP($R19,$A$13:$D$30,-DQ$12,FALSE),"") -> Timah | DR19: =IFERROR(VLOOKUP($R19,$A$13:$D$30,-DR$12,FALSE),"") -> Bijih | DS19: =IFERROR(VLOOKUP($R19,$A$13:$D$30,-DS$12,FALSE),"") -> Ton | DT19: =DT55+DT91+DT127+DT163 -> 0 | DU19: =DV19/DT19*1000000 -> #DIV/0! | DV19: =DV55+DV91+DV127+DV163 -> 0 | DX19: =IFERROR(+DV19*DW19,"") -> 0 | EB19: =IFERROR(+(IF(DV19="","0",DV19))+(IF(DX19="","0",DX19))+(IF(EA19="","0",EA19)),"") -> 0 | EC19: =DL19 -> 0.46044713 | ED19: =IFERROR(+EC19*(EB19-EA19),"") -> 0 | EE19: =IFERROR(+(IF(EB19="","0",EB19))-(IF(ED19="","0",ED19)),"") -> 0 | EG19: =EG18+1 -> 7 | EH19: =IFERROR(VLOOKUP($R19,$A$13:$D$30,-EH$12,FALSE),"") -> Timah | EI19: =IFERROR(VLOOKUP($R19,$A$13:$D$30,-EI$12,FALSE),"") -> Bijih | EJ19: =IFERROR(VLOOKUP($R19,$A$13:$D$30,-EJ$12,FALSE),"") -> Ton | EK19: =EK55+EK91+EK127+EK163 -> 0 | EL19: =EM19/EK19*1000000 -> #DIV/0! | EM19: =EM55+EM91+EM127+EM163 -> 0 | EO19: =IFERROR(+EM19*EN19,"") -> 0 | ES19: =IFERROR(+(IF(EM19="","0",EM19))+(IF(EO19="","0",EO19))+(IF(ER19="","0",ER19)),"") -> 0 | ET19: =EC19 -> 0.46044713 | EU19: =IFERROR(+ET19*(ES19-ER19),"") -> 0 | EV19: =IFERROR(+(IF(ES19="","0",ES19))-(IF(EU19="","0",EU19)),"") -> 0 | EX19: =EX18+1 -> 7 | EY19: =IFERROR(VLOOKUP($R19,$A$13:$D$30,-EY$12,FALSE),"") -> Timah | EZ19: =IFERROR(VLOOKUP($R19,$A$13:$D$30,-EZ$12,FALSE),"") -> Bijih | FA19: =IFERROR(VLOOKUP($R19,$A$13:$D$30,-FA$12,FALSE),"") -> Ton | FB19: =FB55+FB91+FB127+FB163 -> 0 | FC19: =FD19/FB19*1000000 -> #DIV/0! | FD19: =FD55+FD91+FD127+FD163 -> 0 | FF19: =IFERROR(+FD19*FE19,"") -> 0 | FJ19: =IFERROR(+(IF(FD19="","0",FD19))+(IF(FF19="","0",FF19))+(IF(FI19="","0",FI19)),"") -> 0 | FK19: =ET19 -> 0.46044713 | FL19: =IFERROR(+FK19*(FJ19-FI19),"") -> 0 | FM19: =IFERROR(+(IF(FJ19="","0",FJ19))-(IF(FL19="","0",FL19)),"") -> 0 | FO19: =FO18+1 -> 7 | FP19: =IFERROR(VLOOKUP($R19,$A$13:$D$30,-FP$12,FALSE),"") -> Timah | FQ19: =IFERROR(VLOOKUP($R19,$A$13:$D$30,-FQ$12,FALSE),"") -> Bijih | FR19: =IFERROR(VLOOKUP($R19,$A$13:$D$30,-FR$12,FALSE),"") -> Ton | FS19: =FS55+FS91+FS127+FS163 -> 0 | FT19: =FU19/FS19*1000000 -> #DIV/0! | FU19: =FU55+FU91+FU127+FU163 -> 0 | FW19: =IFERROR(+FU19*FV19,"") -> 0 | GA19: =IFERROR(+(IF(FU19="","0",FU19))+(IF(FW19="","0",FW19))+(IF(FZ19="","0",FZ19)),"") -> 0 | GB19: =FK19 -> 0.46044713 | GC19: =IFERROR(+GB19*(GA19-FZ19),"") -> 0 | GD19: =IFERROR(+(IF(GA19="","0",GA19))-(IF(GC19="","0",GC19)),"") -> 0 | GF19: =GF18+1 -> 7 | GG19: =IFERROR(VLOOKUP($R19,$A$13:$D$30,-GG$12,FALSE),"") -> Timah | GH19: =IFERROR(VLOOKUP($R19,$A$13:$D$30,-GH$12,FALSE),"") -> Bijih | GI19: =IFERROR(VLOOKUP($R19,$A$13:$D$30,-GI$12,FALSE),"") -> Ton | GJ19: =GJ55+GJ91+GJ127+GJ163 -> 0 | GK19: =GL19/GJ19*1000000 -> #DIV/0! | GL19: =GL55+GL91+GL127+GL163 -> 0 | GN19: =IFERROR(+GL19*GM19,"") -> 0 | GR19: =IFERROR(+(IF(GL19="","0",GL19))+(IF(GN19="","0",GN19))+(IF(GQ19="","0",GQ19)),"") -> 0 | GS19: =GB19 -> 0.46044713 | GT19: =IFERROR(+GS19*(GR19-GQ19),"") -> 0 | GU19: =IFERROR(+(IF(GR19="","0",GR19))-(IF(GT19="","0",GT19)),"") -> 0 | GW19: =GW18+1 -> 7 | GX19: =IFERROR(VLOOKUP($R19,$A$13:$D$30,-GX$12,FALSE),"") -> Timah | GY19: =IFERROR(VLOOKUP($R19,$A$13:$D$30,-GY$12,FALSE),"") -> Bijih | GZ19: =IFERROR(VLOOKUP($R19,$A$13:$D$30,-GZ$12,FALSE),"") -> Ton | HA19: =HA55+HA91+HA127+HA163 -> 0 | HB19: =HC19/HA19*1000000 -> #DIV/0! | HC19: =HC55+HC91+HC127+HC163 -> 0 | HE19: =IFERROR(+HC19*HD19,"") -> 0 | HI19: =IFERROR(+(IF(HC19="","0",HC19))+(IF(HE19="","0",HE19))+(IF(HH19="","0",HH19)),"") -> 0 | HJ19: =GS19 -> 0.46044713 | HK19: =IFERROR(+HJ19*(HI19-HH19),"") -> 0 | HL19: =IFERROR(+(IF(HI19="","0",HI19))-(IF(HK19="","0",HK19)),"") -> 0 | HN19: =HN18+1 -> 7 | HO19: =IFERROR(VLOOKUP($R19,$A$13:$D$30,-HO$12,FALSE),"") -> Timah | HP19: =IFERROR(VLOOKUP($R19,$A$13:$D$30,-HP$12,FALSE),"") -> Bijih | HQ19: =IFERROR(VLOOKUP($R19,$A$13:$D$30,-HQ$12,FALSE),"") -> Ton | HR19: =HR55+HR91+HR127+HR163 -> 0 | HS19: =HT19/HR19*1000000 -> #DIV/0! | HT19: =HT55+HT91+HT127+HT163 -> 0 | HV19: =IFERROR(+HT19*HU19,"") -> 0 | HZ19: =IFERROR(+(IF(HT19="","0",HT19))+(IF(HV19="","0",HV19))+(IF(HY19="","0",HY19)),"") -> 0 | IA19: =HJ19 -> 0.46044713 | IB19: =IFERROR(+IA19*(HZ19-HY19),"") -> 0 | IC19: =IFERROR(+(IF(HZ19="","0",HZ19))-(IF(IB19="","0",IB19)),"") -> 0 | IE19: =IE18+1 -> 7 | IF19: =IFERROR(VLOOKUP($R19,$A$13:$D$30,-IF$12,FALSE),"") -> Timah | IG19: =IFERROR(VLOOKUP($R19,$A$13:$D$30,-IG$12,FALSE),"") -> Bijih | IH19: =IFERROR(VLOOKUP($R19,$A$13:$D$30,-IH$12,FALSE),"") -> Ton | II19: =II55+II91+II127+II163 -> 0 | IJ19: =IK19/II19*1000000 -> #DIV/0! | IK19: =IK55+IK91+IK127+IK163 -> 0 | IM19: =IFERROR(+IK19*IL19,"") -> 0 | IQ19: =IFERROR(+(IF(IK19="","0",IK19))+(IF(IM19="","0",IM19))+(IF(IP19="","0",IP19)),"") -> 0 | IR19: =IA19 -> 0.46044713 | IS19: =IFERROR(+IR19*(IQ19-IP19),"") -> 0 | IT19: =IFERROR(+(IF(IQ19="","0",IQ19))-(IF(IS19="","0",IS19)),"") -> 0 | IV19: =IV18+1 -> 7 | IW19: =IFERROR(VLOOKUP($R19,$A$13:$D$30,-IW$12,FALSE),"") -> Timah | IX19: =IFERROR(VLOOKUP($R19,$A$13:$D$30,-IX$12,FALSE),"") -> Bijih | IY19: =IFERROR(VLOOKUP($R19,$A$13:$D$30,-IY$12,FALSE),"") -> Ton | IZ19: =IZ55+IZ91+IZ127+IZ163 -> 0 | JA19: =JB19/IZ19*1000000 -> #DIV/0! | JB19: =JB55+JB91+JB127+JB163 -> 0 | JD19: =IFERROR(+JB19*JC19,"") -> 0 | JH19: =IFERROR(+(IF(JB19="","0",JB19))+(IF(JD19="","0",JD19))+(IF(JG19="","0",JG19)),"") -> 0 | JI19: =IR19 -> 0.46044713 | JJ19: =IFERROR(+JI19*(JH19-JG19),"") -> 0 | JK19: =IFERROR(+(IF(JH19="","0",JH19))-(IF(JJ19="","0",JJ19)),"") -> 0 | JM19: =JM18+1 -> 7 | JN19: =IFERROR(VLOOKUP($R19,$A$13:$D$30,-JN$12,FALSE),"") -> Timah | JO19: =IFERROR(VLOOKUP($R19,$A$13:$D$30,-JO$12,FALSE),"") -> Bijih | JP19: =IFERROR(VLOOKUP($R19,$A$13:$D$30,-JP$12,FALSE),"") -> Ton | JQ19: =JQ55+JQ91+JQ127+JQ163 -> 0 | JR19: =JS19/JQ19*1000000 -> #DIV/0! | JS19: =JS55+JS91+JS127+JS163 -> 0 | JU19: =IFERROR(+JS19*JT19,"") -> 0 | JY19: =IFERROR(+(IF(JS19="","0",JS19))+(IF(JU19="","0",JU19))+(IF(JX19="","0",JX19)),"") -> 0 | JZ19: =JI19 -> 0.46044713 | KA19: =IFERROR(+JZ19*(JY19-JX19),"") -> 0 | KB19: =IFERROR(+(IF(JY19="","0",JY19))-(IF(KA19="","0",KA19)),"") -> 0 | KD19: =KD18+1 -> 7 | KE19: =IFERROR(VLOOKUP($R19,$A$13:$D$30,-KE$12,FALSE),"") -> Timah | KF19: =IFERROR(VLOOKUP($R19,$A$13:$D$30,-KF$12,FALSE),"") -> Bijih | KG19: =IFERROR(VLOOKUP($R19,$A$13:$D$30,-KG$12,FALSE),"") -> Ton | KH19: =KH55+KH91+KH127+KH163 -> 0 | KI19: =KJ19/KH19*1000000 -> #DIV/0! | KJ19: =KJ55+KJ91+KJ127+KJ163 -> 0 | KL19: =IFERROR(+KJ19*KK19,"") -> 0 | KP19: =IFERROR(+(IF(KJ19="","0",KJ19))+(IF(KL19="","0",KL19))+(IF(KO19="","0",KO19)),"") -> 0 | KQ19: =JZ19 -> 0.46044713 | KR19: =IFERROR(+KQ19*(KP19-KO19),"") -> 0 | KS19: =IFERROR(+(IF(KP19="","0",KP19))-(IF(KR19="","0",KR19)),"") -> 0
A20: =A19+1 -> 8 | B20: =IFERROR(VLOOKUP($R20,ADHK!$A$13:$D$30,-B$12,FALSE),"") -> Mangan | C20: =IFERROR(VLOOKUP($R20,ADHK!$A$13:$D$30,-C$12,FALSE),"") -> Bijih | D20: =IFERROR(VLOOKUP($R20,ADHK!$A$13:$D$30,-D$12,FALSE),"") -> Ton | E20: =E56+E92+E128+E164 -> 0 | F20: =G20/E20*1000000 -> #DIV/0! | G20: =G56+G92+G128+G164 -> 0 | I20: =IFERROR(+G20*H20,"") -> 0 | M20: =IFERROR(+(IF(G20="","0",G20))+(IF(I20="","0",I20))+(IF(L20="","0",L20)),"") -> 0 | N20: =ADHK!N20 -> 0.46044713 | O20: =IFERROR(+N20*(M20-L20),"") -> 0 | P20: =IFERROR(+(IF(M20="","0",M20))-(IF(O20="","0",O20)),"") -> 0 | R20: =R19+1 -> 8 | S20: =IFERROR(VLOOKUP($R20,$A$13:$D$30,-S$12,FALSE),"") -> Mangan | T20: =IFERROR(VLOOKUP($R20,$A$13:$D$30,-T$12,FALSE),"") -> Bijih | U20: =IFERROR(VLOOKUP($R20,$A$13:$D$30,-U$12,FALSE),"") -> Ton | V20: =V56+V92+V128+V164 -> 0 | W20: =X20/V20*1000000 -> #DIV/0! | X20: =X56+X92+X128+X164 -> 0 | Z20: =IFERROR(+X20*Y20,"") -> 0 | AD20: =IFERROR(+(IF(X20="","0",X20))+(IF(Z20="","0",Z20))+(IF(AC20="","0",AC20)),"") -> 0 | AE20: =N20 -> 0.46044713 | AF20: =IFERROR(+AE20*(AD20-AC20),"") -> 0 | AG20: =IFERROR(+(IF(AD20="","0",AD20))-(IF(AF20="","0",AF20)),"") -> 0 | AI20: =AI19+1 -> 8 | AJ20: =IFERROR(VLOOKUP($R20,$A$13:$D$30,-AJ$12,FALSE),"") -> Mangan | AK20: =IFERROR(VLOOKUP($R20,$A$13:$D$30,-AK$12,FALSE),"") -> Bijih | AL20: =IFERROR(VLOOKUP($R20,$A$13:$D$30,-AL$12,FALSE),"") -> Ton | AM20: =AM56+AM92+AM128+AM164 -> 0 | AN20: =AO20/AM20*1000000 -> #DIV/0! | AO20: =AO56+AO92+AO128+AO164 -> 0 | AQ20: =IFERROR(+AO20*AP20,"") -> 0 | AU20: =IFERROR(+(IF(AO20="","0",AO20))+(IF(AQ20="","0",AQ20))+(IF(AT20="","0",AT20)),"") -> 0 | AV20: =AE20 -> 0.46044713 | AW20: =IFERROR(+AV20*(AU20-AT20),"") -> 0 | AX20: =IFERROR(+(IF(AU20="","0",AU20))-(IF(AW20="","0",AW20)),"") -> 0 | AZ20: =AZ19+1 -> 8 | BA20: =IFERROR(VLOOKUP($R20,$A$13:$D$30,-BA$12,FALSE),"") -> Mangan | BB20: =IFERROR(VLOOKUP($R20,$A$13:$D$30,-BB$12,FALSE),"") -> Bijih | BC20: =IFERROR(VLOOKUP($R20,$A$13:$D$30,-BC$12,FALSE),"") -> Ton | BD20: =BD56+BD92+BD128+BD164 -> 0 | BE20: =BF20/BD20*1000000 -> #DIV/0! | BF20: =BF56+BF92+BF128+BF164 -> 0 | BH20: =IFERROR(+BF20*BG20,"") -> 0 | BL20: =IFERROR(+(IF(BF20="","0",BF20))+(IF(BH20="","0",BH20))+(IF(BK20="","0",BK20)),"") -> 0 | BM20: =AV20 -> 0.46044713 | BN20: =IFERROR(+BM20*(BL20-BK20),"") -> 0 | BO20: =IFERROR(+(IF(BL20="","0",BL20))-(IF(BN20="","0",BN20)),"") -> 0 | BQ20: =BQ19+1 -> 8 | BR20: =IFERROR(VLOOKUP($R20,$A$13:$D$30,-BR$12,FALSE),"") -> Mangan | BS20: =IFERROR(VLOOKUP($R20,$A$13:$D$30,-BS$12,FALSE),"") -> Bijih | BT20: =IFERROR(VLOOKUP($R20,$A$13:$D$30,-BT$12,FALSE),"") -> Ton | BU20: =BU56+BU92+BU128+BU164 -> 0 | BV20: =BW20/BU20*1000000 -> #DIV/0! | BW20: =BW56+BW92+BW128+BW164 -> 0 | BY20: =IFERROR(+BW20*BX20,"") -> 0 | CC20: =IFERROR(+(IF(BW20="","0",BW20))+(IF(BY20="","0",BY20))+(IF(CB20="","0",CB20)),"") -> 0 | CD20: =BM20 -> 0.46044713 | CE20: =IFERROR(+CD20*(CC20-CB20),"") -> 0 | CF20: =IFERROR(+(IF(CC20="","0",CC20))-(IF(CE20="","0",CE20)),"") -> 0 | CH20: =CH19+1 -> 8 | CI20: =IFERROR(VLOOKUP($R20,$A$13:$D$30,-CI$12,FALSE),"") -> Mangan | CJ20: =IFERROR(VLOOKUP($R20,$A$13:$D$30,-CJ$12,FALSE),"") -> Bijih | CK20: =IFERROR(VLOOKUP($R20,$A$13:$D$30,-CK$12,FALSE),"") -> Ton | CL20: =CL56+CL92+CL128+CL164 -> 0 | CM20: =CN20/CL20*1000000 -> #DIV/0! | CN20: =CN56+CN92+CN128+CN164 -> 0 | CP20: =IFERROR(+CN20*CO20,"") -> 0 | CT20: =IFERROR(+(IF(CN20="","0",CN20))+(IF(CP20="","0",CP20))+(IF(CS20="","0",CS20)),"") -> 0 | CU20: =CD20 -> 0.46044713 | CV20: =IFERROR(+CU20*(CT20-CS20),"") -> 0 | CW20: =IFERROR(+(IF(CT20="","0",CT20))-(IF(CV20="","0",CV20)),"") -> 0 | CY20: =CY19+1 -> 8 | CZ20: =IFERROR(VLOOKUP($R20,$A$13:$D$30,-CZ$12,FALSE),"") -> Mangan | DA20: =IFERROR(VLOOKUP($R20,$A$13:$D$30,-DA$12,FALSE),"") -> Bijih | DB20: =IFERROR(VLOOKUP($R20,$A$13:$D$30,-DB$12,FALSE),"") -> Ton | DC20: =DC56+DC92+DC128+DC164 -> 0 | DD20: =DE20/DC20*1000000 -> #DIV/0! | DE20: =DE56+DE92+DE128+DE164 -> 0 | DG20: =IFERROR(+DE20*DF20,"") -> 0 | DK20: =IFERROR(+(IF(DE20="","0",DE20))+(IF(DG20="","0",DG20))+(IF(DJ20="","0",DJ20)),"") -> 0 | DL20: =CU20 -> 0.46044713 | DM20: =IFERROR(+DL20*(DK20-DJ20),"") -> 0 | DN20: =IFERROR(+(IF(DK20="","0",DK20))-(IF(DM20="","0",DM20)),"") -> 0 | DP20: =DP19+1 -> 8 | DQ20: =IFERROR(VLOOKUP($R20,$A$13:$D$30,-DQ$12,FALSE),"") -> Mangan | DR20: =IFERROR(VLOOKUP($R20,$A$13:$D$30,-DR$12,FALSE),"") -> Bijih | DS20: =IFERROR(VLOOKUP($R20,$A$13:$D$30,-DS$12,FALSE),"") -> Ton | DT20: =DT56+DT92+DT128+DT164 -> 0 | DU20: =DV20/DT20*1000000 -> #DIV/0! | DV20: =DV56+DV92+DV128+DV164 -> 0 | DX20: =IFERROR(+DV20*DW20,"") -> 0 | EB20: =IFERROR(+(IF(DV20="","0",DV20))+(IF(DX20="","0",DX20))+(IF(EA20="","0",EA20)),"") -> 0 | EC20: =DL20 -> 0.46044713 | ED20: =IFERROR(+EC20*(EB20-EA20),"") -> 0 | EE20: =IFERROR(+(IF(EB20="","0",EB20))-(IF(ED20="","0",ED20)),"") -> 0 | EG20: =EG19+1 -> 8 | EH20: =IFERROR(VLOOKUP($R20,$A$13:$D$30,-EH$12,FALSE),"") -> Mangan | EI20: =IFERROR(VLOOKUP($R20,$A$13:$D$30,-EI$12,FALSE),"") -> Bijih | EJ20: =IFERROR(VLOOKUP($R20,$A$13:$D$30,-EJ$12,FALSE),"") -> Ton | EK20: =EK56+EK92+EK128+EK164 -> 0 | EL20: =EM20/EK20*1000000 -> #DIV/0! | EM20: =EM56+EM92+EM128+EM164 -> 0 | EO20: =IFERROR(+EM20*EN20,"") -> 0 | ES20: =IFERROR(+(IF(EM20="","0",EM20))+(IF(EO20="","0",EO20))+(IF(ER20="","0",ER20)),"") -> 0 | ET20: =EC20 -> 0.46044713 | EU20: =IFERROR(+ET20*(ES20-ER20),"") -> 0 | EV20: =IFERROR(+(IF(ES20="","0",ES20))-(IF(EU20="","0",EU20)),"") -> 0 | EX20: =EX19+1 -> 8 | EY20: =IFERROR(VLOOKUP($R20,$A$13:$D$30,-EY$12,FALSE),"") -> Mangan | EZ20: =IFERROR(VLOOKUP($R20,$A$13:$D$30,-EZ$12,FALSE),"") -> Bijih | FA20: =IFERROR(VLOOKUP($R20,$A$13:$D$30,-FA$12,FALSE),"") -> Ton | FB20: =FB56+FB92+FB128+FB164 -> 0 | FC20: =FD20/FB20*1000000 -> #DIV/0! | FD20: =FD56+FD92+FD128+FD164 -> 0 | FF20: =IFERROR(+FD20*FE20,"") -> 0 | FJ20: =IFERROR(+(IF(FD20="","0",FD20))+(IF(FF20="","0",FF20))+(IF(FI20="","0",FI20)),"") -> 0 | FK20: =ET20 -> 0.46044713 | FL20: =IFERROR(+FK20*(FJ20-FI20),"") -> 0 | FM20: =IFERROR(+(IF(FJ20="","0",FJ20))-(IF(FL20="","0",FL20)),"") -> 0 | FO20: =FO19+1 -> 8 | FP20: =IFERROR(VLOOKUP($R20,$A$13:$D$30,-FP$12,FALSE),"") -> Mangan | FQ20: =IFERROR(VLOOKUP($R20,$A$13:$D$30,-FQ$12,FALSE),"") -> Bijih | FR20: =IFERROR(VLOOKUP($R20,$A$13:$D$30,-FR$12,FALSE),"") -> Ton | FS20: =FS56+FS92+FS128+FS164 -> 0 | FT20: =FU20/FS20*1000000 -> #DIV/0! | FU20: =FU56+FU92+FU128+FU164 -> 0 | FW20: =IFERROR(+FU20*FV20,"") -> 0 | GA20: =IFERROR(+(IF(FU20="","0",FU20))+(IF(FW20="","0",FW20))+(IF(FZ20="","0",FZ20)),"") -> 0 | GB20: =FK20 -> 0.46044713 | GC20: =IFERROR(+GB20*(GA20-FZ20),"") -> 0 | GD20: =IFERROR(+(IF(GA20="","0",GA20))-(IF(GC20="","0",GC20)),"") -> 0 | GF20: =GF19+1 -> 8 | GG20: =IFERROR(VLOOKUP($R20,$A$13:$D$30,-GG$12,FALSE),"") -> Mangan | GH20: =IFERROR(VLOOKUP($R20,$A$13:$D$30,-GH$12,FALSE),"") -> Bijih | GI20: =IFERROR(VLOOKUP($R20,$A$13:$D$30,-GI$12,FALSE),"") -> Ton | GJ20: =GJ56+GJ92+GJ128+GJ164 -> 0 | GK20: =GL20/GJ20*1000000 -> #DIV/0! | GL20: =GL56+GL92+GL128+GL164 -> 0 | GN20: =IFERROR(+GL20*GM20,"") -> 0 | GR20: =IFERROR(+(IF(GL20="","0",GL20))+(IF(GN20="","0",GN20))+(IF(GQ20="","0",GQ20)),"") -> 0 | GS20: =GB20 -> 0.46044713 | GT20: =IFERROR(+GS20*(GR20-GQ20),"") -> 0 | GU20: =IFERROR(+(IF(GR20="","0",GR20))-(IF(GT20="","0",GT20)),"") -> 0 | GW20: =GW19+1 -> 8 | GX20: =IFERROR(VLOOKUP($R20,$A$13:$D$30,-GX$12,FALSE),"") -> Mangan | GY20: =IFERROR(VLOOKUP($R20,$A$13:$D$30,-GY$12,FALSE),"") -> Bijih | GZ20: =IFERROR(VLOOKUP($R20,$A$13:$D$30,-GZ$12,FALSE),"") -> Ton | HA20: =HA56+HA92+HA128+HA164 -> 0 | HB20: =HC20/HA20*1000000 -> #DIV/0! | HC20: =HC56+HC92+HC128+HC164 -> 0 | HE20: =IFERROR(+HC20*HD20,"") -> 0 | HI20: =IFERROR(+(IF(HC20="","0",HC20))+(IF(HE20="","0",HE20))+(IF(HH20="","0",HH20)),"") -> 0 | HJ20: =GS20 -> 0.46044713 | HK20: =IFERROR(+HJ20*(HI20-HH20),"") -> 0 | HL20: =IFERROR(+(IF(HI20="","0",HI20))-(IF(HK20="","0",HK20)),"") -> 0 | HN20: =HN19+1 -> 8 | HO20: =IFERROR(VLOOKUP($R20,$A$13:$D$30,-HO$12,FALSE),"") -> Mangan | HP20: =IFERROR(VLOOKUP($R20,$A$13:$D$30,-HP$12,FALSE),"") -> Bijih | HQ20: =IFERROR(VLOOKUP($R20,$A$13:$D$30,-HQ$12,FALSE),"") -> Ton | HR20: =HR56+HR92+HR128+HR164 -> 0 | HS20: =HT20/HR20*1000000 -> #DIV/0! | HT20: =HT56+HT92+HT128+HT164 -> 0 | HV20: =IFERROR(+HT20*HU20,"") -> 0 | HZ20: =IFERROR(+(IF(HT20="","0",HT20))+(IF(HV20="","0",HV20))+(IF(HY20="","0",HY20)),"") -> 0 | IA20: =HJ20 -> 0.46044713 | IB20: =IFERROR(+IA20*(HZ20-HY20),"") -> 0 | IC20: =IFERROR(+(IF(HZ20="","0",HZ20))-(IF(IB20="","0",IB20)),"") -> 0 | IE20: =IE19+1 -> 8 | IF20: =IFERROR(VLOOKUP($R20,$A$13:$D$30,-IF$12,FALSE),"") -> Mangan | IG20: =IFERROR(VLOOKUP($R20,$A$13:$D$30,-IG$12,FALSE),"") -> Bijih | IH20: =IFERROR(VLOOKUP($R20,$A$13:$D$30,-IH$12,FALSE),"") -> Ton | II20: =II56+II92+II128+II164 -> 0 | IJ20: =IK20/II20*1000000 -> #DIV/0! | IK20: =IK56+IK92+IK128+IK164 -> 0 | IM20: =IFERROR(+IK20*IL20,"") -> 0 | IQ20: =IFERROR(+(IF(IK20="","0",IK20))+(IF(IM20="","0",IM20))+(IF(IP20="","0",IP20)),"") -> 0 | IR20: =IA20 -> 0.46044713 | IS20: =IFERROR(+IR20*(IQ20-IP20),"") -> 0 | IT20: =IFERROR(+(IF(IQ20="","0",IQ20))-(IF(IS20="","0",IS20)),"") -> 0 | IV20: =IV19+1 -> 8 | IW20: =IFERROR(VLOOKUP($R20,$A$13:$D$30,-IW$12,FALSE),"") -> Mangan | IX20: =IFERROR(VLOOKUP($R20,$A$13:$D$30,-IX$12,FALSE),"") -> Bijih | IY20: =IFERROR(VLOOKUP($R20,$A$13:$D$30,-IY$12,FALSE),"") -> Ton | IZ20: =IZ56+IZ92+IZ128+IZ164 -> 0 | JA20: =JB20/IZ20*1000000 -> #DIV/0! | JB20: =JB56+JB92+JB128+JB164 -> 0 | JD20: =IFERROR(+JB20*JC20,"") -> 0 | JH20: =IFERROR(+(IF(JB20="","0",JB20))+(IF(JD20="","0",JD20))+(IF(JG20="","0",JG20)),"") -> 0 | JI20: =IR20 -> 0.46044713 | JJ20: =IFERROR(+JI20*(JH20-JG20),"") -> 0 | JK20: =IFERROR(+(IF(JH20="","0",JH20))-(IF(JJ20="","0",JJ20)),"") -> 0 | JM20: =JM19+1 -> 8 | JN20: =IFERROR(VLOOKUP($R20,$A$13:$D$30,-JN$12,FALSE),"") -> Mangan | JO20: =IFERROR(VLOOKUP($R20,$A$13:$D$30,-JO$12,FALSE),"") -> Bijih | JP20: =IFERROR(VLOOKUP($R20,$A$13:$D$30,-JP$12,FALSE),"") -> Ton | JQ20: =JQ56+JQ92+JQ128+JQ164 -> 0 | JR20: =JS20/JQ20*1000000 -> #DIV/0! | JS20: =JS56+JS92+JS128+JS164 -> 0 | JU20: =IFERROR(+JS20*JT20,"") -> 0 | JY20: =IFERROR(+(IF(JS20="","0",JS20))+(IF(JU20="","0",JU20))+(IF(JX20="","0",JX20)),"") -> 0 | JZ20: =JI20 -> 0.46044713 | KA20: =IFERROR(+JZ20*(JY20-JX20),"") -> 0 | KB20: =IFERROR(+(IF(JY20="","0",JY20))-(IF(KA20="","0",KA20)),"") -> 0 | KD20: =KD19+1 -> 8 | KE20: =IFERROR(VLOOKUP($R20,$A$13:$D$30,-KE$12,FALSE),"") -> Mangan | KF20: =IFERROR(VLOOKUP($R20,$A$13:$D$30,-KF$12,FALSE),"") -> Bijih | KG20: =IFERROR(VLOOKUP($R20,$A$13:$D$30,-KG$12,FALSE),"") -> Ton | KH20: =KH56+KH92+KH128+KH164 -> 0 | KI20: =KJ20/KH20*1000000 -> #DIV/0! | KJ20: =KJ56+KJ92+KJ128+KJ164 -> 0 | KL20: =IFERROR(+KJ20*KK20,"") -> 0 | KP20: =IFERROR(+(IF(KJ20="","0",KJ20))+(IF(KL20="","0",KL20))+(IF(KO20="","0",KO20)),"") -> 0 | KQ20: =JZ20 -> 0.46044713 | KR20: =IFERROR(+KQ20*(KP20-KO20),"") -> 0 | KS20: =IFERROR(+(IF(KP20="","0",KP20))-(IF(KR20="","0",KR20)),"") -> 0
A21: =A20+1 -> 9 | B21: =IFERROR(VLOOKUP($R21,ADHK!$A$13:$D$30,-B$12,FALSE),"") -> Lainnya 2.3 (1) …….. | C21: =IFERROR(VLOOKUP($R21,ADHK!$A$13:$D$30,-C$12,FALSE),"") -> Bijih | D21: =IFERROR(VLOOKUP($R21,ADHK!$A$13:$D$30,-D$12,FALSE),"") -> Ton | E21: =E57+E93+E129+E165 -> 0 | F21: =G21/E21*1000000 -> #DIV/0! | G21: =G57+G93+G129+G165 -> 0 | I21: =IFERROR(+G21*H21,"") -> 0 | M21: =IFERROR(+(IF(G21="","0",G21))+(IF(I21="","0",I21))+(IF(L21="","0",L21)),"") -> 0 | N21: =ADHK!N21 -> 0.46044713 | O21: =IFERROR(+N21*(M21-L21),"") -> 0 | P21: =IFERROR(+(IF(M21="","0",M21))-(IF(O21="","0",O21)),"") -> 0 | R21: =R20+1 -> 9 | S21: =IFERROR(VLOOKUP($R21,$A$13:$D$30,-S$12,FALSE),"") -> Lainnya 2.3 (1) …….. | T21: =IFERROR(VLOOKUP($R21,$A$13:$D$30,-T$12,FALSE),"") -> Bijih | U21: =IFERROR(VLOOKUP($R21,$A$13:$D$30,-U$12,FALSE),"") -> Ton | V21: =V57+V93+V129+V165 -> 0 | W21: =X21/V21*1000000 -> #DIV/0! | X21: =X57+X93+X129+X165 -> 0 | Z21: =IFERROR(+X21*Y21,"") -> 0 | AD21: =IFERROR(+(IF(X21="","0",X21))+(IF(Z21="","0",Z21))+(IF(AC21="","0",AC21)),"") -> 0 | AE21: =N21 -> 0.46044713 | AF21: =IFERROR(+AE21*(AD21-AC21),"") -> 0 | AG21: =IFERROR(+(IF(AD21="","0",AD21))-(IF(AF21="","0",AF21)),"") -> 0 | AI21: =AI20+1 -> 9 | AJ21: =IFERROR(VLOOKUP($R21,$A$13:$D$30,-AJ$12,FALSE),"") -> Lainnya 2.3 (1) …….. | AK21: =IFERROR(VLOOKUP($R21,$A$13:$D$30,-AK$12,FALSE),"") -> Bijih | AL21: =IFERROR(VLOOKUP($R21,$A$13:$D$30,-AL$12,FALSE),"") -> Ton | AM21: =AM57+AM93+AM129+AM165 -> 0 | AN21: =AO21/AM21*1000000 -> #DIV/0! | AO21: =AO57+AO93+AO129+AO165 -> 0 | AQ21: =IFERROR(+AO21*AP21,"") -> 0 | AU21: =IFERROR(+(IF(AO21="","0",AO21))+(IF(AQ21="","0",AQ21))+(IF(AT21="","0",AT21)),"") -> 0 | AV21: =AE21 -> 0.46044713 | AW21: =IFERROR(+AV21*(AU21-AT21),"") -> 0 | AX21: =IFERROR(+(IF(AU21="","0",AU21))-(IF(AW21="","0",AW21)),"") -> 0 | AZ21: =AZ20+1 -> 9 | BA21: =IFERROR(VLOOKUP($R21,$A$13:$D$30,-BA$12,FALSE),"") -> Lainnya 2.3 (1) …….. | BB21: =IFERROR(VLOOKUP($R21,$A$13:$D$30,-BB$12,FALSE),"") -> Bijih | BC21: =IFERROR(VLOOKUP($R21,$A$13:$D$30,-BC$12,FALSE),"") -> Ton | BD21: =BD57+BD93+BD129+BD165 -> 0 | BE21: =BF21/BD21*1000000 -> #DIV/0! | BF21: =BF57+BF93+BF129+BF165 -> 0 | BH21: =IFERROR(+BF21*BG21,"") -> 0 | BL21: =IFERROR(+(IF(BF21="","0",BF21))+(IF(BH21="","0",BH21))+(IF(BK21="","0",BK21)),"") -> 0 | BM21: =AV21 -> 0.46044713 | BN21: =IFERROR(+BM21*(BL21-BK21),"") -> 0 | BO21: =IFERROR(+(IF(BL21="","0",BL21))-(IF(BN21="","0",BN21)),"") -> 0 | BQ21: =BQ20+1 -> 9 | BR21: =IFERROR(VLOOKUP($R21,$A$13:$D$30,-BR$12,FALSE),"") -> Lainnya 2.3 (1) …….. | BS21: =IFERROR(VLOOKUP($R21,$A$13:$D$30,-BS$12,FALSE),"") -> Bijih | BT21: =IFERROR(VLOOKUP($R21,$A$13:$D$30,-BT$12,FALSE),"") -> Ton | BU21: =BU57+BU93+BU129+BU165 -> 0 | BV21: =BW21/BU21*1000000 -> #DIV/0! | BW21: =BW57+BW93+BW129+BW165 -> 0 | BY21: =IFERROR(+BW21*BX21,"") -> 0 | CC21: =IFERROR(+(IF(BW21="","0",BW21))+(IF(BY21="","0",BY21))+(IF(CB21="","0",CB21)),"") -> 0 | CD21: =BM21 -> 0.46044713 | CE21: =IFERROR(+CD21*(CC21-CB21),"") -> 0 | CF21: =IFERROR(+(IF(CC21="","0",CC21))-(IF(CE21="","0",CE21)),"") -> 0 | CH21: =CH20+1 -> 9 | CI21: =IFERROR(VLOOKUP($R21,$A$13:$D$30,-CI$12,FALSE),"") -> Lainnya 2.3 (1) …….. | CJ21: =IFERROR(VLOOKUP($R21,$A$13:$D$30,-CJ$12,FALSE),"") -> Bijih | CK21: =IFERROR(VLOOKUP($R21,$A$13:$D$30,-CK$12,FALSE),"") -> Ton | CL21: =CL57+CL93+CL129+CL165 -> 0 | CM21: =CN21/CL21*1000000 -> #DIV/0! | CN21: =CN57+CN93+CN129+CN165 -> 0 | CP21: =IFERROR(+CN21*CO21,"") -> 0 | CT21: =IFERROR(+(IF(CN21="","0",CN21))+(IF(CP21="","0",CP21))+(IF(CS21="","0",CS21)),"") -> 0 | CU21: =CD21 -> 0.46044713 | CV21: =IFERROR(+CU21*(CT21-CS21),"") -> 0 | CW21: =IFERROR(+(IF(CT21="","0",CT21))-(IF(CV21="","0",CV21)),"") -> 0 | CY21: =CY20+1 -> 9 | CZ21: =IFERROR(VLOOKUP($R21,$A$13:$D$30,-CZ$12,FALSE),"") -> Lainnya 2.3 (1) …….. | DA21: =IFERROR(VLOOKUP($R21,$A$13:$D$30,-DA$12,FALSE),"") -> Bijih | DB21: =IFERROR(VLOOKUP($R21,$A$13:$D$30,-DB$12,FALSE),"") -> Ton | DC21: =DC57+DC93+DC129+DC165 -> 0 | DD21: =DE21/DC21*1000000 -> #DIV/0! | DE21: =DE57+DE93+DE129+DE165 -> 0 | DG21: =IFERROR(+DE21*DF21,"") -> 0 | DK21: =IFERROR(+(IF(DE21="","0",DE21))+(IF(DG21="","0",DG21))+(IF(DJ21="","0",DJ21)),"") -> 0 | DL21: =CU21 -> 0.46044713 | DM21: =IFERROR(+DL21*(DK21-DJ21),"") -> 0 | DN21: =IFERROR(+(IF(DK21="","0",DK21))-(IF(DM21="","0",DM21)),"") -> 0 | DP21: =DP20+1 -> 9 | DQ21: =IFERROR(VLOOKUP($R21,$A$13:$D$30,-DQ$12,FALSE),"") -> Lainnya 2.3 (1) …….. | DR21: =IFERROR(VLOOKUP($R21,$A$13:$D$30,-DR$12,FALSE),"") -> Bijih | DS21: =IFERROR(VLOOKUP($R21,$A$13:$D$30,-DS$12,FALSE),"") -> Ton | DT21: =DT57+DT93+DT129+DT165 -> 0 | DU21: =DV21/DT21*1000000 -> #DIV/0! | DV21: =DV57+DV93+DV129+DV165 -> 0 | DX21: =IFERROR(+DV21*DW21,"") -> 0 | EB21: =IFERROR(+(IF(DV21="","0",DV21))+(IF(DX21="","0",DX21))+(IF(EA21="","0",EA21)),"") -> 0 | EC21: =DL21 -> 0.46044713 | ED21: =IFERROR(+EC21*(EB21-EA21),"") -> 0 | EE21: =IFERROR(+(IF(EB21="","0",EB21))-(IF(ED21="","0",ED21)),"") -> 0 | EG21: =EG20+1 -> 9 | EH21: =IFERROR(VLOOKUP($R21,$A$13:$D$30,-EH$12,FALSE),"") -> Lainnya 2.3 (1) …….. | EI21: =IFERROR(VLOOKUP($R21,$A$13:$D$30,-EI$12,FALSE),"") -> Bijih | EJ21: =IFERROR(VLOOKUP($R21,$A$13:$D$30,-EJ$12,FALSE),"") -> Ton | EK21: =EK57+EK93+EK129+EK165 -> 0 | EL21: =EM21/EK21*1000000 -> #DIV/0! | EM21: =EM57+EM93+EM129+EM165 -> 0 | EO21: =IFERROR(+EM21*EN21,"") -> 0 | ES21: =IFERROR(+(IF(EM21="","0",EM21))+(IF(EO21="","0",EO21))+(IF(ER21="","0",ER21)),"") -> 0 | ET21: =EC21 -> 0.46044713 | EU21: =IFERROR(+ET21*(ES21-ER21),"") -> 0 | EV21: =IFERROR(+(IF(ES21="","0",ES21))-(IF(EU21="","0",EU21)),"") -> 0 | EX21: =EX20+1 -> 9 | EY21: =IFERROR(VLOOKUP($R21,$A$13:$D$30,-EY$12,FALSE),"") -> Lainnya 2.3 (1) …….. | EZ21: =IFERROR(VLOOKUP($R21,$A$13:$D$30,-EZ$12,FALSE),"") -> Bijih | FA21: =IFERROR(VLOOKUP($R21,$A$13:$D$30,-FA$12,FALSE),"") -> Ton | FB21: =FB57+FB93+FB129+FB165 -> 0 | FC21: =FD21/FB21*1000000 -> #DIV/0! | FD21: =FD57+FD93+FD129+FD165 -> 0 | FF21: =IFERROR(+FD21*FE21,"") -> 0 | FJ21: =IFERROR(+(IF(FD21="","0",FD21))+(IF(FF21="","0",FF21))+(IF(FI21="","0",FI21)),"") -> 0 | FK21: =ET21 -> 0.46044713 | FL21: =IFERROR(+FK21*(FJ21-FI21),"") -> 0 | FM21: =IFERROR(+(IF(FJ21="","0",FJ21))-(IF(FL21="","0",FL21)),"") -> 0 | FO21: =FO20+1 -> 9 | FP21: =IFERROR(VLOOKUP($R21,$A$13:$D$30,-FP$12,FALSE),"") -> Lainnya 2.3 (1) …….. | FQ21: =IFERROR(VLOOKUP($R21,$A$13:$D$30,-FQ$12,FALSE),"") -> Bijih | FR21: =IFERROR(VLOOKUP($R21,$A$13:$D$30,-FR$12,FALSE),"") -> Ton | FS21: =FS57+FS93+FS129+FS165 -> 0 | FT21: =FU21/FS21*1000000 -> #DIV/0! | FU21: =FU57+FU93+FU129+FU165 -> 0 | FW21: =IFERROR(+FU21*FV21,"") -> 0 | GA21: =IFERROR(+(IF(FU21="","0",FU21))+(IF(FW21="","0",FW21))+(IF(FZ21="","0",FZ21)),"") -> 0 | GB21: =FK21 -> 0.46044713 | GC21: =IFERROR(+GB21*(GA21-FZ21),"") -> 0 | GD21: =IFERROR(+(IF(GA21="","0",GA21))-(IF(GC21="","0",GC21)),"") -> 0 | GF21: =GF20+1 -> 9 | GG21: =IFERROR(VLOOKUP($R21,$A$13:$D$30,-GG$12,FALSE),"") -> Lainnya 2.3 (1) …….. | GH21: =IFERROR(VLOOKUP($R21,$A$13:$D$30,-GH$12,FALSE),"") -> Bijih | GI21: =IFERROR(VLOOKUP($R21,$A$13:$D$30,-GI$12,FALSE),"") -> Ton | GJ21: =GJ57+GJ93+GJ129+GJ165 -> 2034628 | GK21: =GL21/GJ21*1000000 -> 187436.67 | GL21: =GL57+GL93+GL129+GL165 -> 381363.9 | GN21: =IFERROR(+GL21*GM21,"") -> 0 | GR21: =IFERROR(+(IF(GL21="","0",GL21))+(IF(GN21="","0",GN21))+(IF(GQ21="","0",GQ21)),"") -> 381363.9 | GS21: =GB21 -> 0.46044713 | GT21: =IFERROR(+GS21*(GR21-GQ21),"") -> 175597.91 | GU21: =IFERROR(+(IF(GR21="","0",GR21))-(IF(GT21="","0",GT21)),"") -> 205765.99 | GW21: =GW20+1 -> 9 | GX21: =IFERROR(VLOOKUP($R21,$A$13:$D$30,-GX$12,FALSE),"") -> Lainnya 2.3 (1) …….. | GY21: =IFERROR(VLOOKUP($R21,$A$13:$D$30,-GY$12,FALSE),"") -> Bijih | GZ21: =IFERROR(VLOOKUP($R21,$A$13:$D$30,-GZ$12,FALSE),"") -> Ton | HA21: =HA57+HA93+HA129+HA165 -> 341476 | HB21: =HC21/HA21*1000000 -> 32146.787 | HC21: =HC57+HC93+HC129+HC165 -> 10977.356 | HE21: =IFERROR(+HC21*HD21,"") -> 0 | HI21: =IFERROR(+(IF(HC21="","0",HC21))+(IF(HE21="","0",HE21))+(IF(HH21="","0",HH21)),"") -> 10977.356 | HJ21: =GS21 -> 0.46044713 | HK21: =IFERROR(+HJ21*(HI21-HH21),"") -> 5054.4922 | HL21: =IFERROR(+(IF(HI21="","0",HI21))-(IF(HK21="","0",HK21)),"") -> 5922.8641 | HN21: =HN20+1 -> 9 | HO21: =IFERROR(VLOOKUP($R21,$A$13:$D$30,-HO$12,FALSE),"") -> Lainnya 2.3 (1) …….. | HP21: =IFERROR(VLOOKUP($R21,$A$13:$D$30,-HP$12,FALSE),"") -> Bijih | HQ21: =IFERROR(VLOOKUP($R21,$A$13:$D$30,-HQ$12,FALSE),"") -> Ton | HR21: =HR57+HR93+HR129+HR165 -> 820659.09 | HS21: =HT21/HR21*1000000 -> 46138.866 | HT21: =HT57+HT93+HT129+HT165 -> 37864.28 | HV21: =IFERROR(+HT21*HU21,"") -> 0 | HZ21: =IFERROR(+(IF(HT21="","0",HT21))+(IF(HV21="","0",HV21))+(IF(HY21="","0",HY21)),"") -> 37864.28 | IA21: =HJ21 -> 0.46044713 | IB21: =IFERROR(+IA21*(HZ21-HY21),"") -> 17434.499 | IC21: =IFERROR(+(IF(HZ21="","0",HZ21))-(IF(IB21="","0",IB21)),"") -> 20429.781 | IE21: =IE20+1 -> 9 | IF21: =IFERROR(VLOOKUP($R21,$A$13:$D$30,-IF$12,FALSE),"") -> Lainnya 2.3 (1) …….. | IG21: =IFERROR(VLOOKUP($R21,$A$13:$D$30,-IG$12,FALSE),"") -> Bijih | IH21: =IFERROR(VLOOKUP($R21,$A$13:$D$30,-IH$12,FALSE),"") -> Ton | II21: =II57+II93+II129+II165 -> 0 | IJ21: =IK21/II21*1000000 -> #DIV/0! | IK21: =IK57+IK93+IK129+IK165 -> 0 | IM21: =IFERROR(+IK21*IL21,"") -> 0 | IQ21: =IFERROR(+(IF(IK21="","0",IK21))+(IF(IM21="","0",IM21))+(IF(IP21="","0",IP21)),"") -> 0 | IR21: =IA21 -> 0.46044713 | IS21: =IFERROR(+IR21*(IQ21-IP21),"") -> 0 | IT21: =IFERROR(+(IF(IQ21="","0",IQ21))-(IF(IS21="","0",IS21)),"") -> 0 | IV21: =IV20+1 -> 9 | IW21: =IFERROR(VLOOKUP($R21,$A$13:$D$30,-IW$12,FALSE),"") -> Lainnya 2.3 (1) …….. | IX21: =IFERROR(VLOOKUP($R21,$A$13:$D$30,-IX$12,FALSE),"") -> Bijih | IY21: =IFERROR(VLOOKUP($R21,$A$13:$D$30,-IY$12,FALSE),"") -> Ton | IZ21: =IZ57+IZ93+IZ129+IZ165 -> 0 | JA21: =JB21/IZ21*1000000 -> #DIV/0! | JB21: =JB57+JB93+JB129+JB165 -> 0 | JD21: =IFERROR(+JB21*JC21,"") -> 0 | JH21: =IFERROR(+(IF(JB21="","0",JB21))+(IF(JD21="","0",JD21))+(IF(JG21="","0",JG21)),"") -> 0 | JI21: =IR21 -> 0.46044713 | JJ21: =IFERROR(+JI21*(JH21-JG21),"") -> 0 | JK21: =IFERROR(+(IF(JH21="","0",JH21))-(IF(JJ21="","0",JJ21)),"") -> 0 | JM21: =JM20+1 -> 9 | JN21: =IFERROR(VLOOKUP($R21,$A$13:$D$30,-JN$12,FALSE),"") -> Lainnya 2.3 (1) …….. | JO21: =IFERROR(VLOOKUP($R21,$A$13:$D$30,-JO$12,FALSE),"") -> Bijih | JP21: =IFERROR(VLOOKUP($R21,$A$13:$D$30,-JP$12,FALSE),"") -> Ton | JQ21: =JQ57+JQ93+JQ129+JQ165 -> 0 | JR21: =JS21/JQ21*1000000 -> #DIV/0! | JS21: =JS57+JS93+JS129+JS165 -> 0 | JU21: =IFERROR(+JS21*JT21,"") -> 0 | JY21: =IFERROR(+(IF(JS21="","0",JS21))+(IF(JU21="","0",JU21))+(IF(JX21="","0",JX21)),"") -> 0 | JZ21: =JI21 -> 0.46044713 | KA21: =IFERROR(+JZ21*(JY21-JX21),"") -> 0 | KB21: =IFERROR(+(IF(JY21="","0",JY21))-(IF(KA21="","0",KA21)),"") -> 0 | KD21: =KD20+1 -> 9 | KE21: =IFERROR(VLOOKUP($R21,$A$13:$D$30,-KE$12,FALSE),"") -> Lainnya 2.3 (1) …….. | KF21: =IFERROR(VLOOKUP($R21,$A$13:$D$30,-KF$12,FALSE),"") -> Bijih | KG21: =IFERROR(VLOOKUP($R21,$A$13:$D$30,-KG$12,FALSE),"") -> Ton | KH21: =KH57+KH93+KH129+KH165 -> 0 | KI21: =KJ21/KH21*1000000 -> #DIV/0! | KJ21: =KJ57+KJ93+KJ129+KJ165 -> 0 | KL21: =IFERROR(+KJ21*KK21,"") -> 0 | KP21: =IFERROR(+(IF(KJ21="","0",KJ21))+(IF(KL21="","0",KL21))+(IF(KO21="","0",KO21)),"") -> 0 | KQ21: =JZ21 -> 0.46044713 | KR21: =IFERROR(+KQ21*(KP21-KO21),"") -> 0 | KS21: =IFERROR(+(IF(KP21="","0",KP21))-(IF(KR21="","0",KR21)),"") -> 0
A22: =A21+1 -> 10 | B22: =IFERROR(VLOOKUP($R22,ADHK!$A$13:$D$30,-B$12,FALSE),"") -> Lainnya 2.3 (2) ……… | C22: =IFERROR(VLOOKUP($R22,ADHK!$A$13:$D$30,-C$12,FALSE),"") -> Bijih | D22: =IFERROR(VLOOKUP($R22,ADHK!$A$13:$D$30,-D$12,FALSE),"") -> Ton | E22: =E58+E94+E130+E166 -> 0 | F22: =G22/E22*1000000 -> #DIV/0! | G22: =G58+G94+G130+G166 -> 0 | I22: =IFERROR(+G22*H22,"") -> 0 | M22: =IFERROR(+(IF(G22="","0",G22))+(IF(I22="","0",I22))+(IF(L22="","0",L22)),"") -> 0 | N22: =ADHK!N22 -> 0.46044713 | O22: =IFERROR(+N22*(M22-L22),"") -> 0 | P22: =IFERROR(+(IF(M22="","0",M22))-(IF(O22="","0",O22)),"") -> 0 | R22: =R21+1 -> 10 | S22: =IFERROR(VLOOKUP($R22,$A$13:$D$30,-S$12,FALSE),"") -> Lainnya 2.3 (2) ……… | T22: =IFERROR(VLOOKUP($R22,$A$13:$D$30,-T$12,FALSE),"") -> Bijih | U22: =IFERROR(VLOOKUP($R22,$A$13:$D$30,-U$12,FALSE),"") -> Ton | V22: =V58+V94+V130+V166 -> 0 | W22: =X22/V22*1000000 -> #DIV/0! | X22: =X58+X94+X130+X166 -> 0 | Z22: =IFERROR(+X22*Y22,"") -> 0 | AD22: =IFERROR(+(IF(X22="","0",X22))+(IF(Z22="","0",Z22))+(IF(AC22="","0",AC22)),"") -> 0 | AE22: =N22 -> 0.46044713 | AF22: =IFERROR(+AE22*(AD22-AC22),"") -> 0 | AG22: =IFERROR(+(IF(AD22="","0",AD22))-(IF(AF22="","0",AF22)),"") -> 0 | AI22: =AI21+1 -> 10 | AJ22: =IFERROR(VLOOKUP($R22,$A$13:$D$30,-AJ$12,FALSE),"") -> Lainnya 2.3 (2) ……… | AK22: =IFERROR(VLOOKUP($R22,$A$13:$D$30,-AK$12,FALSE),"") -> Bijih | AL22: =IFERROR(VLOOKUP($R22,$A$13:$D$30,-AL$12,FALSE),"") -> Ton | AM22: =AM58+AM94+AM130+AM166 -> 0 | AN22: =AO22/AM22*1000000 -> #DIV/0! | AO22: =AO58+AO94+AO130+AO166 -> 0 | AQ22: =IFERROR(+AO22*AP22,"") -> 0 | AU22: =IFERROR(+(IF(AO22="","0",AO22))+(IF(AQ22="","0",AQ22))+(IF(AT22="","0",AT22)),"") -> 0 | AV22: =AE22 -> 0.46044713 | AW22: =IFERROR(+AV22*(AU22-AT22),"") -> 0 | AX22: =IFERROR(+(IF(AU22="","0",AU22))-(IF(AW22="","0",AW22)),"") -> 0 | AZ22: =AZ21+1 -> 10 | BA22: =IFERROR(VLOOKUP($R22,$A$13:$D$30,-BA$12,FALSE),"") -> Lainnya 2.3 (2) ……… | BB22: =IFERROR(VLOOKUP($R22,$A$13:$D$30,-BB$12,FALSE),"") -> Bijih | BC22: =IFERROR(VLOOKUP($R22,$A$13:$D$30,-BC$12,FALSE),"") -> Ton | BD22: =BD58+BD94+BD130+BD166 -> 0 | BE22: =BF22/BD22*1000000 -> #DIV/0! | BF22: =BF58+BF94+BF130+BF166 -> 0 | BH22: =IFERROR(+BF22*BG22,"") -> 0 | BL22: =IFERROR(+(IF(BF22="","0",BF22))+(IF(BH22="","0",BH22))+(IF(BK22="","0",BK22)),"") -> 0 | BM22: =AV22 -> 0.46044713 | BN22: =IFERROR(+BM22*(BL22-BK22),"") -> 0 | BO22: =IFERROR(+(IF(BL22="","0",BL22))-(IF(BN22="","0",BN22)),"") -> 0 | BQ22: =BQ21+1 -> 10 | BR22: =IFERROR(VLOOKUP($R22,$A$13:$D$30,-BR$12,FALSE),"") -> Lainnya 2.3 (2) ……… | BS22: =IFERROR(VLOOKUP($R22,$A$13:$D$30,-BS$12,FALSE),"") -> Bijih | BT22: =IFERROR(VLOOKUP($R22,$A$13:$D$30,-BT$12,FALSE),"") -> Ton | BU22: =BU58+BU94+BU130+BU166 -> 0 | BV22: =BW22/BU22*1000000 -> #DIV/0! | BW22: =BW58+BW94+BW130+BW166 -> 0 | BY22: =IFERROR(+BW22*BX22,"") -> 0 | CC22: =IFERROR(+(IF(BW22="","0",BW22))+(IF(BY22="","0",BY22))+(IF(CB22="","0",CB22)),"") -> 0 | CD22: =BM22 -> 0.46044713 | CE22: =IFERROR(+CD22*(CC22-CB22),"") -> 0 | CF22: =IFERROR(+(IF(CC22="","0",CC22))-(IF(CE22="","0",CE22)),"") -> 0 | CH22: =CH21+1 -> 10 | CI22: =IFERROR(VLOOKUP($R22,$A$13:$D$30,-CI$12,FALSE),"") -> Lainnya 2.3 (2) ……… | CJ22: =IFERROR(VLOOKUP($R22,$A$13:$D$30,-CJ$12,FALSE),"") -> Bijih | CK22: =IFERROR(VLOOKUP($R22,$A$13:$D$30,-CK$12,FALSE),"") -> Ton | CL22: =CL58+CL94+CL130+CL166 -> 0 | CM22: =CN22/CL22*1000000 -> #DIV/0! | CN22: =CN58+CN94+CN130+CN166 -> 0 | CP22: =IFERROR(+CN22*CO22,"") -> 0 | CT22: =IFERROR(+(IF(CN22="","0",CN22))+(IF(CP22="","0",CP22))+(IF(CS22="","0",CS22)),"") -> 0 | CU22: =CD22 -> 0.46044713 | CV22: =IFERROR(+CU22*(CT22-CS22),"") -> 0 | CW22: =IFERROR(+(IF(CT22="","0",CT22))-(IF(CV22="","0",CV22)),"") -> 0 | CY22: =CY21+1 -> 10 | CZ22: =IFERROR(VLOOKUP($R22,$A$13:$D$30,-CZ$12,FALSE),"") -> Lainnya 2.3 (2) ……… | DA22: =IFERROR(VLOOKUP($R22,$A$13:$D$30,-DA$12,FALSE),"") -> Bijih | DB22: =IFERROR(VLOOKUP($R22,$A$13:$D$30,-DB$12,FALSE),"") -> Ton | DC22: =DC58+DC94+DC130+DC166 -> 0 | DD22: =DE22/DC22*1000000 -> #DIV/0! | DE22: =DE58+DE94+DE130+DE166 -> 0 | DG22: =IFERROR(+DE22*DF22,"") -> 0 | DK22: =IFERROR(+(IF(DE22="","0",DE22))+(IF(DG22="","0",DG22))+(IF(DJ22="","0",DJ22)),"") -> 0 | DL22: =CU22 -> 0.46044713 | DM22: =IFERROR(+DL22*(DK22-DJ22),"") -> 0 | DN22: =IFERROR(+(IF(DK22="","0",DK22))-(IF(DM22="","0",DM22)),"") -> 0 | DP22: =DP21+1 -> 10 | DQ22: =IFERROR(VLOOKUP($R22,$A$13:$D$30,-DQ$12,FALSE),"") -> Lainnya 2.3 (2) ……… | DR22: =IFERROR(VLOOKUP($R22,$A$13:$D$30,-DR$12,FALSE),"") -> Bijih | DS22: =IFERROR(VLOOKUP($R22,$A$13:$D$30,-DS$12,FALSE),"") -> Ton | DT22: =DT58+DT94+DT130+DT166 -> 0 | DU22: =DV22/DT22*1000000 -> #DIV/0! | DV22: =DV58+DV94+DV130+DV166 -> 0 | DX22: =IFERROR(+DV22*DW22,"") -> 0 | EB22: =IFERROR(+(IF(DV22="","0",DV22))+(IF(DX22="","0",DX22))+(IF(EA22="","0",EA22)),"") -> 0 | EC22: =DL22 -> 0.46044713 | ED22: =IFERROR(+EC22*(EB22-EA22),"") -> 0 | EE22: =IFERROR(+(IF(EB22="","0",EB22))-(IF(ED22="","0",ED22)),"") -> 0 | EG22: =EG21+1 -> 10 | EH22: =IFERROR(VLOOKUP($R22,$A$13:$D$30,-EH$12,FALSE),"") -> Lainnya 2.3 (2) ……… | EI22: =IFERROR(VLOOKUP($R22,$A$13:$D$30,-EI$12,FALSE),"") -> Bijih | EJ22: =IFERROR(VLOOKUP($R22,$A$13:$D$30,-EJ$12,FALSE),"") -> Ton | EK22: =EK58+EK94+EK130+EK166 -> 0 | EL22: =EM22/EK22*1000000 -> #DIV/0! | EM22: =EM58+EM94+EM130+EM166 -> 0 | EO22: =IFERROR(+EM22*EN22,"") -> 0 | ES22: =IFERROR(+(IF(EM22="","0",EM22))+(IF(EO22="","0",EO22))+(IF(ER22="","0",ER22)),"") -> 0 | ET22: =EC22 -> 0.46044713 | EU22: =IFERROR(+ET22*(ES22-ER22),"") -> 0 | EV22: =IFERROR(+(IF(ES22="","0",ES22))-(IF(EU22="","0",EU22)),"") -> 0 | EX22: =EX21+1 -> 10 | EY22: =IFERROR(VLOOKUP($R22,$A$13:$D$30,-EY$12,FALSE),"") -> Lainnya 2.3 (2) ……… | EZ22: =IFERROR(VLOOKUP($R22,$A$13:$D$30,-EZ$12,FALSE),"") -> Bijih | FA22: =IFERROR(VLOOKUP($R22,$A$13:$D$30,-FA$12,FALSE),"") -> Ton | FB22: =FB58+FB94+FB130+FB166 -> 0 | FC22: =FD22/FB22*1000000 -> #DIV/0! | FD22: =FD58+FD94+FD130+FD166 -> 0 | FF22: =IFERROR(+FD22*FE22,"") -> 0 | FJ22: =IFERROR(+(IF(FD22="","0",FD22))+(IF(FF22="","0",FF22))+(IF(FI22="","0",FI22)),"") -> 0 | FK22: =ET22 -> 0.46044713 | FL22: =IFERROR(+FK22*(FJ22-FI22),"") -> 0 | FM22: =IFERROR(+(IF(FJ22="","0",FJ22))-(IF(FL22="","0",FL22)),"") -> 0 | FO22: =FO21+1 -> 10 | FP22: =IFERROR(VLOOKUP($R22,$A$13:$D$30,-FP$12,FALSE),"") -> Lainnya 2.3 (2) ……… | FQ22: =IFERROR(VLOOKUP($R22,$A$13:$D$30,-FQ$12,FALSE),"") -> Bijih | FR22: =IFERROR(VLOOKUP($R22,$A$13:$D$30,-FR$12,FALSE),"") -> Ton | FS22: =FS58+FS94+FS130+FS166 -> 0 | FT22: =FU22/FS22*1000000 -> #DIV/0! | FU22: =FU58+FU94+FU130+FU166 -> 0 | FW22: =IFERROR(+FU22*FV22,"") -> 0 | GA22: =IFERROR(+(IF(FU22="","0",FU22))+(IF(FW22="","0",FW22))+(IF(FZ22="","0",FZ22)),"") -> 0 | GB22: =FK22 -> 0.46044713 | GC22: =IFERROR(+GB22*(GA22-FZ22),"") -> 0 | GD22: =IFERROR(+(IF(GA22="","0",GA22))-(IF(GC22="","0",GC22)),"") -> 0 | GF22: =GF21+1 -> 10 | GG22: =IFERROR(VLOOKUP($R22,$A$13:$D$30,-GG$12,FALSE),"") -> Lainnya 2.3 (2) ……… | GH22: =IFERROR(VLOOKUP($R22,$A$13:$D$30,-GH$12,FALSE),"") -> Bijih | GI22: =IFERROR(VLOOKUP($R22,$A$13:$D$30,-GI$12,FALSE),"") -> Ton | GJ22: =GJ58+GJ94+GJ130+GJ166 -> 0 | GK22: =GL22/GJ22*1000000 -> #DIV/0! | GL22: =GL58+GL94+GL130+GL166 -> 0 | GN22: =IFERROR(+GL22*GM22,"") -> 0 | GR22: =IFERROR(+(IF(GL22="","0",GL22))+(IF(GN22="","0",GN22))+(IF(GQ22="","0",GQ22)),"") -> 0 | GS22: =GB22 -> 0.46044713 | GT22: =IFERROR(+GS22*(GR22-GQ22),"") -> 0 | GU22: =IFERROR(+(IF(GR22="","0",GR22))-(IF(GT22="","0",GT22)),"") -> 0 | GW22: =GW21+1 -> 10 | GX22: =IFERROR(VLOOKUP($R22,$A$13:$D$30,-GX$12,FALSE),"") -> Lainnya 2.3 (2) ……… | GY22: =IFERROR(VLOOKUP($R22,$A$13:$D$30,-GY$12,FALSE),"") -> Bijih | GZ22: =IFERROR(VLOOKUP($R22,$A$13:$D$30,-GZ$12,FALSE),"") -> Ton | HA22: =HA58+HA94+HA130+HA166 -> 0 | HB22: =HC22/HA22*1000000 -> #DIV/0! | HC22: =HC58+HC94+HC130+HC166 -> 0 | HE22: =IFERROR(+HC22*HD22,"") -> 0 | HI22: =IFERROR(+(IF(HC22="","0",HC22))+(IF(HE22="","0",HE22))+(IF(HH22="","0",HH22)),"") -> 0 | HJ22: =GS22 -> 0.46044713 | HK22: =IFERROR(+HJ22*(HI22-HH22),"") -> 0 | HL22: =IFERROR(+(IF(HI22="","0",HI22))-(IF(HK22="","0",HK22)),"") -> 0 | HN22: =HN21+1 -> 10 | HO22: =IFERROR(VLOOKUP($R22,$A$13:$D$30,-HO$12,FALSE),"") -> Lainnya 2.3 (2) ……… | HP22: =IFERROR(VLOOKUP($R22,$A$13:$D$30,-HP$12,FALSE),"") -> Bijih | HQ22: =IFERROR(VLOOKUP($R22,$A$13:$D$30,-HQ$12,FALSE),"") -> Ton | HR22: =HR58+HR94+HR130+HR166 -> 0 | HS22: =HT22/HR22*1000000 -> #DIV/0! | HT22: =HT58+HT94+HT130+HT166 -> 0 | HV22: =IFERROR(+HT22*HU22,"") -> 0 | HZ22: =IFERROR(+(IF(HT22="","0",HT22))+(IF(HV22="","0",HV22))+(IF(HY22="","0",HY22)),"") -> 0 | IA22: =HJ22 -> 0.46044713 | IB22: =IFERROR(+IA22*(HZ22-HY22),"") -> 0 | IC22: =IFERROR(+(IF(HZ22="","0",HZ22))-(IF(IB22="","0",IB22)),"") -> 0 | IE22: =IE21+1 -> 10 | IF22: =IFERROR(VLOOKUP($R22,$A$13:$D$30,-IF$12,FALSE),"") -> Lainnya 2.3 (2) ……… | IG22: =IFERROR(VLOOKUP($R22,$A$13:$D$30,-IG$12,FALSE),"") -> Bijih | IH22: =IFERROR(VLOOKUP($R22,$A$13:$D$30,-IH$12,FALSE),"") -> Ton | II22: =II58+II94+II130+II166 -> 0 | IJ22: =IK22/II22*1000000 -> #DIV/0! | IK22: =IK58+IK94+IK130+IK166 -> 0 | IM22: =IFERROR(+IK22*IL22,"") -> 0 | IQ22: =IFERROR(+(IF(IK22="","0",IK22))+(IF(IM22="","0",IM22))+(IF(IP22="","0",IP22)),"") -> 0 | IR22: =IA22 -> 0.46044713 | IS22: =IFERROR(+IR22*(IQ22-IP22),"") -> 0 | IT22: =IFERROR(+(IF(IQ22="","0",IQ22))-(IF(IS22="","0",IS22)),"") -> 0 | IV22: =IV21+1 -> 10 | IW22: =IFERROR(VLOOKUP($R22,$A$13:$D$30,-IW$12,FALSE),"") -> Lainnya 2.3 (2) ……… | IX22: =IFERROR(VLOOKUP($R22,$A$13:$D$30,-IX$12,FALSE),"") -> Bijih | IY22: =IFERROR(VLOOKUP($R22,$A$13:$D$30,-IY$12,FALSE),"") -> Ton | IZ22: =IZ58+IZ94+IZ130+IZ166 -> 0 | JA22: =JB22/IZ22*1000000 -> #DIV/0! | JB22: =JB58+JB94+JB130+JB166 -> 0 | JD22: =IFERROR(+JB22*JC22,"") -> 0 | JH22: =IFERROR(+(IF(JB22="","0",JB22))+(IF(JD22="","0",JD22))+(IF(JG22="","0",JG22)),"") -> 0 | JI22: =IR22 -> 0.46044713 | JJ22: =IFERROR(+JI22*(JH22-JG22),"") -> 0 | JK22: =IFERROR(+(IF(JH22="","0",JH22))-(IF(JJ22="","0",JJ22)),"") -> 0 | JM22: =JM21+1 -> 10 | JN22: =IFERROR(VLOOKUP($R22,$A$13:$D$30,-JN$12,FALSE),"") -> Lainnya 2.3 (2) ……… | JO22: =IFERROR(VLOOKUP($R22,$A$13:$D$30,-JO$12,FALSE),"") -> Bijih | JP22: =IFERROR(VLOOKUP($R22,$A$13:$D$30,-JP$12,FALSE),"") -> Ton | JQ22: =JQ58+JQ94+JQ130+JQ166 -> 0 | JR22: =JS22/JQ22*1000000 -> #DIV/0! | JS22: =JS58+JS94+JS130+JS166 -> 0 | JU22: =IFERROR(+JS22*JT22,"") -> 0 | JY22: =IFERROR(+(IF(JS22="","0",JS22))+(IF(JU22="","0",JU22))+(IF(JX22="","0",JX22)),"") -> 0 | JZ22: =JI22 -> 0.46044713 | KA22: =IFERROR(+JZ22*(JY22-JX22),"") -> 0 | KB22: =IFERROR(+(IF(JY22="","0",JY22))-(IF(KA22="","0",KA22)),"") -> 0 | KD22: =KD21+1 -> 10 | KE22: =IFERROR(VLOOKUP($R22,$A$13:$D$30,-KE$12,FALSE),"") -> Lainnya 2.3 (2) ……… | KF22: =IFERROR(VLOOKUP($R22,$A$13:$D$30,-KF$12,FALSE),"") -> Bijih | KG22: =IFERROR(VLOOKUP($R22,$A$13:$D$30,-KG$12,FALSE),"") -> Ton | KH22: =KH58+KH94+KH130+KH166 -> 0 | KI22: =KJ22/KH22*1000000 -> #DIV/0! | KJ22: =KJ58+KJ94+KJ130+KJ166 -> 0 | KL22: =IFERROR(+KJ22*KK22,"") -> 0 | KP22: =IFERROR(+(IF(KJ22="","0",KJ22))+(IF(KL22="","0",KL22))+(IF(KO22="","0",KO22)),"") -> 0 | KQ22: =JZ22 -> 0.46044713 | KR22: =IFERROR(+KQ22*(KP22-KO22),"") -> 0 | KS22: =IFERROR(+(IF(KP22="","0",KP22))-(IF(KR22="","0",KR22)),"") -> 0
A23: =A22+1 -> 11 | B23: =IFERROR(VLOOKUP($R23,ADHK!$A$13:$D$30,-B$12,FALSE),"") -> Lainnya 2.3 (3) ……. | C23: =IFERROR(VLOOKUP($R23,ADHK!$A$13:$D$30,-C$12,FALSE),"") | D23: =IFERROR(VLOOKUP($R23,ADHK!$A$13:$D$30,-D$12,FALSE),"") | E23: =E59+E95+E131+E167 -> 0 | F23: =G23/E23*1000000 -> #DIV/0! | G23: =G59+G95+G131+G167 -> 0 | I23: =IFERROR(+G23*H23,"") -> 0 | M23: =IFERROR(+(IF(G23="","0",G23))+(IF(I23="","0",I23))+(IF(L23="","0",L23)),"") -> 0 | N23: =ADHK!N23 -> 0.46044713 | O23: =IFERROR(+N23*(M23-L23),"") -> 0 | P23: =IFERROR(+(IF(M23="","0",M23))-(IF(O23="","0",O23)),"") -> 0 | R23: =R22+1 -> 11 | S23: =IFERROR(VLOOKUP($R23,$A$13:$D$30,-S$12,FALSE),"") -> Lainnya 2.3 (3) ……. | T23: =IFERROR(VLOOKUP($R23,$A$13:$D$30,-T$12,FALSE),"") | U23: =IFERROR(VLOOKUP($R23,$A$13:$D$30,-U$12,FALSE),"") | V23: =V59+V95+V131+V167 -> 0 | W23: =X23/V23*1000000 -> #DIV/0! | X23: =X59+X95+X131+X167 -> 0 | Z23: =IFERROR(+X23*Y23,"") -> 0 | AD23: =IFERROR(+(IF(X23="","0",X23))+(IF(Z23="","0",Z23))+(IF(AC23="","0",AC23)),"") -> 0 | AE23: =N23 -> 0.46044713 | AF23: =IFERROR(+AE23*(AD23-AC23),"") -> 0 | AG23: =IFERROR(+(IF(AD23="","0",AD23))-(IF(AF23="","0",AF23)),"") -> 0 | AI23: =AI22+1 -> 11 | AJ23: =IFERROR(VLOOKUP($R23,$A$13:$D$30,-AJ$12,FALSE),"") -> Lainnya 2.3 (3) ……. | AK23: =IFERROR(VLOOKUP($R23,$A$13:$D$30,-AK$12,FALSE),"") | AL23: =IFERROR(VLOOKUP($R23,$A$13:$D$30,-AL$12,FALSE),"") | AM23: =AM59+AM95+AM131+AM167 -> 0 | AN23: =AO23/AM23*1000000 -> #DIV/0! | AO23: =AO59+AO95+AO131+AO167 -> 0 | AQ23: =IFERROR(+AO23*AP23,"") -> 0 | AU23: =IFERROR(+(IF(AO23="","0",AO23))+(IF(AQ23="","0",AQ23))+(IF(AT23="","0",AT23)),"") -> 0 | AV23: =AE23 -> 0.46044713 | AW23: =IFERROR(+AV23*(AU23-AT23),"") -> 0 | AX23: =IFERROR(+(IF(AU23="","0",AU23))-(IF(AW23="","0",AW23)),"") -> 0 | AZ23: =AZ22+1 -> 11 | BA23: =IFERROR(VLOOKUP($R23,$A$13:$D$30,-BA$12,FALSE),"") -> Lainnya 2.3 (3) ……. | BB23: =IFERROR(VLOOKUP($R23,$A$13:$D$30,-BB$12,FALSE),"") | BC23: =IFERROR(VLOOKUP($R23,$A$13:$D$30,-BC$12,FALSE),"") | BD23: =BD59+BD95+BD131+BD167 -> 0 | BE23: =BF23/BD23*1000000 -> #DIV/0! | BF23: =BF59+BF95+BF131+BF167 -> 0 | BH23: =IFERROR(+BF23*BG23,"") -> 0 | BL23: =IFERROR(+(IF(BF23="","0",BF23))+(IF(BH23="","0",BH23))+(IF(BK23="","0",BK23)),"") -> 0 | BM23: =AV23 -> 0.46044713 | BN23: =IFERROR(+BM23*(BL23-BK23),"") -> 0 | BO23: =IFERROR(+(IF(BL23="","0",BL23))-(IF(BN23="","0",BN23)),"") -> 0 | BQ23: =BQ22+1 -> 11 | BR23: =IFERROR(VLOOKUP($R23,$A$13:$D$30,-BR$12,FALSE),"") -> Lainnya 2.3 (3) ……. | BS23: =IFERROR(VLOOKUP($R23,$A$13:$D$30,-BS$12,FALSE),"") | BT23: =IFERROR(VLOOKUP($R23,$A$13:$D$30,-BT$12,FALSE),"") | BU23: =BU59+BU95+BU131+BU167 -> 0 | BV23: =BW23/BU23*1000000 -> #DIV/0! | BW23: =BW59+BW95+BW131+BW167 -> 0 | BY23: =IFERROR(+BW23*BX23,"") -> 0 | CC23: =IFERROR(+(IF(BW23="","0",BW23))+(IF(BY23="","0",BY23))+(IF(CB23="","0",CB23)),"") -> 0 | CD23: =BM23 -> 0.46044713 | CE23: =IFERROR(+CD23*(CC23-CB23),"") -> 0 | CF23: =IFERROR(+(IF(CC23="","0",CC23))-(IF(CE23="","0",CE23)),"") -> 0 | CH23: =CH22+1 -> 11 | CI23: =IFERROR(VLOOKUP($R23,$A$13:$D$30,-CI$12,FALSE),"") -> Lainnya 2.3 (3) ……. | CJ23: =IFERROR(VLOOKUP($R23,$A$13:$D$30,-CJ$12,FALSE),"") | CK23: =IFERROR(VLOOKUP($R23,$A$13:$D$30,-CK$12,FALSE),"") | CL23: =CL59+CL95+CL131+CL167 -> 0 | CM23: =CN23/CL23*1000000 -> #DIV/0! | CN23: =CN59+CN95+CN131+CN167 -> 0 | CP23: =IFERROR(+CN23*CO23,"") -> 0 | CT23: =IFERROR(+(IF(CN23="","0",CN23))+(IF(CP23="","0",CP23))+(IF(CS23="","0",CS23)),"") -> 0 | CU23: =CD23 -> 0.46044713 | CV23: =IFERROR(+CU23*(CT23-CS23),"") -> 0 | CW23: =IFERROR(+(IF(CT23="","0",CT23))-(IF(CV23="","0",CV23)),"") -> 0 | CY23: =CY22+1 -> 11 | CZ23: =IFERROR(VLOOKUP($R23,$A$13:$D$30,-CZ$12,FALSE),"") -> Lainnya 2.3 (3) ……. | DA23: =IFERROR(VLOOKUP($R23,$A$13:$D$30,-DA$12,FALSE),"") | DB23: =IFERROR(VLOOKUP($R23,$A$13:$D$30,-DB$12,FALSE),"") | DC23: =DC59+DC95+DC131+DC167 -> 0 | DD23: =DE23/DC23*1000000 -> #DIV/0! | DE23: =DE59+DE95+DE131+DE167 -> 0 | DG23: =IFERROR(+DE23*DF23,"") -> 0 | DK23: =IFERROR(+(IF(DE23="","0",DE23))+(IF(DG23="","0",DG23))+(IF(DJ23="","0",DJ23)),"") -> 0 | DL23: =CU23 -> 0.46044713 | DM23: =IFERROR(+DL23*(DK23-DJ23),"") -> 0 | DN23: =IFERROR(+(IF(DK23="","0",DK23))-(IF(DM23="","0",DM23)),"") -> 0 | DP23: =DP22+1 -> 11 | DQ23: =IFERROR(VLOOKUP($R23,$A$13:$D$30,-DQ$12,FALSE),"") -> Lainnya 2.3 (3) ……. | DR23: =IFERROR(VLOOKUP($R23,$A$13:$D$30,-DR$12,FALSE),"") | DS23: =IFERROR(VLOOKUP($R23,$A$13:$D$30,-DS$12,FALSE),"") | DT23: =DT59+DT95+DT131+DT167 -> 0 | DU23: =DV23/DT23*1000000 -> #DIV/0! | DV23: =DV59+DV95+DV131+DV167 -> 0 | DX23: =IFERROR(+DV23*DW23,"") -> 0 | EB23: =IFERROR(+(IF(DV23="","0",DV23))+(IF(DX23="","0",DX23))+(IF(EA23="","0",EA23)),"") -> 0 | EC23: =DL23 -> 0.46044713 | ED23: =IFERROR(+EC23*(EB23-EA23),"") -> 0 | EE23: =IFERROR(+(IF(EB23="","0",EB23))-(IF(ED23="","0",ED23)),"") -> 0 | EG23: =EG22+1 -> 11 | EH23: =IFERROR(VLOOKUP($R23,$A$13:$D$30,-EH$12,FALSE),"") -> Lainnya 2.3 (3) ……. | EI23: =IFERROR(VLOOKUP($R23,$A$13:$D$30,-EI$12,FALSE),"") | EJ23: =IFERROR(VLOOKUP($R23,$A$13:$D$30,-EJ$12,FALSE),"") | EK23: =EK59+EK95+EK131+EK167 -> 0 | EL23: =EM23/EK23*1000000 -> #DIV/0! | EM23: =EM59+EM95+EM131+EM167 -> 0 | EO23: =IFERROR(+EM23*EN23,"") -> 0 | ES23: =IFERROR(+(IF(EM23="","0",EM23))+(IF(EO23="","0",EO23))+(IF(ER23="","0",ER23)),"") -> 0 | ET23: =EC23 -> 0.46044713 | EU23: =IFERROR(+ET23*(ES23-ER23),"") -> 0 | EV23: =IFERROR(+(IF(ES23="","0",ES23))-(IF(EU23="","0",EU23)),"") -> 0 | EX23: =EX22+1 -> 11 | EY23: =IFERROR(VLOOKUP($R23,$A$13:$D$30,-EY$12,FALSE),"") -> Lainnya 2.3 (3) ……. | EZ23: =IFERROR(VLOOKUP($R23,$A$13:$D$30,-EZ$12,FALSE),"") | FA23: =IFERROR(VLOOKUP($R23,$A$13:$D$30,-FA$12,FALSE),"") | FB23: =FB59+FB95+FB131+FB167 -> 0 | FC23: =FD23/FB23*1000000 -> #DIV/0! | FD23: =FD59+FD95+FD131+FD167 -> 0 | FF23: =IFERROR(+FD23*FE23,"") -> 0 | FJ23: =IFERROR(+(IF(FD23="","0",FD23))+(IF(FF23="","0",FF23))+(IF(FI23="","0",FI23)),"") -> 0 | FK23: =ET23 -> 0.46044713 | FL23: =IFERROR(+FK23*(FJ23-FI23),"") -> 0 | FM23: =IFERROR(+(IF(FJ23="","0",FJ23))-(IF(FL23="","0",FL23)),"") -> 0 | FO23: =FO22+1 -> 11 | FP23: =IFERROR(VLOOKUP($R23,$A$13:$D$30,-FP$12,FALSE),"") -> Lainnya 2.3 (3) ……. | FQ23: =IFERROR(VLOOKUP($R23,$A$13:$D$30,-FQ$12,FALSE),"") | FR23: =IFERROR(VLOOKUP($R23,$A$13:$D$30,-FR$12,FALSE),"") | FS23: =FS59+FS95+FS131+FS167 -> 0 | FT23: =FU23/FS23*1000000 -> #DIV/0! | FU23: =FU59+FU95+FU131+FU167 -> 0 | FW23: =IFERROR(+FU23*FV23,"") -> 0 | GA23: =IFERROR(+(IF(FU23="","0",FU23))+(IF(FW23="","0",FW23))+(IF(FZ23="","0",FZ23)),"") -> 0 | GB23: =FK23 -> 0.46044713 | GC23: =IFERROR(+GB23*(GA23-FZ23),"") -> 0 | GD23: =IFERROR(+(IF(GA23="","0",GA23))-(IF(GC23="","0",GC23)),"") -> 0 | GF23: =GF22+1 -> 11 | GG23: =IFERROR(VLOOKUP($R23,$A$13:$D$30,-GG$12,FALSE),"") -> Lainnya 2.3 (3) ……. | GH23: =IFERROR(VLOOKUP($R23,$A$13:$D$30,-GH$12,FALSE),"") | GI23: =IFERROR(VLOOKUP($R23,$A$13:$D$30,-GI$12,FALSE),"") | GJ23: =GJ59+GJ95+GJ131+GJ167 -> 0 | GK23: =GL23/GJ23*1000000 -> #DIV/0! | GL23: =GL59+GL95+GL131+GL167 -> 0 | GN23: =IFERROR(+GL23*GM23,"") -> 0 | GR23: =IFERROR(+(IF(GL23="","0",GL23))+(IF(GN23="","0",GN23))+(IF(GQ23="","0",GQ23)),"") -> 0 | GS23: =GB23 -> 0.46044713 | GT23: =IFERROR(+GS23*(GR23-GQ23),"") -> 0 | GU23: =IFERROR(+(IF(GR23="","0",GR23))-(IF(GT23="","0",GT23)),"") -> 0 | GW23: =GW22+1 -> 11 | GX23: =IFERROR(VLOOKUP($R23,$A$13:$D$30,-GX$12,FALSE),"") -> Lainnya 2.3 (3) ……. | GY23: =IFERROR(VLOOKUP($R23,$A$13:$D$30,-GY$12,FALSE),"") | GZ23: =IFERROR(VLOOKUP($R23,$A$13:$D$30,-GZ$12,FALSE),"") | HA23: =HA59+HA95+HA131+HA167 -> 0 | HB23: =HC23/HA23*1000000 -> #DIV/0! | HC23: =HC59+HC95+HC131+HC167 -> 0 | HE23: =IFERROR(+HC23*HD23,"") -> 0 | HI23: =IFERROR(+(IF(HC23="","0",HC23))+(IF(HE23="","0",HE23))+(IF(HH23="","0",HH23)),"") -> 0 | HJ23: =GS23 -> 0.46044713 | HK23: =IFERROR(+HJ23*(HI23-HH23),"") -> 0 | HL23: =IFERROR(+(IF(HI23="","0",HI23))-(IF(HK23="","0",HK23)),"") -> 0 | HN23: =HN22+1 -> 11 | HO23: =IFERROR(VLOOKUP($R23,$A$13:$D$30,-HO$12,FALSE),"") -> Lainnya 2.3 (3) ……. | HP23: =IFERROR(VLOOKUP($R23,$A$13:$D$30,-HP$12,FALSE),"") | HQ23: =IFERROR(VLOOKUP($R23,$A$13:$D$30,-HQ$12,FALSE),"") | HR23: =HR59+HR95+HR131+HR167 -> 0 | HS23: =HT23/HR23*1000000 -> #DIV/0! | HT23: =HT59+HT95+HT131+HT167 -> 0 | HV23: =IFERROR(+HT23*HU23,"") -> 0 | HZ23: =IFERROR(+(IF(HT23="","0",HT23))+(IF(HV23="","0",HV23))+(IF(HY23="","0",HY23)),"") -> 0 | IA23: =HJ23 -> 0.46044713 | IB23: =IFERROR(+IA23*(HZ23-HY23),"") -> 0 | IC23: =IFERROR(+(IF(HZ23="","0",HZ23))-(IF(IB23="","0",IB23)),"") -> 0 | IE23: =IE22+1 -> 11 | IF23: =IFERROR(VLOOKUP($R23,$A$13:$D$30,-IF$12,FALSE),"") -> Lainnya 2.3 (3) ……. | IG23: =IFERROR(VLOOKUP($R23,$A$13:$D$30,-IG$12,FALSE),"") | IH23: =IFERROR(VLOOKUP($R23,$A$13:$D$30,-IH$12,FALSE),"") | II23: =II59+II95+II131+II167 -> 0 | IJ23: =IK23/II23*1000000 -> #DIV/0! | IK23: =IK59+IK95+IK131+IK167 -> 0 | IM23: =IFERROR(+IK23*IL23,"") -> 0 | IQ23: =IFERROR(+(IF(IK23="","0",IK23))+(IF(IM23="","0",IM23))+(IF(IP23="","0",IP23)),"") -> 0 | IR23: =IA23 -> 0.46044713 | IS23: =IFERROR(+IR23*(IQ23-IP23),"") -> 0 | IT23: =IFERROR(+(IF(IQ23="","0",IQ23))-(IF(IS23="","0",IS23)),"") -> 0 | IV23: =IV22+1 -> 11 | IW23: =IFERROR(VLOOKUP($R23,$A$13:$D$30,-IW$12,FALSE),"") -> Lainnya 2.3 (3) ……. | IX23: =IFERROR(VLOOKUP($R23,$A$13:$D$30,-IX$12,FALSE),"") | IY23: =IFERROR(VLOOKUP($R23,$A$13:$D$30,-IY$12,FALSE),"") | IZ23: =IZ59+IZ95+IZ131+IZ167 -> 0 | JA23: =JB23/IZ23*1000000 -> #DIV/0! | JB23: =JB59+JB95+JB131+JB167 -> 0 | JD23: =IFERROR(+JB23*JC23,"") -> 0 | JH23: =IFERROR(+(IF(JB23="","0",JB23))+(IF(JD23="","0",JD23))+(IF(JG23="","0",JG23)),"") -> 0 | JI23: =IR23 -> 0.46044713 | JJ23: =IFERROR(+JI23*(JH23-JG23),"") -> 0 | JK23: =IFERROR(+(IF(JH23="","0",JH23))-(IF(JJ23="","0",JJ23)),"") -> 0 | JM23: =JM22+1 -> 11 | JN23: =IFERROR(VLOOKUP($R23,$A$13:$D$30,-JN$12,FALSE),"") -> Lainnya 2.3 (3) ……. | JO23: =IFERROR(VLOOKUP($R23,$A$13:$D$30,-JO$12,FALSE),"") | JP23: =IFERROR(VLOOKUP($R23,$A$13:$D$30,-JP$12,FALSE),"") | JQ23: =JQ59+JQ95+JQ131+JQ167 -> 0 | JR23: =JS23/JQ23*1000000 -> #DIV/0! | JS23: =JS59+JS95+JS131+JS167 -> 0 | JU23: =IFERROR(+JS23*JT23,"") -> 0 | JY23: =IFERROR(+(IF(JS23="","0",JS23))+(IF(JU23="","0",JU23))+(IF(JX23="","0",JX23)),"") -> 0 | JZ23: =JI23 -> 0.46044713 | KA23: =IFERROR(+JZ23*(JY23-JX23),"") -> 0 | KB23: =IFERROR(+(IF(JY23="","0",JY23))-(IF(KA23="","0",KA23)),"") -> 0 | KD23: =KD22+1 -> 11 | KE23: =IFERROR(VLOOKUP($R23,$A$13:$D$30,-KE$12,FALSE),"") -> Lainnya 2.3 (3) ……. | KF23: =IFERROR(VLOOKUP($R23,$A$13:$D$30,-KF$12,FALSE),"") | KG23: =IFERROR(VLOOKUP($R23,$A$13:$D$30,-KG$12,FALSE),"") | KH23: =KH59+KH95+KH131+KH167 -> 0 | KI23: =KJ23/KH23*1000000 -> #DIV/0! | KJ23: =KJ59+KJ95+KJ131+KJ167 -> 0 | KL23: =IFERROR(+KJ23*KK23,"") -> 0 | KP23: =IFERROR(+(IF(KJ23="","0",KJ23))+(IF(KL23="","0",KL23))+(IF(KO23="","0",KO23)),"") -> 0 | KQ23: =JZ23 -> 0.46044713 | KR23: =IFERROR(+KQ23*(KP23-KO23),"") -> 0 | KS23: =IFERROR(+(IF(KP23="","0",KP23))-(IF(KR23="","0",KR23)),"") -> 0
A24: =A23+1 -> 12 | B24: =IFERROR(VLOOKUP($R24,ADHK!$A$13:$D$30,-B$12,FALSE),"") -> Lainnya 2.3 (4) ……. | C24: =IFERROR(VLOOKUP($R24,ADHK!$A$13:$D$30,-C$12,FALSE),"") | D24: =IFERROR(VLOOKUP($R24,ADHK!$A$13:$D$30,-D$12,FALSE),"") | E24: =E60+E96+E132+E168 -> 0 | F24: =G24/E24*1000000 -> #DIV/0! | G24: =G60+G96+G132+G168 -> 0 | I24: =IFERROR(+G24*H24,"") -> 0 | M24: =IFERROR(+(IF(G24="","0",G24))+(IF(I24="","0",I24))+(IF(L24="","0",L24)),"") -> 0 | N24: =ADHK!N24 -> 0.46044713 | O24: =IFERROR(+N24*(M24-L24),"") -> 0 | P24: =IFERROR(+(IF(M24="","0",M24))-(IF(O24="","0",O24)),"") -> 0 | R24: =R23+1 -> 12 | S24: =IFERROR(VLOOKUP($R24,$A$13:$D$30,-S$12,FALSE),"") -> Lainnya 2.3 (4) ……. | T24: =IFERROR(VLOOKUP($R24,$A$13:$D$30,-T$12,FALSE),"") | U24: =IFERROR(VLOOKUP($R24,$A$13:$D$30,-U$12,FALSE),"") | V24: =V60+V96+V132+V168 -> 0 | W24: =X24/V24*1000000 -> #DIV/0! | X24: =X60+X96+X132+X168 -> 0 | Z24: =IFERROR(+X24*Y24,"") -> 0 | AD24: =IFERROR(+(IF(X24="","0",X24))+(IF(Z24="","0",Z24))+(IF(AC24="","0",AC24)),"") -> 0 | AE24: =N24 -> 0.46044713 | AF24: =IFERROR(+AE24*(AD24-AC24),"") -> 0 | AG24: =IFERROR(+(IF(AD24="","0",AD24))-(IF(AF24="","0",AF24)),"") -> 0 | AI24: =AI23+1 -> 12 | AJ24: =IFERROR(VLOOKUP($R24,$A$13:$D$30,-AJ$12,FALSE),"") -> Lainnya 2.3 (4) ……. | AK24: =IFERROR(VLOOKUP($R24,$A$13:$D$30,-AK$12,FALSE),"") | AL24: =IFERROR(VLOOKUP($R24,$A$13:$D$30,-AL$12,FALSE),"") | AM24: =AM60+AM96+AM132+AM168 -> 0 | AN24: =AO24/AM24*1000000 -> #DIV/0! | AO24: =AO60+AO96+AO132+AO168 -> 0 | AQ24: =IFERROR(+AO24*AP24,"") -> 0 | AU24: =IFERROR(+(IF(AO24="","0",AO24))+(IF(AQ24="","0",AQ24))+(IF(AT24="","0",AT24)),"") -> 0 | AV24: =AE24 -> 0.46044713 | AW24: =IFERROR(+AV24*(AU24-AT24),"") -> 0 | AX24: =IFERROR(+(IF(AU24="","0",AU24))-(IF(AW24="","0",AW24)),"") -> 0 | AZ24: =AZ23+1 -> 12 | BA24: =IFERROR(VLOOKUP($R24,$A$13:$D$30,-BA$12,FALSE),"") -> Lainnya 2.3 (4) ……. | BB24: =IFERROR(VLOOKUP($R24,$A$13:$D$30,-BB$12,FALSE),"") | BC24: =IFERROR(VLOOKUP($R24,$A$13:$D$30,-BC$12,FALSE),"") | BD24: =BD60+BD96+BD132+BD168 -> 0 | BE24: =BF24/BD24*1000000 -> #DIV/0! | BF24: =BF60+BF96+BF132+BF168 -> 0 | BH24: =IFERROR(+BF24*BG24,"") -> 0 | BL24: =IFERROR(+(IF(BF24="","0",BF24))+(IF(BH24="","0",BH24))+(IF(BK24="","0",BK24)),"") -> 0 | BM24: =AV24 -> 0.46044713 | BN24: =IFERROR(+BM24*(BL24-BK24),"") -> 0 | BO24: =IFERROR(+(IF(BL24="","0",BL24))-(IF(BN24="","0",BN24)),"") -> 0 | BQ24: =BQ23+1 -> 12 | BR24: =IFERROR(VLOOKUP($R24,$A$13:$D$30,-BR$12,FALSE),"") -> Lainnya 2.3 (4) ……. | BS24: =IFERROR(VLOOKUP($R24,$A$13:$D$30,-BS$12,FALSE),"") | BT24: =IFERROR(VLOOKUP($R24,$A$13:$D$30,-BT$12,FALSE),"") | BU24: =BU60+BU96+BU132+BU168 -> 0 | BV24: =BW24/BU24*1000000 -> #DIV/0! | BW24: =BW60+BW96+BW132+BW168 -> 0 | BY24: =IFERROR(+BW24*BX24,"") -> 0 | CC24: =IFERROR(+(IF(BW24="","0",BW24))+(IF(BY24="","0",BY24))+(IF(CB24="","0",CB24)),"") -> 0 | CD24: =BM24 -> 0.46044713 | CE24: =IFERROR(+CD24*(CC24-CB24),"") -> 0 | CF24: =IFERROR(+(IF(CC24="","0",CC24))-(IF(CE24="","0",CE24)),"") -> 0 | CH24: =CH23+1 -> 12 | CI24: =IFERROR(VLOOKUP($R24,$A$13:$D$30,-CI$12,FALSE),"") -> Lainnya 2.3 (4) ……. | CJ24: =IFERROR(VLOOKUP($R24,$A$13:$D$30,-CJ$12,FALSE),"") | CK24: =IFERROR(VLOOKUP($R24,$A$13:$D$30,-CK$12,FALSE),"") | CL24: =CL60+CL96+CL132+CL168 -> 0 | CM24: =CN24/CL24*1000000 -> #DIV/0! | CN24: =CN60+CN96+CN132+CN168 -> 0 | CP24: =IFERROR(+CN24*CO24,"") -> 0 | CT24: =IFERROR(+(IF(CN24="","0",CN24))+(IF(CP24="","0",CP24))+(IF(CS24="","0",CS24)),"") -> 0 | CU24: =CD24 -> 0.46044713 | CV24: =IFERROR(+CU24*(CT24-CS24),"") -> 0 | CW24: =IFERROR(+(IF(CT24="","0",CT24))-(IF(CV24="","0",CV24)),"") -> 0 | CY24: =CY23+1 -> 12 | CZ24: =IFERROR(VLOOKUP($R24,$A$13:$D$30,-CZ$12,FALSE),"") -> Lainnya 2.3 (4) ……. | DA24: =IFERROR(VLOOKUP($R24,$A$13:$D$30,-DA$12,FALSE),"") | DB24: =IFERROR(VLOOKUP($R24,$A$13:$D$30,-DB$12,FALSE),"") | DC24: =DC60+DC96+DC132+DC168 -> 0 | DD24: =DE24/DC24*1000000 -> #DIV/0! | DE24: =DE60+DE96+DE132+DE168 -> 0 | DG24: =IFERROR(+DE24*DF24,"") -> 0 | DK24: =IFERROR(+(IF(DE24="","0",DE24))+(IF(DG24="","0",DG24))+(IF(DJ24="","0",DJ24)),"") -> 0 | DL24: =CU24 -> 0.46044713 | DM24: =IFERROR(+DL24*(DK24-DJ24),"") -> 0 | DN24: =IFERROR(+(IF(DK24="","0",DK24))-(IF(DM24="","0",DM24)),"") -> 0 | DP24: =DP23+1 -> 12 | DQ24: =IFERROR(VLOOKUP($R24,$A$13:$D$30,-DQ$12,FALSE),"") -> Lainnya 2.3 (4) ……. | DR24: =IFERROR(VLOOKUP($R24,$A$13:$D$30,-DR$12,FALSE),"") | DS24: =IFERROR(VLOOKUP($R24,$A$13:$D$30,-DS$12,FALSE),"") | DT24: =DT60+DT96+DT132+DT168 -> 0 | DU24: =DV24/DT24*1000000 -> #DIV/0! | DV24: =DV60+DV96+DV132+DV168 -> 0 | DX24: =IFERROR(+DV24*DW24,"") -> 0 | EB24: =IFERROR(+(IF(DV24="","0",DV24))+(IF(DX24="","0",DX24))+(IF(EA24="","0",EA24)),"") -> 0 | EC24: =DL24 -> 0.46044713 | ED24: =IFERROR(+EC24*(EB24-EA24),"") -> 0 | EE24: =IFERROR(+(IF(EB24="","0",EB24))-(IF(ED24="","0",ED24)),"") -> 0 | EG24: =EG23+1 -> 12 | EH24: =IFERROR(VLOOKUP($R24,$A$13:$D$30,-EH$12,FALSE),"") -> Lainnya 2.3 (4) ……. | EI24: =IFERROR(VLOOKUP($R24,$A$13:$D$30,-EI$12,FALSE),"") | EJ24: =IFERROR(VLOOKUP($R24,$A$13:$D$30,-EJ$12,FALSE),"") | EK24: =EK60+EK96+EK132+EK168 -> 0 | EL24: =EM24/EK24*1000000 -> #DIV/0! | EM24: =EM60+EM96+EM132+EM168 -> 0 | EO24: =IFERROR(+EM24*EN24,"") -> 0 | ES24: =IFERROR(+(IF(EM24="","0",EM24))+(IF(EO24="","0",EO24))+(IF(ER24="","0",ER24)),"") -> 0 | ET24: =EC24 -> 0.46044713 | EU24: =IFERROR(+ET24*(ES24-ER24),"") -> 0 | EV24: =IFERROR(+(IF(ES24="","0",ES24))-(IF(EU24="","0",EU24)),"") -> 0 | EX24: =EX23+1 -> 12 | EY24: =IFERROR(VLOOKUP($R24,$A$13:$D$30,-EY$12,FALSE),"") -> Lainnya 2.3 (4) ……. | EZ24: =IFERROR(VLOOKUP($R24,$A$13:$D$30,-EZ$12,FALSE),"") | FA24: =IFERROR(VLOOKUP($R24,$A$13:$D$30,-FA$12,FALSE),"") | FB24: =FB60+FB96+FB132+FB168 -> 0 | FC24: =FD24/FB24*1000000 -> #DIV/0! | FD24: =FD60+FD96+FD132+FD168 -> 0 | FF24: =IFERROR(+FD24*FE24,"") -> 0 | FJ24: =IFERROR(+(IF(FD24="","0",FD24))+(IF(FF24="","0",FF24))+(IF(FI24="","0",FI24)),"") -> 0 | FK24: =ET24 -> 0.46044713 | FL24: =IFERROR(+FK24*(FJ24-FI24),"") -> 0 | FM24: =IFERROR(+(IF(FJ24="","0",FJ24))-(IF(FL24="","0",FL24)),"") -> 0 | FO24: =FO23+1 -> 12 | FP24: =IFERROR(VLOOKUP($R24,$A$13:$D$30,-FP$12,FALSE),"") -> Lainnya 2.3 (4) ……. | FQ24: =IFERROR(VLOOKUP($R24,$A$13:$D$30,-FQ$12,FALSE),"") | FR24: =IFERROR(VLOOKUP($R24,$A$13:$D$30,-FR$12,FALSE),"") | FS24: =FS60+FS96+FS132+FS168 -> 0 | FT24: =FU24/FS24*1000000 -> #DIV/0! | FU24: =FU60+FU96+FU132+FU168 -> 0 | FW24: =IFERROR(+FU24*FV24,"") -> 0 | GA24: =IFERROR(+(IF(FU24="","0",FU24))+(IF(FW24="","0",FW24))+(IF(FZ24="","0",FZ24)),"") -> 0 | GB24: =FK24 -> 0.46044713 | GC24: =IFERROR(+GB24*(GA24-FZ24),"") -> 0 | GD24: =IFERROR(+(IF(GA24="","0",GA24))-(IF(GC24="","0",GC24)),"") -> 0 | GF24: =GF23+1 -> 12 | GG24: =IFERROR(VLOOKUP($R24,$A$13:$D$30,-GG$12,FALSE),"") -> Lainnya 2.3 (4) ……. | GH24: =IFERROR(VLOOKUP($R24,$A$13:$D$30,-GH$12,FALSE),"") | GI24: =IFERROR(VLOOKUP($R24,$A$13:$D$30,-GI$12,FALSE),"") | GJ24: =GJ60+GJ96+GJ132+GJ168 -> 0 | GK24: =GL24/GJ24*1000000 -> #DIV/0! | GL24: =GL60+GL96+GL132+GL168 -> 0 | GN24: =IFERROR(+GL24*GM24,"") -> 0 | GR24: =IFERROR(+(IF(GL24="","0",GL24))+(IF(GN24="","0",GN24))+(IF(GQ24="","0",GQ24)),"") -> 0 | GS24: =GB24 -> 0.46044713 | GT24: =IFERROR(+GS24*(GR24-GQ24),"") -> 0 | GU24: =IFERROR(+(IF(GR24="","0",GR24))-(IF(GT24="","0",GT24)),"") -> 0 | GW24: =GW23+1 -> 12 | GX24: =IFERROR(VLOOKUP($R24,$A$13:$D$30,-GX$12,FALSE),"") -> Lainnya 2.3 (4) ……. | GY24: =IFERROR(VLOOKUP($R24,$A$13:$D$30,-GY$12,FALSE),"") | GZ24: =IFERROR(VLOOKUP($R24,$A$13:$D$30,-GZ$12,FALSE),"") | HA24: =HA60+HA96+HA132+HA168 -> 0 | HB24: =HC24/HA24*1000000 -> #DIV/0! | HC24: =HC60+HC96+HC132+HC168 -> 0 | HE24: =IFERROR(+HC24*HD24,"") -> 0 | HI24: =IFERROR(+(IF(HC24="","0",HC24))+(IF(HE24="","0",HE24))+(IF(HH24="","0",HH24)),"") -> 0 | HJ24: =GS24 -> 0.46044713 | HK24: =IFERROR(+HJ24*(HI24-HH24),"") -> 0 | HL24: =IFERROR(+(IF(HI24="","0",HI24))-(IF(HK24="","0",HK24)),"") -> 0 | HN24: =HN23+1 -> 12 | HO24: =IFERROR(VLOOKUP($R24,$A$13:$D$30,-HO$12,FALSE),"") -> Lainnya 2.3 (4) ……. | HP24: =IFERROR(VLOOKUP($R24,$A$13:$D$30,-HP$12,FALSE),"") | HQ24: =IFERROR(VLOOKUP($R24,$A$13:$D$30,-HQ$12,FALSE),"") | HR24: =HR60+HR96+HR132+HR168 -> 0 | HS24: =HT24/HR24*1000000 -> #DIV/0! | HT24: =HT60+HT96+HT132+HT168 -> 0 | HV24: =IFERROR(+HT24*HU24,"") -> 0 | HZ24: =IFERROR(+(IF(HT24="","0",HT24))+(IF(HV24="","0",HV24))+(IF(HY24="","0",HY24)),"") -> 0 | IA24: =HJ24 -> 0.46044713 | IB24: =IFERROR(+IA24*(HZ24-HY24),"") -> 0 | IC24: =IFERROR(+(IF(HZ24="","0",HZ24))-(IF(IB24="","0",IB24)),"") -> 0 | IE24: =IE23+1 -> 12 | IF24: =IFERROR(VLOOKUP($R24,$A$13:$D$30,-IF$12,FALSE),"") -> Lainnya 2.3 (4) ……. | IG24: =IFERROR(VLOOKUP($R24,$A$13:$D$30,-IG$12,FALSE),"") | IH24: =IFERROR(VLOOKUP($R24,$A$13:$D$30,-IH$12,FALSE),"") | II24: =II60+II96+II132+II168 -> 0 | IJ24: =IK24/II24*1000000 -> #DIV/0! | IK24: =IK60+IK96+IK132+IK168 -> 0 | IM24: =IFERROR(+IK24*IL24,"") -> 0 | IQ24: =IFERROR(+(IF(IK24="","0",IK24))+(IF(IM24="","0",IM24))+(IF(IP24="","0",IP24)),"") -> 0 | IR24: =IA24 -> 0.46044713 | IS24: =IFERROR(+IR24*(IQ24-IP24),"") -> 0 | IT24: =IFERROR(+(IF(IQ24="","0",IQ24))-(IF(IS24="","0",IS24)),"") -> 0 | IV24: =IV23+1 -> 12 | IW24: =IFERROR(VLOOKUP($R24,$A$13:$D$30,-IW$12,FALSE),"") -> Lainnya 2.3 (4) ……. | IX24: =IFERROR(VLOOKUP($R24,$A$13:$D$30,-IX$12,FALSE),"") | IY24: =IFERROR(VLOOKUP($R24,$A$13:$D$30,-IY$12,FALSE),"") | IZ24: =IZ60+IZ96+IZ132+IZ168 -> 0 | JA24: =JB24/IZ24*1000000 -> #DIV/0! | JB24: =JB60+JB96+JB132+JB168 -> 0 | JD24: =IFERROR(+JB24*JC24,"") -> 0 | JH24: =IFERROR(+(IF(JB24="","0",JB24))+(IF(JD24="","0",JD24))+(IF(JG24="","0",JG24)),"") -> 0 | JI24: =IR24 -> 0.46044713 | JJ24: =IFERROR(+JI24*(JH24-JG24),"") -> 0 | JK24: =IFERROR(+(IF(JH24="","0",JH24))-(IF(JJ24="","0",JJ24)),"") -> 0 | JM24: =JM23+1 -> 12 | JN24: =IFERROR(VLOOKUP($R24,$A$13:$D$30,-JN$12,FALSE),"") -> Lainnya 2.3 (4) ……. | JO24: =IFERROR(VLOOKUP($R24,$A$13:$D$30,-JO$12,FALSE),"") | JP24: =IFERROR(VLOOKUP($R24,$A$13:$D$30,-JP$12,FALSE),"") | JQ24: =JQ60+JQ96+JQ132+JQ168 -> 0 | JR24: =JS24/JQ24*1000000 -> #DIV/0! | JS24: =JS60+JS96+JS132+JS168 -> 0 | JU24: =IFERROR(+JS24*JT24,"") -> 0 | JY24: =IFERROR(+(IF(JS24="","0",JS24))+(IF(JU24="","0",JU24))+(IF(JX24="","0",JX24)),"") -> 0 | JZ24: =JI24 -> 0.46044713 | KA24: =IFERROR(+JZ24*(JY24-JX24),"") -> 0 | KB24: =IFERROR(+(IF(JY24="","0",JY24))-(IF(KA24="","0",KA24)),"") -> 0 | KD24: =KD23+1 -> 12 | KE24: =IFERROR(VLOOKUP($R24,$A$13:$D$30,-KE$12,FALSE),"") -> Lainnya 2.3 (4) ……. | KF24: =IFERROR(VLOOKUP($R24,$A$13:$D$30,-KF$12,FALSE),"") | KG24: =IFERROR(VLOOKUP($R24,$A$13:$D$30,-KG$12,FALSE),"") | KH24: =KH60+KH96+KH132+KH168 -> 0 | KI24: =KJ24/KH24*1000000 -> #DIV/0! | KJ24: =KJ60+KJ96+KJ132+KJ168 -> 0 | KL24: =IFERROR(+KJ24*KK24,"") -> 0 | KP24: =IFERROR(+(IF(KJ24="","0",KJ24))+(IF(KL24="","0",KL24))+(IF(KO24="","0",KO24)),"") -> 0 | KQ24: =JZ24 -> 0.46044713 | KR24: =IFERROR(+KQ24*(KP24-KO24),"") -> 0 | KS24: =IFERROR(+(IF(KP24="","0",KP24))-(IF(KR24="","0",KR24)),"") -> 0
A25: =A24+1 -> 13 | B25: =IFERROR(VLOOKUP($R25,ADHK!$A$13:$D$30,-B$12,FALSE),"") -> Lainnya 2.3 (5) ……. | C25: =IFERROR(VLOOKUP($R25,ADHK!$A$13:$D$30,-C$12,FALSE),"") | D25: =IFERROR(VLOOKUP($R25,ADHK!$A$13:$D$30,-D$12,FALSE),"") | E25: =E61+E97+E133+E169 -> 0 | F25: =G25/E25*1000000 -> #DIV/0! | G25: =G61+G97+G133+G169 -> 0 | I25: =IFERROR(+G25*H25,"") -> 0 | M25: =IFERROR(+(IF(G25="","0",G25))+(IF(I25="","0",I25))+(IF(L25="","0",L25)),"") -> 0 | N25: =ADHK!N25 -> 0.46044713 | O25: =IFERROR(+N25*(M25-L25),"") -> 0 | P25: =IFERROR(+(IF(M25="","0",M25))-(IF(O25="","0",O25)),"") -> 0 | R25: =R24+1 -> 13 | S25: =IFERROR(VLOOKUP($R25,$A$13:$D$30,-S$12,FALSE),"") -> Lainnya 2.3 (5) ……. | T25: =IFERROR(VLOOKUP($R25,$A$13:$D$30,-T$12,FALSE),"") | U25: =IFERROR(VLOOKUP($R25,$A$13:$D$30,-U$12,FALSE),"") | V25: =V61+V97+V133+V169 -> 0 | W25: =X25/V25*1000000 -> #DIV/0! | X25: =X61+X97+X133+X169 -> 0 | Z25: =IFERROR(+X25*Y25,"") -> 0 | AD25: =IFERROR(+(IF(X25="","0",X25))+(IF(Z25="","0",Z25))+(IF(AC25="","0",AC25)),"") -> 0 | AE25: =N25 -> 0.46044713 | AF25: =IFERROR(+AE25*(AD25-AC25),"") -> 0 | AG25: =IFERROR(+(IF(AD25="","0",AD25))-(IF(AF25="","0",AF25)),"") -> 0 | AI25: =AI24+1 -> 13 | AJ25: =IFERROR(VLOOKUP($R25,$A$13:$D$30,-AJ$12,FALSE),"") -> Lainnya 2.3 (5) ……. | AK25: =IFERROR(VLOOKUP($R25,$A$13:$D$30,-AK$12,FALSE),"") | AL25: =IFERROR(VLOOKUP($R25,$A$13:$D$30,-AL$12,FALSE),"") | AM25: =AM61+AM97+AM133+AM169 -> 0 | AN25: =AO25/AM25*1000000 -> #DIV/0! | AO25: =AO61+AO97+AO133+AO169 -> 0 | AQ25: =IFERROR(+AO25*AP25,"") -> 0 | AU25: =IFERROR(+(IF(AO25="","0",AO25))+(IF(AQ25="","0",AQ25))+(IF(AT25="","0",AT25)),"") -> 0 | AV25: =AE25 -> 0.46044713 | AW25: =IFERROR(+AV25*(AU25-AT25),"") -> 0 | AX25: =IFERROR(+(IF(AU25="","0",AU25))-(IF(AW25="","0",AW25)),"") -> 0 | AZ25: =AZ24+1 -> 13 | BA25: =IFERROR(VLOOKUP($R25,$A$13:$D$30,-BA$12,FALSE),"") -> Lainnya 2.3 (5) ……. | BB25: =IFERROR(VLOOKUP($R25,$A$13:$D$30,-BB$12,FALSE),"") | BC25: =IFERROR(VLOOKUP($R25,$A$13:$D$30,-BC$12,FALSE),"") | BD25: =BD61+BD97+BD133+BD169 -> 0 | BE25: =BF25/BD25*1000000 -> #DIV/0! | BF25: =BF61+BF97+BF133+BF169 -> 0 | BH25: =IFERROR(+BF25*BG25,"") -> 0 | BL25: =IFERROR(+(IF(BF25="","0",BF25))+(IF(BH25="","0",BH25))+(IF(BK25="","0",BK25)),"") -> 0 | BM25: =AV25 -> 0.46044713 | BN25: =IFERROR(+BM25*(BL25-BK25),"") -> 0 | BO25: =IFERROR(+(IF(BL25="","0",BL25))-(IF(BN25="","0",BN25)),"") -> 0 | BQ25: =BQ24+1 -> 13 | BR25: =IFERROR(VLOOKUP($R25,$A$13:$D$30,-BR$12,FALSE),"") -> Lainnya 2.3 (5) ……. | BS25: =IFERROR(VLOOKUP($R25,$A$13:$D$30,-BS$12,FALSE),"") | BT25: =IFERROR(VLOOKUP($R25,$A$13:$D$30,-BT$12,FALSE),"") | BU25: =BU61+BU97+BU133+BU169 -> 0 | BV25: =BW25/BU25*1000000 -> #DIV/0! | BW25: =BW61+BW97+BW133+BW169 -> 0 | BY25: =IFERROR(+BW25*BX25,"") -> 0 | CC25: =IFERROR(+(IF(BW25="","0",BW25))+(IF(BY25="","0",BY25))+(IF(CB25="","0",CB25)),"") -> 0 | CD25: =BM25 -> 0.46044713 | CE25: =IFERROR(+CD25*(CC25-CB25),"") -> 0 | CF25: =IFERROR(+(IF(CC25="","0",CC25))-(IF(CE25="","0",CE25)),"") -> 0 | CH25: =CH24+1 -> 13 | CI25: =IFERROR(VLOOKUP($R25,$A$13:$D$30,-CI$12,FALSE),"") -> Lainnya 2.3 (5) ……. | CJ25: =IFERROR(VLOOKUP($R25,$A$13:$D$30,-CJ$12,FALSE),"") | CK25: =IFERROR(VLOOKUP($R25,$A$13:$D$30,-CK$12,FALSE),"") | CL25: =CL61+CL97+CL133+CL169 -> 0 | CM25: =CN25/CL25*1000000 -> #DIV/0! | CN25: =CN61+CN97+CN133+CN169 -> 0 | CP25: =IFERROR(+CN25*CO25,"") -> 0 | CT25: =IFERROR(+(IF(CN25="","0",CN25))+(IF(CP25="","0",CP25))+(IF(CS25="","0",CS25)),"") -> 0 | CU25: =CD25 -> 0.46044713 | CV25: =IFERROR(+CU25*(CT25-CS25),"") -> 0 | CW25: =IFERROR(+(IF(CT25="","0",CT25))-(IF(CV25="","0",CV25)),"") -> 0 | CY25: =CY24+1 -> 13 | CZ25: =IFERROR(VLOOKUP($R25,$A$13:$D$30,-CZ$12,FALSE),"") -> Lainnya 2.3 (5) ……. | DA25: =IFERROR(VLOOKUP($R25,$A$13:$D$30,-DA$12,FALSE),"") | DB25: =IFERROR(VLOOKUP($R25,$A$13:$D$30,-DB$12,FALSE),"") | DC25: =DC61+DC97+DC133+DC169 -> 0 | DD25: =DE25/DC25*1000000 -> #DIV/0! | DE25: =DE61+DE97+DE133+DE169 -> 0 | DG25: =IFERROR(+DE25*DF25,"") -> 0 | DK25: =IFERROR(+(IF(DE25="","0",DE25))+(IF(DG25="","0",DG25))+(IF(DJ25="","0",DJ25)),"") -> 0 | DL25: =CU25 -> 0.46044713 | DM25: =IFERROR(+DL25*(DK25-DJ25),"") -> 0 | DN25: =IFERROR(+(IF(DK25="","0",DK25))-(IF(DM25="","0",DM25)),"") -> 0 | DP25: =DP24+1 -> 13 | DQ25: =IFERROR(VLOOKUP($R25,$A$13:$D$30,-DQ$12,FALSE),"") -> Lainnya 2.3 (5) ……. | DR25: =IFERROR(VLOOKUP($R25,$A$13:$D$30,-DR$12,FALSE),"") | DS25: =IFERROR(VLOOKUP($R25,$A$13:$D$30,-DS$12,FALSE),"") | DT25: =DT61+DT97+DT133+DT169 -> 0 | DU25: =DV25/DT25*1000000 -> #DIV/0! | DV25: =DV61+DV97+DV133+DV169 -> 0 | DX25: =IFERROR(+DV25*DW25,"") -> 0 | EB25: =IFERROR(+(IF(DV25="","0",DV25))+(IF(DX25="","0",DX25))+(IF(EA25="","0",EA25)),"") -> 0 | EC25: =DL25 -> 0.46044713 | ED25: =IFERROR(+EC25*(EB25-EA25),"") -> 0 | EE25: =IFERROR(+(IF(EB25="","0",EB25))-(IF(ED25="","0",ED25)),"") -> 0 | EG25: =EG24+1 -> 13 | EH25: =IFERROR(VLOOKUP($R25,$A$13:$D$30,-EH$12,FALSE),"") -> Lainnya 2.3 (5) ……. | EI25: =IFERROR(VLOOKUP($R25,$A$13:$D$30,-EI$12,FALSE),"") | EJ25: =IFERROR(VLOOKUP($R25,$A$13:$D$30,-EJ$12,FALSE),"") | EK25: =EK61+EK97+EK133+EK169 -> 0 | EL25: =EM25/EK25*1000000 -> #DIV/0! | EM25: =EM61+EM97+EM133+EM169 -> 0 | EO25: =IFERROR(+EM25*EN25,"") -> 0 | ES25: =IFERROR(+(IF(EM25="","0",EM25))+(IF(EO25="","0",EO25))+(IF(ER25="","0",ER25)),"") -> 0 | ET25: =EC25 -> 0.46044713 | EU25: =IFERROR(+ET25*(ES25-ER25),"") -> 0 | EV25: =IFERROR(+(IF(ES25="","0",ES25))-(IF(EU25="","0",EU25)),"") -> 0 | EX25: =EX24+1 -> 13 | EY25: =IFERROR(VLOOKUP($R25,$A$13:$D$30,-EY$12,FALSE),"") -> Lainnya 2.3 (5) ……. | EZ25: =IFERROR(VLOOKUP($R25,$A$13:$D$30,-EZ$12,FALSE),"") | FA25: =IFERROR(VLOOKUP($R25,$A$13:$D$30,-FA$12,FALSE),"") | FB25: =FB61+FB97+FB133+FB169 -> 0 | FC25: =FD25/FB25*1000000 -> #DIV/0! | FD25: =FD61+FD97+FD133+FD169 -> 0 | FF25: =IFERROR(+FD25*FE25,"") -> 0 | FJ25: =IFERROR(+(IF(FD25="","0",FD25))+(IF(FF25="","0",FF25))+(IF(FI25="","0",FI25)),"") -> 0 | FK25: =ET25 -> 0.46044713 | FL25: =IFERROR(+FK25*(FJ25-FI25),"") -> 0 | FM25: =IFERROR(+(IF(FJ25="","0",FJ25))-(IF(FL25="","0",FL25)),"") -> 0 | FO25: =FO24+1 -> 13 | FP25: =IFERROR(VLOOKUP($R25,$A$13:$D$30,-FP$12,FALSE),"") -> Lainnya 2.3 (5) ……. | FQ25: =IFERROR(VLOOKUP($R25,$A$13:$D$30,-FQ$12,FALSE),"") | FR25: =IFERROR(VLOOKUP($R25,$A$13:$D$30,-FR$12,FALSE),"") | FS25: =FS61+FS97+FS133+FS169 -> 0 | FT25: =FU25/FS25*1000000 -> #DIV/0! | FU25: =FU61+FU97+FU133+FU169 -> 0 | FW25: =IFERROR(+FU25*FV25,"") -> 0 | GA25: =IFERROR(+(IF(FU25="","0",FU25))+(IF(FW25="","0",FW25))+(IF(FZ25="","0",FZ25)),"") -> 0 | GB25: =FK25 -> 0.46044713 | GC25: =IFERROR(+GB25*(GA25-FZ25),"") -> 0 | GD25: =IFERROR(+(IF(GA25="","0",GA25))-(IF(GC25="","0",GC25)),"") -> 0 | GF25: =GF24+1 -> 13 | GG25: =IFERROR(VLOOKUP($R25,$A$13:$D$30,-GG$12,FALSE),"") -> Lainnya 2.3 (5) ……. | GH25: =IFERROR(VLOOKUP($R25,$A$13:$D$30,-GH$12,FALSE),"") | GI25: =IFERROR(VLOOKUP($R25,$A$13:$D$30,-GI$12,FALSE),"") | GJ25: =GJ61+GJ97+GJ133+GJ169 -> 0 | GK25: =GL25/GJ25*1000000 -> #DIV/0! | GL25: =GL61+GL97+GL133+GL169 -> 0 | GN25: =IFERROR(+GL25*GM25,"") -> 0 | GR25: =IFERROR(+(IF(GL25="","0",GL25))+(IF(GN25="","0",GN25))+(IF(GQ25="","0",GQ25)),"") -> 0 | GS25: =GB25 -> 0.46044713 | GT25: =IFERROR(+GS25*(GR25-GQ25),"") -> 0 | GU25: =IFERROR(+(IF(GR25="","0",GR25))-(IF(GT25="","0",GT25)),"") -> 0 | GW25: =GW24+1 -> 13 | GX25: =IFERROR(VLOOKUP($R25,$A$13:$D$30,-GX$12,FALSE),"") -> Lainnya 2.3 (5) ……. | GY25: =IFERROR(VLOOKUP($R25,$A$13:$D$30,-GY$12,FALSE),"") | GZ25: =IFERROR(VLOOKUP($R25,$A$13:$D$30,-GZ$12,FALSE),"") | HA25: =HA61+HA97+HA133+HA169 -> 0 | HB25: =HC25/HA25*1000000 -> #DIV/0! | HC25: =HC61+HC97+HC133+HC169 -> 0 | HE25: =IFERROR(+HC25*HD25,"") -> 0 | HI25: =IFERROR(+(IF(HC25="","0",HC25))+(IF(HE25="","0",HE25))+(IF(HH25="","0",HH25)),"") -> 0 | HJ25: =GS25 -> 0.46044713 | HK25: =IFERROR(+HJ25*(HI25-HH25),"") -> 0 | HL25: =IFERROR(+(IF(HI25="","0",HI25))-(IF(HK25="","0",HK25)),"") -> 0 | HN25: =HN24+1 -> 13 | HO25: =IFERROR(VLOOKUP($R25,$A$13:$D$30,-HO$12,FALSE),"") -> Lainnya 2.3 (5) ……. | HP25: =IFERROR(VLOOKUP($R25,$A$13:$D$30,-HP$12,FALSE),"") | HQ25: =IFERROR(VLOOKUP($R25,$A$13:$D$30,-HQ$12,FALSE),"") | HR25: =HR61+HR97+HR133+HR169 -> 0 | HS25: =HT25/HR25*1000000 -> #DIV/0! | HT25: =HT61+HT97+HT133+HT169 -> 0 | HV25: =IFERROR(+HT25*HU25,"") -> 0 | HZ25: =IFERROR(+(IF(HT25="","0",HT25))+(IF(HV25="","0",HV25))+(IF(HY25="","0",HY25)),"") -> 0 | IA25: =HJ25 -> 0.46044713 | IB25: =IFERROR(+IA25*(HZ25-HY25),"") -> 0 | IC25: =IFERROR(+(IF(HZ25="","0",HZ25))-(IF(IB25="","0",IB25)),"") -> 0 | IE25: =IE24+1 -> 13 | IF25: =IFERROR(VLOOKUP($R25,$A$13:$D$30,-IF$12,FALSE),"") -> Lainnya 2.3 (5) ……. | IG25: =IFERROR(VLOOKUP($R25,$A$13:$D$30,-IG$12,FALSE),"") | IH25: =IFERROR(VLOOKUP($R25,$A$13:$D$30,-IH$12,FALSE),"") | II25: =II61+II97+II133+II169 -> 0 | IJ25: =IK25/II25*1000000 -> #DIV/0! | IK25: =IK61+IK97+IK133+IK169 -> 0 | IM25: =IFERROR(+IK25*IL25,"") -> 0 | IQ25: =IFERROR(+(IF(IK25="","0",IK25))+(IF(IM25="","0",IM25))+(IF(IP25="","0",IP25)),"") -> 0 | IR25: =IA25 -> 0.46044713 | IS25: =IFERROR(+IR25*(IQ25-IP25),"") -> 0 | IT25: =IFERROR(+(IF(IQ25="","0",IQ25))-(IF(IS25="","0",IS25)),"") -> 0 | IV25: =IV24+1 -> 13 | IW25: =IFERROR(VLOOKUP($R25,$A$13:$D$30,-IW$12,FALSE),"") -> Lainnya 2.3 (5) ……. | IX25: =IFERROR(VLOOKUP($R25,$A$13:$D$30,-IX$12,FALSE),"") | IY25: =IFERROR(VLOOKUP($R25,$A$13:$D$30,-IY$12,FALSE),"") | IZ25: =IZ61+IZ97+IZ133+IZ169 -> 0 | JA25: =JB25/IZ25*1000000 -> #DIV/0! | JB25: =JB61+JB97+JB133+JB169 -> 0 | JD25: =IFERROR(+JB25*JC25,"") -> 0 | JH25: =IFERROR(+(IF(JB25="","0",JB25))+(IF(JD25="","0",JD25))+(IF(JG25="","0",JG25)),"") -> 0 | JI25: =IR25 -> 0.46044713 | JJ25: =IFERROR(+JI25*(JH25-JG25),"") -> 0 | JK25: =IFERROR(+(IF(JH25="","0",JH25))-(IF(JJ25="","0",JJ25)),"") -> 0 | JM25: =JM24+1 -> 13 | JN25: =IFERROR(VLOOKUP($R25,$A$13:$D$30,-JN$12,FALSE),"") -> Lainnya 2.3 (5) ……. | JO25: =IFERROR(VLOOKUP($R25,$A$13:$D$30,-JO$12,FALSE),"") | JP25: =IFERROR(VLOOKUP($R25,$A$13:$D$30,-JP$12,FALSE),"") | JQ25: =JQ61+JQ97+JQ133+JQ169 -> 0 | JR25: =JS25/JQ25*1000000 -> #DIV/0! | JS25: =JS61+JS97+JS133+JS169 -> 0 | JU25: =IFERROR(+JS25*JT25,"") -> 0 | JY25: =IFERROR(+(IF(JS25="","0",JS25))+(IF(JU25="","0",JU25))+(IF(JX25="","0",JX25)),"") -> 0 | JZ25: =JI25 -> 0.46044713 | KA25: =IFERROR(+JZ25*(JY25-JX25),"") -> 0 | KB25: =IFERROR(+(IF(JY25="","0",JY25))-(IF(KA25="","0",KA25)),"") -> 0 | KD25: =KD24+1 -> 13 | KE25: =IFERROR(VLOOKUP($R25,$A$13:$D$30,-KE$12,FALSE),"") -> Lainnya 2.3 (5) ……. | KF25: =IFERROR(VLOOKUP($R25,$A$13:$D$30,-KF$12,FALSE),"") | KG25: =IFERROR(VLOOKUP($R25,$A$13:$D$30,-KG$12,FALSE),"") | KH25: =KH61+KH97+KH133+KH169 -> 0 | KI25: =KJ25/KH25*1000000 -> #DIV/0! | KJ25: =KJ61+KJ97+KJ133+KJ169 -> 0 | KL25: =IFERROR(+KJ25*KK25,"") -> 0 | KP25: =IFERROR(+(IF(KJ25="","0",KJ25))+(IF(KL25="","0",KL25))+(IF(KO25="","0",KO25)),"") -> 0 | KQ25: =JZ25 -> 0.46044713 | KR25: =IFERROR(+KQ25*(KP25-KO25),"") -> 0 | KS25: =IFERROR(+(IF(KP25="","0",KP25))-(IF(KR25="","0",KR25)),"") -> 0
... A29: =A28+1 -> 17 | B29: =IFERROR(VLOOKUP($R29,ADHK!$A$13:$D$30,-B$12,FALSE),"") -> Lainnya 2.3 (9) ……. | C29: =IFERROR(VLOOKUP($R29,ADHK!$A$13:$D$30,-C$12,FALSE),"") | D29: =IFERROR(VLOOKUP($R29,ADHK!$A$13:$D$30,-D$12,FALSE),"") | E29: =E65+E101+E137+E173 -> 0 | F29: =G29/E29*1000000 -> #DIV/0! | G29: =G65+G101+G137+G173 -> 0 | I29: =IFERROR(+G29*H29,"") -> 0 | M29: =IFERROR(+(IF(G29="","0",G29))+(IF(I29="","0",I29))+(IF(L29="","0",L29)),"") -> 0 | N29: =ADHK!N29 -> 0.46044713 | O29: =IFERROR(+N29*(M29-L29),"") -> 0 | P29: =IFERROR(+(IF(M29="","0",M29))-(IF(O29="","0",O29)),"") -> 0 | R29: =R28+1 -> 17 | S29: =IFERROR(VLOOKUP($R29,$A$13:$D$30,-S$12,FALSE),"") -> Lainnya 2.3 (9) ……. | T29: =IFERROR(VLOOKUP($R29,$A$13:$D$30,-T$12,FALSE),"") | U29: =IFERROR(VLOOKUP($R29,$A$13:$D$30,-U$12,FALSE),"") | V29: =V65+V101+V137+V173 -> 0 | W29: =X29/V29*1000000 -> #DIV/0! | X29: =X65+X101+X137+X173 -> 0 | Z29: =IFERROR(+X29*Y29,"") -> 0 | AD29: =IFERROR(+(IF(X29="","0",X29))+(IF(Z29="","0",Z29))+(IF(AC29="","0",AC29)),"") -> 0 | AE29: =N29 -> 0.46044713 | AF29: =IFERROR(+AE29*(AD29-AC29),"") -> 0 | AG29: =IFERROR(+(IF(AD29="","0",AD29))-(IF(AF29="","0",AF29)),"") -> 0 | AI29: =AI28+1 -> 17 | AJ29: =IFERROR(VLOOKUP($R29,$A$13:$D$30,-AJ$12,FALSE),"") -> Lainnya 2.3 (9) ……. | AK29: =IFERROR(VLOOKUP($R29,$A$13:$D$30,-AK$12,FALSE),"") | AL29: =IFERROR(VLOOKUP($R29,$A$13:$D$30,-AL$12,FALSE),"") | AM29: =AM65+AM101+AM137+AM173 -> 0 | AN29: =AO29/AM29*1000000 -> #DIV/0! | AO29: =AO65+AO101+AO137+AO173 -> 0 | AQ29: =IFERROR(+AO29*AP29,"") -> 0 | AU29: =IFERROR(+(IF(AO29="","0",AO29))+(IF(AQ29="","0",AQ29))+(IF(AT29="","0",AT29)),"") -> 0 | AV29: =AE29 -> 0.46044713 | AW29: =IFERROR(+AV29*(AU29-AT29),"") -> 0 | AX29: =IFERROR(+(IF(AU29="","0",AU29))-(IF(AW29="","0",AW29)),"") -> 0 | AZ29: =AZ28+1 -> 17 | BA29: =IFERROR(VLOOKUP($R29,$A$13:$D$30,-BA$12,FALSE),"") -> Lainnya 2.3 (9) ……. | BB29: =IFERROR(VLOOKUP($R29,$A$13:$D$30,-BB$12,FALSE),"") | BC29: =IFERROR(VLOOKUP($R29,$A$13:$D$30,-BC$12,FALSE),"") | BD29: =BD65+BD101+BD137+BD173 -> 0 | BE29: =BF29/BD29*1000000 -> #DIV/0! | BF29: =BF65+BF101+BF137+BF173 -> 0 | BH29: =IFERROR(+BF29*BG29,"") -> 0 | BL29: =IFERROR(+(IF(BF29="","0",BF29))+(IF(BH29="","0",BH29))+(IF(BK29="","0",BK29)),"") -> 0 | BM29: =AV29 -> 0.46044713 | BN29: =IFERROR(+BM29*(BL29-BK29),"") -> 0 | BO29: =IFERROR(+(IF(BL29="","0",BL29))-(IF(BN29="","0",BN29)),"") -> 0 | BQ29: =BQ28+1 -> 17 | BR29: =IFERROR(VLOOKUP($R29,$A$13:$D$30,-BR$12,FALSE),"") -> Lainnya 2.3 (9) ……. | BS29: =IFERROR(VLOOKUP($R29,$A$13:$D$30,-BS$12,FALSE),"") | BT29: =IFERROR(VLOOKUP($R29,$A$13:$D$30,-BT$12,FALSE),"") | BU29: =BU65+BU101+BU137+BU173 -> 0 | BV29: =BW29/BU29*1000000 -> #DIV/0! | BW29: =BW65+BW101+BW137+BW173 -> 0 | BY29: =IFERROR(+BW29*BX29,"") -> 0 | CC29: =IFERROR(+(IF(BW29="","0",BW29))+(IF(BY29="","0",BY29))+(IF(CB29="","0",CB29)),"") -> 0 | CD29: =BM29 -> 0.46044713 | CE29: =IFERROR(+CD29*(CC29-CB29),"") -> 0 | CF29: =IFERROR(+(IF(CC29="","0",CC29))-(IF(CE29="","0",CE29)),"") -> 0 | CH29: =CH28+1 -> 17 | CI29: =IFERROR(VLOOKUP($R29,$A$13:$D$30,-CI$12,FALSE),"") -> Lainnya 2.3 (9) ……. | CJ29: =IFERROR(VLOOKUP($R29,$A$13:$D$30,-CJ$12,FALSE),"") | CK29: =IFERROR(VLOOKUP($R29,$A$13:$D$30,-CK$12,FALSE),"") | CL29: =CL65+CL101+CL137+CL173 -> 0 | CM29: =CN29/CL29*1000000 -> #DIV/0! | CN29: =CN65+CN101+CN137+CN173 -> 0 | CP29: =IFERROR(+CN29*CO29,"") -> 0 | CT29: =IFERROR(+(IF(CN29="","0",CN29))+(IF(CP29="","0",CP29))+(IF(CS29="","0",CS29)),"") -> 0 | CU29: =CD29 -> 0.46044713 | CV29: =IFERROR(+CU29*(CT29-CS29),"") -> 0 | CW29: =IFERROR(+(IF(CT29="","0",CT29))-(IF(CV29="","0",CV29)),"") -> 0 | CY29: =CY28+1 -> 17 | CZ29: =IFERROR(VLOOKUP($R29,$A$13:$D$30,-CZ$12,FALSE),"") -> Lainnya 2.3 (9) ……. | DA29: =IFERROR(VLOOKUP($R29,$A$13:$D$30,-DA$12,FALSE),"") | DB29: =IFERROR(VLOOKUP($R29,$A$13:$D$30,-DB$12,FALSE),"") | DC29: =DC65+DC101+DC137+DC173 -> 0 | DD29: =DE29/DC29*1000000 -> #DIV/0! | DE29: =DE65+DE101+DE137+DE173 -> 0 | DG29: =IFERROR(+DE29*DF29,"") -> 0 | DK29: =IFERROR(+(IF(DE29="","0",DE29))+(IF(DG29="","0",DG29))+(IF(DJ29="","0",DJ29)),"") -> 0 | DL29: =CU29 -> 0.46044713 | DM29: =IFERROR(+DL29*(DK29-DJ29),"") -> 0 | DN29: =IFERROR(+(IF(DK29="","0",DK29))-(IF(DM29="","0",DM29)),"") -> 0 | DP29: =DP28+1 -> 17 | DQ29: =IFERROR(VLOOKUP($R29,$A$13:$D$30,-DQ$12,FALSE),"") -> Lainnya 2.3 (9) ……. | DR29: =IFERROR(VLOOKUP($R29,$A$13:$D$30,-DR$12,FALSE),"") | DS29: =IFERROR(VLOOKUP($R29,$A$13:$D$30,-DS$12,FALSE),"") | DT29: =DT65+DT101+DT137+DT173 -> 0 | DU29: =DV29/DT29*1000000 -> #DIV/0! | DV29: =DV65+DV101+DV137+DV173 -> 0 | DX29: =IFERROR(+DV29*DW29,"") -> 0 | EB29: =IFERROR(+(IF(DV29="","0",DV29))+(IF(DX29="","0",DX29))+(IF(EA29="","0",EA29)),"") -> 0 | EC29: =DL29 -> 0.46044713 | ED29: =IFERROR(+EC29*(EB29-EA29),"") -> 0 | EE29: =IFERROR(+(IF(EB29="","0",EB29))-(IF(ED29="","0",ED29)),"") -> 0 | EG29: =EG28+1 -> 17 | EH29: =IFERROR(VLOOKUP($R29,$A$13:$D$30,-EH$12,FALSE),"") -> Lainnya 2.3 (9) ……. | EI29: =IFERROR(VLOOKUP($R29,$A$13:$D$30,-EI$12,FALSE),"") | EJ29: =IFERROR(VLOOKUP($R29,$A$13:$D$30,-EJ$12,FALSE),"") | EK29: =EK65+EK101+EK137+EK173 -> 0 | EL29: =EM29/EK29*1000000 -> #DIV/0! | EM29: =EM65+EM101+EM137+EM173 -> 0 | EO29: =IFERROR(+EM29*EN29,"") -> 0 | ES29: =IFERROR(+(IF(EM29="","0",EM29))+(IF(EO29="","0",EO29))+(IF(ER29="","0",ER29)),"") -> 0 | ET29: =EC29 -> 0.46044713 | EU29: =IFERROR(+ET29*(ES29-ER29),"") -> 0 | EV29: =IFERROR(+(IF(ES29="","0",ES29))-(IF(EU29="","0",EU29)),"") -> 0 | EX29: =EX28+1 -> 17 | EY29: =IFERROR(VLOOKUP($R29,$A$13:$D$30,-EY$12,FALSE),"") -> Lainnya 2.3 (9) ……. | EZ29: =IFERROR(VLOOKUP($R29,$A$13:$D$30,-EZ$12,FALSE),"") | FA29: =IFERROR(VLOOKUP($R29,$A$13:$D$30,-FA$12,FALSE),"") | FB29: =FB65+FB101+FB137+FB173 -> 0 | FC29: =FD29/FB29*1000000 -> #DIV/0! | FD29: =FD65+FD101+FD137+FD173 -> 0 | FF29: =IFERROR(+FD29*FE29,"") -> 0 | FJ29: =IFERROR(+(IF(FD29="","0",FD29))+(IF(FF29="","0",FF29))+(IF(FI29="","0",FI29)),"") -> 0 | FK29: =ET29 -> 0.46044713 | FL29: =IFERROR(+FK29*(FJ29-FI29),"") -> 0 | FM29: =IFERROR(+(IF(FJ29="","0",FJ29))-(IF(FL29="","0",FL29)),"") -> 0 | FO29: =FO28+1 -> 17 | FP29: =IFERROR(VLOOKUP($R29,$A$13:$D$30,-FP$12,FALSE),"") -> Lainnya 2.3 (9) ……. | FQ29: =IFERROR(VLOOKUP($R29,$A$13:$D$30,-FQ$12,FALSE),"") | FR29: =IFERROR(VLOOKUP($R29,$A$13:$D$30,-FR$12,FALSE),"") | FS29: =FS65+FS101+FS137+FS173 -> 0 | FT29: =FU29/FS29*1000000 -> #DIV/0! | FU29: =FU65+FU101+FU137+FU173 -> 0 | FW29: =IFERROR(+FU29*FV29,"") -> 0 | GA29: =IFERROR(+(IF(FU29="","0",FU29))+(IF(FW29="","0",FW29))+(IF(FZ29="","0",FZ29)),"") -> 0 | GB29: =FK29 -> 0.46044713 | GC29: =IFERROR(+GB29*(GA29-FZ29),"") -> 0 | GD29: =IFERROR(+(IF(GA29="","0",GA29))-(IF(GC29="","0",GC29)),"") -> 0 | GF29: =GF28+1 -> 17 | GG29: =IFERROR(VLOOKUP($R29,$A$13:$D$30,-GG$12,FALSE),"") -> Lainnya 2.3 (9) ……. | GH29: =IFERROR(VLOOKUP($R29,$A$13:$D$30,-GH$12,FALSE),"") | GI29: =IFERROR(VLOOKUP($R29,$A$13:$D$30,-GI$12,FALSE),"") | GJ29: =GJ65+GJ101+GJ137+GJ173 -> 0 | GK29: =GL29/GJ29*1000000 -> #DIV/0! | GL29: =GL65+GL101+GL137+GL173 -> 0 | GN29: =IFERROR(+GL29*GM29,"") -> 0 | GR29: =IFERROR(+(IF(GL29="","0",GL29))+(IF(GN29="","0",GN29))+(IF(GQ29="","0",GQ29)),"") -> 0 | GS29: =GB29 -> 0.46044713 | GT29: =IFERROR(+GS29*(GR29-GQ29),"") -> 0 | GU29: =IFERROR(+(IF(GR29="","0",GR29))-(IF(GT29="","0",GT29)),"") -> 0 | GW29: =GW28+1 -> 17 | GX29: =IFERROR(VLOOKUP($R29,$A$13:$D$30,-GX$12,FALSE),"") -> Lainnya 2.3 (9) ……. | GY29: =IFERROR(VLOOKUP($R29,$A$13:$D$30,-GY$12,FALSE),"") | GZ29: =IFERROR(VLOOKUP($R29,$A$13:$D$30,-GZ$12,FALSE),"") | HA29: =HA65+HA101+HA137+HA173 -> 0 | HB29: =HC29/HA29*1000000 -> #DIV/0! | HC29: =HC65+HC101+HC137+HC173 -> 0 | HE29: =IFERROR(+HC29*HD29,"") -> 0 | HI29: =IFERROR(+(IF(HC29="","0",HC29))+(IF(HE29="","0",HE29))+(IF(HH29="","0",HH29)),"") -> 0 | HJ29: =GS29 -> 0.46044713 | HK29: =IFERROR(+HJ29*(HI29-HH29),"") -> 0 | HL29: =IFERROR(+(IF(HI29="","0",HI29))-(IF(HK29="","0",HK29)),"") -> 0 | HN29: =HN28+1 -> 17 | HO29: =IFERROR(VLOOKUP($R29,$A$13:$D$30,-HO$12,FALSE),"") -> Lainnya 2.3 (9) ……. | HP29: =IFERROR(VLOOKUP($R29,$A$13:$D$30,-HP$12,FALSE),"") | HQ29: =IFERROR(VLOOKUP($R29,$A$13:$D$30,-HQ$12,FALSE),"") | HR29: =HR65+HR101+HR137+HR173 -> 0 | HS29: =HT29/HR29*1000000 -> #DIV/0! | HT29: =HT65+HT101+HT137+HT173 -> 0 | HV29: =IFERROR(+HT29*HU29,"") -> 0 | HZ29: =IFERROR(+(IF(HT29="","0",HT29))+(IF(HV29="","0",HV29))+(IF(HY29="","0",HY29)),"") -> 0 | IA29: =HJ29 -> 0.46044713 | IB29: =IFERROR(+IA29*(HZ29-HY29),"") -> 0 | IC29: =IFERROR(+(IF(HZ29="","0",HZ29))-(IF(IB29="","0",IB29)),"") -> 0 | IE29: =IE28+1 -> 17 | IF29: =IFERROR(VLOOKUP($R29,$A$13:$D$30,-IF$12,FALSE),"") -> Lainnya 2.3 (9) ……. | IG29: =IFERROR(VLOOKUP($R29,$A$13:$D$30,-IG$12,FALSE),"") | IH29: =IFERROR(VLOOKUP($R29,$A$13:$D$30,-IH$12,FALSE),"") | II29: =II65+II101+II137+II173 -> 0 | IJ29: =IK29/II29*1000000 -> #DIV/0! | IK29: =IK65+IK101+IK137+IK173 -> 0 | IM29: =IFERROR(+IK29*IL29,"") -> 0 | IQ29: =IFERROR(+(IF(IK29="","0",IK29))+(IF(IM29="","0",IM29))+(IF(IP29="","0",IP29)),"") -> 0 | IR29: =IA29 -> 0.46044713 | IS29: =IFERROR(+IR29*(IQ29-IP29),"") -> 0 | IT29: =IFERROR(+(IF(IQ29="","0",IQ29))-(IF(IS29="","0",IS29)),"") -> 0 | IV29: =IV28+1 -> 17 | IW29: =IFERROR(VLOOKUP($R29,$A$13:$D$30,-IW$12,FALSE),"") -> Lainnya 2.3 (9) ……. | IX29: =IFERROR(VLOOKUP($R29,$A$13:$D$30,-IX$12,FALSE),"") | IY29: =IFERROR(VLOOKUP($R29,$A$13:$D$30,-IY$12,FALSE),"") | IZ29: =IZ65+IZ101+IZ137+IZ173 -> 0 | JA29: =JB29/IZ29*1000000 -> #DIV/0! | JB29: =JB65+JB101+JB137+JB173 -> 0 | JD29: =IFERROR(+JB29*JC29,"") -> 0 | JH29: =IFERROR(+(IF(JB29="","0",JB29))+(IF(JD29="","0",JD29))+(IF(JG29="","0",JG29)),"") -> 0 | JI29: =IR29 -> 0.46044713 | JJ29: =IFERROR(+JI29*(JH29-JG29),"") -> 0 | JK29: =IFERROR(+(IF(JH29="","0",JH29))-(IF(JJ29="","0",JJ29)),"") -> 0 | JM29: =JM28+1 -> 17 | JN29: =IFERROR(VLOOKUP($R29,$A$13:$D$30,-JN$12,FALSE),"") -> Lainnya 2.3 (9) ……. | JO29: =IFERROR(VLOOKUP($R29,$A$13:$D$30,-JO$12,FALSE),"") | JP29: =IFERROR(VLOOKUP($R29,$A$13:$D$30,-JP$12,FALSE),"") | JQ29: =JQ65+JQ101+JQ137+JQ173 -> 0 | JR29: =JS29/JQ29*1000000 -> #DIV/0! | JS29: =JS65+JS101+JS137+JS173 -> 0 | JU29: =IFERROR(+JS29*JT29,"") -> 0 | JY29: =IFERROR(+(IF(JS29="","0",JS29))+(IF(JU29="","0",JU29))+(IF(JX29="","0",JX29)),"") -> 0 | JZ29: =JI29 -> 0.46044713 | KA29: =IFERROR(+JZ29*(JY29-JX29),"") -> 0 | KB29: =IFERROR(+(IF(JY29="","0",JY29))-(IF(KA29="","0",KA29)),"") -> 0 | KD29: =KD28+1 -> 17 | KE29: =IFERROR(VLOOKUP($R29,$A$13:$D$30,-KE$12,FALSE),"") -> Lainnya 2.3 (9) ……. | KF29: =IFERROR(VLOOKUP($R29,$A$13:$D$30,-KF$12,FALSE),"") | KG29: =IFERROR(VLOOKUP($R29,$A$13:$D$30,-KG$12,FALSE),"") | KH29: =KH65+KH101+KH137+KH173 -> 0 | KI29: =KJ29/KH29*1000000 -> #DIV/0! | KJ29: =KJ65+KJ101+KJ137+KJ173 -> 0 | KL29: =IFERROR(+KJ29*KK29,"") -> 0 | KP29: =IFERROR(+(IF(KJ29="","0",KJ29))+(IF(KL29="","0",KL29))+(IF(KO29="","0",KO29)),"") -> 0 | KQ29: =JZ29 -> 0.46044713 | KR29: =IFERROR(+KQ29*(KP29-KO29),"") -> 0 | KS29: =IFERROR(+(IF(KP29="","0",KP29))-(IF(KR29="","0",KR29)),"") -> 0
G30: =G66+G102+G138+G174 -> 0 | X30: =X66+X102+X138+X174 -> 0 | AO30: =AO66+AO102+AO138+AO174 -> 0 | BF30: =BF66+BF102+BF138+BF174 -> 0 | BW30: =BW66+BW102+BW138+BW174 -> 0 | CN30: =CN66+CN102+CN138+CN174 -> 0 | DE30: =DE66+DE102+DE138+DE174 -> 0 | DV30: =DV66+DV102+DV138+DV174 -> 0 | EM30: =EM66+EM102+EM138+EM174 -> 0 | FD30: =FD66+FD102+FD138+FD174 -> 0 | FU30: =FU66+FU102+FU138+FU174 -> 0 | GL30: =GL66+GL102+GL138+GL174 -> 0 | HC30: =HC66+HC102+HC138+HC174 -> 0 | HT30: =HT66+HT102+HT138+HT174 -> 0 | IK30: =IK66+IK102+IK138+IK174 -> 0 | JB30: =JB66+JB102+JB138+JB174 -> 0 | JS30: =JS66+JS102+JS138+JS174 -> 0 | KJ30: =KJ66+KJ102+KJ138+KJ174 -> 0
A31: Sub Jumlah | G31: =SUM(G13:G30) -> 0 | I31: =SUM(I13:I30) -> 0 | M31: =SUM(M13:M30) -> 0 | O31: =SUM(O13:O30) -> 0 | P31: =SUM(P13:P30) -> 0 | R31: Sub Jumlah | X31: =SUM(X13:X30) -> 0 | Z31: =SUM(Z13:Z30) -> 0 | AD31: =SUM(AD13:AD30) -> 0 | AF31: =SUM(AF13:AF30) -> 0 | AG31: =SUM(AG13:AG30) -> 0 | AI31: Sub Jumlah | AO31: =SUM(AO13:AO30) -> 0 | AQ31: =SUM(AQ13:AQ30) -> 0 | AU31: =SUM(AU13:AU30) -> 0 | AW31: =SUM(AW13:AW30) -> 0 | AX31: =SUM(AX13:AX30) -> 0 | AZ31: Sub Jumlah | BF31: =SUM(BF13:BF30) -> 0 | BH31: =SUM(BH13:BH30) -> 0 | BL31: =SUM(BL13:BL30) -> 0 | BN31: =SUM(BN13:BN30) -> 0 | BO31: =SUM(BO13:BO30) -> 0 | BQ31: Sub Jumlah | BW31: =SUM(BW13:BW30) -> 0 | BY31: =SUM(BY13:BY30) -> 0 | CC31: =SUM(CC13:CC30) -> 0 | CE31: =SUM(CE13:CE30) -> 0 | CF31: =SUM(CF13:CF30) -> 0 | CH31: Sub Jumlah | CN31: =SUM(CN13:CN30) -> 0 | CP31: =SUM(CP13:CP30) -> 0 | CT31: =SUM(CT13:CT30) -> 0 | CV31: =SUM(CV13:CV30) -> 0 | CW31: =SUM(CW13:CW30) -> 0 | CY31: Sub Jumlah | DE31: =SUM(DE13:DE30) -> 0 | DG31: =SUM(DG13:DG30) -> 0 | DK31: =SUM(DK13:DK30) -> 0 | DM31: =SUM(DM13:DM30) -> 0 | DN31: =SUM(DN13:DN30) -> 0 | DP31: Sub Jumlah | DV31: =SUM(DV13:DV30) -> 0 | DX31: =SUM(DX13:DX30) -> 0 | EB31: =SUM(EB13:EB30) -> 0 | ED31: =SUM(ED13:ED30) -> 0 | EE31: =SUM(EE13:EE30) -> 0 | EG31: Sub Jumlah | EM31: =SUM(EM13:EM30) -> 0 | EO31: =SUM(EO13:EO30) -> 0 | ES31: =SUM(ES13:ES30) -> 0 | EU31: =SUM(EU13:EU30) -> 0 | EV31: =SUM(EV13:EV30) -> 0 | EX31: Sub Jumlah | FD31: =SUM(FD13:FD30) -> 0 | FF31: =SUM(FF13:FF30) -> 0 | FJ31: =SUM(FJ13:FJ30) -> 0 | FL31: =SUM(FL13:FL30) -> 0 | FM31: =SUM(FM13:FM30) -> 0 | FO31: Sub Jumlah | FU31: =SUM(FU13:FU30) -> 5572373.5 | FW31: =SUM(FW13:FW30) -> 0 | GA31: =SUM(GA13:GA30) -> 5572373.5 | GC31: =SUM(GC13:GC30) -> 2565783.4 | GD31: =SUM(GD13:GD30) -> 3006590.2 | GF31: Sub Jumlah | GL31: =SUM(GL13:GL30) -> 7560045.3 | GN31: =SUM(GN13:GN30) -> 0 | GR31: =SUM(GR13:GR30) -> 7560045.3 | GT31: =SUM(GT13:GT30) -> 3481001.1 | GU31: =SUM(GU13:GU30) -> 4079044.2 | GW31: Sub Jumlah | HC31: =SUM(HC13:HC30) -> 6357219.5 | HE31: =SUM(HE13:HE30) -> 0 | HI31: =SUM(HI13:HI30) -> 6357219.5 | HK31: =SUM(HK13:HK30) -> 2927163.4 | HL31: =SUM(HL13:HL30) -> 3430056 | HN31: Sub Jumlah | HT31: =SUM(HT13:HT30) -> 10686172 | HV31: =SUM(HV13:HV30) -> 0 | HZ31: =SUM(HZ13:HZ30) -> 10686172 | IB31: =SUM(IB13:IB30) -> 4920417 | IC31: =SUM(IC13:IC30) -> 5765754.5 | IE31: Sub Jumlah | IK31: =SUM(IK13:IK30) -> 16291010 | IM31: =SUM(IM13:IM30) -> 0 | IQ31: =SUM(IQ13:IQ30) -> 16291010 | IS31: =SUM(IS13:IS30) -> 7501148.9 | IT31: =SUM(IT13:IT30) -> 8789861.4 | IV31: Sub Jumlah | JB31: =SUM(JB13:JB30) -> 18463301 | JD31: =SUM(JD13:JD30) -> 0 | JH31: =SUM(JH13:JH30) -> 18463301 | JJ31: =SUM(JJ13:JJ30) -> 8501373.8 | JK31: =SUM(JK13:JK30) -> 9961927 | JM31: Sub Jumlah | JS31: =SUM(JS13:JS30) -> 4728554.4 | JU31: =SUM(JU13:JU30) -> 0 | JY31: =SUM(JY13:JY30) -> 4728554.4 | KA31: =SUM(KA13:KA30) -> 2177249.3 | KB31: =SUM(KB13:KB30) -> 2551305.1 | KD31: Sub Jumlah | KJ31: =SUM(KJ13:KJ30) -> 0 | KL31: =SUM(KL13:KL30) -> 0 | KP31: =SUM(KP13:KP30) -> 0 | KR31: =SUM(KR13:KR30) -> 0 | KS31: =SUM(KS13:KS30) -> 0
B33: ="Output Sekunder "&" %" -> Output Sekunder % | E33: =P33/P31*100 -> #DIV/0! | M33: =M69+M105+M141+M177 -> 0 | P33: =P69+P105+P141+P177 -> 0 | S33: ="Output Sekunder "&" %" -> Output Sekunder % | V33: =AG33/AG31*100 -> #DIV/0! | AD33: =AD69+AD105+AD141+AD177 -> 0 | AG33: =AG69+AG105+AG141+AG177 -> 0 | AJ33: ="Output Sekunder "&" %" -> Output Sekunder % | AM33: =AX33/AX31*100 -> #DIV/0! | AU33: =AU69+AU105+AU141+AU177 -> 0 | AX33: =AX69+AX105+AX141+AX177 -> 0 | BA33: ="Output Sekunder "&" %" -> Output Sekunder % | BD33: =BO33/BO31*100 -> #DIV/0! | BL33: =BL69+BL105+BL141+BL177 -> 0 | BO33: =BO69+BO105+BO141+BO177 -> 0 | BR33: ="Output Sekunder "&" %" -> Output Sekunder % | BU33: =CF33/CF31*100 -> #DIV/0! | CC33: =CC69+CC105+CC141+CC177 -> 0 | CF33: =CF69+CF105+CF141+CF177 -> 0 | CI33: ="Output Sekunder "&" %" -> Output Sekunder % | CL33: =CW33/CW31*100 -> #DIV/0! | CT33: =CT69+CT105+CT141+CT177 -> 0 | CW33: =CW69+CW105+CW141+CW177 -> 0 | CZ33: ="Output Sekunder "&" %" -> Output Sekunder % | DC33: =DN33/DN31*100 -> #DIV/0! | DK33: =DK69+DK105+DK141+DK177 -> 0 | DN33: =DN69+DN105+DN141+DN177 -> 0 | DQ33: ="Output Sekunder "&" %" -> Output Sekunder % | DT33: =EE33/EE31*100 -> #DIV/0! | EB33: =EB69+EB105+EB141+EB177 -> 0 | EE33: =EE69+EE105+EE141+EE177 -> 0 | EH33: ="Output Sekunder "&" %" -> Output Sekunder % | EK33: =EV33/EV31*100 -> #DIV/0! | ES33: =ES69+ES105+ES141+ES177 -> 0 | EV33: =EV69+EV105+EV141+EV177 -> 0 | EY33: ="Output Sekunder "&" %" -> Output Sekunder % | FB33: =FM33/FM31*100 -> #DIV/0! | FJ33: =FJ69+FJ105+FJ141+FJ177 -> 0 | FM33: =FM69+FM105+FM141+FM177 -> 0 | FP33: ="Output Sekunder "&" %" -> Output Sekunder % | FS33: =GD33/GD31*100 -> 0 | GA33: =GA69+GA105+GA141+GA177 -> 0 | GD33: =GD69+GD105+GD141+GD177 -> 0 | GG33: ="Output Sekunder "&" %" -> Output Sekunder % | GJ33: =GU33/GU31*100 -> 0 | GR33: =GR69+GR105+GR141+GR177 -> 0 | GU33: =GU69+GU105+GU141+GU177 -> 0 | GX33: ="Output Sekunder "&" %" -> Output Sekunder % | HA33: =HL33/HL31*100 -> 0 | HI33: =HI69+HI105+HI141+HI177 -> 0 | HL33: =HL69+HL105+HL141+HL177 -> 0 | HO33: ="Output Sekunder "&" %" -> Output Sekunder % | HR33: =IC33/IC31*100 -> 0 | HZ33: =HZ69+HZ105+HZ141+HZ177 -> 0 | IC33: =IC69+IC105+IC141+IC177 -> 0 | IF33: ="Output Sekunder "&" %" -> Output Sekunder % | II33: =IT33/IT31*100 -> 0 | IQ33: =IQ69+IQ105+IQ141+IQ177 -> 0 | IT33: =IT69+IT105+IT141+IT177 -> 0 | IW33: ="Output Sekunder "&" %" -> Output Sekunder % | IZ33: =JK33/JK31*100 -> 0 | JH33: =JH69+JH105+JH141+JH177 -> 0 | JK33: =JK69+JK105+JK141+JK177 -> 0 | JN33: ="Output Sekunder "&" %" -> Output Sekunder % | JQ33: =KB33/KB31*100 -> 0 | JY33: =JY69+JY105+JY141+JY177 -> 0 | KB33: =KB69+KB105+KB141+KB177 -> 0 | KE33: ="Output Sekunder "&" %" -> Output Sekunder % | KH33: =KS33/KS31*100 -> #DIV/0! | KP33: =KP69+KP105+KP141+KP177 -> 0 | KS33: =KS69+KS105+KS141+KS177 -> 0
B34: ="Adjusment "&" %" -> Adjusment % | E34: =P34/(P31+P33)*100 -> #DIV/0! | M34: =M70+M106+M142+M178 -> 0 | P34: =P70+P106+P142+P178 -> 0 | S34: ="Adjusment "&" %" -> Adjusment % | V34: =AG34/(AG31+AG33)*100 -> #DIV/0! | AD34: =AD70+AD106+AD142+AD178 -> 0 | AG34: =AG70+AG106+AG142+AG178 -> 0 | AJ34: ="Adjusment "&" %" -> Adjusment % | AM34: =AX34/(AX31+AX33)*100 -> #DIV/0! | AU34: =AU70+AU106+AU142+AU178 -> 0 | AX34: =AX70+AX106+AX142+AX178 -> 0 | BA34: ="Adjusment "&" %" -> Adjusment % | BD34: =BO34/(BO31+BO33)*100 -> #DIV/0! | BL34: =BL70+BL106+BL142+BL178 -> 0 | BO34: =BO70+BO106+BO142+BO178 -> 0 | BR34: ="Adjusment "&" %" -> Adjusment % | BU34: =CF34/(CF31+CF33)*100 -> #DIV/0! | CC34: =CC70+CC106+CC142+CC178 -> 0 | CF34: =CF70+CF106+CF142+CF178 -> 0 | CI34: ="Adjusment "&" %" -> Adjusment % | CL34: =CW34/(CW31+CW33)*100 -> #DIV/0! | CT34: =CT70+CT106+CT142+CT178 -> 0 | CW34: =CW70+CW106+CW142+CW178 -> 0 | CZ34: ="Adjusment "&" %" -> Adjusment % | DC34: =DN34/(DN31+DN33)*100 -> #DIV/0! | DK34: =DK70+DK106+DK142+DK178 -> 0 | DN34: =DN70+DN106+DN142+DN178 -> 0 | DQ34: ="Adjusment "&" %" -> Adjusment % | DT34: =EE34/(EE31+EE33)*100 -> #DIV/0! | EB34: =EB70+EB106+EB142+EB178 -> 0 | EE34: =EE70+EE106+EE142+EE178 -> 0 | EH34: ="Adjusment "&" %" -> Adjusment % | EK34: =EV34/(EV31+EV33)*100 -> #DIV/0! | ES34: =ES70+ES106+ES142+ES178 -> 0 | EV34: =EV70+EV106+EV142+EV178 -> 0 | EY34: ="Adjusment "&" %" -> Adjusment % | FB34: =FM34/(FM31+FM33)*100 -> #DIV/0! | FJ34: =FJ70+FJ106+FJ142+FJ178 -> 0 | FM34: =FM70+FM106+FM142+FM178 -> 0 | FP34: ="Adjusment "&" %" -> Adjusment % | FS34: =GD34/(GD31+GD33)*100 -> 0 | GA34: =GA70+GA106+GA142+GA178 -> 0 | GD34: =GD70+GD106+GD142+GD178 -> 0 | GG34: ="Adjusment "&" %" -> Adjusment % | GJ34: =GU34/(GU31+GU33)*100 -> 0 | GR34: =GR70+GR106+GR142+GR178 -> 0 | GU34: =GU70+GU106+GU142+GU178 -> 0 | GX34: ="Adjusment "&" %" -> Adjusment % | HA34: =HL34/(HL31+HL33)*100 -> 0 | HI34: =HI70+HI106+HI142+HI178 -> 0 | HL34: =HL70+HL106+HL142+HL178 -> 0 | HO34: ="Adjusment "&" %" -> Adjusment % | HR34: =IC34/(IC31+IC33)*100 -> 0 | HZ34: =HZ70+HZ106+HZ142+HZ178 -> 0 | IC34: =IC70+IC106+IC142+IC178 -> 0 | IF34: ="Adjusment "&" %" -> Adjusment % | II34: =IT34/(IT31+IT33)*100 -> 0 | IQ34: =IQ70+IQ106+IQ142+IQ178 -> 0 | IT34: =IT70+IT106+IT142+IT178 -> 0 | IW34: ="Adjusment "&" %" -> Adjusment % | IZ34: =JK34/(JK31+JK33)*100 -> 0 | JH34: =JH70+JH106+JH142+JH178 -> 0 | JK34: =JK70+JK106+JK142+JK178 -> 0 | JN34: ="Adjusment "&" %" -> Adjusment % | JQ34: =KB34/(KB31+KB33)*100 -> 0 | JY34: =JY70+JY106+JY142+JY178 -> 0 | KB34: =KB70+KB106+KB142+KB178 -> 0 | KE34: ="Adjusment "&" %" -> Adjusment % | KH34: =KS34/(KS31+KS33)*100 -> #DIV/0! | KP34: =KP70+KP106+KP142+KP178 -> 0 | KS34: =KS70+KS106+KS142+KS178 -> 0
A36: Jumlah | G36: =SUM(G31:G35) -> 0 | I36: =SUM(I31:I35) -> 0 | M36: =SUM(M31:M35) -> 0 | O36: =SUM(O31:O35) -> 0 | P36: =SUM(P31:P35) -> 0 | R36: Jumlah | X36: =SUM(X31:X35) -> 0 | Z36: =SUM(Z31:Z35) -> 0 | AD36: =SUM(AD31:AD35) -> 0 | AF36: =SUM(AF31:AF35) -> 0 | AG36: =SUM(AG31:AG35) -> 0 | AI36: Jumlah | AO36: =SUM(AO31:AO35) -> 0 | AQ36: =SUM(AQ31:AQ35) -> 0 | AU36: =SUM(AU31:AU35) -> 0 | AW36: =SUM(AW31:AW35) -> 0 | AX36: =SUM(AX31:AX35) -> 0 | AZ36: Jumlah | BF36: =SUM(BF31:BF35) -> 0 | BH36: =SUM(BH31:BH35) -> 0 | BL36: =SUM(BL31:BL35) -> 0 | BN36: =SUM(BN31:BN35) -> 0 | BO36: =SUM(BO31:BO35) -> 0 | BQ36: Jumlah | BW36: =SUM(BW31:BW35) -> 0 | BY36: =SUM(BY31:BY35) -> 0 | CC36: =SUM(CC31:CC35) -> 0 | CE36: =SUM(CE31:CE35) -> 0 | CF36: =SUM(CF31:CF35) -> 0 | CH36: Jumlah | CN36: =SUM(CN31:CN35) -> 0 | CP36: =SUM(CP31:CP35) -> 0 | CT36: =SUM(CT31:CT35) -> 0 | CV36: =SUM(CV31:CV35) -> 0 | CW36: =SUM(CW31:CW35) -> 0 | CY36: Jumlah | DE36: =SUM(DE31:DE35) -> 0 | DG36: =SUM(DG31:DG35) -> 0 | DK36: =SUM(DK31:DK35) -> 0 | DM36: =SUM(DM31:DM35) -> 0 | DN36: =SUM(DN31:DN35) -> 0 | DP36: Jumlah | DV36: =SUM(DV31:DV35) -> 0 | DX36: =SUM(DX31:DX35) -> 0 | EB36: =SUM(EB31:EB35) -> 0 | ED36: =SUM(ED31:ED35) -> 0 | EE36: =SUM(EE31:EE35) -> 0 | EG36: Jumlah | EM36: =SUM(EM31:EM35) -> 0 | EO36: =SUM(EO31:EO35) -> 0 | ES36: =SUM(ES31:ES35) -> 0 | EU36: =SUM(EU31:EU35) -> 0 | EV36: =SUM(EV31:EV35) -> 0 | EX36: Jumlah | FD36: =SUM(FD31:FD35) -> 0 | FF36: =SUM(FF31:FF35) -> 0 | FJ36: =SUM(FJ31:FJ35) -> 0 | FL36: =SUM(FL31:FL35) -> 0 | FM36: =SUM(FM31:FM35) -> 0 | FO36: Jumlah | FU36: =SUM(FU31:FU35) -> 5572373.5 | FW36: =SUM(FW31:FW35) -> 0 | GA36: =SUM(GA31:GA35) -> 5572373.5 | GC36: =SUM(GC31:GC35) -> 2565783.4 | GD36: =SUM(GD31:GD35) -> 3006590.2 | GF36: Jumlah | GL36: =SUM(GL31:GL35) -> 7560045.3 | GN36: =SUM(GN31:GN35) -> 0 | GR36: =SUM(GR31:GR35) -> 7560045.3 | GT36: =SUM(GT31:GT35) -> 3481001.1 | GU36: =SUM(GU31:GU35) -> 4079044.2 | GW36: Jumlah | HC36: =SUM(HC31:HC35) -> 6357219.5 | HE36: =SUM(HE31:HE35) -> 0 | HI36: =SUM(HI31:HI35) -> 6357219.5 | HK36: =SUM(HK31:HK35) -> 2927163.4 | HL36: =SUM(HL31:HL35) -> 3430056 | HN36: Jumlah | HT36: =SUM(HT31:HT35) -> 10686172 | HV36: =SUM(HV31:HV35) -> 0 | HZ36: =SUM(HZ31:HZ35) -> 10686172 | IB36: =SUM(IB31:IB35) -> 4920417 | IC36: =SUM(IC31:IC35) -> 5765754.5 | IE36: Jumlah | IK36: =SUM(IK31:IK35) -> 16291010 | IM36: =SUM(IM31:IM35) -> 0 | IQ36: =SUM(IQ31:IQ35) -> 16291010 | IS36: =SUM(IS31:IS35) -> 7501148.9 | IT36: =SUM(IT31:IT35) -> 8789861.4 | IV36: Jumlah | JB36: =SUM(JB31:JB35) -> 18463301 | JD36: =SUM(JD31:JD35) -> 0 | JH36: =SUM(JH31:JH35) -> 18463301 | JJ36: =SUM(JJ31:JJ35) -> 8501373.8 | JK36: =SUM(JK31:JK35) -> 9961927 | JM36: Jumlah | JS36: =SUM(JS31:JS35) -> 4728554.4 | JU36: =SUM(JU31:JU35) -> 0 | JY36: =SUM(JY31:JY35) -> 4728554.4 | KA36: =SUM(KA31:KA35) -> 2177249.3 | KB36: =SUM(KB31:KB35) -> 2551305.1 | KD36: Jumlah | KJ36: =SUM(KJ31:KJ35) -> 0 | KL36: =SUM(KL31:KL35) -> 0 | KP36: =SUM(KP31:KP35) -> 0 | KR36: =SUM(KR31:KR35) -> 0 | KS36: =SUM(KS31:KS35) -> 0
B40: Wilayah | C40: =ADHK!C40 -> : Provinsi Sulawesi Tenggara | G40: Lembar Pengolahan Penghitungan | P40: ADHB | S40: Wilayah | T40: =C40 -> : Provinsi Sulawesi Tenggara | X40: Lembar Pengolahan Penghitungan | AG40: ADHB | AJ40: Wilayah | AK40: =T40 -> : Provinsi Sulawesi Tenggara | AO40: Lembar Pengolahan Penghitungan | AX40: ADHB | BA40: Wilayah | BB40: =AK40 -> : Provinsi Sulawesi Tenggara | BF40: Lembar Pengolahan Penghitungan | BO40: ADHB | BR40: Wilayah | BS40: =BB40 -> : Provinsi Sulawesi Tenggara | BW40: Lembar Pengolahan Penghitungan | CF40: ADHB | CI40: Wilayah | CJ40: =BS40 -> : Provinsi Sulawesi Tenggara | CN40: Lembar Pengolahan Penghitungan | CW40: ADHB | CZ40: Wilayah | DA40: =CJ40 -> : Provinsi Sulawesi Tenggara | DE40: Lembar Pengolahan Penghitungan | DN40: ADHB | DQ40: Wilayah | DR40: =DA40 -> : Provinsi Sulawesi Tenggara | DV40: Lembar Pengolahan Penghitungan | EE40: ADHB | EH40: Wilayah | EI40: =DR40 -> : Provinsi Sulawesi Tenggara | EM40: Lembar Pengolahan Penghitungan | EV40: ADHB | EY40: Wilayah | EZ40: =EI40 -> : Provinsi Sulawesi Tenggara | FD40: Lembar Pengolahan Penghitungan | FM40: ADHB | FP40: Wilayah | FQ40: =EZ40 -> : Provinsi Sulawesi Tenggara | FU40: Lembar Pengolahan Penghitungan | GD40: ADHB | GG40: Wilayah | GH40: =FQ40 -> : Provinsi Sulawesi Tenggara | GL40: Lembar Pengolahan Penghitungan | GU40: ADHB | GX40: Wilayah | GY40: =GH40 -> : Provinsi Sulawesi Tenggara | HC40: Lembar Pengolahan Penghitungan | HL40: ADHB | HO40: Wilayah | HP40: =GY40 -> : Provinsi Sulawesi Tenggara | HT40: Lembar Pengolahan Penghitungan | IC40: ADHB | IF40: Wilayah | IG40: =HP40 -> : Provinsi Sulawesi Tenggara | IK40: Lembar Pengolahan Penghitungan | IT40: ADHB | IW40: Wilayah | IX40: =IG40 -> : Provinsi Sulawesi Tenggara | JB40: Lembar Pengolahan Penghitungan | JK40: ADHB | JN40: Wilayah | JO40: =IX40 -> : Provinsi Sulawesi Tenggara | JS40: Lembar Pengolahan Penghitungan | KB40: ADHB | KE40: Wilayah | KF40: =JO40 -> : Provinsi Sulawesi Tenggara | KJ40: Lembar Pengolahan Penghitungan | KS40: ADHB
